mesh_name,genus,distribution,trial,beta0
sphere_genus0,0,uniform_sphere,0,120
sphere_genus0,0,uniform_sphere,1,130
sphere_genus0,0,uniform_sphere,2,155
sphere_genus0,0,uniform_sphere,3,135
sphere_genus0,0,uniform_sphere,4,155
sphere_genus0,0,uniform_sphere,5,153
sphere_genus0,0,uniform_sphere,6,126
sphere_genus0,0,uniform_sphere,7,155
sphere_genus0,0,uniform_sphere,8,137
sphere_genus0,0,uniform_sphere,9,141
sphere_genus0,0,uniform_sphere,10,127
sphere_genus0,0,uniform_sphere,11,129
sphere_genus0,0,uniform_sphere,12,140
sphere_genus0,0,uniform_sphere,13,141
sphere_genus0,0,uniform_sphere,14,149
sphere_genus0,0,uniform_sphere,15,126
sphere_genus0,0,uniform_sphere,16,115
sphere_genus0,0,uniform_sphere,17,128
sphere_genus0,0,uniform_sphere,18,139
sphere_genus0,0,uniform_sphere,19,130
sphere_genus0,0,uniform_sphere,20,141
sphere_genus0,0,uniform_sphere,21,131
sphere_genus0,0,uniform_sphere,22,131
sphere_genus0,0,uniform_sphere,23,149
sphere_genus0,0,uniform_sphere,24,122
sphere_genus0,0,uniform_sphere,25,133
sphere_genus0,0,uniform_sphere,26,111
sphere_genus0,0,uniform_sphere,27,132
sphere_genus0,0,uniform_sphere,28,132
sphere_genus0,0,uniform_sphere,29,127
sphere_genus0,0,uniform_sphere,30,128
sphere_genus0,0,uniform_sphere,31,129
sphere_genus0,0,uniform_sphere,32,131
sphere_genus0,0,uniform_sphere,33,145
sphere_genus0,0,uniform_sphere,34,118
sphere_genus0,0,uniform_sphere,35,124
sphere_genus0,0,uniform_sphere,36,118
sphere_genus0,0,uniform_sphere,37,136
sphere_genus0,0,uniform_sphere,38,125
sphere_genus0,0,uniform_sphere,39,156
sphere_genus0,0,uniform_sphere,40,150
sphere_genus0,0,uniform_sphere,41,136
sphere_genus0,0,uniform_sphere,42,112
sphere_genus0,0,uniform_sphere,43,146
sphere_genus0,0,uniform_sphere,44,139
sphere_genus0,0,uniform_sphere,45,127
sphere_genus0,0,uniform_sphere,46,133
sphere_genus0,0,uniform_sphere,47,144
sphere_genus0,0,uniform_sphere,48,124
sphere_genus0,0,uniform_sphere,49,150
sphere_genus0,0,uniform_sphere,50,131
sphere_genus0,0,uniform_sphere,51,135
sphere_genus0,0,uniform_sphere,52,153
sphere_genus0,0,uniform_sphere,53,144
sphere_genus0,0,uniform_sphere,54,153
sphere_genus0,0,uniform_sphere,55,133
sphere_genus0,0,uniform_sphere,56,119
sphere_genus0,0,uniform_sphere,57,110
sphere_genus0,0,uniform_sphere,58,139
sphere_genus0,0,uniform_sphere,59,147
sphere_genus0,0,uniform_sphere,60,124
sphere_genus0,0,uniform_sphere,61,126
sphere_genus0,0,uniform_sphere,62,151
sphere_genus0,0,uniform_sphere,63,121
sphere_genus0,0,uniform_sphere,64,148
sphere_genus0,0,uniform_sphere,65,140
sphere_genus0,0,uniform_sphere,66,146
sphere_genus0,0,uniform_sphere,67,128
sphere_genus0,0,uniform_sphere,68,110
sphere_genus0,0,uniform_sphere,69,112
sphere_genus0,0,uniform_sphere,70,139
sphere_genus0,0,uniform_sphere,71,125
sphere_genus0,0,uniform_sphere,72,138
sphere_genus0,0,uniform_sphere,73,141
sphere_genus0,0,uniform_sphere,74,148
sphere_genus0,0,uniform_sphere,75,134
sphere_genus0,0,uniform_sphere,76,151
sphere_genus0,0,uniform_sphere,77,101
sphere_genus0,0,uniform_sphere,78,127
sphere_genus0,0,uniform_sphere,79,110
sphere_genus0,0,uniform_sphere,80,123
sphere_genus0,0,uniform_sphere,81,135
sphere_genus0,0,uniform_sphere,82,134
sphere_genus0,0,uniform_sphere,83,130
sphere_genus0,0,uniform_sphere,84,107
sphere_genus0,0,uniform_sphere,85,142
sphere_genus0,0,uniform_sphere,86,116
sphere_genus0,0,uniform_sphere,87,146
sphere_genus0,0,uniform_sphere,88,149
sphere_genus0,0,uniform_sphere,89,127
sphere_genus0,0,uniform_sphere,90,123
sphere_genus0,0,uniform_sphere,91,124
sphere_genus0,0,uniform_sphere,92,146
sphere_genus0,0,uniform_sphere,93,119
sphere_genus0,0,uniform_sphere,94,153
sphere_genus0,0,uniform_sphere,95,162
sphere_genus0,0,uniform_sphere,96,130
sphere_genus0,0,uniform_sphere,97,115
sphere_genus0,0,uniform_sphere,98,131
sphere_genus0,0,uniform_sphere,99,117
sphere_genus0,0,uniform_sphere,100,141
sphere_genus0,0,uniform_sphere,101,143
sphere_genus0,0,uniform_sphere,102,150
sphere_genus0,0,uniform_sphere,103,116
sphere_genus0,0,uniform_sphere,104,127
sphere_genus0,0,uniform_sphere,105,147
sphere_genus0,0,uniform_sphere,106,132
sphere_genus0,0,uniform_sphere,107,145
sphere_genus0,0,uniform_sphere,108,132
sphere_genus0,0,uniform_sphere,109,126
sphere_genus0,0,uniform_sphere,110,136
sphere_genus0,0,uniform_sphere,111,115
sphere_genus0,0,uniform_sphere,112,128
sphere_genus0,0,uniform_sphere,113,160
sphere_genus0,0,uniform_sphere,114,120
sphere_genus0,0,uniform_sphere,115,141
sphere_genus0,0,uniform_sphere,116,143
sphere_genus0,0,uniform_sphere,117,118
sphere_genus0,0,uniform_sphere,118,131
sphere_genus0,0,uniform_sphere,119,128
sphere_genus0,0,uniform_sphere,120,130
sphere_genus0,0,uniform_sphere,121,118
sphere_genus0,0,uniform_sphere,122,139
sphere_genus0,0,uniform_sphere,123,108
sphere_genus0,0,uniform_sphere,124,151
sphere_genus0,0,uniform_sphere,125,129
sphere_genus0,0,uniform_sphere,126,115
sphere_genus0,0,uniform_sphere,127,149
sphere_genus0,0,uniform_sphere,128,144
sphere_genus0,0,uniform_sphere,129,142
sphere_genus0,0,uniform_sphere,130,161
sphere_genus0,0,uniform_sphere,131,127
sphere_genus0,0,uniform_sphere,132,137
sphere_genus0,0,uniform_sphere,133,140
sphere_genus0,0,uniform_sphere,134,120
sphere_genus0,0,uniform_sphere,135,125
sphere_genus0,0,uniform_sphere,136,145
sphere_genus0,0,uniform_sphere,137,129
sphere_genus0,0,uniform_sphere,138,119
sphere_genus0,0,uniform_sphere,139,135
sphere_genus0,0,uniform_sphere,140,154
sphere_genus0,0,uniform_sphere,141,112
sphere_genus0,0,uniform_sphere,142,173
sphere_genus0,0,uniform_sphere,143,146
sphere_genus0,0,uniform_sphere,144,139
sphere_genus0,0,uniform_sphere,145,139
sphere_genus0,0,uniform_sphere,146,118
sphere_genus0,0,uniform_sphere,147,128
sphere_genus0,0,uniform_sphere,148,126
sphere_genus0,0,uniform_sphere,149,125
sphere_genus0,0,uniform_sphere,150,121
sphere_genus0,0,uniform_sphere,151,138
sphere_genus0,0,uniform_sphere,152,127
sphere_genus0,0,uniform_sphere,153,142
sphere_genus0,0,uniform_sphere,154,122
sphere_genus0,0,uniform_sphere,155,146
sphere_genus0,0,uniform_sphere,156,151
sphere_genus0,0,uniform_sphere,157,137
sphere_genus0,0,uniform_sphere,158,136
sphere_genus0,0,uniform_sphere,159,123
sphere_genus0,0,uniform_sphere,160,149
sphere_genus0,0,uniform_sphere,161,125
sphere_genus0,0,uniform_sphere,162,105
sphere_genus0,0,uniform_sphere,163,129
sphere_genus0,0,uniform_sphere,164,160
sphere_genus0,0,uniform_sphere,165,131
sphere_genus0,0,uniform_sphere,166,115
sphere_genus0,0,uniform_sphere,167,126
sphere_genus0,0,uniform_sphere,168,132
sphere_genus0,0,uniform_sphere,169,147
sphere_genus0,0,uniform_sphere,170,145
sphere_genus0,0,uniform_sphere,171,127
sphere_genus0,0,uniform_sphere,172,121
sphere_genus0,0,uniform_sphere,173,130
sphere_genus0,0,uniform_sphere,174,124
sphere_genus0,0,uniform_sphere,175,125
sphere_genus0,0,uniform_sphere,176,140
sphere_genus0,0,uniform_sphere,177,115
sphere_genus0,0,uniform_sphere,178,110
sphere_genus0,0,uniform_sphere,179,143
sphere_genus0,0,uniform_sphere,180,152
sphere_genus0,0,uniform_sphere,181,114
sphere_genus0,0,uniform_sphere,182,116
sphere_genus0,0,uniform_sphere,183,138
sphere_genus0,0,uniform_sphere,184,148
sphere_genus0,0,uniform_sphere,185,137
sphere_genus0,0,uniform_sphere,186,135
sphere_genus0,0,uniform_sphere,187,140
sphere_genus0,0,uniform_sphere,188,128
sphere_genus0,0,uniform_sphere,189,127
sphere_genus0,0,uniform_sphere,190,161
sphere_genus0,0,uniform_sphere,191,142
sphere_genus0,0,uniform_sphere,192,122
sphere_genus0,0,uniform_sphere,193,130
sphere_genus0,0,uniform_sphere,194,147
sphere_genus0,0,uniform_sphere,195,110
sphere_genus0,0,uniform_sphere,196,127
sphere_genus0,0,uniform_sphere,197,152
sphere_genus0,0,uniform_sphere,198,123
sphere_genus0,0,uniform_sphere,199,130
sphere_genus0,0,uniform_sphere,200,139
sphere_genus0,0,uniform_sphere,201,153
sphere_genus0,0,uniform_sphere,202,135
sphere_genus0,0,uniform_sphere,203,134
sphere_genus0,0,uniform_sphere,204,125
sphere_genus0,0,uniform_sphere,205,115
sphere_genus0,0,uniform_sphere,206,149
sphere_genus0,0,uniform_sphere,207,119
sphere_genus0,0,uniform_sphere,208,117
sphere_genus0,0,uniform_sphere,209,125
sphere_genus0,0,uniform_sphere,210,140
sphere_genus0,0,uniform_sphere,211,111
sphere_genus0,0,uniform_sphere,212,136
sphere_genus0,0,uniform_sphere,213,137
sphere_genus0,0,uniform_sphere,214,145
sphere_genus0,0,uniform_sphere,215,150
sphere_genus0,0,uniform_sphere,216,131
sphere_genus0,0,uniform_sphere,217,137
sphere_genus0,0,uniform_sphere,218,152
sphere_genus0,0,uniform_sphere,219,128
sphere_genus0,0,uniform_sphere,220,122
sphere_genus0,0,uniform_sphere,221,136
sphere_genus0,0,uniform_sphere,222,155
sphere_genus0,0,uniform_sphere,223,131
sphere_genus0,0,uniform_sphere,224,132
sphere_genus0,0,uniform_sphere,225,122
sphere_genus0,0,uniform_sphere,226,120
sphere_genus0,0,uniform_sphere,227,137
sphere_genus0,0,uniform_sphere,228,143
sphere_genus0,0,uniform_sphere,229,125
sphere_genus0,0,uniform_sphere,230,132
sphere_genus0,0,uniform_sphere,231,133
sphere_genus0,0,uniform_sphere,232,153
sphere_genus0,0,uniform_sphere,233,134
sphere_genus0,0,uniform_sphere,234,172
sphere_genus0,0,uniform_sphere,235,151
sphere_genus0,0,uniform_sphere,236,127
sphere_genus0,0,uniform_sphere,237,141
sphere_genus0,0,uniform_sphere,238,119
sphere_genus0,0,uniform_sphere,239,130
sphere_genus0,0,uniform_sphere,240,139
sphere_genus0,0,uniform_sphere,241,108
sphere_genus0,0,uniform_sphere,242,149
sphere_genus0,0,uniform_sphere,243,149
sphere_genus0,0,uniform_sphere,244,132
sphere_genus0,0,uniform_sphere,245,143
sphere_genus0,0,uniform_sphere,246,139
sphere_genus0,0,uniform_sphere,247,134
sphere_genus0,0,uniform_sphere,248,149
sphere_genus0,0,uniform_sphere,249,136
sphere_genus0,0,uniform_sphere,250,166
sphere_genus0,0,uniform_sphere,251,141
sphere_genus0,0,uniform_sphere,252,132
sphere_genus0,0,uniform_sphere,253,124
sphere_genus0,0,uniform_sphere,254,130
sphere_genus0,0,uniform_sphere,255,162
sphere_genus0,0,uniform_sphere,256,141
sphere_genus0,0,uniform_sphere,257,122
sphere_genus0,0,uniform_sphere,258,132
sphere_genus0,0,uniform_sphere,259,130
sphere_genus0,0,uniform_sphere,260,166
sphere_genus0,0,uniform_sphere,261,149
sphere_genus0,0,uniform_sphere,262,140
sphere_genus0,0,uniform_sphere,263,152
sphere_genus0,0,uniform_sphere,264,133
sphere_genus0,0,uniform_sphere,265,141
sphere_genus0,0,uniform_sphere,266,152
sphere_genus0,0,uniform_sphere,267,139
sphere_genus0,0,uniform_sphere,268,128
sphere_genus0,0,uniform_sphere,269,125
sphere_genus0,0,uniform_sphere,270,139
sphere_genus0,0,uniform_sphere,271,118
sphere_genus0,0,uniform_sphere,272,142
sphere_genus0,0,uniform_sphere,273,142
sphere_genus0,0,uniform_sphere,274,136
sphere_genus0,0,uniform_sphere,275,142
sphere_genus0,0,uniform_sphere,276,137
sphere_genus0,0,uniform_sphere,277,113
sphere_genus0,0,uniform_sphere,278,122
sphere_genus0,0,uniform_sphere,279,144
sphere_genus0,0,uniform_sphere,280,132
sphere_genus0,0,uniform_sphere,281,142
sphere_genus0,0,uniform_sphere,282,139
sphere_genus0,0,uniform_sphere,283,147
sphere_genus0,0,uniform_sphere,284,127
sphere_genus0,0,uniform_sphere,285,113
sphere_genus0,0,uniform_sphere,286,106
sphere_genus0,0,uniform_sphere,287,142
sphere_genus0,0,uniform_sphere,288,149
sphere_genus0,0,uniform_sphere,289,144
sphere_genus0,0,uniform_sphere,290,145
sphere_genus0,0,uniform_sphere,291,140
sphere_genus0,0,uniform_sphere,292,136
sphere_genus0,0,uniform_sphere,293,130
sphere_genus0,0,uniform_sphere,294,142
sphere_genus0,0,uniform_sphere,295,139
sphere_genus0,0,uniform_sphere,296,123
sphere_genus0,0,uniform_sphere,297,146
sphere_genus0,0,uniform_sphere,298,135
sphere_genus0,0,uniform_sphere,299,145
sphere_genus0,0,uniform_sphere,300,127
sphere_genus0,0,uniform_sphere,301,143
sphere_genus0,0,uniform_sphere,302,114
sphere_genus0,0,uniform_sphere,303,111
sphere_genus0,0,uniform_sphere,304,122
sphere_genus0,0,uniform_sphere,305,149
sphere_genus0,0,uniform_sphere,306,175
sphere_genus0,0,uniform_sphere,307,167
sphere_genus0,0,uniform_sphere,308,128
sphere_genus0,0,uniform_sphere,309,133
sphere_genus0,0,uniform_sphere,310,123
sphere_genus0,0,uniform_sphere,311,145
sphere_genus0,0,uniform_sphere,312,126
sphere_genus0,0,uniform_sphere,313,145
sphere_genus0,0,uniform_sphere,314,112
sphere_genus0,0,uniform_sphere,315,152
sphere_genus0,0,uniform_sphere,316,126
sphere_genus0,0,uniform_sphere,317,110
sphere_genus0,0,uniform_sphere,318,109
sphere_genus0,0,uniform_sphere,319,118
sphere_genus0,0,uniform_sphere,320,133
sphere_genus0,0,uniform_sphere,321,133
sphere_genus0,0,uniform_sphere,322,125
sphere_genus0,0,uniform_sphere,323,126
sphere_genus0,0,uniform_sphere,324,129
sphere_genus0,0,uniform_sphere,325,136
sphere_genus0,0,uniform_sphere,326,115
sphere_genus0,0,uniform_sphere,327,124
sphere_genus0,0,uniform_sphere,328,129
sphere_genus0,0,uniform_sphere,329,127
sphere_genus0,0,uniform_sphere,330,137
sphere_genus0,0,uniform_sphere,331,125
sphere_genus0,0,uniform_sphere,332,134
sphere_genus0,0,uniform_sphere,333,132
sphere_genus0,0,uniform_sphere,334,147
sphere_genus0,0,uniform_sphere,335,125
sphere_genus0,0,uniform_sphere,336,135
sphere_genus0,0,uniform_sphere,337,137
sphere_genus0,0,uniform_sphere,338,135
sphere_genus0,0,uniform_sphere,339,161
sphere_genus0,0,uniform_sphere,340,139
sphere_genus0,0,uniform_sphere,341,122
sphere_genus0,0,uniform_sphere,342,135
sphere_genus0,0,uniform_sphere,343,147
sphere_genus0,0,uniform_sphere,344,148
sphere_genus0,0,uniform_sphere,345,154
sphere_genus0,0,uniform_sphere,346,130
sphere_genus0,0,uniform_sphere,347,125
sphere_genus0,0,uniform_sphere,348,126
sphere_genus0,0,uniform_sphere,349,130
sphere_genus0,0,uniform_sphere,350,119
sphere_genus0,0,uniform_sphere,351,148
sphere_genus0,0,uniform_sphere,352,123
sphere_genus0,0,uniform_sphere,353,122
sphere_genus0,0,uniform_sphere,354,127
sphere_genus0,0,uniform_sphere,355,134
sphere_genus0,0,uniform_sphere,356,144
sphere_genus0,0,uniform_sphere,357,150
sphere_genus0,0,uniform_sphere,358,156
sphere_genus0,0,uniform_sphere,359,107
sphere_genus0,0,uniform_sphere,360,153
sphere_genus0,0,uniform_sphere,361,118
sphere_genus0,0,uniform_sphere,362,119
sphere_genus0,0,uniform_sphere,363,138
sphere_genus0,0,uniform_sphere,364,134
sphere_genus0,0,uniform_sphere,365,140
sphere_genus0,0,uniform_sphere,366,146
sphere_genus0,0,uniform_sphere,367,118
sphere_genus0,0,uniform_sphere,368,120
sphere_genus0,0,uniform_sphere,369,117
sphere_genus0,0,uniform_sphere,370,134
sphere_genus0,0,uniform_sphere,371,121
sphere_genus0,0,uniform_sphere,372,168
sphere_genus0,0,uniform_sphere,373,124
sphere_genus0,0,uniform_sphere,374,146
sphere_genus0,0,uniform_sphere,375,149
sphere_genus0,0,uniform_sphere,376,160
sphere_genus0,0,uniform_sphere,377,144
sphere_genus0,0,uniform_sphere,378,124
sphere_genus0,0,uniform_sphere,379,139
sphere_genus0,0,uniform_sphere,380,146
sphere_genus0,0,uniform_sphere,381,133
sphere_genus0,0,uniform_sphere,382,123
sphere_genus0,0,uniform_sphere,383,102
sphere_genus0,0,uniform_sphere,384,150
sphere_genus0,0,uniform_sphere,385,136
sphere_genus0,0,uniform_sphere,386,131
sphere_genus0,0,uniform_sphere,387,137
sphere_genus0,0,uniform_sphere,388,136
sphere_genus0,0,uniform_sphere,389,118
sphere_genus0,0,uniform_sphere,390,148
sphere_genus0,0,uniform_sphere,391,149
sphere_genus0,0,uniform_sphere,392,149
sphere_genus0,0,uniform_sphere,393,129
sphere_genus0,0,uniform_sphere,394,124
sphere_genus0,0,uniform_sphere,395,128
sphere_genus0,0,uniform_sphere,396,117
sphere_genus0,0,uniform_sphere,397,152
sphere_genus0,0,uniform_sphere,398,110
sphere_genus0,0,uniform_sphere,399,140
sphere_genus0,0,uniform_sphere,400,146
sphere_genus0,0,uniform_sphere,401,134
sphere_genus0,0,uniform_sphere,402,136
sphere_genus0,0,uniform_sphere,403,120
sphere_genus0,0,uniform_sphere,404,130
sphere_genus0,0,uniform_sphere,405,107
sphere_genus0,0,uniform_sphere,406,129
sphere_genus0,0,uniform_sphere,407,140
sphere_genus0,0,uniform_sphere,408,135
sphere_genus0,0,uniform_sphere,409,137
sphere_genus0,0,uniform_sphere,410,115
sphere_genus0,0,uniform_sphere,411,141
sphere_genus0,0,uniform_sphere,412,140
sphere_genus0,0,uniform_sphere,413,169
sphere_genus0,0,uniform_sphere,414,119
sphere_genus0,0,uniform_sphere,415,131
sphere_genus0,0,uniform_sphere,416,132
sphere_genus0,0,uniform_sphere,417,137
sphere_genus0,0,uniform_sphere,418,128
sphere_genus0,0,uniform_sphere,419,164
sphere_genus0,0,uniform_sphere,420,136
sphere_genus0,0,uniform_sphere,421,122
sphere_genus0,0,uniform_sphere,422,146
sphere_genus0,0,uniform_sphere,423,131
sphere_genus0,0,uniform_sphere,424,132
sphere_genus0,0,uniform_sphere,425,121
sphere_genus0,0,uniform_sphere,426,148
sphere_genus0,0,uniform_sphere,427,116
sphere_genus0,0,uniform_sphere,428,168
sphere_genus0,0,uniform_sphere,429,116
sphere_genus0,0,uniform_sphere,430,156
sphere_genus0,0,uniform_sphere,431,134
sphere_genus0,0,uniform_sphere,432,125
sphere_genus0,0,uniform_sphere,433,145
sphere_genus0,0,uniform_sphere,434,141
sphere_genus0,0,uniform_sphere,435,140
sphere_genus0,0,uniform_sphere,436,118
sphere_genus0,0,uniform_sphere,437,128
sphere_genus0,0,uniform_sphere,438,134
sphere_genus0,0,uniform_sphere,439,155
sphere_genus0,0,uniform_sphere,440,153
sphere_genus0,0,uniform_sphere,441,131
sphere_genus0,0,uniform_sphere,442,132
sphere_genus0,0,uniform_sphere,443,129
sphere_genus0,0,uniform_sphere,444,151
sphere_genus0,0,uniform_sphere,445,122
sphere_genus0,0,uniform_sphere,446,122
sphere_genus0,0,uniform_sphere,447,118
sphere_genus0,0,uniform_sphere,448,108
sphere_genus0,0,uniform_sphere,449,145
sphere_genus0,0,uniform_sphere,450,110
sphere_genus0,0,uniform_sphere,451,153
sphere_genus0,0,uniform_sphere,452,141
sphere_genus0,0,uniform_sphere,453,148
sphere_genus0,0,uniform_sphere,454,120
sphere_genus0,0,uniform_sphere,455,129
sphere_genus0,0,uniform_sphere,456,112
sphere_genus0,0,uniform_sphere,457,138
sphere_genus0,0,uniform_sphere,458,135
sphere_genus0,0,uniform_sphere,459,147
sphere_genus0,0,uniform_sphere,460,124
sphere_genus0,0,uniform_sphere,461,135
sphere_genus0,0,uniform_sphere,462,153
sphere_genus0,0,uniform_sphere,463,126
sphere_genus0,0,uniform_sphere,464,126
sphere_genus0,0,uniform_sphere,465,124
sphere_genus0,0,uniform_sphere,466,121
sphere_genus0,0,uniform_sphere,467,122
sphere_genus0,0,uniform_sphere,468,131
sphere_genus0,0,uniform_sphere,469,140
sphere_genus0,0,uniform_sphere,470,114
sphere_genus0,0,uniform_sphere,471,130
sphere_genus0,0,uniform_sphere,472,119
sphere_genus0,0,uniform_sphere,473,156
sphere_genus0,0,uniform_sphere,474,124
sphere_genus0,0,uniform_sphere,475,120
sphere_genus0,0,uniform_sphere,476,143
sphere_genus0,0,uniform_sphere,477,128
sphere_genus0,0,uniform_sphere,478,125
sphere_genus0,0,uniform_sphere,479,137
sphere_genus0,0,uniform_sphere,480,148
sphere_genus0,0,uniform_sphere,481,124
sphere_genus0,0,uniform_sphere,482,137
sphere_genus0,0,uniform_sphere,483,149
sphere_genus0,0,uniform_sphere,484,140
sphere_genus0,0,uniform_sphere,485,136
sphere_genus0,0,uniform_sphere,486,116
sphere_genus0,0,uniform_sphere,487,132
sphere_genus0,0,uniform_sphere,488,127
sphere_genus0,0,uniform_sphere,489,145
sphere_genus0,0,uniform_sphere,490,123
sphere_genus0,0,uniform_sphere,491,150
sphere_genus0,0,uniform_sphere,492,142
sphere_genus0,0,uniform_sphere,493,110
sphere_genus0,0,uniform_sphere,494,133
sphere_genus0,0,uniform_sphere,495,147
sphere_genus0,0,uniform_sphere,496,128
sphere_genus0,0,uniform_sphere,497,114
sphere_genus0,0,uniform_sphere,498,128
sphere_genus0,0,uniform_sphere,499,129
sphere_genus0,0,uniform_sphere,500,137
sphere_genus0,0,uniform_sphere,501,111
sphere_genus0,0,uniform_sphere,502,143
sphere_genus0,0,uniform_sphere,503,145
sphere_genus0,0,uniform_sphere,504,128
sphere_genus0,0,uniform_sphere,505,134
sphere_genus0,0,uniform_sphere,506,145
sphere_genus0,0,uniform_sphere,507,117
sphere_genus0,0,uniform_sphere,508,130
sphere_genus0,0,uniform_sphere,509,142
sphere_genus0,0,uniform_sphere,510,122
sphere_genus0,0,uniform_sphere,511,151
sphere_genus0,0,uniform_sphere,512,132
sphere_genus0,0,uniform_sphere,513,156
sphere_genus0,0,uniform_sphere,514,120
sphere_genus0,0,uniform_sphere,515,111
sphere_genus0,0,uniform_sphere,516,117
sphere_genus0,0,uniform_sphere,517,116
sphere_genus0,0,uniform_sphere,518,116
sphere_genus0,0,uniform_sphere,519,107
sphere_genus0,0,uniform_sphere,520,146
sphere_genus0,0,uniform_sphere,521,124
sphere_genus0,0,uniform_sphere,522,157
sphere_genus0,0,uniform_sphere,523,139
sphere_genus0,0,uniform_sphere,524,127
sphere_genus0,0,uniform_sphere,525,134
sphere_genus0,0,uniform_sphere,526,132
sphere_genus0,0,uniform_sphere,527,128
sphere_genus0,0,uniform_sphere,528,122
sphere_genus0,0,uniform_sphere,529,155
sphere_genus0,0,uniform_sphere,530,132
sphere_genus0,0,uniform_sphere,531,127
sphere_genus0,0,uniform_sphere,532,148
sphere_genus0,0,uniform_sphere,533,135
sphere_genus0,0,uniform_sphere,534,137
sphere_genus0,0,uniform_sphere,535,133
sphere_genus0,0,uniform_sphere,536,128
sphere_genus0,0,uniform_sphere,537,125
sphere_genus0,0,uniform_sphere,538,147
sphere_genus0,0,uniform_sphere,539,145
sphere_genus0,0,uniform_sphere,540,144
sphere_genus0,0,uniform_sphere,541,148
sphere_genus0,0,uniform_sphere,542,139
sphere_genus0,0,uniform_sphere,543,147
sphere_genus0,0,uniform_sphere,544,133
sphere_genus0,0,uniform_sphere,545,110
sphere_genus0,0,uniform_sphere,546,148
sphere_genus0,0,uniform_sphere,547,136
sphere_genus0,0,uniform_sphere,548,118
sphere_genus0,0,uniform_sphere,549,149
sphere_genus0,0,uniform_sphere,550,140
sphere_genus0,0,uniform_sphere,551,137
sphere_genus0,0,uniform_sphere,552,127
sphere_genus0,0,uniform_sphere,553,108
sphere_genus0,0,uniform_sphere,554,134
sphere_genus0,0,uniform_sphere,555,115
sphere_genus0,0,uniform_sphere,556,109
sphere_genus0,0,uniform_sphere,557,129
sphere_genus0,0,uniform_sphere,558,141
sphere_genus0,0,uniform_sphere,559,154
sphere_genus0,0,uniform_sphere,560,135
sphere_genus0,0,uniform_sphere,561,146
sphere_genus0,0,uniform_sphere,562,134
sphere_genus0,0,uniform_sphere,563,108
sphere_genus0,0,uniform_sphere,564,135
sphere_genus0,0,uniform_sphere,565,152
sphere_genus0,0,uniform_sphere,566,153
sphere_genus0,0,uniform_sphere,567,150
sphere_genus0,0,uniform_sphere,568,131
sphere_genus0,0,uniform_sphere,569,145
sphere_genus0,0,uniform_sphere,570,124
sphere_genus0,0,uniform_sphere,571,142
sphere_genus0,0,uniform_sphere,572,139
sphere_genus0,0,uniform_sphere,573,155
sphere_genus0,0,uniform_sphere,574,137
sphere_genus0,0,uniform_sphere,575,148
sphere_genus0,0,uniform_sphere,576,153
sphere_genus0,0,uniform_sphere,577,161
sphere_genus0,0,uniform_sphere,578,119
sphere_genus0,0,uniform_sphere,579,151
sphere_genus0,0,uniform_sphere,580,104
sphere_genus0,0,uniform_sphere,581,118
sphere_genus0,0,uniform_sphere,582,138
sphere_genus0,0,uniform_sphere,583,130
sphere_genus0,0,uniform_sphere,584,141
sphere_genus0,0,uniform_sphere,585,99
sphere_genus0,0,uniform_sphere,586,127
sphere_genus0,0,uniform_sphere,587,127
sphere_genus0,0,uniform_sphere,588,137
sphere_genus0,0,uniform_sphere,589,138
sphere_genus0,0,uniform_sphere,590,115
sphere_genus0,0,uniform_sphere,591,175
sphere_genus0,0,uniform_sphere,592,136
sphere_genus0,0,uniform_sphere,593,150
sphere_genus0,0,uniform_sphere,594,156
sphere_genus0,0,uniform_sphere,595,119
sphere_genus0,0,uniform_sphere,596,146
sphere_genus0,0,uniform_sphere,597,142
sphere_genus0,0,uniform_sphere,598,125
sphere_genus0,0,uniform_sphere,599,131
sphere_genus0,0,uniform_sphere,600,145
sphere_genus0,0,uniform_sphere,601,137
sphere_genus0,0,uniform_sphere,602,134
sphere_genus0,0,uniform_sphere,603,138
sphere_genus0,0,uniform_sphere,604,126
sphere_genus0,0,uniform_sphere,605,132
sphere_genus0,0,uniform_sphere,606,152
sphere_genus0,0,uniform_sphere,607,122
sphere_genus0,0,uniform_sphere,608,153
sphere_genus0,0,uniform_sphere,609,148
sphere_genus0,0,uniform_sphere,610,131
sphere_genus0,0,uniform_sphere,611,120
sphere_genus0,0,uniform_sphere,612,138
sphere_genus0,0,uniform_sphere,613,122
sphere_genus0,0,uniform_sphere,614,134
sphere_genus0,0,uniform_sphere,615,137
sphere_genus0,0,uniform_sphere,616,151
sphere_genus0,0,uniform_sphere,617,113
sphere_genus0,0,uniform_sphere,618,125
sphere_genus0,0,uniform_sphere,619,139
sphere_genus0,0,uniform_sphere,620,148
sphere_genus0,0,uniform_sphere,621,140
sphere_genus0,0,uniform_sphere,622,153
sphere_genus0,0,uniform_sphere,623,142
sphere_genus0,0,uniform_sphere,624,130
sphere_genus0,0,uniform_sphere,625,122
sphere_genus0,0,uniform_sphere,626,143
sphere_genus0,0,uniform_sphere,627,134
sphere_genus0,0,uniform_sphere,628,153
sphere_genus0,0,uniform_sphere,629,148
sphere_genus0,0,uniform_sphere,630,151
sphere_genus0,0,uniform_sphere,631,125
sphere_genus0,0,uniform_sphere,632,120
sphere_genus0,0,uniform_sphere,633,133
sphere_genus0,0,uniform_sphere,634,101
sphere_genus0,0,uniform_sphere,635,135
sphere_genus0,0,uniform_sphere,636,128
sphere_genus0,0,uniform_sphere,637,157
sphere_genus0,0,uniform_sphere,638,132
sphere_genus0,0,uniform_sphere,639,129
sphere_genus0,0,uniform_sphere,640,114
sphere_genus0,0,uniform_sphere,641,125
sphere_genus0,0,uniform_sphere,642,162
sphere_genus0,0,uniform_sphere,643,138
sphere_genus0,0,uniform_sphere,644,128
sphere_genus0,0,uniform_sphere,645,131
sphere_genus0,0,uniform_sphere,646,137
sphere_genus0,0,uniform_sphere,647,113
sphere_genus0,0,uniform_sphere,648,141
sphere_genus0,0,uniform_sphere,649,114
sphere_genus0,0,uniform_sphere,650,124
sphere_genus0,0,uniform_sphere,651,156
sphere_genus0,0,uniform_sphere,652,151
sphere_genus0,0,uniform_sphere,653,148
sphere_genus0,0,uniform_sphere,654,140
sphere_genus0,0,uniform_sphere,655,136
sphere_genus0,0,uniform_sphere,656,124
sphere_genus0,0,uniform_sphere,657,147
sphere_genus0,0,uniform_sphere,658,143
sphere_genus0,0,uniform_sphere,659,137
sphere_genus0,0,uniform_sphere,660,124
sphere_genus0,0,uniform_sphere,661,126
sphere_genus0,0,uniform_sphere,662,110
sphere_genus0,0,uniform_sphere,663,116
sphere_genus0,0,uniform_sphere,664,132
sphere_genus0,0,uniform_sphere,665,138
sphere_genus0,0,uniform_sphere,666,126
sphere_genus0,0,uniform_sphere,667,120
sphere_genus0,0,uniform_sphere,668,107
sphere_genus0,0,uniform_sphere,669,128
sphere_genus0,0,uniform_sphere,670,139
sphere_genus0,0,uniform_sphere,671,147
sphere_genus0,0,uniform_sphere,672,129
sphere_genus0,0,uniform_sphere,673,128
sphere_genus0,0,uniform_sphere,674,131
sphere_genus0,0,uniform_sphere,675,154
sphere_genus0,0,uniform_sphere,676,111
sphere_genus0,0,uniform_sphere,677,141
sphere_genus0,0,uniform_sphere,678,129
sphere_genus0,0,uniform_sphere,679,138
sphere_genus0,0,uniform_sphere,680,118
sphere_genus0,0,uniform_sphere,681,150
sphere_genus0,0,uniform_sphere,682,128
sphere_genus0,0,uniform_sphere,683,125
sphere_genus0,0,uniform_sphere,684,143
sphere_genus0,0,uniform_sphere,685,140
sphere_genus0,0,uniform_sphere,686,106
sphere_genus0,0,uniform_sphere,687,123
sphere_genus0,0,uniform_sphere,688,113
sphere_genus0,0,uniform_sphere,689,111
sphere_genus0,0,uniform_sphere,690,134
sphere_genus0,0,uniform_sphere,691,139
sphere_genus0,0,uniform_sphere,692,118
sphere_genus0,0,uniform_sphere,693,133
sphere_genus0,0,uniform_sphere,694,137
sphere_genus0,0,uniform_sphere,695,144
sphere_genus0,0,uniform_sphere,696,135
sphere_genus0,0,uniform_sphere,697,147
sphere_genus0,0,uniform_sphere,698,139
sphere_genus0,0,uniform_sphere,699,128
sphere_genus0,0,uniform_sphere,700,136
sphere_genus0,0,uniform_sphere,701,136
sphere_genus0,0,uniform_sphere,702,116
sphere_genus0,0,uniform_sphere,703,128
sphere_genus0,0,uniform_sphere,704,127
sphere_genus0,0,uniform_sphere,705,124
sphere_genus0,0,uniform_sphere,706,123
sphere_genus0,0,uniform_sphere,707,139
sphere_genus0,0,uniform_sphere,708,128
sphere_genus0,0,uniform_sphere,709,137
sphere_genus0,0,uniform_sphere,710,145
sphere_genus0,0,uniform_sphere,711,118
sphere_genus0,0,uniform_sphere,712,158
sphere_genus0,0,uniform_sphere,713,161
sphere_genus0,0,uniform_sphere,714,140
sphere_genus0,0,uniform_sphere,715,146
sphere_genus0,0,uniform_sphere,716,124
sphere_genus0,0,uniform_sphere,717,132
sphere_genus0,0,uniform_sphere,718,115
sphere_genus0,0,uniform_sphere,719,141
sphere_genus0,0,uniform_sphere,720,140
sphere_genus0,0,uniform_sphere,721,147
sphere_genus0,0,uniform_sphere,722,141
sphere_genus0,0,uniform_sphere,723,124
sphere_genus0,0,uniform_sphere,724,107
sphere_genus0,0,uniform_sphere,725,135
sphere_genus0,0,uniform_sphere,726,123
sphere_genus0,0,uniform_sphere,727,153
sphere_genus0,0,uniform_sphere,728,118
sphere_genus0,0,uniform_sphere,729,121
sphere_genus0,0,uniform_sphere,730,135
sphere_genus0,0,uniform_sphere,731,133
sphere_genus0,0,uniform_sphere,732,115
sphere_genus0,0,uniform_sphere,733,119
sphere_genus0,0,uniform_sphere,734,140
sphere_genus0,0,uniform_sphere,735,125
sphere_genus0,0,uniform_sphere,736,141
sphere_genus0,0,uniform_sphere,737,136
sphere_genus0,0,uniform_sphere,738,126
sphere_genus0,0,uniform_sphere,739,144
sphere_genus0,0,uniform_sphere,740,137
sphere_genus0,0,uniform_sphere,741,119
sphere_genus0,0,uniform_sphere,742,133
sphere_genus0,0,uniform_sphere,743,119
sphere_genus0,0,uniform_sphere,744,119
sphere_genus0,0,uniform_sphere,745,134
sphere_genus0,0,uniform_sphere,746,134
sphere_genus0,0,uniform_sphere,747,125
sphere_genus0,0,uniform_sphere,748,146
sphere_genus0,0,uniform_sphere,749,147
sphere_genus0,0,uniform_sphere,750,149
sphere_genus0,0,uniform_sphere,751,131
sphere_genus0,0,uniform_sphere,752,136
sphere_genus0,0,uniform_sphere,753,126
sphere_genus0,0,uniform_sphere,754,134
sphere_genus0,0,uniform_sphere,755,143
sphere_genus0,0,uniform_sphere,756,129
sphere_genus0,0,uniform_sphere,757,146
sphere_genus0,0,uniform_sphere,758,128
sphere_genus0,0,uniform_sphere,759,137
sphere_genus0,0,uniform_sphere,760,114
sphere_genus0,0,uniform_sphere,761,140
sphere_genus0,0,uniform_sphere,762,130
sphere_genus0,0,uniform_sphere,763,144
sphere_genus0,0,uniform_sphere,764,136
sphere_genus0,0,uniform_sphere,765,126
sphere_genus0,0,uniform_sphere,766,149
sphere_genus0,0,uniform_sphere,767,136
sphere_genus0,0,uniform_sphere,768,150
sphere_genus0,0,uniform_sphere,769,138
sphere_genus0,0,uniform_sphere,770,125
sphere_genus0,0,uniform_sphere,771,138
sphere_genus0,0,uniform_sphere,772,138
sphere_genus0,0,uniform_sphere,773,142
sphere_genus0,0,uniform_sphere,774,147
sphere_genus0,0,uniform_sphere,775,118
sphere_genus0,0,uniform_sphere,776,150
sphere_genus0,0,uniform_sphere,777,150
sphere_genus0,0,uniform_sphere,778,147
sphere_genus0,0,uniform_sphere,779,152
sphere_genus0,0,uniform_sphere,780,139
sphere_genus0,0,uniform_sphere,781,140
sphere_genus0,0,uniform_sphere,782,140
sphere_genus0,0,uniform_sphere,783,134
sphere_genus0,0,uniform_sphere,784,161
sphere_genus0,0,uniform_sphere,785,146
sphere_genus0,0,uniform_sphere,786,137
sphere_genus0,0,uniform_sphere,787,141
sphere_genus0,0,uniform_sphere,788,146
sphere_genus0,0,uniform_sphere,789,133
sphere_genus0,0,uniform_sphere,790,151
sphere_genus0,0,uniform_sphere,791,141
sphere_genus0,0,uniform_sphere,792,133
sphere_genus0,0,uniform_sphere,793,115
sphere_genus0,0,uniform_sphere,794,141
sphere_genus0,0,uniform_sphere,795,133
sphere_genus0,0,uniform_sphere,796,152
sphere_genus0,0,uniform_sphere,797,140
sphere_genus0,0,uniform_sphere,798,138
sphere_genus0,0,uniform_sphere,799,147
sphere_genus0,0,uniform_sphere,800,144
sphere_genus0,0,uniform_sphere,801,135
sphere_genus0,0,uniform_sphere,802,131
sphere_genus0,0,uniform_sphere,803,133
sphere_genus0,0,uniform_sphere,804,130
sphere_genus0,0,uniform_sphere,805,133
sphere_genus0,0,uniform_sphere,806,130
sphere_genus0,0,uniform_sphere,807,125
sphere_genus0,0,uniform_sphere,808,153
sphere_genus0,0,uniform_sphere,809,134
sphere_genus0,0,uniform_sphere,810,128
sphere_genus0,0,uniform_sphere,811,121
sphere_genus0,0,uniform_sphere,812,136
sphere_genus0,0,uniform_sphere,813,111
sphere_genus0,0,uniform_sphere,814,145
sphere_genus0,0,uniform_sphere,815,127
sphere_genus0,0,uniform_sphere,816,128
sphere_genus0,0,uniform_sphere,817,142
sphere_genus0,0,uniform_sphere,818,156
sphere_genus0,0,uniform_sphere,819,116
sphere_genus0,0,uniform_sphere,820,133
sphere_genus0,0,uniform_sphere,821,125
sphere_genus0,0,uniform_sphere,822,140
sphere_genus0,0,uniform_sphere,823,138
sphere_genus0,0,uniform_sphere,824,144
sphere_genus0,0,uniform_sphere,825,156
sphere_genus0,0,uniform_sphere,826,153
sphere_genus0,0,uniform_sphere,827,167
sphere_genus0,0,uniform_sphere,828,106
sphere_genus0,0,uniform_sphere,829,140
sphere_genus0,0,uniform_sphere,830,139
sphere_genus0,0,uniform_sphere,831,145
sphere_genus0,0,uniform_sphere,832,138
sphere_genus0,0,uniform_sphere,833,130
sphere_genus0,0,uniform_sphere,834,128
sphere_genus0,0,uniform_sphere,835,157
sphere_genus0,0,uniform_sphere,836,159
sphere_genus0,0,uniform_sphere,837,119
sphere_genus0,0,uniform_sphere,838,151
sphere_genus0,0,uniform_sphere,839,118
sphere_genus0,0,uniform_sphere,840,129
sphere_genus0,0,uniform_sphere,841,147
sphere_genus0,0,uniform_sphere,842,118
sphere_genus0,0,uniform_sphere,843,125
sphere_genus0,0,uniform_sphere,844,128
sphere_genus0,0,uniform_sphere,845,114
sphere_genus0,0,uniform_sphere,846,120
sphere_genus0,0,uniform_sphere,847,114
sphere_genus0,0,uniform_sphere,848,126
sphere_genus0,0,uniform_sphere,849,139
sphere_genus0,0,uniform_sphere,850,143
sphere_genus0,0,uniform_sphere,851,162
sphere_genus0,0,uniform_sphere,852,122
sphere_genus0,0,uniform_sphere,853,127
sphere_genus0,0,uniform_sphere,854,173
sphere_genus0,0,uniform_sphere,855,132
sphere_genus0,0,uniform_sphere,856,140
sphere_genus0,0,uniform_sphere,857,159
sphere_genus0,0,uniform_sphere,858,137
sphere_genus0,0,uniform_sphere,859,119
sphere_genus0,0,uniform_sphere,860,122
sphere_genus0,0,uniform_sphere,861,128
sphere_genus0,0,uniform_sphere,862,125
sphere_genus0,0,uniform_sphere,863,133
sphere_genus0,0,uniform_sphere,864,111
sphere_genus0,0,uniform_sphere,865,121
sphere_genus0,0,uniform_sphere,866,144
sphere_genus0,0,uniform_sphere,867,160
sphere_genus0,0,uniform_sphere,868,112
sphere_genus0,0,uniform_sphere,869,118
sphere_genus0,0,uniform_sphere,870,157
sphere_genus0,0,uniform_sphere,871,135
sphere_genus0,0,uniform_sphere,872,119
sphere_genus0,0,uniform_sphere,873,164
sphere_genus0,0,uniform_sphere,874,129
sphere_genus0,0,uniform_sphere,875,156
sphere_genus0,0,uniform_sphere,876,137
sphere_genus0,0,uniform_sphere,877,147
sphere_genus0,0,uniform_sphere,878,110
sphere_genus0,0,uniform_sphere,879,140
sphere_genus0,0,uniform_sphere,880,161
sphere_genus0,0,uniform_sphere,881,150
sphere_genus0,0,uniform_sphere,882,119
sphere_genus0,0,uniform_sphere,883,132
sphere_genus0,0,uniform_sphere,884,159
sphere_genus0,0,uniform_sphere,885,128
sphere_genus0,0,uniform_sphere,886,127
sphere_genus0,0,uniform_sphere,887,137
sphere_genus0,0,uniform_sphere,888,129
sphere_genus0,0,uniform_sphere,889,131
sphere_genus0,0,uniform_sphere,890,130
sphere_genus0,0,uniform_sphere,891,138
sphere_genus0,0,uniform_sphere,892,114
sphere_genus0,0,uniform_sphere,893,113
sphere_genus0,0,uniform_sphere,894,114
sphere_genus0,0,uniform_sphere,895,155
sphere_genus0,0,uniform_sphere,896,126
sphere_genus0,0,uniform_sphere,897,151
sphere_genus0,0,uniform_sphere,898,138
sphere_genus0,0,uniform_sphere,899,129
sphere_genus0,0,uniform_sphere,900,140
sphere_genus0,0,uniform_sphere,901,125
sphere_genus0,0,uniform_sphere,902,135
sphere_genus0,0,uniform_sphere,903,131
sphere_genus0,0,uniform_sphere,904,145
sphere_genus0,0,uniform_sphere,905,118
sphere_genus0,0,uniform_sphere,906,136
sphere_genus0,0,uniform_sphere,907,141
sphere_genus0,0,uniform_sphere,908,135
sphere_genus0,0,uniform_sphere,909,113
sphere_genus0,0,uniform_sphere,910,131
sphere_genus0,0,uniform_sphere,911,153
sphere_genus0,0,uniform_sphere,912,139
sphere_genus0,0,uniform_sphere,913,124
sphere_genus0,0,uniform_sphere,914,125
sphere_genus0,0,uniform_sphere,915,126
sphere_genus0,0,uniform_sphere,916,116
sphere_genus0,0,uniform_sphere,917,145
sphere_genus0,0,uniform_sphere,918,134
sphere_genus0,0,uniform_sphere,919,145
sphere_genus0,0,uniform_sphere,920,157
sphere_genus0,0,uniform_sphere,921,143
sphere_genus0,0,uniform_sphere,922,120
sphere_genus0,0,uniform_sphere,923,119
sphere_genus0,0,uniform_sphere,924,129
sphere_genus0,0,uniform_sphere,925,137
sphere_genus0,0,uniform_sphere,926,149
sphere_genus0,0,uniform_sphere,927,126
sphere_genus0,0,uniform_sphere,928,134
sphere_genus0,0,uniform_sphere,929,146
sphere_genus0,0,uniform_sphere,930,138
sphere_genus0,0,uniform_sphere,931,138
sphere_genus0,0,uniform_sphere,932,151
sphere_genus0,0,uniform_sphere,933,102
sphere_genus0,0,uniform_sphere,934,153
sphere_genus0,0,uniform_sphere,935,146
sphere_genus0,0,uniform_sphere,936,128
sphere_genus0,0,uniform_sphere,937,117
sphere_genus0,0,uniform_sphere,938,146
sphere_genus0,0,uniform_sphere,939,133
sphere_genus0,0,uniform_sphere,940,127
sphere_genus0,0,uniform_sphere,941,116
sphere_genus0,0,uniform_sphere,942,125
sphere_genus0,0,uniform_sphere,943,126
sphere_genus0,0,uniform_sphere,944,126
sphere_genus0,0,uniform_sphere,945,121
sphere_genus0,0,uniform_sphere,946,126
sphere_genus0,0,uniform_sphere,947,150
sphere_genus0,0,uniform_sphere,948,121
sphere_genus0,0,uniform_sphere,949,126
sphere_genus0,0,uniform_sphere,950,127
sphere_genus0,0,uniform_sphere,951,134
sphere_genus0,0,uniform_sphere,952,117
sphere_genus0,0,uniform_sphere,953,145
sphere_genus0,0,uniform_sphere,954,144
sphere_genus0,0,uniform_sphere,955,125
sphere_genus0,0,uniform_sphere,956,131
sphere_genus0,0,uniform_sphere,957,128
sphere_genus0,0,uniform_sphere,958,154
sphere_genus0,0,uniform_sphere,959,126
sphere_genus0,0,uniform_sphere,960,132
sphere_genus0,0,uniform_sphere,961,157
sphere_genus0,0,uniform_sphere,962,144
sphere_genus0,0,uniform_sphere,963,136
sphere_genus0,0,uniform_sphere,964,140
sphere_genus0,0,uniform_sphere,965,95
sphere_genus0,0,uniform_sphere,966,125
sphere_genus0,0,uniform_sphere,967,137
sphere_genus0,0,uniform_sphere,968,146
sphere_genus0,0,uniform_sphere,969,124
sphere_genus0,0,uniform_sphere,970,129
sphere_genus0,0,uniform_sphere,971,143
sphere_genus0,0,uniform_sphere,972,152
sphere_genus0,0,uniform_sphere,973,128
sphere_genus0,0,uniform_sphere,974,141
sphere_genus0,0,uniform_sphere,975,134
sphere_genus0,0,uniform_sphere,976,152
sphere_genus0,0,uniform_sphere,977,131
sphere_genus0,0,uniform_sphere,978,122
sphere_genus0,0,uniform_sphere,979,136
sphere_genus0,0,uniform_sphere,980,135
sphere_genus0,0,uniform_sphere,981,170
sphere_genus0,0,uniform_sphere,982,139
sphere_genus0,0,uniform_sphere,983,138
sphere_genus0,0,uniform_sphere,984,117
sphere_genus0,0,uniform_sphere,985,134
sphere_genus0,0,uniform_sphere,986,125
sphere_genus0,0,uniform_sphere,987,135
sphere_genus0,0,uniform_sphere,988,122
sphere_genus0,0,uniform_sphere,989,160
sphere_genus0,0,uniform_sphere,990,152
sphere_genus0,0,uniform_sphere,991,135
sphere_genus0,0,uniform_sphere,992,145
sphere_genus0,0,uniform_sphere,993,130
sphere_genus0,0,uniform_sphere,994,143
sphere_genus0,0,uniform_sphere,995,147
sphere_genus0,0,uniform_sphere,996,123
sphere_genus0,0,uniform_sphere,997,136
sphere_genus0,0,uniform_sphere,998,146
sphere_genus0,0,uniform_sphere,999,153
sphere_genus0,0,dirichlet,0,127
sphere_genus0,0,dirichlet,1,149
sphere_genus0,0,dirichlet,2,109
sphere_genus0,0,dirichlet,3,140
sphere_genus0,0,dirichlet,4,122
sphere_genus0,0,dirichlet,5,159
sphere_genus0,0,dirichlet,6,98
sphere_genus0,0,dirichlet,7,125
sphere_genus0,0,dirichlet,8,138
sphere_genus0,0,dirichlet,9,140
sphere_genus0,0,dirichlet,10,124
sphere_genus0,0,dirichlet,11,110
sphere_genus0,0,dirichlet,12,127
sphere_genus0,0,dirichlet,13,117
sphere_genus0,0,dirichlet,14,145
sphere_genus0,0,dirichlet,15,136
sphere_genus0,0,dirichlet,16,126
sphere_genus0,0,dirichlet,17,107
sphere_genus0,0,dirichlet,18,121
sphere_genus0,0,dirichlet,19,137
sphere_genus0,0,dirichlet,20,138
sphere_genus0,0,dirichlet,21,125
sphere_genus0,0,dirichlet,22,99
sphere_genus0,0,dirichlet,23,101
sphere_genus0,0,dirichlet,24,137
sphere_genus0,0,dirichlet,25,134
sphere_genus0,0,dirichlet,26,144
sphere_genus0,0,dirichlet,27,153
sphere_genus0,0,dirichlet,28,128
sphere_genus0,0,dirichlet,29,115
sphere_genus0,0,dirichlet,30,110
sphere_genus0,0,dirichlet,31,140
sphere_genus0,0,dirichlet,32,116
sphere_genus0,0,dirichlet,33,119
sphere_genus0,0,dirichlet,34,141
sphere_genus0,0,dirichlet,35,138
sphere_genus0,0,dirichlet,36,112
sphere_genus0,0,dirichlet,37,136
sphere_genus0,0,dirichlet,38,133
sphere_genus0,0,dirichlet,39,168
sphere_genus0,0,dirichlet,40,129
sphere_genus0,0,dirichlet,41,114
sphere_genus0,0,dirichlet,42,140
sphere_genus0,0,dirichlet,43,150
sphere_genus0,0,dirichlet,44,139
sphere_genus0,0,dirichlet,45,130
sphere_genus0,0,dirichlet,46,141
sphere_genus0,0,dirichlet,47,142
sphere_genus0,0,dirichlet,48,147
sphere_genus0,0,dirichlet,49,113
sphere_genus0,0,dirichlet,50,121
sphere_genus0,0,dirichlet,51,123
sphere_genus0,0,dirichlet,52,125
sphere_genus0,0,dirichlet,53,130
sphere_genus0,0,dirichlet,54,135
sphere_genus0,0,dirichlet,55,107
sphere_genus0,0,dirichlet,56,156
sphere_genus0,0,dirichlet,57,129
sphere_genus0,0,dirichlet,58,138
sphere_genus0,0,dirichlet,59,165
sphere_genus0,0,dirichlet,60,133
sphere_genus0,0,dirichlet,61,134
sphere_genus0,0,dirichlet,62,107
sphere_genus0,0,dirichlet,63,136
sphere_genus0,0,dirichlet,64,139
sphere_genus0,0,dirichlet,65,144
sphere_genus0,0,dirichlet,66,113
sphere_genus0,0,dirichlet,67,139
sphere_genus0,0,dirichlet,68,133
sphere_genus0,0,dirichlet,69,107
sphere_genus0,0,dirichlet,70,140
sphere_genus0,0,dirichlet,71,146
sphere_genus0,0,dirichlet,72,154
sphere_genus0,0,dirichlet,73,154
sphere_genus0,0,dirichlet,74,122
sphere_genus0,0,dirichlet,75,126
sphere_genus0,0,dirichlet,76,112
sphere_genus0,0,dirichlet,77,147
sphere_genus0,0,dirichlet,78,131
sphere_genus0,0,dirichlet,79,148
sphere_genus0,0,dirichlet,80,121
sphere_genus0,0,dirichlet,81,101
sphere_genus0,0,dirichlet,82,107
sphere_genus0,0,dirichlet,83,147
sphere_genus0,0,dirichlet,84,143
sphere_genus0,0,dirichlet,85,138
sphere_genus0,0,dirichlet,86,123
sphere_genus0,0,dirichlet,87,138
sphere_genus0,0,dirichlet,88,134
sphere_genus0,0,dirichlet,89,101
sphere_genus0,0,dirichlet,90,125
sphere_genus0,0,dirichlet,91,144
sphere_genus0,0,dirichlet,92,152
sphere_genus0,0,dirichlet,93,139
sphere_genus0,0,dirichlet,94,141
sphere_genus0,0,dirichlet,95,129
sphere_genus0,0,dirichlet,96,117
sphere_genus0,0,dirichlet,97,140
sphere_genus0,0,dirichlet,98,126
sphere_genus0,0,dirichlet,99,144
sphere_genus0,0,dirichlet,100,121
sphere_genus0,0,dirichlet,101,129
sphere_genus0,0,dirichlet,102,133
sphere_genus0,0,dirichlet,103,143
sphere_genus0,0,dirichlet,104,120
sphere_genus0,0,dirichlet,105,164
sphere_genus0,0,dirichlet,106,141
sphere_genus0,0,dirichlet,107,126
sphere_genus0,0,dirichlet,108,107
sphere_genus0,0,dirichlet,109,126
sphere_genus0,0,dirichlet,110,119
sphere_genus0,0,dirichlet,111,108
sphere_genus0,0,dirichlet,112,134
sphere_genus0,0,dirichlet,113,110
sphere_genus0,0,dirichlet,114,141
sphere_genus0,0,dirichlet,115,132
sphere_genus0,0,dirichlet,116,142
sphere_genus0,0,dirichlet,117,144
sphere_genus0,0,dirichlet,118,116
sphere_genus0,0,dirichlet,119,138
sphere_genus0,0,dirichlet,120,140
sphere_genus0,0,dirichlet,121,130
sphere_genus0,0,dirichlet,122,124
sphere_genus0,0,dirichlet,123,109
sphere_genus0,0,dirichlet,124,148
sphere_genus0,0,dirichlet,125,138
sphere_genus0,0,dirichlet,126,116
sphere_genus0,0,dirichlet,127,112
sphere_genus0,0,dirichlet,128,149
sphere_genus0,0,dirichlet,129,129
sphere_genus0,0,dirichlet,130,97
sphere_genus0,0,dirichlet,131,116
sphere_genus0,0,dirichlet,132,125
sphere_genus0,0,dirichlet,133,136
sphere_genus0,0,dirichlet,134,104
sphere_genus0,0,dirichlet,135,148
sphere_genus0,0,dirichlet,136,129
sphere_genus0,0,dirichlet,137,149
sphere_genus0,0,dirichlet,138,126
sphere_genus0,0,dirichlet,139,143
sphere_genus0,0,dirichlet,140,143
sphere_genus0,0,dirichlet,141,144
sphere_genus0,0,dirichlet,142,140
sphere_genus0,0,dirichlet,143,133
sphere_genus0,0,dirichlet,144,151
sphere_genus0,0,dirichlet,145,155
sphere_genus0,0,dirichlet,146,117
sphere_genus0,0,dirichlet,147,119
sphere_genus0,0,dirichlet,148,141
sphere_genus0,0,dirichlet,149,135
sphere_genus0,0,dirichlet,150,124
sphere_genus0,0,dirichlet,151,122
sphere_genus0,0,dirichlet,152,130
sphere_genus0,0,dirichlet,153,115
sphere_genus0,0,dirichlet,154,138
sphere_genus0,0,dirichlet,155,107
sphere_genus0,0,dirichlet,156,146
sphere_genus0,0,dirichlet,157,136
sphere_genus0,0,dirichlet,158,100
sphere_genus0,0,dirichlet,159,139
sphere_genus0,0,dirichlet,160,126
sphere_genus0,0,dirichlet,161,124
sphere_genus0,0,dirichlet,162,145
sphere_genus0,0,dirichlet,163,134
sphere_genus0,0,dirichlet,164,106
sphere_genus0,0,dirichlet,165,157
sphere_genus0,0,dirichlet,166,131
sphere_genus0,0,dirichlet,167,130
sphere_genus0,0,dirichlet,168,131
sphere_genus0,0,dirichlet,169,113
sphere_genus0,0,dirichlet,170,146
sphere_genus0,0,dirichlet,171,126
sphere_genus0,0,dirichlet,172,122
sphere_genus0,0,dirichlet,173,111
sphere_genus0,0,dirichlet,174,110
sphere_genus0,0,dirichlet,175,107
sphere_genus0,0,dirichlet,176,113
sphere_genus0,0,dirichlet,177,135
sphere_genus0,0,dirichlet,178,109
sphere_genus0,0,dirichlet,179,120
sphere_genus0,0,dirichlet,180,103
sphere_genus0,0,dirichlet,181,150
sphere_genus0,0,dirichlet,182,126
sphere_genus0,0,dirichlet,183,120
sphere_genus0,0,dirichlet,184,131
sphere_genus0,0,dirichlet,185,120
sphere_genus0,0,dirichlet,186,148
sphere_genus0,0,dirichlet,187,120
sphere_genus0,0,dirichlet,188,117
sphere_genus0,0,dirichlet,189,130
sphere_genus0,0,dirichlet,190,138
sphere_genus0,0,dirichlet,191,147
sphere_genus0,0,dirichlet,192,129
sphere_genus0,0,dirichlet,193,122
sphere_genus0,0,dirichlet,194,151
sphere_genus0,0,dirichlet,195,108
sphere_genus0,0,dirichlet,196,115
sphere_genus0,0,dirichlet,197,122
sphere_genus0,0,dirichlet,198,117
sphere_genus0,0,dirichlet,199,126
sphere_genus0,0,dirichlet,200,130
sphere_genus0,0,dirichlet,201,100
sphere_genus0,0,dirichlet,202,161
sphere_genus0,0,dirichlet,203,133
sphere_genus0,0,dirichlet,204,116
sphere_genus0,0,dirichlet,205,152
sphere_genus0,0,dirichlet,206,118
sphere_genus0,0,dirichlet,207,143
sphere_genus0,0,dirichlet,208,124
sphere_genus0,0,dirichlet,209,151
sphere_genus0,0,dirichlet,210,124
sphere_genus0,0,dirichlet,211,148
sphere_genus0,0,dirichlet,212,158
sphere_genus0,0,dirichlet,213,140
sphere_genus0,0,dirichlet,214,127
sphere_genus0,0,dirichlet,215,140
sphere_genus0,0,dirichlet,216,124
sphere_genus0,0,dirichlet,217,103
sphere_genus0,0,dirichlet,218,116
sphere_genus0,0,dirichlet,219,120
sphere_genus0,0,dirichlet,220,156
sphere_genus0,0,dirichlet,221,119
sphere_genus0,0,dirichlet,222,127
sphere_genus0,0,dirichlet,223,99
sphere_genus0,0,dirichlet,224,168
sphere_genus0,0,dirichlet,225,136
sphere_genus0,0,dirichlet,226,160
sphere_genus0,0,dirichlet,227,117
sphere_genus0,0,dirichlet,228,120
sphere_genus0,0,dirichlet,229,121
sphere_genus0,0,dirichlet,230,164
sphere_genus0,0,dirichlet,231,147
sphere_genus0,0,dirichlet,232,133
sphere_genus0,0,dirichlet,233,119
sphere_genus0,0,dirichlet,234,120
sphere_genus0,0,dirichlet,235,124
sphere_genus0,0,dirichlet,236,139
sphere_genus0,0,dirichlet,237,118
sphere_genus0,0,dirichlet,238,137
sphere_genus0,0,dirichlet,239,110
sphere_genus0,0,dirichlet,240,152
sphere_genus0,0,dirichlet,241,128
sphere_genus0,0,dirichlet,242,145
sphere_genus0,0,dirichlet,243,126
sphere_genus0,0,dirichlet,244,138
sphere_genus0,0,dirichlet,245,124
sphere_genus0,0,dirichlet,246,101
sphere_genus0,0,dirichlet,247,123
sphere_genus0,0,dirichlet,248,149
sphere_genus0,0,dirichlet,249,127
sphere_genus0,0,dirichlet,250,118
sphere_genus0,0,dirichlet,251,120
sphere_genus0,0,dirichlet,252,125
sphere_genus0,0,dirichlet,253,139
sphere_genus0,0,dirichlet,254,155
sphere_genus0,0,dirichlet,255,110
sphere_genus0,0,dirichlet,256,146
sphere_genus0,0,dirichlet,257,134
sphere_genus0,0,dirichlet,258,137
sphere_genus0,0,dirichlet,259,119
sphere_genus0,0,dirichlet,260,144
sphere_genus0,0,dirichlet,261,119
sphere_genus0,0,dirichlet,262,149
sphere_genus0,0,dirichlet,263,138
sphere_genus0,0,dirichlet,264,150
sphere_genus0,0,dirichlet,265,129
sphere_genus0,0,dirichlet,266,136
sphere_genus0,0,dirichlet,267,150
sphere_genus0,0,dirichlet,268,155
sphere_genus0,0,dirichlet,269,111
sphere_genus0,0,dirichlet,270,129
sphere_genus0,0,dirichlet,271,123
sphere_genus0,0,dirichlet,272,161
sphere_genus0,0,dirichlet,273,122
sphere_genus0,0,dirichlet,274,134
sphere_genus0,0,dirichlet,275,157
sphere_genus0,0,dirichlet,276,109
sphere_genus0,0,dirichlet,277,120
sphere_genus0,0,dirichlet,278,154
sphere_genus0,0,dirichlet,279,115
sphere_genus0,0,dirichlet,280,147
sphere_genus0,0,dirichlet,281,107
sphere_genus0,0,dirichlet,282,143
sphere_genus0,0,dirichlet,283,137
sphere_genus0,0,dirichlet,284,132
sphere_genus0,0,dirichlet,285,144
sphere_genus0,0,dirichlet,286,125
sphere_genus0,0,dirichlet,287,138
sphere_genus0,0,dirichlet,288,129
sphere_genus0,0,dirichlet,289,125
sphere_genus0,0,dirichlet,290,116
sphere_genus0,0,dirichlet,291,147
sphere_genus0,0,dirichlet,292,139
sphere_genus0,0,dirichlet,293,103
sphere_genus0,0,dirichlet,294,137
sphere_genus0,0,dirichlet,295,116
sphere_genus0,0,dirichlet,296,139
sphere_genus0,0,dirichlet,297,134
sphere_genus0,0,dirichlet,298,111
sphere_genus0,0,dirichlet,299,100
sphere_genus0,0,dirichlet,300,116
sphere_genus0,0,dirichlet,301,126
sphere_genus0,0,dirichlet,302,116
sphere_genus0,0,dirichlet,303,122
sphere_genus0,0,dirichlet,304,126
sphere_genus0,0,dirichlet,305,130
sphere_genus0,0,dirichlet,306,106
sphere_genus0,0,dirichlet,307,148
sphere_genus0,0,dirichlet,308,138
sphere_genus0,0,dirichlet,309,161
sphere_genus0,0,dirichlet,310,131
sphere_genus0,0,dirichlet,311,144
sphere_genus0,0,dirichlet,312,106
sphere_genus0,0,dirichlet,313,132
sphere_genus0,0,dirichlet,314,122
sphere_genus0,0,dirichlet,315,132
sphere_genus0,0,dirichlet,316,125
sphere_genus0,0,dirichlet,317,141
sphere_genus0,0,dirichlet,318,117
sphere_genus0,0,dirichlet,319,131
sphere_genus0,0,dirichlet,320,130
sphere_genus0,0,dirichlet,321,153
sphere_genus0,0,dirichlet,322,134
sphere_genus0,0,dirichlet,323,112
sphere_genus0,0,dirichlet,324,125
sphere_genus0,0,dirichlet,325,112
sphere_genus0,0,dirichlet,326,135
sphere_genus0,0,dirichlet,327,123
sphere_genus0,0,dirichlet,328,109
sphere_genus0,0,dirichlet,329,140
sphere_genus0,0,dirichlet,330,131
sphere_genus0,0,dirichlet,331,116
sphere_genus0,0,dirichlet,332,128
sphere_genus0,0,dirichlet,333,133
sphere_genus0,0,dirichlet,334,114
sphere_genus0,0,dirichlet,335,124
sphere_genus0,0,dirichlet,336,114
sphere_genus0,0,dirichlet,337,122
sphere_genus0,0,dirichlet,338,96
sphere_genus0,0,dirichlet,339,153
sphere_genus0,0,dirichlet,340,133
sphere_genus0,0,dirichlet,341,145
sphere_genus0,0,dirichlet,342,132
sphere_genus0,0,dirichlet,343,141
sphere_genus0,0,dirichlet,344,127
sphere_genus0,0,dirichlet,345,137
sphere_genus0,0,dirichlet,346,126
sphere_genus0,0,dirichlet,347,108
sphere_genus0,0,dirichlet,348,109
sphere_genus0,0,dirichlet,349,127
sphere_genus0,0,dirichlet,350,129
sphere_genus0,0,dirichlet,351,124
sphere_genus0,0,dirichlet,352,97
sphere_genus0,0,dirichlet,353,116
sphere_genus0,0,dirichlet,354,125
sphere_genus0,0,dirichlet,355,153
sphere_genus0,0,dirichlet,356,151
sphere_genus0,0,dirichlet,357,125
sphere_genus0,0,dirichlet,358,134
sphere_genus0,0,dirichlet,359,126
sphere_genus0,0,dirichlet,360,124
sphere_genus0,0,dirichlet,361,135
sphere_genus0,0,dirichlet,362,152
sphere_genus0,0,dirichlet,363,119
sphere_genus0,0,dirichlet,364,125
sphere_genus0,0,dirichlet,365,130
sphere_genus0,0,dirichlet,366,111
sphere_genus0,0,dirichlet,367,123
sphere_genus0,0,dirichlet,368,135
sphere_genus0,0,dirichlet,369,144
sphere_genus0,0,dirichlet,370,113
sphere_genus0,0,dirichlet,371,146
sphere_genus0,0,dirichlet,372,109
sphere_genus0,0,dirichlet,373,137
sphere_genus0,0,dirichlet,374,126
sphere_genus0,0,dirichlet,375,147
sphere_genus0,0,dirichlet,376,129
sphere_genus0,0,dirichlet,377,145
sphere_genus0,0,dirichlet,378,129
sphere_genus0,0,dirichlet,379,131
sphere_genus0,0,dirichlet,380,143
sphere_genus0,0,dirichlet,381,139
sphere_genus0,0,dirichlet,382,113
sphere_genus0,0,dirichlet,383,135
sphere_genus0,0,dirichlet,384,131
sphere_genus0,0,dirichlet,385,141
sphere_genus0,0,dirichlet,386,130
sphere_genus0,0,dirichlet,387,148
sphere_genus0,0,dirichlet,388,99
sphere_genus0,0,dirichlet,389,122
sphere_genus0,0,dirichlet,390,115
sphere_genus0,0,dirichlet,391,144
sphere_genus0,0,dirichlet,392,123
sphere_genus0,0,dirichlet,393,121
sphere_genus0,0,dirichlet,394,154
sphere_genus0,0,dirichlet,395,142
sphere_genus0,0,dirichlet,396,102
sphere_genus0,0,dirichlet,397,142
sphere_genus0,0,dirichlet,398,141
sphere_genus0,0,dirichlet,399,128
sphere_genus0,0,dirichlet,400,131
sphere_genus0,0,dirichlet,401,137
sphere_genus0,0,dirichlet,402,131
sphere_genus0,0,dirichlet,403,138
sphere_genus0,0,dirichlet,404,132
sphere_genus0,0,dirichlet,405,146
sphere_genus0,0,dirichlet,406,121
sphere_genus0,0,dirichlet,407,140
sphere_genus0,0,dirichlet,408,128
sphere_genus0,0,dirichlet,409,133
sphere_genus0,0,dirichlet,410,136
sphere_genus0,0,dirichlet,411,108
sphere_genus0,0,dirichlet,412,141
sphere_genus0,0,dirichlet,413,125
sphere_genus0,0,dirichlet,414,112
sphere_genus0,0,dirichlet,415,157
sphere_genus0,0,dirichlet,416,120
sphere_genus0,0,dirichlet,417,127
sphere_genus0,0,dirichlet,418,150
sphere_genus0,0,dirichlet,419,138
sphere_genus0,0,dirichlet,420,115
sphere_genus0,0,dirichlet,421,142
sphere_genus0,0,dirichlet,422,132
sphere_genus0,0,dirichlet,423,141
sphere_genus0,0,dirichlet,424,138
sphere_genus0,0,dirichlet,425,148
sphere_genus0,0,dirichlet,426,156
sphere_genus0,0,dirichlet,427,125
sphere_genus0,0,dirichlet,428,111
sphere_genus0,0,dirichlet,429,130
sphere_genus0,0,dirichlet,430,118
sphere_genus0,0,dirichlet,431,112
sphere_genus0,0,dirichlet,432,117
sphere_genus0,0,dirichlet,433,134
sphere_genus0,0,dirichlet,434,129
sphere_genus0,0,dirichlet,435,93
sphere_genus0,0,dirichlet,436,166
sphere_genus0,0,dirichlet,437,109
sphere_genus0,0,dirichlet,438,166
sphere_genus0,0,dirichlet,439,123
sphere_genus0,0,dirichlet,440,148
sphere_genus0,0,dirichlet,441,125
sphere_genus0,0,dirichlet,442,136
sphere_genus0,0,dirichlet,443,129
sphere_genus0,0,dirichlet,444,166
sphere_genus0,0,dirichlet,445,125
sphere_genus0,0,dirichlet,446,135
sphere_genus0,0,dirichlet,447,130
sphere_genus0,0,dirichlet,448,112
sphere_genus0,0,dirichlet,449,118
sphere_genus0,0,dirichlet,450,125
sphere_genus0,0,dirichlet,451,136
sphere_genus0,0,dirichlet,452,111
sphere_genus0,0,dirichlet,453,126
sphere_genus0,0,dirichlet,454,132
sphere_genus0,0,dirichlet,455,125
sphere_genus0,0,dirichlet,456,124
sphere_genus0,0,dirichlet,457,110
sphere_genus0,0,dirichlet,458,119
sphere_genus0,0,dirichlet,459,127
sphere_genus0,0,dirichlet,460,133
sphere_genus0,0,dirichlet,461,144
sphere_genus0,0,dirichlet,462,123
sphere_genus0,0,dirichlet,463,111
sphere_genus0,0,dirichlet,464,128
sphere_genus0,0,dirichlet,465,126
sphere_genus0,0,dirichlet,466,112
sphere_genus0,0,dirichlet,467,122
sphere_genus0,0,dirichlet,468,141
sphere_genus0,0,dirichlet,469,130
sphere_genus0,0,dirichlet,470,119
sphere_genus0,0,dirichlet,471,132
sphere_genus0,0,dirichlet,472,132
sphere_genus0,0,dirichlet,473,134
sphere_genus0,0,dirichlet,474,111
sphere_genus0,0,dirichlet,475,140
sphere_genus0,0,dirichlet,476,135
sphere_genus0,0,dirichlet,477,129
sphere_genus0,0,dirichlet,478,149
sphere_genus0,0,dirichlet,479,148
sphere_genus0,0,dirichlet,480,139
sphere_genus0,0,dirichlet,481,124
sphere_genus0,0,dirichlet,482,134
sphere_genus0,0,dirichlet,483,103
sphere_genus0,0,dirichlet,484,146
sphere_genus0,0,dirichlet,485,136
sphere_genus0,0,dirichlet,486,130
sphere_genus0,0,dirichlet,487,129
sphere_genus0,0,dirichlet,488,118
sphere_genus0,0,dirichlet,489,130
sphere_genus0,0,dirichlet,490,110
sphere_genus0,0,dirichlet,491,120
sphere_genus0,0,dirichlet,492,150
sphere_genus0,0,dirichlet,493,143
sphere_genus0,0,dirichlet,494,148
sphere_genus0,0,dirichlet,495,134
sphere_genus0,0,dirichlet,496,151
sphere_genus0,0,dirichlet,497,127
sphere_genus0,0,dirichlet,498,145
sphere_genus0,0,dirichlet,499,117
sphere_genus0,0,dirichlet,500,125
sphere_genus0,0,dirichlet,501,117
sphere_genus0,0,dirichlet,502,132
sphere_genus0,0,dirichlet,503,136
sphere_genus0,0,dirichlet,504,136
sphere_genus0,0,dirichlet,505,136
sphere_genus0,0,dirichlet,506,123
sphere_genus0,0,dirichlet,507,145
sphere_genus0,0,dirichlet,508,160
sphere_genus0,0,dirichlet,509,138
sphere_genus0,0,dirichlet,510,125
sphere_genus0,0,dirichlet,511,153
sphere_genus0,0,dirichlet,512,136
sphere_genus0,0,dirichlet,513,128
sphere_genus0,0,dirichlet,514,142
sphere_genus0,0,dirichlet,515,159
sphere_genus0,0,dirichlet,516,128
sphere_genus0,0,dirichlet,517,114
sphere_genus0,0,dirichlet,518,143
sphere_genus0,0,dirichlet,519,130
sphere_genus0,0,dirichlet,520,151
sphere_genus0,0,dirichlet,521,105
sphere_genus0,0,dirichlet,522,128
sphere_genus0,0,dirichlet,523,166
sphere_genus0,0,dirichlet,524,143
sphere_genus0,0,dirichlet,525,130
sphere_genus0,0,dirichlet,526,139
sphere_genus0,0,dirichlet,527,134
sphere_genus0,0,dirichlet,528,145
sphere_genus0,0,dirichlet,529,137
sphere_genus0,0,dirichlet,530,117
sphere_genus0,0,dirichlet,531,121
sphere_genus0,0,dirichlet,532,125
sphere_genus0,0,dirichlet,533,132
sphere_genus0,0,dirichlet,534,123
sphere_genus0,0,dirichlet,535,127
sphere_genus0,0,dirichlet,536,166
sphere_genus0,0,dirichlet,537,113
sphere_genus0,0,dirichlet,538,133
sphere_genus0,0,dirichlet,539,144
sphere_genus0,0,dirichlet,540,111
sphere_genus0,0,dirichlet,541,132
sphere_genus0,0,dirichlet,542,126
sphere_genus0,0,dirichlet,543,129
sphere_genus0,0,dirichlet,544,130
sphere_genus0,0,dirichlet,545,124
sphere_genus0,0,dirichlet,546,160
sphere_genus0,0,dirichlet,547,130
sphere_genus0,0,dirichlet,548,129
sphere_genus0,0,dirichlet,549,109
sphere_genus0,0,dirichlet,550,137
sphere_genus0,0,dirichlet,551,125
sphere_genus0,0,dirichlet,552,141
sphere_genus0,0,dirichlet,553,115
sphere_genus0,0,dirichlet,554,137
sphere_genus0,0,dirichlet,555,140
sphere_genus0,0,dirichlet,556,124
sphere_genus0,0,dirichlet,557,133
sphere_genus0,0,dirichlet,558,137
sphere_genus0,0,dirichlet,559,159
sphere_genus0,0,dirichlet,560,138
sphere_genus0,0,dirichlet,561,125
sphere_genus0,0,dirichlet,562,128
sphere_genus0,0,dirichlet,563,123
sphere_genus0,0,dirichlet,564,140
sphere_genus0,0,dirichlet,565,117
sphere_genus0,0,dirichlet,566,139
sphere_genus0,0,dirichlet,567,121
sphere_genus0,0,dirichlet,568,139
sphere_genus0,0,dirichlet,569,144
sphere_genus0,0,dirichlet,570,127
sphere_genus0,0,dirichlet,571,130
sphere_genus0,0,dirichlet,572,125
sphere_genus0,0,dirichlet,573,124
sphere_genus0,0,dirichlet,574,137
sphere_genus0,0,dirichlet,575,131
sphere_genus0,0,dirichlet,576,124
sphere_genus0,0,dirichlet,577,114
sphere_genus0,0,dirichlet,578,140
sphere_genus0,0,dirichlet,579,109
sphere_genus0,0,dirichlet,580,140
sphere_genus0,0,dirichlet,581,120
sphere_genus0,0,dirichlet,582,115
sphere_genus0,0,dirichlet,583,122
sphere_genus0,0,dirichlet,584,127
sphere_genus0,0,dirichlet,585,132
sphere_genus0,0,dirichlet,586,136
sphere_genus0,0,dirichlet,587,132
sphere_genus0,0,dirichlet,588,138
sphere_genus0,0,dirichlet,589,147
sphere_genus0,0,dirichlet,590,132
sphere_genus0,0,dirichlet,591,124
sphere_genus0,0,dirichlet,592,123
sphere_genus0,0,dirichlet,593,131
sphere_genus0,0,dirichlet,594,130
sphere_genus0,0,dirichlet,595,117
sphere_genus0,0,dirichlet,596,121
sphere_genus0,0,dirichlet,597,142
sphere_genus0,0,dirichlet,598,149
sphere_genus0,0,dirichlet,599,143
sphere_genus0,0,dirichlet,600,130
sphere_genus0,0,dirichlet,601,146
sphere_genus0,0,dirichlet,602,149
sphere_genus0,0,dirichlet,603,137
sphere_genus0,0,dirichlet,604,111
sphere_genus0,0,dirichlet,605,124
sphere_genus0,0,dirichlet,606,139
sphere_genus0,0,dirichlet,607,140
sphere_genus0,0,dirichlet,608,133
sphere_genus0,0,dirichlet,609,114
sphere_genus0,0,dirichlet,610,171
sphere_genus0,0,dirichlet,611,126
sphere_genus0,0,dirichlet,612,135
sphere_genus0,0,dirichlet,613,117
sphere_genus0,0,dirichlet,614,135
sphere_genus0,0,dirichlet,615,146
sphere_genus0,0,dirichlet,616,137
sphere_genus0,0,dirichlet,617,114
sphere_genus0,0,dirichlet,618,132
sphere_genus0,0,dirichlet,619,146
sphere_genus0,0,dirichlet,620,129
sphere_genus0,0,dirichlet,621,114
sphere_genus0,0,dirichlet,622,123
sphere_genus0,0,dirichlet,623,133
sphere_genus0,0,dirichlet,624,108
sphere_genus0,0,dirichlet,625,130
sphere_genus0,0,dirichlet,626,110
sphere_genus0,0,dirichlet,627,123
sphere_genus0,0,dirichlet,628,134
sphere_genus0,0,dirichlet,629,127
sphere_genus0,0,dirichlet,630,133
sphere_genus0,0,dirichlet,631,115
sphere_genus0,0,dirichlet,632,135
sphere_genus0,0,dirichlet,633,118
sphere_genus0,0,dirichlet,634,119
sphere_genus0,0,dirichlet,635,104
sphere_genus0,0,dirichlet,636,126
sphere_genus0,0,dirichlet,637,126
sphere_genus0,0,dirichlet,638,118
sphere_genus0,0,dirichlet,639,123
sphere_genus0,0,dirichlet,640,133
sphere_genus0,0,dirichlet,641,113
sphere_genus0,0,dirichlet,642,132
sphere_genus0,0,dirichlet,643,130
sphere_genus0,0,dirichlet,644,122
sphere_genus0,0,dirichlet,645,137
sphere_genus0,0,dirichlet,646,116
sphere_genus0,0,dirichlet,647,170
sphere_genus0,0,dirichlet,648,131
sphere_genus0,0,dirichlet,649,120
sphere_genus0,0,dirichlet,650,127
sphere_genus0,0,dirichlet,651,147
sphere_genus0,0,dirichlet,652,120
sphere_genus0,0,dirichlet,653,114
sphere_genus0,0,dirichlet,654,134
sphere_genus0,0,dirichlet,655,147
sphere_genus0,0,dirichlet,656,129
sphere_genus0,0,dirichlet,657,115
sphere_genus0,0,dirichlet,658,164
sphere_genus0,0,dirichlet,659,131
sphere_genus0,0,dirichlet,660,169
sphere_genus0,0,dirichlet,661,121
sphere_genus0,0,dirichlet,662,135
sphere_genus0,0,dirichlet,663,120
sphere_genus0,0,dirichlet,664,137
sphere_genus0,0,dirichlet,665,126
sphere_genus0,0,dirichlet,666,132
sphere_genus0,0,dirichlet,667,124
sphere_genus0,0,dirichlet,668,158
sphere_genus0,0,dirichlet,669,137
sphere_genus0,0,dirichlet,670,122
sphere_genus0,0,dirichlet,671,132
sphere_genus0,0,dirichlet,672,139
sphere_genus0,0,dirichlet,673,111
sphere_genus0,0,dirichlet,674,112
sphere_genus0,0,dirichlet,675,129
sphere_genus0,0,dirichlet,676,133
sphere_genus0,0,dirichlet,677,123
sphere_genus0,0,dirichlet,678,134
sphere_genus0,0,dirichlet,679,129
sphere_genus0,0,dirichlet,680,128
sphere_genus0,0,dirichlet,681,142
sphere_genus0,0,dirichlet,682,146
sphere_genus0,0,dirichlet,683,140
sphere_genus0,0,dirichlet,684,113
sphere_genus0,0,dirichlet,685,138
sphere_genus0,0,dirichlet,686,133
sphere_genus0,0,dirichlet,687,128
sphere_genus0,0,dirichlet,688,155
sphere_genus0,0,dirichlet,689,130
sphere_genus0,0,dirichlet,690,144
sphere_genus0,0,dirichlet,691,136
sphere_genus0,0,dirichlet,692,134
sphere_genus0,0,dirichlet,693,136
sphere_genus0,0,dirichlet,694,121
sphere_genus0,0,dirichlet,695,107
sphere_genus0,0,dirichlet,696,131
sphere_genus0,0,dirichlet,697,147
sphere_genus0,0,dirichlet,698,130
sphere_genus0,0,dirichlet,699,127
sphere_genus0,0,dirichlet,700,112
sphere_genus0,0,dirichlet,701,132
sphere_genus0,0,dirichlet,702,130
sphere_genus0,0,dirichlet,703,148
sphere_genus0,0,dirichlet,704,141
sphere_genus0,0,dirichlet,705,130
sphere_genus0,0,dirichlet,706,116
sphere_genus0,0,dirichlet,707,128
sphere_genus0,0,dirichlet,708,120
sphere_genus0,0,dirichlet,709,92
sphere_genus0,0,dirichlet,710,124
sphere_genus0,0,dirichlet,711,127
sphere_genus0,0,dirichlet,712,131
sphere_genus0,0,dirichlet,713,132
sphere_genus0,0,dirichlet,714,123
sphere_genus0,0,dirichlet,715,139
sphere_genus0,0,dirichlet,716,124
sphere_genus0,0,dirichlet,717,131
sphere_genus0,0,dirichlet,718,122
sphere_genus0,0,dirichlet,719,126
sphere_genus0,0,dirichlet,720,124
sphere_genus0,0,dirichlet,721,150
sphere_genus0,0,dirichlet,722,115
sphere_genus0,0,dirichlet,723,107
sphere_genus0,0,dirichlet,724,140
sphere_genus0,0,dirichlet,725,130
sphere_genus0,0,dirichlet,726,131
sphere_genus0,0,dirichlet,727,130
sphere_genus0,0,dirichlet,728,146
sphere_genus0,0,dirichlet,729,104
sphere_genus0,0,dirichlet,730,120
sphere_genus0,0,dirichlet,731,131
sphere_genus0,0,dirichlet,732,116
sphere_genus0,0,dirichlet,733,121
sphere_genus0,0,dirichlet,734,131
sphere_genus0,0,dirichlet,735,141
sphere_genus0,0,dirichlet,736,134
sphere_genus0,0,dirichlet,737,126
sphere_genus0,0,dirichlet,738,142
sphere_genus0,0,dirichlet,739,149
sphere_genus0,0,dirichlet,740,142
sphere_genus0,0,dirichlet,741,133
sphere_genus0,0,dirichlet,742,136
sphere_genus0,0,dirichlet,743,114
sphere_genus0,0,dirichlet,744,127
sphere_genus0,0,dirichlet,745,123
sphere_genus0,0,dirichlet,746,152
sphere_genus0,0,dirichlet,747,147
sphere_genus0,0,dirichlet,748,132
sphere_genus0,0,dirichlet,749,124
sphere_genus0,0,dirichlet,750,126
sphere_genus0,0,dirichlet,751,139
sphere_genus0,0,dirichlet,752,118
sphere_genus0,0,dirichlet,753,140
sphere_genus0,0,dirichlet,754,101
sphere_genus0,0,dirichlet,755,130
sphere_genus0,0,dirichlet,756,148
sphere_genus0,0,dirichlet,757,144
sphere_genus0,0,dirichlet,758,121
sphere_genus0,0,dirichlet,759,138
sphere_genus0,0,dirichlet,760,131
sphere_genus0,0,dirichlet,761,128
sphere_genus0,0,dirichlet,762,121
sphere_genus0,0,dirichlet,763,123
sphere_genus0,0,dirichlet,764,99
sphere_genus0,0,dirichlet,765,122
sphere_genus0,0,dirichlet,766,146
sphere_genus0,0,dirichlet,767,155
sphere_genus0,0,dirichlet,768,123
sphere_genus0,0,dirichlet,769,124
sphere_genus0,0,dirichlet,770,108
sphere_genus0,0,dirichlet,771,118
sphere_genus0,0,dirichlet,772,117
sphere_genus0,0,dirichlet,773,129
sphere_genus0,0,dirichlet,774,153
sphere_genus0,0,dirichlet,775,122
sphere_genus0,0,dirichlet,776,132
sphere_genus0,0,dirichlet,777,134
sphere_genus0,0,dirichlet,778,129
sphere_genus0,0,dirichlet,779,134
sphere_genus0,0,dirichlet,780,121
sphere_genus0,0,dirichlet,781,126
sphere_genus0,0,dirichlet,782,127
sphere_genus0,0,dirichlet,783,139
sphere_genus0,0,dirichlet,784,146
sphere_genus0,0,dirichlet,785,130
sphere_genus0,0,dirichlet,786,136
sphere_genus0,0,dirichlet,787,128
sphere_genus0,0,dirichlet,788,126
sphere_genus0,0,dirichlet,789,143
sphere_genus0,0,dirichlet,790,146
sphere_genus0,0,dirichlet,791,135
sphere_genus0,0,dirichlet,792,129
sphere_genus0,0,dirichlet,793,129
sphere_genus0,0,dirichlet,794,152
sphere_genus0,0,dirichlet,795,131
sphere_genus0,0,dirichlet,796,127
sphere_genus0,0,dirichlet,797,149
sphere_genus0,0,dirichlet,798,129
sphere_genus0,0,dirichlet,799,134
sphere_genus0,0,dirichlet,800,108
sphere_genus0,0,dirichlet,801,144
sphere_genus0,0,dirichlet,802,126
sphere_genus0,0,dirichlet,803,120
sphere_genus0,0,dirichlet,804,106
sphere_genus0,0,dirichlet,805,118
sphere_genus0,0,dirichlet,806,120
sphere_genus0,0,dirichlet,807,156
sphere_genus0,0,dirichlet,808,130
sphere_genus0,0,dirichlet,809,131
sphere_genus0,0,dirichlet,810,126
sphere_genus0,0,dirichlet,811,130
sphere_genus0,0,dirichlet,812,121
sphere_genus0,0,dirichlet,813,144
sphere_genus0,0,dirichlet,814,138
sphere_genus0,0,dirichlet,815,134
sphere_genus0,0,dirichlet,816,151
sphere_genus0,0,dirichlet,817,144
sphere_genus0,0,dirichlet,818,122
sphere_genus0,0,dirichlet,819,142
sphere_genus0,0,dirichlet,820,132
sphere_genus0,0,dirichlet,821,152
sphere_genus0,0,dirichlet,822,143
sphere_genus0,0,dirichlet,823,119
sphere_genus0,0,dirichlet,824,109
sphere_genus0,0,dirichlet,825,143
sphere_genus0,0,dirichlet,826,126
sphere_genus0,0,dirichlet,827,148
sphere_genus0,0,dirichlet,828,153
sphere_genus0,0,dirichlet,829,133
sphere_genus0,0,dirichlet,830,143
sphere_genus0,0,dirichlet,831,117
sphere_genus0,0,dirichlet,832,149
sphere_genus0,0,dirichlet,833,138
sphere_genus0,0,dirichlet,834,138
sphere_genus0,0,dirichlet,835,121
sphere_genus0,0,dirichlet,836,110
sphere_genus0,0,dirichlet,837,118
sphere_genus0,0,dirichlet,838,121
sphere_genus0,0,dirichlet,839,152
sphere_genus0,0,dirichlet,840,151
sphere_genus0,0,dirichlet,841,106
sphere_genus0,0,dirichlet,842,142
sphere_genus0,0,dirichlet,843,115
sphere_genus0,0,dirichlet,844,129
sphere_genus0,0,dirichlet,845,129
sphere_genus0,0,dirichlet,846,102
sphere_genus0,0,dirichlet,847,131
sphere_genus0,0,dirichlet,848,148
sphere_genus0,0,dirichlet,849,126
sphere_genus0,0,dirichlet,850,139
sphere_genus0,0,dirichlet,851,145
sphere_genus0,0,dirichlet,852,139
sphere_genus0,0,dirichlet,853,115
sphere_genus0,0,dirichlet,854,142
sphere_genus0,0,dirichlet,855,108
sphere_genus0,0,dirichlet,856,139
sphere_genus0,0,dirichlet,857,150
sphere_genus0,0,dirichlet,858,123
sphere_genus0,0,dirichlet,859,130
sphere_genus0,0,dirichlet,860,126
sphere_genus0,0,dirichlet,861,135
sphere_genus0,0,dirichlet,862,118
sphere_genus0,0,dirichlet,863,141
sphere_genus0,0,dirichlet,864,124
sphere_genus0,0,dirichlet,865,136
sphere_genus0,0,dirichlet,866,116
sphere_genus0,0,dirichlet,867,149
sphere_genus0,0,dirichlet,868,124
sphere_genus0,0,dirichlet,869,127
sphere_genus0,0,dirichlet,870,139
sphere_genus0,0,dirichlet,871,159
sphere_genus0,0,dirichlet,872,125
sphere_genus0,0,dirichlet,873,109
sphere_genus0,0,dirichlet,874,133
sphere_genus0,0,dirichlet,875,131
sphere_genus0,0,dirichlet,876,124
sphere_genus0,0,dirichlet,877,115
sphere_genus0,0,dirichlet,878,141
sphere_genus0,0,dirichlet,879,117
sphere_genus0,0,dirichlet,880,124
sphere_genus0,0,dirichlet,881,132
sphere_genus0,0,dirichlet,882,132
sphere_genus0,0,dirichlet,883,121
sphere_genus0,0,dirichlet,884,147
sphere_genus0,0,dirichlet,885,130
sphere_genus0,0,dirichlet,886,128
sphere_genus0,0,dirichlet,887,129
sphere_genus0,0,dirichlet,888,158
sphere_genus0,0,dirichlet,889,121
sphere_genus0,0,dirichlet,890,141
sphere_genus0,0,dirichlet,891,136
sphere_genus0,0,dirichlet,892,120
sphere_genus0,0,dirichlet,893,126
sphere_genus0,0,dirichlet,894,141
sphere_genus0,0,dirichlet,895,132
sphere_genus0,0,dirichlet,896,126
sphere_genus0,0,dirichlet,897,116
sphere_genus0,0,dirichlet,898,120
sphere_genus0,0,dirichlet,899,129
sphere_genus0,0,dirichlet,900,140
sphere_genus0,0,dirichlet,901,133
sphere_genus0,0,dirichlet,902,142
sphere_genus0,0,dirichlet,903,137
sphere_genus0,0,dirichlet,904,131
sphere_genus0,0,dirichlet,905,134
sphere_genus0,0,dirichlet,906,120
sphere_genus0,0,dirichlet,907,104
sphere_genus0,0,dirichlet,908,130
sphere_genus0,0,dirichlet,909,130
sphere_genus0,0,dirichlet,910,142
sphere_genus0,0,dirichlet,911,163
sphere_genus0,0,dirichlet,912,143
sphere_genus0,0,dirichlet,913,145
sphere_genus0,0,dirichlet,914,150
sphere_genus0,0,dirichlet,915,125
sphere_genus0,0,dirichlet,916,117
sphere_genus0,0,dirichlet,917,122
sphere_genus0,0,dirichlet,918,133
sphere_genus0,0,dirichlet,919,115
sphere_genus0,0,dirichlet,920,146
sphere_genus0,0,dirichlet,921,118
sphere_genus0,0,dirichlet,922,125
sphere_genus0,0,dirichlet,923,128
sphere_genus0,0,dirichlet,924,152
sphere_genus0,0,dirichlet,925,116
sphere_genus0,0,dirichlet,926,134
sphere_genus0,0,dirichlet,927,144
sphere_genus0,0,dirichlet,928,144
sphere_genus0,0,dirichlet,929,119
sphere_genus0,0,dirichlet,930,117
sphere_genus0,0,dirichlet,931,146
sphere_genus0,0,dirichlet,932,132
sphere_genus0,0,dirichlet,933,132
sphere_genus0,0,dirichlet,934,136
sphere_genus0,0,dirichlet,935,124
sphere_genus0,0,dirichlet,936,135
sphere_genus0,0,dirichlet,937,114
sphere_genus0,0,dirichlet,938,145
sphere_genus0,0,dirichlet,939,117
sphere_genus0,0,dirichlet,940,138
sphere_genus0,0,dirichlet,941,138
sphere_genus0,0,dirichlet,942,90
sphere_genus0,0,dirichlet,943,134
sphere_genus0,0,dirichlet,944,154
sphere_genus0,0,dirichlet,945,117
sphere_genus0,0,dirichlet,946,114
sphere_genus0,0,dirichlet,947,122
sphere_genus0,0,dirichlet,948,109
sphere_genus0,0,dirichlet,949,129
sphere_genus0,0,dirichlet,950,135
sphere_genus0,0,dirichlet,951,133
sphere_genus0,0,dirichlet,952,129
sphere_genus0,0,dirichlet,953,146
sphere_genus0,0,dirichlet,954,114
sphere_genus0,0,dirichlet,955,133
sphere_genus0,0,dirichlet,956,136
sphere_genus0,0,dirichlet,957,140
sphere_genus0,0,dirichlet,958,133
sphere_genus0,0,dirichlet,959,156
sphere_genus0,0,dirichlet,960,125
sphere_genus0,0,dirichlet,961,120
sphere_genus0,0,dirichlet,962,134
sphere_genus0,0,dirichlet,963,136
sphere_genus0,0,dirichlet,964,111
sphere_genus0,0,dirichlet,965,140
sphere_genus0,0,dirichlet,966,113
sphere_genus0,0,dirichlet,967,132
sphere_genus0,0,dirichlet,968,127
sphere_genus0,0,dirichlet,969,148
sphere_genus0,0,dirichlet,970,144
sphere_genus0,0,dirichlet,971,147
sphere_genus0,0,dirichlet,972,137
sphere_genus0,0,dirichlet,973,132
sphere_genus0,0,dirichlet,974,114
sphere_genus0,0,dirichlet,975,121
sphere_genus0,0,dirichlet,976,147
sphere_genus0,0,dirichlet,977,145
sphere_genus0,0,dirichlet,978,141
sphere_genus0,0,dirichlet,979,148
sphere_genus0,0,dirichlet,980,114
sphere_genus0,0,dirichlet,981,134
sphere_genus0,0,dirichlet,982,144
sphere_genus0,0,dirichlet,983,135
sphere_genus0,0,dirichlet,984,148
sphere_genus0,0,dirichlet,985,114
sphere_genus0,0,dirichlet,986,125
sphere_genus0,0,dirichlet,987,117
sphere_genus0,0,dirichlet,988,119
sphere_genus0,0,dirichlet,989,132
sphere_genus0,0,dirichlet,990,149
sphere_genus0,0,dirichlet,991,137
sphere_genus0,0,dirichlet,992,87
sphere_genus0,0,dirichlet,993,108
sphere_genus0,0,dirichlet,994,131
sphere_genus0,0,dirichlet,995,122
sphere_genus0,0,dirichlet,996,117
sphere_genus0,0,dirichlet,997,161
sphere_genus0,0,dirichlet,998,106
sphere_genus0,0,dirichlet,999,137
sphere_genus0,0,normal_L2,0,144
sphere_genus0,0,normal_L2,1,138
sphere_genus0,0,normal_L2,2,105
sphere_genus0,0,normal_L2,3,135
sphere_genus0,0,normal_L2,4,134
sphere_genus0,0,normal_L2,5,126
sphere_genus0,0,normal_L2,6,118
sphere_genus0,0,normal_L2,7,143
sphere_genus0,0,normal_L2,8,138
sphere_genus0,0,normal_L2,9,159
sphere_genus0,0,normal_L2,10,132
sphere_genus0,0,normal_L2,11,137
sphere_genus0,0,normal_L2,12,139
sphere_genus0,0,normal_L2,13,131
sphere_genus0,0,normal_L2,14,111
sphere_genus0,0,normal_L2,15,102
sphere_genus0,0,normal_L2,16,132
sphere_genus0,0,normal_L2,17,153
sphere_genus0,0,normal_L2,18,165
sphere_genus0,0,normal_L2,19,118
sphere_genus0,0,normal_L2,20,141
sphere_genus0,0,normal_L2,21,148
sphere_genus0,0,normal_L2,22,143
sphere_genus0,0,normal_L2,23,134
sphere_genus0,0,normal_L2,24,147
sphere_genus0,0,normal_L2,25,125
sphere_genus0,0,normal_L2,26,151
sphere_genus0,0,normal_L2,27,145
sphere_genus0,0,normal_L2,28,144
sphere_genus0,0,normal_L2,29,148
sphere_genus0,0,normal_L2,30,130
sphere_genus0,0,normal_L2,31,134
sphere_genus0,0,normal_L2,32,141
sphere_genus0,0,normal_L2,33,128
sphere_genus0,0,normal_L2,34,136
sphere_genus0,0,normal_L2,35,130
sphere_genus0,0,normal_L2,36,129
sphere_genus0,0,normal_L2,37,130
sphere_genus0,0,normal_L2,38,139
sphere_genus0,0,normal_L2,39,119
sphere_genus0,0,normal_L2,40,141
sphere_genus0,0,normal_L2,41,129
sphere_genus0,0,normal_L2,42,113
sphere_genus0,0,normal_L2,43,110
sphere_genus0,0,normal_L2,44,122
sphere_genus0,0,normal_L2,45,132
sphere_genus0,0,normal_L2,46,135
sphere_genus0,0,normal_L2,47,128
sphere_genus0,0,normal_L2,48,124
sphere_genus0,0,normal_L2,49,116
sphere_genus0,0,normal_L2,50,155
sphere_genus0,0,normal_L2,51,113
sphere_genus0,0,normal_L2,52,126
sphere_genus0,0,normal_L2,53,136
sphere_genus0,0,normal_L2,54,160
sphere_genus0,0,normal_L2,55,138
sphere_genus0,0,normal_L2,56,128
sphere_genus0,0,normal_L2,57,147
sphere_genus0,0,normal_L2,58,150
sphere_genus0,0,normal_L2,59,134
sphere_genus0,0,normal_L2,60,126
sphere_genus0,0,normal_L2,61,134
sphere_genus0,0,normal_L2,62,123
sphere_genus0,0,normal_L2,63,132
sphere_genus0,0,normal_L2,64,139
sphere_genus0,0,normal_L2,65,126
sphere_genus0,0,normal_L2,66,128
sphere_genus0,0,normal_L2,67,137
sphere_genus0,0,normal_L2,68,156
sphere_genus0,0,normal_L2,69,151
sphere_genus0,0,normal_L2,70,127
sphere_genus0,0,normal_L2,71,143
sphere_genus0,0,normal_L2,72,164
sphere_genus0,0,normal_L2,73,139
sphere_genus0,0,normal_L2,74,139
sphere_genus0,0,normal_L2,75,150
sphere_genus0,0,normal_L2,76,139
sphere_genus0,0,normal_L2,77,129
sphere_genus0,0,normal_L2,78,145
sphere_genus0,0,normal_L2,79,128
sphere_genus0,0,normal_L2,80,154
sphere_genus0,0,normal_L2,81,137
sphere_genus0,0,normal_L2,82,116
sphere_genus0,0,normal_L2,83,106
sphere_genus0,0,normal_L2,84,137
sphere_genus0,0,normal_L2,85,147
sphere_genus0,0,normal_L2,86,141
sphere_genus0,0,normal_L2,87,125
sphere_genus0,0,normal_L2,88,127
sphere_genus0,0,normal_L2,89,109
sphere_genus0,0,normal_L2,90,130
sphere_genus0,0,normal_L2,91,134
sphere_genus0,0,normal_L2,92,110
sphere_genus0,0,normal_L2,93,117
sphere_genus0,0,normal_L2,94,129
sphere_genus0,0,normal_L2,95,150
sphere_genus0,0,normal_L2,96,144
sphere_genus0,0,normal_L2,97,121
sphere_genus0,0,normal_L2,98,151
sphere_genus0,0,normal_L2,99,118
sphere_genus0,0,normal_L2,100,135
sphere_genus0,0,normal_L2,101,137
sphere_genus0,0,normal_L2,102,145
sphere_genus0,0,normal_L2,103,133
sphere_genus0,0,normal_L2,104,122
sphere_genus0,0,normal_L2,105,122
sphere_genus0,0,normal_L2,106,144
sphere_genus0,0,normal_L2,107,118
sphere_genus0,0,normal_L2,108,106
sphere_genus0,0,normal_L2,109,131
sphere_genus0,0,normal_L2,110,142
sphere_genus0,0,normal_L2,111,139
sphere_genus0,0,normal_L2,112,105
sphere_genus0,0,normal_L2,113,131
sphere_genus0,0,normal_L2,114,152
sphere_genus0,0,normal_L2,115,132
sphere_genus0,0,normal_L2,116,144
sphere_genus0,0,normal_L2,117,132
sphere_genus0,0,normal_L2,118,153
sphere_genus0,0,normal_L2,119,146
sphere_genus0,0,normal_L2,120,144
sphere_genus0,0,normal_L2,121,128
sphere_genus0,0,normal_L2,122,103
sphere_genus0,0,normal_L2,123,140
sphere_genus0,0,normal_L2,124,153
sphere_genus0,0,normal_L2,125,132
sphere_genus0,0,normal_L2,126,124
sphere_genus0,0,normal_L2,127,148
sphere_genus0,0,normal_L2,128,131
sphere_genus0,0,normal_L2,129,133
sphere_genus0,0,normal_L2,130,155
sphere_genus0,0,normal_L2,131,141
sphere_genus0,0,normal_L2,132,150
sphere_genus0,0,normal_L2,133,107
sphere_genus0,0,normal_L2,134,170
sphere_genus0,0,normal_L2,135,134
sphere_genus0,0,normal_L2,136,139
sphere_genus0,0,normal_L2,137,139
sphere_genus0,0,normal_L2,138,142
sphere_genus0,0,normal_L2,139,137
sphere_genus0,0,normal_L2,140,148
sphere_genus0,0,normal_L2,141,143
sphere_genus0,0,normal_L2,142,118
sphere_genus0,0,normal_L2,143,119
sphere_genus0,0,normal_L2,144,134
sphere_genus0,0,normal_L2,145,118
sphere_genus0,0,normal_L2,146,124
sphere_genus0,0,normal_L2,147,143
sphere_genus0,0,normal_L2,148,132
sphere_genus0,0,normal_L2,149,135
sphere_genus0,0,normal_L2,150,128
sphere_genus0,0,normal_L2,151,146
sphere_genus0,0,normal_L2,152,124
sphere_genus0,0,normal_L2,153,151
sphere_genus0,0,normal_L2,154,107
sphere_genus0,0,normal_L2,155,143
sphere_genus0,0,normal_L2,156,119
sphere_genus0,0,normal_L2,157,140
sphere_genus0,0,normal_L2,158,159
sphere_genus0,0,normal_L2,159,125
sphere_genus0,0,normal_L2,160,146
sphere_genus0,0,normal_L2,161,109
sphere_genus0,0,normal_L2,162,167
sphere_genus0,0,normal_L2,163,118
sphere_genus0,0,normal_L2,164,132
sphere_genus0,0,normal_L2,165,135
sphere_genus0,0,normal_L2,166,155
sphere_genus0,0,normal_L2,167,124
sphere_genus0,0,normal_L2,168,125
sphere_genus0,0,normal_L2,169,121
sphere_genus0,0,normal_L2,170,155
sphere_genus0,0,normal_L2,171,128
sphere_genus0,0,normal_L2,172,140
sphere_genus0,0,normal_L2,173,140
sphere_genus0,0,normal_L2,174,149
sphere_genus0,0,normal_L2,175,123
sphere_genus0,0,normal_L2,176,134
sphere_genus0,0,normal_L2,177,146
sphere_genus0,0,normal_L2,178,158
sphere_genus0,0,normal_L2,179,154
sphere_genus0,0,normal_L2,180,130
sphere_genus0,0,normal_L2,181,123
sphere_genus0,0,normal_L2,182,116
sphere_genus0,0,normal_L2,183,135
sphere_genus0,0,normal_L2,184,127
sphere_genus0,0,normal_L2,185,136
sphere_genus0,0,normal_L2,186,135
sphere_genus0,0,normal_L2,187,130
sphere_genus0,0,normal_L2,188,131
sphere_genus0,0,normal_L2,189,152
sphere_genus0,0,normal_L2,190,165
sphere_genus0,0,normal_L2,191,166
sphere_genus0,0,normal_L2,192,146
sphere_genus0,0,normal_L2,193,130
sphere_genus0,0,normal_L2,194,127
sphere_genus0,0,normal_L2,195,112
sphere_genus0,0,normal_L2,196,139
sphere_genus0,0,normal_L2,197,130
sphere_genus0,0,normal_L2,198,111
sphere_genus0,0,normal_L2,199,145
sphere_genus0,0,normal_L2,200,131
sphere_genus0,0,normal_L2,201,144
sphere_genus0,0,normal_L2,202,151
sphere_genus0,0,normal_L2,203,148
sphere_genus0,0,normal_L2,204,128
sphere_genus0,0,normal_L2,205,152
sphere_genus0,0,normal_L2,206,127
sphere_genus0,0,normal_L2,207,126
sphere_genus0,0,normal_L2,208,125
sphere_genus0,0,normal_L2,209,135
sphere_genus0,0,normal_L2,210,131
sphere_genus0,0,normal_L2,211,132
sphere_genus0,0,normal_L2,212,120
sphere_genus0,0,normal_L2,213,134
sphere_genus0,0,normal_L2,214,132
sphere_genus0,0,normal_L2,215,124
sphere_genus0,0,normal_L2,216,152
sphere_genus0,0,normal_L2,217,136
sphere_genus0,0,normal_L2,218,125
sphere_genus0,0,normal_L2,219,136
sphere_genus0,0,normal_L2,220,122
sphere_genus0,0,normal_L2,221,111
sphere_genus0,0,normal_L2,222,110
sphere_genus0,0,normal_L2,223,143
sphere_genus0,0,normal_L2,224,121
sphere_genus0,0,normal_L2,225,127
sphere_genus0,0,normal_L2,226,118
sphere_genus0,0,normal_L2,227,107
sphere_genus0,0,normal_L2,228,141
sphere_genus0,0,normal_L2,229,146
sphere_genus0,0,normal_L2,230,134
sphere_genus0,0,normal_L2,231,124
sphere_genus0,0,normal_L2,232,114
sphere_genus0,0,normal_L2,233,147
sphere_genus0,0,normal_L2,234,136
sphere_genus0,0,normal_L2,235,119
sphere_genus0,0,normal_L2,236,130
sphere_genus0,0,normal_L2,237,128
sphere_genus0,0,normal_L2,238,127
sphere_genus0,0,normal_L2,239,149
sphere_genus0,0,normal_L2,240,121
sphere_genus0,0,normal_L2,241,124
sphere_genus0,0,normal_L2,242,107
sphere_genus0,0,normal_L2,243,142
sphere_genus0,0,normal_L2,244,119
sphere_genus0,0,normal_L2,245,100
sphere_genus0,0,normal_L2,246,140
sphere_genus0,0,normal_L2,247,119
sphere_genus0,0,normal_L2,248,131
sphere_genus0,0,normal_L2,249,133
sphere_genus0,0,normal_L2,250,159
sphere_genus0,0,normal_L2,251,134
sphere_genus0,0,normal_L2,252,132
sphere_genus0,0,normal_L2,253,134
sphere_genus0,0,normal_L2,254,153
sphere_genus0,0,normal_L2,255,144
sphere_genus0,0,normal_L2,256,136
sphere_genus0,0,normal_L2,257,135
sphere_genus0,0,normal_L2,258,132
sphere_genus0,0,normal_L2,259,141
sphere_genus0,0,normal_L2,260,118
sphere_genus0,0,normal_L2,261,140
sphere_genus0,0,normal_L2,262,149
sphere_genus0,0,normal_L2,263,114
sphere_genus0,0,normal_L2,264,145
sphere_genus0,0,normal_L2,265,146
sphere_genus0,0,normal_L2,266,118
sphere_genus0,0,normal_L2,267,136
sphere_genus0,0,normal_L2,268,113
sphere_genus0,0,normal_L2,269,112
sphere_genus0,0,normal_L2,270,132
sphere_genus0,0,normal_L2,271,127
sphere_genus0,0,normal_L2,272,125
sphere_genus0,0,normal_L2,273,135
sphere_genus0,0,normal_L2,274,138
sphere_genus0,0,normal_L2,275,131
sphere_genus0,0,normal_L2,276,145
sphere_genus0,0,normal_L2,277,135
sphere_genus0,0,normal_L2,278,145
sphere_genus0,0,normal_L2,279,135
sphere_genus0,0,normal_L2,280,161
sphere_genus0,0,normal_L2,281,149
sphere_genus0,0,normal_L2,282,142
sphere_genus0,0,normal_L2,283,145
sphere_genus0,0,normal_L2,284,144
sphere_genus0,0,normal_L2,285,154
sphere_genus0,0,normal_L2,286,125
sphere_genus0,0,normal_L2,287,156
sphere_genus0,0,normal_L2,288,130
sphere_genus0,0,normal_L2,289,142
sphere_genus0,0,normal_L2,290,131
sphere_genus0,0,normal_L2,291,140
sphere_genus0,0,normal_L2,292,121
sphere_genus0,0,normal_L2,293,136
sphere_genus0,0,normal_L2,294,144
sphere_genus0,0,normal_L2,295,125
sphere_genus0,0,normal_L2,296,142
sphere_genus0,0,normal_L2,297,118
sphere_genus0,0,normal_L2,298,148
sphere_genus0,0,normal_L2,299,115
sphere_genus0,0,normal_L2,300,144
sphere_genus0,0,normal_L2,301,125
sphere_genus0,0,normal_L2,302,117
sphere_genus0,0,normal_L2,303,153
sphere_genus0,0,normal_L2,304,135
sphere_genus0,0,normal_L2,305,130
sphere_genus0,0,normal_L2,306,166
sphere_genus0,0,normal_L2,307,152
sphere_genus0,0,normal_L2,308,127
sphere_genus0,0,normal_L2,309,129
sphere_genus0,0,normal_L2,310,125
sphere_genus0,0,normal_L2,311,142
sphere_genus0,0,normal_L2,312,135
sphere_genus0,0,normal_L2,313,145
sphere_genus0,0,normal_L2,314,138
sphere_genus0,0,normal_L2,315,118
sphere_genus0,0,normal_L2,316,109
sphere_genus0,0,normal_L2,317,154
sphere_genus0,0,normal_L2,318,127
sphere_genus0,0,normal_L2,319,156
sphere_genus0,0,normal_L2,320,125
sphere_genus0,0,normal_L2,321,147
sphere_genus0,0,normal_L2,322,134
sphere_genus0,0,normal_L2,323,149
sphere_genus0,0,normal_L2,324,119
sphere_genus0,0,normal_L2,325,122
sphere_genus0,0,normal_L2,326,114
sphere_genus0,0,normal_L2,327,130
sphere_genus0,0,normal_L2,328,121
sphere_genus0,0,normal_L2,329,129
sphere_genus0,0,normal_L2,330,139
sphere_genus0,0,normal_L2,331,162
sphere_genus0,0,normal_L2,332,142
sphere_genus0,0,normal_L2,333,109
sphere_genus0,0,normal_L2,334,126
sphere_genus0,0,normal_L2,335,154
sphere_genus0,0,normal_L2,336,127
sphere_genus0,0,normal_L2,337,160
sphere_genus0,0,normal_L2,338,138
sphere_genus0,0,normal_L2,339,132
sphere_genus0,0,normal_L2,340,121
sphere_genus0,0,normal_L2,341,122
sphere_genus0,0,normal_L2,342,145
sphere_genus0,0,normal_L2,343,125
sphere_genus0,0,normal_L2,344,151
sphere_genus0,0,normal_L2,345,141
sphere_genus0,0,normal_L2,346,127
sphere_genus0,0,normal_L2,347,119
sphere_genus0,0,normal_L2,348,123
sphere_genus0,0,normal_L2,349,105
sphere_genus0,0,normal_L2,350,150
sphere_genus0,0,normal_L2,351,134
sphere_genus0,0,normal_L2,352,138
sphere_genus0,0,normal_L2,353,126
sphere_genus0,0,normal_L2,354,124
sphere_genus0,0,normal_L2,355,119
sphere_genus0,0,normal_L2,356,124
sphere_genus0,0,normal_L2,357,130
sphere_genus0,0,normal_L2,358,143
sphere_genus0,0,normal_L2,359,154
sphere_genus0,0,normal_L2,360,138
sphere_genus0,0,normal_L2,361,136
sphere_genus0,0,normal_L2,362,139
sphere_genus0,0,normal_L2,363,140
sphere_genus0,0,normal_L2,364,140
sphere_genus0,0,normal_L2,365,122
sphere_genus0,0,normal_L2,366,137
sphere_genus0,0,normal_L2,367,151
sphere_genus0,0,normal_L2,368,133
sphere_genus0,0,normal_L2,369,113
sphere_genus0,0,normal_L2,370,120
sphere_genus0,0,normal_L2,371,125
sphere_genus0,0,normal_L2,372,130
sphere_genus0,0,normal_L2,373,121
sphere_genus0,0,normal_L2,374,129
sphere_genus0,0,normal_L2,375,128
sphere_genus0,0,normal_L2,376,136
sphere_genus0,0,normal_L2,377,142
sphere_genus0,0,normal_L2,378,148
sphere_genus0,0,normal_L2,379,143
sphere_genus0,0,normal_L2,380,120
sphere_genus0,0,normal_L2,381,138
sphere_genus0,0,normal_L2,382,143
sphere_genus0,0,normal_L2,383,130
sphere_genus0,0,normal_L2,384,160
sphere_genus0,0,normal_L2,385,131
sphere_genus0,0,normal_L2,386,121
sphere_genus0,0,normal_L2,387,135
sphere_genus0,0,normal_L2,388,120
sphere_genus0,0,normal_L2,389,123
sphere_genus0,0,normal_L2,390,145
sphere_genus0,0,normal_L2,391,148
sphere_genus0,0,normal_L2,392,159
sphere_genus0,0,normal_L2,393,117
sphere_genus0,0,normal_L2,394,121
sphere_genus0,0,normal_L2,395,139
sphere_genus0,0,normal_L2,396,140
sphere_genus0,0,normal_L2,397,140
sphere_genus0,0,normal_L2,398,131
sphere_genus0,0,normal_L2,399,130
sphere_genus0,0,normal_L2,400,121
sphere_genus0,0,normal_L2,401,157
sphere_genus0,0,normal_L2,402,147
sphere_genus0,0,normal_L2,403,131
sphere_genus0,0,normal_L2,404,160
sphere_genus0,0,normal_L2,405,119
sphere_genus0,0,normal_L2,406,131
sphere_genus0,0,normal_L2,407,164
sphere_genus0,0,normal_L2,408,139
sphere_genus0,0,normal_L2,409,144
sphere_genus0,0,normal_L2,410,142
sphere_genus0,0,normal_L2,411,125
sphere_genus0,0,normal_L2,412,129
sphere_genus0,0,normal_L2,413,132
sphere_genus0,0,normal_L2,414,124
sphere_genus0,0,normal_L2,415,134
sphere_genus0,0,normal_L2,416,134
sphere_genus0,0,normal_L2,417,143
sphere_genus0,0,normal_L2,418,123
sphere_genus0,0,normal_L2,419,133
sphere_genus0,0,normal_L2,420,117
sphere_genus0,0,normal_L2,421,121
sphere_genus0,0,normal_L2,422,134
sphere_genus0,0,normal_L2,423,146
sphere_genus0,0,normal_L2,424,113
sphere_genus0,0,normal_L2,425,154
sphere_genus0,0,normal_L2,426,145
sphere_genus0,0,normal_L2,427,124
sphere_genus0,0,normal_L2,428,157
sphere_genus0,0,normal_L2,429,135
sphere_genus0,0,normal_L2,430,132
sphere_genus0,0,normal_L2,431,126
sphere_genus0,0,normal_L2,432,151
sphere_genus0,0,normal_L2,433,110
sphere_genus0,0,normal_L2,434,114
sphere_genus0,0,normal_L2,435,136
sphere_genus0,0,normal_L2,436,135
sphere_genus0,0,normal_L2,437,126
sphere_genus0,0,normal_L2,438,139
sphere_genus0,0,normal_L2,439,139
sphere_genus0,0,normal_L2,440,131
sphere_genus0,0,normal_L2,441,159
sphere_genus0,0,normal_L2,442,156
sphere_genus0,0,normal_L2,443,122
sphere_genus0,0,normal_L2,444,117
sphere_genus0,0,normal_L2,445,142
sphere_genus0,0,normal_L2,446,111
sphere_genus0,0,normal_L2,447,121
sphere_genus0,0,normal_L2,448,148
sphere_genus0,0,normal_L2,449,142
sphere_genus0,0,normal_L2,450,132
sphere_genus0,0,normal_L2,451,149
sphere_genus0,0,normal_L2,452,148
sphere_genus0,0,normal_L2,453,146
sphere_genus0,0,normal_L2,454,130
sphere_genus0,0,normal_L2,455,118
sphere_genus0,0,normal_L2,456,134
sphere_genus0,0,normal_L2,457,138
sphere_genus0,0,normal_L2,458,152
sphere_genus0,0,normal_L2,459,141
sphere_genus0,0,normal_L2,460,141
sphere_genus0,0,normal_L2,461,108
sphere_genus0,0,normal_L2,462,135
sphere_genus0,0,normal_L2,463,134
sphere_genus0,0,normal_L2,464,126
sphere_genus0,0,normal_L2,465,127
sphere_genus0,0,normal_L2,466,129
sphere_genus0,0,normal_L2,467,114
sphere_genus0,0,normal_L2,468,168
sphere_genus0,0,normal_L2,469,147
sphere_genus0,0,normal_L2,470,130
sphere_genus0,0,normal_L2,471,125
sphere_genus0,0,normal_L2,472,152
sphere_genus0,0,normal_L2,473,157
sphere_genus0,0,normal_L2,474,139
sphere_genus0,0,normal_L2,475,148
sphere_genus0,0,normal_L2,476,148
sphere_genus0,0,normal_L2,477,140
sphere_genus0,0,normal_L2,478,129
sphere_genus0,0,normal_L2,479,146
sphere_genus0,0,normal_L2,480,113
sphere_genus0,0,normal_L2,481,119
sphere_genus0,0,normal_L2,482,130
sphere_genus0,0,normal_L2,483,153
sphere_genus0,0,normal_L2,484,136
sphere_genus0,0,normal_L2,485,132
sphere_genus0,0,normal_L2,486,138
sphere_genus0,0,normal_L2,487,145
sphere_genus0,0,normal_L2,488,140
sphere_genus0,0,normal_L2,489,136
sphere_genus0,0,normal_L2,490,136
sphere_genus0,0,normal_L2,491,141
sphere_genus0,0,normal_L2,492,141
sphere_genus0,0,normal_L2,493,148
sphere_genus0,0,normal_L2,494,135
sphere_genus0,0,normal_L2,495,134
sphere_genus0,0,normal_L2,496,122
sphere_genus0,0,normal_L2,497,133
sphere_genus0,0,normal_L2,498,121
sphere_genus0,0,normal_L2,499,142
sphere_genus0,0,normal_L2,500,118
sphere_genus0,0,normal_L2,501,133
sphere_genus0,0,normal_L2,502,118
sphere_genus0,0,normal_L2,503,143
sphere_genus0,0,normal_L2,504,127
sphere_genus0,0,normal_L2,505,129
sphere_genus0,0,normal_L2,506,124
sphere_genus0,0,normal_L2,507,120
sphere_genus0,0,normal_L2,508,131
sphere_genus0,0,normal_L2,509,144
sphere_genus0,0,normal_L2,510,129
sphere_genus0,0,normal_L2,511,145
sphere_genus0,0,normal_L2,512,124
sphere_genus0,0,normal_L2,513,121
sphere_genus0,0,normal_L2,514,143
sphere_genus0,0,normal_L2,515,158
sphere_genus0,0,normal_L2,516,140
sphere_genus0,0,normal_L2,517,119
sphere_genus0,0,normal_L2,518,126
sphere_genus0,0,normal_L2,519,139
sphere_genus0,0,normal_L2,520,133
sphere_genus0,0,normal_L2,521,150
sphere_genus0,0,normal_L2,522,147
sphere_genus0,0,normal_L2,523,125
sphere_genus0,0,normal_L2,524,139
sphere_genus0,0,normal_L2,525,153
sphere_genus0,0,normal_L2,526,151
sphere_genus0,0,normal_L2,527,122
sphere_genus0,0,normal_L2,528,135
sphere_genus0,0,normal_L2,529,135
sphere_genus0,0,normal_L2,530,163
sphere_genus0,0,normal_L2,531,102
sphere_genus0,0,normal_L2,532,123
sphere_genus0,0,normal_L2,533,119
sphere_genus0,0,normal_L2,534,126
sphere_genus0,0,normal_L2,535,143
sphere_genus0,0,normal_L2,536,133
sphere_genus0,0,normal_L2,537,139
sphere_genus0,0,normal_L2,538,151
sphere_genus0,0,normal_L2,539,133
sphere_genus0,0,normal_L2,540,126
sphere_genus0,0,normal_L2,541,150
sphere_genus0,0,normal_L2,542,125
sphere_genus0,0,normal_L2,543,152
sphere_genus0,0,normal_L2,544,146
sphere_genus0,0,normal_L2,545,146
sphere_genus0,0,normal_L2,546,144
sphere_genus0,0,normal_L2,547,140
sphere_genus0,0,normal_L2,548,117
sphere_genus0,0,normal_L2,549,149
sphere_genus0,0,normal_L2,550,127
sphere_genus0,0,normal_L2,551,128
sphere_genus0,0,normal_L2,552,129
sphere_genus0,0,normal_L2,553,135
sphere_genus0,0,normal_L2,554,139
sphere_genus0,0,normal_L2,555,125
sphere_genus0,0,normal_L2,556,119
sphere_genus0,0,normal_L2,557,135
sphere_genus0,0,normal_L2,558,140
sphere_genus0,0,normal_L2,559,126
sphere_genus0,0,normal_L2,560,150
sphere_genus0,0,normal_L2,561,146
sphere_genus0,0,normal_L2,562,149
sphere_genus0,0,normal_L2,563,135
sphere_genus0,0,normal_L2,564,142
sphere_genus0,0,normal_L2,565,133
sphere_genus0,0,normal_L2,566,156
sphere_genus0,0,normal_L2,567,142
sphere_genus0,0,normal_L2,568,140
sphere_genus0,0,normal_L2,569,123
sphere_genus0,0,normal_L2,570,116
sphere_genus0,0,normal_L2,571,141
sphere_genus0,0,normal_L2,572,136
sphere_genus0,0,normal_L2,573,139
sphere_genus0,0,normal_L2,574,139
sphere_genus0,0,normal_L2,575,156
sphere_genus0,0,normal_L2,576,157
sphere_genus0,0,normal_L2,577,145
sphere_genus0,0,normal_L2,578,150
sphere_genus0,0,normal_L2,579,134
sphere_genus0,0,normal_L2,580,126
sphere_genus0,0,normal_L2,581,140
sphere_genus0,0,normal_L2,582,109
sphere_genus0,0,normal_L2,583,127
sphere_genus0,0,normal_L2,584,144
sphere_genus0,0,normal_L2,585,159
sphere_genus0,0,normal_L2,586,155
sphere_genus0,0,normal_L2,587,153
sphere_genus0,0,normal_L2,588,145
sphere_genus0,0,normal_L2,589,147
sphere_genus0,0,normal_L2,590,112
sphere_genus0,0,normal_L2,591,125
sphere_genus0,0,normal_L2,592,123
sphere_genus0,0,normal_L2,593,133
sphere_genus0,0,normal_L2,594,123
sphere_genus0,0,normal_L2,595,137
sphere_genus0,0,normal_L2,596,151
sphere_genus0,0,normal_L2,597,143
sphere_genus0,0,normal_L2,598,113
sphere_genus0,0,normal_L2,599,138
sphere_genus0,0,normal_L2,600,113
sphere_genus0,0,normal_L2,601,130
sphere_genus0,0,normal_L2,602,130
sphere_genus0,0,normal_L2,603,118
sphere_genus0,0,normal_L2,604,110
sphere_genus0,0,normal_L2,605,116
sphere_genus0,0,normal_L2,606,136
sphere_genus0,0,normal_L2,607,148
sphere_genus0,0,normal_L2,608,137
sphere_genus0,0,normal_L2,609,122
sphere_genus0,0,normal_L2,610,124
sphere_genus0,0,normal_L2,611,166
sphere_genus0,0,normal_L2,612,100
sphere_genus0,0,normal_L2,613,141
sphere_genus0,0,normal_L2,614,132
sphere_genus0,0,normal_L2,615,139
sphere_genus0,0,normal_L2,616,137
sphere_genus0,0,normal_L2,617,139
sphere_genus0,0,normal_L2,618,144
sphere_genus0,0,normal_L2,619,134
sphere_genus0,0,normal_L2,620,139
sphere_genus0,0,normal_L2,621,118
sphere_genus0,0,normal_L2,622,127
sphere_genus0,0,normal_L2,623,136
sphere_genus0,0,normal_L2,624,163
sphere_genus0,0,normal_L2,625,133
sphere_genus0,0,normal_L2,626,141
sphere_genus0,0,normal_L2,627,131
sphere_genus0,0,normal_L2,628,130
sphere_genus0,0,normal_L2,629,119
sphere_genus0,0,normal_L2,630,141
sphere_genus0,0,normal_L2,631,133
sphere_genus0,0,normal_L2,632,118
sphere_genus0,0,normal_L2,633,133
sphere_genus0,0,normal_L2,634,142
sphere_genus0,0,normal_L2,635,137
sphere_genus0,0,normal_L2,636,166
sphere_genus0,0,normal_L2,637,114
sphere_genus0,0,normal_L2,638,142
sphere_genus0,0,normal_L2,639,134
sphere_genus0,0,normal_L2,640,114
sphere_genus0,0,normal_L2,641,140
sphere_genus0,0,normal_L2,642,142
sphere_genus0,0,normal_L2,643,143
sphere_genus0,0,normal_L2,644,138
sphere_genus0,0,normal_L2,645,143
sphere_genus0,0,normal_L2,646,146
sphere_genus0,0,normal_L2,647,124
sphere_genus0,0,normal_L2,648,126
sphere_genus0,0,normal_L2,649,129
sphere_genus0,0,normal_L2,650,152
sphere_genus0,0,normal_L2,651,132
sphere_genus0,0,normal_L2,652,140
sphere_genus0,0,normal_L2,653,122
sphere_genus0,0,normal_L2,654,135
sphere_genus0,0,normal_L2,655,123
sphere_genus0,0,normal_L2,656,147
sphere_genus0,0,normal_L2,657,112
sphere_genus0,0,normal_L2,658,125
sphere_genus0,0,normal_L2,659,125
sphere_genus0,0,normal_L2,660,128
sphere_genus0,0,normal_L2,661,140
sphere_genus0,0,normal_L2,662,147
sphere_genus0,0,normal_L2,663,123
sphere_genus0,0,normal_L2,664,127
sphere_genus0,0,normal_L2,665,139
sphere_genus0,0,normal_L2,666,128
sphere_genus0,0,normal_L2,667,144
sphere_genus0,0,normal_L2,668,144
sphere_genus0,0,normal_L2,669,157
sphere_genus0,0,normal_L2,670,136
sphere_genus0,0,normal_L2,671,111
sphere_genus0,0,normal_L2,672,144
sphere_genus0,0,normal_L2,673,118
sphere_genus0,0,normal_L2,674,128
sphere_genus0,0,normal_L2,675,133
sphere_genus0,0,normal_L2,676,129
sphere_genus0,0,normal_L2,677,154
sphere_genus0,0,normal_L2,678,151
sphere_genus0,0,normal_L2,679,134
sphere_genus0,0,normal_L2,680,142
sphere_genus0,0,normal_L2,681,136
sphere_genus0,0,normal_L2,682,118
sphere_genus0,0,normal_L2,683,111
sphere_genus0,0,normal_L2,684,105
sphere_genus0,0,normal_L2,685,128
sphere_genus0,0,normal_L2,686,128
sphere_genus0,0,normal_L2,687,90
sphere_genus0,0,normal_L2,688,132
sphere_genus0,0,normal_L2,689,133
sphere_genus0,0,normal_L2,690,141
sphere_genus0,0,normal_L2,691,139
sphere_genus0,0,normal_L2,692,130
sphere_genus0,0,normal_L2,693,150
sphere_genus0,0,normal_L2,694,130
sphere_genus0,0,normal_L2,695,138
sphere_genus0,0,normal_L2,696,101
sphere_genus0,0,normal_L2,697,131
sphere_genus0,0,normal_L2,698,135
sphere_genus0,0,normal_L2,699,146
sphere_genus0,0,normal_L2,700,151
sphere_genus0,0,normal_L2,701,139
sphere_genus0,0,normal_L2,702,130
sphere_genus0,0,normal_L2,703,112
sphere_genus0,0,normal_L2,704,152
sphere_genus0,0,normal_L2,705,97
sphere_genus0,0,normal_L2,706,136
sphere_genus0,0,normal_L2,707,151
sphere_genus0,0,normal_L2,708,130
sphere_genus0,0,normal_L2,709,128
sphere_genus0,0,normal_L2,710,136
sphere_genus0,0,normal_L2,711,133
sphere_genus0,0,normal_L2,712,160
sphere_genus0,0,normal_L2,713,132
sphere_genus0,0,normal_L2,714,130
sphere_genus0,0,normal_L2,715,144
sphere_genus0,0,normal_L2,716,118
sphere_genus0,0,normal_L2,717,134
sphere_genus0,0,normal_L2,718,142
sphere_genus0,0,normal_L2,719,135
sphere_genus0,0,normal_L2,720,140
sphere_genus0,0,normal_L2,721,111
sphere_genus0,0,normal_L2,722,155
sphere_genus0,0,normal_L2,723,133
sphere_genus0,0,normal_L2,724,125
sphere_genus0,0,normal_L2,725,141
sphere_genus0,0,normal_L2,726,149
sphere_genus0,0,normal_L2,727,138
sphere_genus0,0,normal_L2,728,130
sphere_genus0,0,normal_L2,729,122
sphere_genus0,0,normal_L2,730,126
sphere_genus0,0,normal_L2,731,133
sphere_genus0,0,normal_L2,732,122
sphere_genus0,0,normal_L2,733,149
sphere_genus0,0,normal_L2,734,143
sphere_genus0,0,normal_L2,735,114
sphere_genus0,0,normal_L2,736,141
sphere_genus0,0,normal_L2,737,149
sphere_genus0,0,normal_L2,738,106
sphere_genus0,0,normal_L2,739,128
sphere_genus0,0,normal_L2,740,150
sphere_genus0,0,normal_L2,741,122
sphere_genus0,0,normal_L2,742,151
sphere_genus0,0,normal_L2,743,135
sphere_genus0,0,normal_L2,744,121
sphere_genus0,0,normal_L2,745,139
sphere_genus0,0,normal_L2,746,134
sphere_genus0,0,normal_L2,747,129
sphere_genus0,0,normal_L2,748,140
sphere_genus0,0,normal_L2,749,113
sphere_genus0,0,normal_L2,750,122
sphere_genus0,0,normal_L2,751,132
sphere_genus0,0,normal_L2,752,128
sphere_genus0,0,normal_L2,753,126
sphere_genus0,0,normal_L2,754,163
sphere_genus0,0,normal_L2,755,106
sphere_genus0,0,normal_L2,756,130
sphere_genus0,0,normal_L2,757,134
sphere_genus0,0,normal_L2,758,151
sphere_genus0,0,normal_L2,759,123
sphere_genus0,0,normal_L2,760,124
sphere_genus0,0,normal_L2,761,121
sphere_genus0,0,normal_L2,762,111
sphere_genus0,0,normal_L2,763,155
sphere_genus0,0,normal_L2,764,133
sphere_genus0,0,normal_L2,765,135
sphere_genus0,0,normal_L2,766,119
sphere_genus0,0,normal_L2,767,144
sphere_genus0,0,normal_L2,768,152
sphere_genus0,0,normal_L2,769,131
sphere_genus0,0,normal_L2,770,127
sphere_genus0,0,normal_L2,771,125
sphere_genus0,0,normal_L2,772,139
sphere_genus0,0,normal_L2,773,136
sphere_genus0,0,normal_L2,774,125
sphere_genus0,0,normal_L2,775,144
sphere_genus0,0,normal_L2,776,122
sphere_genus0,0,normal_L2,777,136
sphere_genus0,0,normal_L2,778,148
sphere_genus0,0,normal_L2,779,129
sphere_genus0,0,normal_L2,780,113
sphere_genus0,0,normal_L2,781,121
sphere_genus0,0,normal_L2,782,156
sphere_genus0,0,normal_L2,783,152
sphere_genus0,0,normal_L2,784,155
sphere_genus0,0,normal_L2,785,137
sphere_genus0,0,normal_L2,786,140
sphere_genus0,0,normal_L2,787,120
sphere_genus0,0,normal_L2,788,130
sphere_genus0,0,normal_L2,789,157
sphere_genus0,0,normal_L2,790,120
sphere_genus0,0,normal_L2,791,120
sphere_genus0,0,normal_L2,792,156
sphere_genus0,0,normal_L2,793,135
sphere_genus0,0,normal_L2,794,147
sphere_genus0,0,normal_L2,795,143
sphere_genus0,0,normal_L2,796,142
sphere_genus0,0,normal_L2,797,150
sphere_genus0,0,normal_L2,798,132
sphere_genus0,0,normal_L2,799,120
sphere_genus0,0,normal_L2,800,174
sphere_genus0,0,normal_L2,801,143
sphere_genus0,0,normal_L2,802,131
sphere_genus0,0,normal_L2,803,116
sphere_genus0,0,normal_L2,804,117
sphere_genus0,0,normal_L2,805,145
sphere_genus0,0,normal_L2,806,110
sphere_genus0,0,normal_L2,807,136
sphere_genus0,0,normal_L2,808,121
sphere_genus0,0,normal_L2,809,146
sphere_genus0,0,normal_L2,810,131
sphere_genus0,0,normal_L2,811,150
sphere_genus0,0,normal_L2,812,132
sphere_genus0,0,normal_L2,813,146
sphere_genus0,0,normal_L2,814,121
sphere_genus0,0,normal_L2,815,150
sphere_genus0,0,normal_L2,816,118
sphere_genus0,0,normal_L2,817,139
sphere_genus0,0,normal_L2,818,112
sphere_genus0,0,normal_L2,819,134
sphere_genus0,0,normal_L2,820,132
sphere_genus0,0,normal_L2,821,135
sphere_genus0,0,normal_L2,822,157
sphere_genus0,0,normal_L2,823,135
sphere_genus0,0,normal_L2,824,138
sphere_genus0,0,normal_L2,825,131
sphere_genus0,0,normal_L2,826,110
sphere_genus0,0,normal_L2,827,137
sphere_genus0,0,normal_L2,828,152
sphere_genus0,0,normal_L2,829,138
sphere_genus0,0,normal_L2,830,161
sphere_genus0,0,normal_L2,831,120
sphere_genus0,0,normal_L2,832,141
sphere_genus0,0,normal_L2,833,129
sphere_genus0,0,normal_L2,834,148
sphere_genus0,0,normal_L2,835,158
sphere_genus0,0,normal_L2,836,112
sphere_genus0,0,normal_L2,837,144
sphere_genus0,0,normal_L2,838,117
sphere_genus0,0,normal_L2,839,132
sphere_genus0,0,normal_L2,840,134
sphere_genus0,0,normal_L2,841,140
sphere_genus0,0,normal_L2,842,122
sphere_genus0,0,normal_L2,843,122
sphere_genus0,0,normal_L2,844,156
sphere_genus0,0,normal_L2,845,134
sphere_genus0,0,normal_L2,846,105
sphere_genus0,0,normal_L2,847,125
sphere_genus0,0,normal_L2,848,145
sphere_genus0,0,normal_L2,849,132
sphere_genus0,0,normal_L2,850,154
sphere_genus0,0,normal_L2,851,120
sphere_genus0,0,normal_L2,852,137
sphere_genus0,0,normal_L2,853,123
sphere_genus0,0,normal_L2,854,109
sphere_genus0,0,normal_L2,855,130
sphere_genus0,0,normal_L2,856,140
sphere_genus0,0,normal_L2,857,143
sphere_genus0,0,normal_L2,858,114
sphere_genus0,0,normal_L2,859,138
sphere_genus0,0,normal_L2,860,138
sphere_genus0,0,normal_L2,861,132
sphere_genus0,0,normal_L2,862,134
sphere_genus0,0,normal_L2,863,133
sphere_genus0,0,normal_L2,864,129
sphere_genus0,0,normal_L2,865,131
sphere_genus0,0,normal_L2,866,117
sphere_genus0,0,normal_L2,867,138
sphere_genus0,0,normal_L2,868,149
sphere_genus0,0,normal_L2,869,136
sphere_genus0,0,normal_L2,870,112
sphere_genus0,0,normal_L2,871,139
sphere_genus0,0,normal_L2,872,97
sphere_genus0,0,normal_L2,873,137
sphere_genus0,0,normal_L2,874,130
sphere_genus0,0,normal_L2,875,114
sphere_genus0,0,normal_L2,876,154
sphere_genus0,0,normal_L2,877,136
sphere_genus0,0,normal_L2,878,132
sphere_genus0,0,normal_L2,879,123
sphere_genus0,0,normal_L2,880,160
sphere_genus0,0,normal_L2,881,143
sphere_genus0,0,normal_L2,882,123
sphere_genus0,0,normal_L2,883,151
sphere_genus0,0,normal_L2,884,143
sphere_genus0,0,normal_L2,885,120
sphere_genus0,0,normal_L2,886,138
sphere_genus0,0,normal_L2,887,131
sphere_genus0,0,normal_L2,888,142
sphere_genus0,0,normal_L2,889,113
sphere_genus0,0,normal_L2,890,144
sphere_genus0,0,normal_L2,891,149
sphere_genus0,0,normal_L2,892,143
sphere_genus0,0,normal_L2,893,133
sphere_genus0,0,normal_L2,894,134
sphere_genus0,0,normal_L2,895,130
sphere_genus0,0,normal_L2,896,140
sphere_genus0,0,normal_L2,897,145
sphere_genus0,0,normal_L2,898,141
sphere_genus0,0,normal_L2,899,124
sphere_genus0,0,normal_L2,900,123
sphere_genus0,0,normal_L2,901,135
sphere_genus0,0,normal_L2,902,140
sphere_genus0,0,normal_L2,903,124
sphere_genus0,0,normal_L2,904,132
sphere_genus0,0,normal_L2,905,133
sphere_genus0,0,normal_L2,906,134
sphere_genus0,0,normal_L2,907,139
sphere_genus0,0,normal_L2,908,107
sphere_genus0,0,normal_L2,909,139
sphere_genus0,0,normal_L2,910,132
sphere_genus0,0,normal_L2,911,131
sphere_genus0,0,normal_L2,912,157
sphere_genus0,0,normal_L2,913,145
sphere_genus0,0,normal_L2,914,141
sphere_genus0,0,normal_L2,915,124
sphere_genus0,0,normal_L2,916,122
sphere_genus0,0,normal_L2,917,131
sphere_genus0,0,normal_L2,918,138
sphere_genus0,0,normal_L2,919,127
sphere_genus0,0,normal_L2,920,136
sphere_genus0,0,normal_L2,921,133
sphere_genus0,0,normal_L2,922,125
sphere_genus0,0,normal_L2,923,131
sphere_genus0,0,normal_L2,924,145
sphere_genus0,0,normal_L2,925,119
sphere_genus0,0,normal_L2,926,139
sphere_genus0,0,normal_L2,927,130
sphere_genus0,0,normal_L2,928,127
sphere_genus0,0,normal_L2,929,148
sphere_genus0,0,normal_L2,930,121
sphere_genus0,0,normal_L2,931,107
sphere_genus0,0,normal_L2,932,123
sphere_genus0,0,normal_L2,933,117
sphere_genus0,0,normal_L2,934,113
sphere_genus0,0,normal_L2,935,132
sphere_genus0,0,normal_L2,936,147
sphere_genus0,0,normal_L2,937,133
sphere_genus0,0,normal_L2,938,130
sphere_genus0,0,normal_L2,939,124
sphere_genus0,0,normal_L2,940,126
sphere_genus0,0,normal_L2,941,140
sphere_genus0,0,normal_L2,942,120
sphere_genus0,0,normal_L2,943,140
sphere_genus0,0,normal_L2,944,139
sphere_genus0,0,normal_L2,945,147
sphere_genus0,0,normal_L2,946,131
sphere_genus0,0,normal_L2,947,129
sphere_genus0,0,normal_L2,948,138
sphere_genus0,0,normal_L2,949,140
sphere_genus0,0,normal_L2,950,117
sphere_genus0,0,normal_L2,951,150
sphere_genus0,0,normal_L2,952,143
sphere_genus0,0,normal_L2,953,160
sphere_genus0,0,normal_L2,954,162
sphere_genus0,0,normal_L2,955,154
sphere_genus0,0,normal_L2,956,149
sphere_genus0,0,normal_L2,957,135
sphere_genus0,0,normal_L2,958,136
sphere_genus0,0,normal_L2,959,154
sphere_genus0,0,normal_L2,960,125
sphere_genus0,0,normal_L2,961,141
sphere_genus0,0,normal_L2,962,132
sphere_genus0,0,normal_L2,963,135
sphere_genus0,0,normal_L2,964,136
sphere_genus0,0,normal_L2,965,143
sphere_genus0,0,normal_L2,966,125
sphere_genus0,0,normal_L2,967,130
sphere_genus0,0,normal_L2,968,142
sphere_genus0,0,normal_L2,969,125
sphere_genus0,0,normal_L2,970,136
sphere_genus0,0,normal_L2,971,133
sphere_genus0,0,normal_L2,972,135
sphere_genus0,0,normal_L2,973,109
sphere_genus0,0,normal_L2,974,122
sphere_genus0,0,normal_L2,975,142
sphere_genus0,0,normal_L2,976,114
sphere_genus0,0,normal_L2,977,133
sphere_genus0,0,normal_L2,978,150
sphere_genus0,0,normal_L2,979,132
sphere_genus0,0,normal_L2,980,141
sphere_genus0,0,normal_L2,981,130
sphere_genus0,0,normal_L2,982,144
sphere_genus0,0,normal_L2,983,145
sphere_genus0,0,normal_L2,984,144
sphere_genus0,0,normal_L2,985,133
sphere_genus0,0,normal_L2,986,124
sphere_genus0,0,normal_L2,987,133
sphere_genus0,0,normal_L2,988,120
sphere_genus0,0,normal_L2,989,139
sphere_genus0,0,normal_L2,990,137
sphere_genus0,0,normal_L2,991,128
sphere_genus0,0,normal_L2,992,148
sphere_genus0,0,normal_L2,993,131
sphere_genus0,0,normal_L2,994,149
sphere_genus0,0,normal_L2,995,128
sphere_genus0,0,normal_L2,996,145
sphere_genus0,0,normal_L2,997,127
sphere_genus0,0,normal_L2,998,126
sphere_genus0,0,normal_L2,999,132
torus_genus1,1,uniform_sphere,0,85
torus_genus1,1,uniform_sphere,1,73
torus_genus1,1,uniform_sphere,2,83
torus_genus1,1,uniform_sphere,3,99
torus_genus1,1,uniform_sphere,4,77
torus_genus1,1,uniform_sphere,5,78
torus_genus1,1,uniform_sphere,6,81
torus_genus1,1,uniform_sphere,7,79
torus_genus1,1,uniform_sphere,8,84
torus_genus1,1,uniform_sphere,9,66
torus_genus1,1,uniform_sphere,10,87
torus_genus1,1,uniform_sphere,11,78
torus_genus1,1,uniform_sphere,12,81
torus_genus1,1,uniform_sphere,13,87
torus_genus1,1,uniform_sphere,14,76
torus_genus1,1,uniform_sphere,15,66
torus_genus1,1,uniform_sphere,16,89
torus_genus1,1,uniform_sphere,17,84
torus_genus1,1,uniform_sphere,18,97
torus_genus1,1,uniform_sphere,19,68
torus_genus1,1,uniform_sphere,20,82
torus_genus1,1,uniform_sphere,21,101
torus_genus1,1,uniform_sphere,22,92
torus_genus1,1,uniform_sphere,23,92
torus_genus1,1,uniform_sphere,24,98
torus_genus1,1,uniform_sphere,25,80
torus_genus1,1,uniform_sphere,26,79
torus_genus1,1,uniform_sphere,27,82
torus_genus1,1,uniform_sphere,28,90
torus_genus1,1,uniform_sphere,29,81
torus_genus1,1,uniform_sphere,30,87
torus_genus1,1,uniform_sphere,31,76
torus_genus1,1,uniform_sphere,32,83
torus_genus1,1,uniform_sphere,33,82
torus_genus1,1,uniform_sphere,34,72
torus_genus1,1,uniform_sphere,35,74
torus_genus1,1,uniform_sphere,36,72
torus_genus1,1,uniform_sphere,37,75
torus_genus1,1,uniform_sphere,38,79
torus_genus1,1,uniform_sphere,39,68
torus_genus1,1,uniform_sphere,40,64
torus_genus1,1,uniform_sphere,41,77
torus_genus1,1,uniform_sphere,42,63
torus_genus1,1,uniform_sphere,43,64
torus_genus1,1,uniform_sphere,44,81
torus_genus1,1,uniform_sphere,45,86
torus_genus1,1,uniform_sphere,46,92
torus_genus1,1,uniform_sphere,47,74
torus_genus1,1,uniform_sphere,48,66
torus_genus1,1,uniform_sphere,49,62
torus_genus1,1,uniform_sphere,50,87
torus_genus1,1,uniform_sphere,51,81
torus_genus1,1,uniform_sphere,52,74
torus_genus1,1,uniform_sphere,53,71
torus_genus1,1,uniform_sphere,54,87
torus_genus1,1,uniform_sphere,55,96
torus_genus1,1,uniform_sphere,56,100
torus_genus1,1,uniform_sphere,57,74
torus_genus1,1,uniform_sphere,58,81
torus_genus1,1,uniform_sphere,59,85
torus_genus1,1,uniform_sphere,60,86
torus_genus1,1,uniform_sphere,61,78
torus_genus1,1,uniform_sphere,62,75
torus_genus1,1,uniform_sphere,63,80
torus_genus1,1,uniform_sphere,64,85
torus_genus1,1,uniform_sphere,65,71
torus_genus1,1,uniform_sphere,66,73
torus_genus1,1,uniform_sphere,67,64
torus_genus1,1,uniform_sphere,68,79
torus_genus1,1,uniform_sphere,69,89
torus_genus1,1,uniform_sphere,70,75
torus_genus1,1,uniform_sphere,71,83
torus_genus1,1,uniform_sphere,72,75
torus_genus1,1,uniform_sphere,73,59
torus_genus1,1,uniform_sphere,74,72
torus_genus1,1,uniform_sphere,75,85
torus_genus1,1,uniform_sphere,76,66
torus_genus1,1,uniform_sphere,77,64
torus_genus1,1,uniform_sphere,78,76
torus_genus1,1,uniform_sphere,79,69
torus_genus1,1,uniform_sphere,80,70
torus_genus1,1,uniform_sphere,81,69
torus_genus1,1,uniform_sphere,82,72
torus_genus1,1,uniform_sphere,83,79
torus_genus1,1,uniform_sphere,84,72
torus_genus1,1,uniform_sphere,85,79
torus_genus1,1,uniform_sphere,86,93
torus_genus1,1,uniform_sphere,87,75
torus_genus1,1,uniform_sphere,88,83
torus_genus1,1,uniform_sphere,89,84
torus_genus1,1,uniform_sphere,90,65
torus_genus1,1,uniform_sphere,91,74
torus_genus1,1,uniform_sphere,92,90
torus_genus1,1,uniform_sphere,93,92
torus_genus1,1,uniform_sphere,94,58
torus_genus1,1,uniform_sphere,95,79
torus_genus1,1,uniform_sphere,96,85
torus_genus1,1,uniform_sphere,97,73
torus_genus1,1,uniform_sphere,98,69
torus_genus1,1,uniform_sphere,99,93
torus_genus1,1,uniform_sphere,100,62
torus_genus1,1,uniform_sphere,101,88
torus_genus1,1,uniform_sphere,102,69
torus_genus1,1,uniform_sphere,103,78
torus_genus1,1,uniform_sphere,104,84
torus_genus1,1,uniform_sphere,105,70
torus_genus1,1,uniform_sphere,106,76
torus_genus1,1,uniform_sphere,107,72
torus_genus1,1,uniform_sphere,108,82
torus_genus1,1,uniform_sphere,109,82
torus_genus1,1,uniform_sphere,110,73
torus_genus1,1,uniform_sphere,111,77
torus_genus1,1,uniform_sphere,112,69
torus_genus1,1,uniform_sphere,113,65
torus_genus1,1,uniform_sphere,114,83
torus_genus1,1,uniform_sphere,115,77
torus_genus1,1,uniform_sphere,116,88
torus_genus1,1,uniform_sphere,117,80
torus_genus1,1,uniform_sphere,118,58
torus_genus1,1,uniform_sphere,119,58
torus_genus1,1,uniform_sphere,120,77
torus_genus1,1,uniform_sphere,121,79
torus_genus1,1,uniform_sphere,122,67
torus_genus1,1,uniform_sphere,123,64
torus_genus1,1,uniform_sphere,124,81
torus_genus1,1,uniform_sphere,125,77
torus_genus1,1,uniform_sphere,126,98
torus_genus1,1,uniform_sphere,127,72
torus_genus1,1,uniform_sphere,128,80
torus_genus1,1,uniform_sphere,129,60
torus_genus1,1,uniform_sphere,130,71
torus_genus1,1,uniform_sphere,131,89
torus_genus1,1,uniform_sphere,132,83
torus_genus1,1,uniform_sphere,133,82
torus_genus1,1,uniform_sphere,134,91
torus_genus1,1,uniform_sphere,135,68
torus_genus1,1,uniform_sphere,136,91
torus_genus1,1,uniform_sphere,137,83
torus_genus1,1,uniform_sphere,138,68
torus_genus1,1,uniform_sphere,139,66
torus_genus1,1,uniform_sphere,140,81
torus_genus1,1,uniform_sphere,141,67
torus_genus1,1,uniform_sphere,142,81
torus_genus1,1,uniform_sphere,143,75
torus_genus1,1,uniform_sphere,144,65
torus_genus1,1,uniform_sphere,145,82
torus_genus1,1,uniform_sphere,146,77
torus_genus1,1,uniform_sphere,147,80
torus_genus1,1,uniform_sphere,148,84
torus_genus1,1,uniform_sphere,149,96
torus_genus1,1,uniform_sphere,150,90
torus_genus1,1,uniform_sphere,151,80
torus_genus1,1,uniform_sphere,152,80
torus_genus1,1,uniform_sphere,153,72
torus_genus1,1,uniform_sphere,154,76
torus_genus1,1,uniform_sphere,155,80
torus_genus1,1,uniform_sphere,156,69
torus_genus1,1,uniform_sphere,157,67
torus_genus1,1,uniform_sphere,158,76
torus_genus1,1,uniform_sphere,159,74
torus_genus1,1,uniform_sphere,160,71
torus_genus1,1,uniform_sphere,161,77
torus_genus1,1,uniform_sphere,162,63
torus_genus1,1,uniform_sphere,163,73
torus_genus1,1,uniform_sphere,164,67
torus_genus1,1,uniform_sphere,165,74
torus_genus1,1,uniform_sphere,166,65
torus_genus1,1,uniform_sphere,167,84
torus_genus1,1,uniform_sphere,168,97
torus_genus1,1,uniform_sphere,169,80
torus_genus1,1,uniform_sphere,170,68
torus_genus1,1,uniform_sphere,171,84
torus_genus1,1,uniform_sphere,172,77
torus_genus1,1,uniform_sphere,173,94
torus_genus1,1,uniform_sphere,174,84
torus_genus1,1,uniform_sphere,175,69
torus_genus1,1,uniform_sphere,176,95
torus_genus1,1,uniform_sphere,177,81
torus_genus1,1,uniform_sphere,178,76
torus_genus1,1,uniform_sphere,179,78
torus_genus1,1,uniform_sphere,180,80
torus_genus1,1,uniform_sphere,181,70
torus_genus1,1,uniform_sphere,182,74
torus_genus1,1,uniform_sphere,183,71
torus_genus1,1,uniform_sphere,184,55
torus_genus1,1,uniform_sphere,185,93
torus_genus1,1,uniform_sphere,186,73
torus_genus1,1,uniform_sphere,187,71
torus_genus1,1,uniform_sphere,188,99
torus_genus1,1,uniform_sphere,189,88
torus_genus1,1,uniform_sphere,190,65
torus_genus1,1,uniform_sphere,191,74
torus_genus1,1,uniform_sphere,192,76
torus_genus1,1,uniform_sphere,193,83
torus_genus1,1,uniform_sphere,194,74
torus_genus1,1,uniform_sphere,195,77
torus_genus1,1,uniform_sphere,196,94
torus_genus1,1,uniform_sphere,197,89
torus_genus1,1,uniform_sphere,198,92
torus_genus1,1,uniform_sphere,199,72
torus_genus1,1,uniform_sphere,200,74
torus_genus1,1,uniform_sphere,201,85
torus_genus1,1,uniform_sphere,202,83
torus_genus1,1,uniform_sphere,203,67
torus_genus1,1,uniform_sphere,204,75
torus_genus1,1,uniform_sphere,205,68
torus_genus1,1,uniform_sphere,206,95
torus_genus1,1,uniform_sphere,207,80
torus_genus1,1,uniform_sphere,208,80
torus_genus1,1,uniform_sphere,209,80
torus_genus1,1,uniform_sphere,210,87
torus_genus1,1,uniform_sphere,211,67
torus_genus1,1,uniform_sphere,212,80
torus_genus1,1,uniform_sphere,213,70
torus_genus1,1,uniform_sphere,214,90
torus_genus1,1,uniform_sphere,215,75
torus_genus1,1,uniform_sphere,216,77
torus_genus1,1,uniform_sphere,217,85
torus_genus1,1,uniform_sphere,218,91
torus_genus1,1,uniform_sphere,219,66
torus_genus1,1,uniform_sphere,220,70
torus_genus1,1,uniform_sphere,221,73
torus_genus1,1,uniform_sphere,222,75
torus_genus1,1,uniform_sphere,223,91
torus_genus1,1,uniform_sphere,224,83
torus_genus1,1,uniform_sphere,225,96
torus_genus1,1,uniform_sphere,226,79
torus_genus1,1,uniform_sphere,227,87
torus_genus1,1,uniform_sphere,228,93
torus_genus1,1,uniform_sphere,229,76
torus_genus1,1,uniform_sphere,230,70
torus_genus1,1,uniform_sphere,231,86
torus_genus1,1,uniform_sphere,232,96
torus_genus1,1,uniform_sphere,233,78
torus_genus1,1,uniform_sphere,234,85
torus_genus1,1,uniform_sphere,235,65
torus_genus1,1,uniform_sphere,236,72
torus_genus1,1,uniform_sphere,237,82
torus_genus1,1,uniform_sphere,238,67
torus_genus1,1,uniform_sphere,239,81
torus_genus1,1,uniform_sphere,240,89
torus_genus1,1,uniform_sphere,241,63
torus_genus1,1,uniform_sphere,242,80
torus_genus1,1,uniform_sphere,243,88
torus_genus1,1,uniform_sphere,244,78
torus_genus1,1,uniform_sphere,245,87
torus_genus1,1,uniform_sphere,246,77
torus_genus1,1,uniform_sphere,247,84
torus_genus1,1,uniform_sphere,248,85
torus_genus1,1,uniform_sphere,249,95
torus_genus1,1,uniform_sphere,250,80
torus_genus1,1,uniform_sphere,251,107
torus_genus1,1,uniform_sphere,252,77
torus_genus1,1,uniform_sphere,253,85
torus_genus1,1,uniform_sphere,254,72
torus_genus1,1,uniform_sphere,255,65
torus_genus1,1,uniform_sphere,256,66
torus_genus1,1,uniform_sphere,257,80
torus_genus1,1,uniform_sphere,258,67
torus_genus1,1,uniform_sphere,259,86
torus_genus1,1,uniform_sphere,260,78
torus_genus1,1,uniform_sphere,261,95
torus_genus1,1,uniform_sphere,262,72
torus_genus1,1,uniform_sphere,263,81
torus_genus1,1,uniform_sphere,264,89
torus_genus1,1,uniform_sphere,265,79
torus_genus1,1,uniform_sphere,266,58
torus_genus1,1,uniform_sphere,267,81
torus_genus1,1,uniform_sphere,268,69
torus_genus1,1,uniform_sphere,269,83
torus_genus1,1,uniform_sphere,270,78
torus_genus1,1,uniform_sphere,271,70
torus_genus1,1,uniform_sphere,272,90
torus_genus1,1,uniform_sphere,273,93
torus_genus1,1,uniform_sphere,274,84
torus_genus1,1,uniform_sphere,275,76
torus_genus1,1,uniform_sphere,276,78
torus_genus1,1,uniform_sphere,277,71
torus_genus1,1,uniform_sphere,278,60
torus_genus1,1,uniform_sphere,279,83
torus_genus1,1,uniform_sphere,280,70
torus_genus1,1,uniform_sphere,281,86
torus_genus1,1,uniform_sphere,282,63
torus_genus1,1,uniform_sphere,283,80
torus_genus1,1,uniform_sphere,284,95
torus_genus1,1,uniform_sphere,285,79
torus_genus1,1,uniform_sphere,286,73
torus_genus1,1,uniform_sphere,287,75
torus_genus1,1,uniform_sphere,288,86
torus_genus1,1,uniform_sphere,289,90
torus_genus1,1,uniform_sphere,290,84
torus_genus1,1,uniform_sphere,291,94
torus_genus1,1,uniform_sphere,292,65
torus_genus1,1,uniform_sphere,293,70
torus_genus1,1,uniform_sphere,294,60
torus_genus1,1,uniform_sphere,295,94
torus_genus1,1,uniform_sphere,296,72
torus_genus1,1,uniform_sphere,297,76
torus_genus1,1,uniform_sphere,298,94
torus_genus1,1,uniform_sphere,299,65
torus_genus1,1,uniform_sphere,300,76
torus_genus1,1,uniform_sphere,301,90
torus_genus1,1,uniform_sphere,302,74
torus_genus1,1,uniform_sphere,303,67
torus_genus1,1,uniform_sphere,304,51
torus_genus1,1,uniform_sphere,305,76
torus_genus1,1,uniform_sphere,306,66
torus_genus1,1,uniform_sphere,307,93
torus_genus1,1,uniform_sphere,308,74
torus_genus1,1,uniform_sphere,309,87
torus_genus1,1,uniform_sphere,310,81
torus_genus1,1,uniform_sphere,311,81
torus_genus1,1,uniform_sphere,312,79
torus_genus1,1,uniform_sphere,313,84
torus_genus1,1,uniform_sphere,314,66
torus_genus1,1,uniform_sphere,315,68
torus_genus1,1,uniform_sphere,316,74
torus_genus1,1,uniform_sphere,317,74
torus_genus1,1,uniform_sphere,318,82
torus_genus1,1,uniform_sphere,319,84
torus_genus1,1,uniform_sphere,320,80
torus_genus1,1,uniform_sphere,321,80
torus_genus1,1,uniform_sphere,322,77
torus_genus1,1,uniform_sphere,323,78
torus_genus1,1,uniform_sphere,324,91
torus_genus1,1,uniform_sphere,325,76
torus_genus1,1,uniform_sphere,326,81
torus_genus1,1,uniform_sphere,327,74
torus_genus1,1,uniform_sphere,328,75
torus_genus1,1,uniform_sphere,329,72
torus_genus1,1,uniform_sphere,330,83
torus_genus1,1,uniform_sphere,331,79
torus_genus1,1,uniform_sphere,332,70
torus_genus1,1,uniform_sphere,333,67
torus_genus1,1,uniform_sphere,334,76
torus_genus1,1,uniform_sphere,335,74
torus_genus1,1,uniform_sphere,336,77
torus_genus1,1,uniform_sphere,337,74
torus_genus1,1,uniform_sphere,338,73
torus_genus1,1,uniform_sphere,339,71
torus_genus1,1,uniform_sphere,340,80
torus_genus1,1,uniform_sphere,341,66
torus_genus1,1,uniform_sphere,342,83
torus_genus1,1,uniform_sphere,343,76
torus_genus1,1,uniform_sphere,344,79
torus_genus1,1,uniform_sphere,345,64
torus_genus1,1,uniform_sphere,346,83
torus_genus1,1,uniform_sphere,347,68
torus_genus1,1,uniform_sphere,348,96
torus_genus1,1,uniform_sphere,349,67
torus_genus1,1,uniform_sphere,350,86
torus_genus1,1,uniform_sphere,351,72
torus_genus1,1,uniform_sphere,352,74
torus_genus1,1,uniform_sphere,353,82
torus_genus1,1,uniform_sphere,354,79
torus_genus1,1,uniform_sphere,355,68
torus_genus1,1,uniform_sphere,356,75
torus_genus1,1,uniform_sphere,357,65
torus_genus1,1,uniform_sphere,358,91
torus_genus1,1,uniform_sphere,359,78
torus_genus1,1,uniform_sphere,360,74
torus_genus1,1,uniform_sphere,361,74
torus_genus1,1,uniform_sphere,362,79
torus_genus1,1,uniform_sphere,363,71
torus_genus1,1,uniform_sphere,364,90
torus_genus1,1,uniform_sphere,365,68
torus_genus1,1,uniform_sphere,366,88
torus_genus1,1,uniform_sphere,367,99
torus_genus1,1,uniform_sphere,368,88
torus_genus1,1,uniform_sphere,369,68
torus_genus1,1,uniform_sphere,370,69
torus_genus1,1,uniform_sphere,371,86
torus_genus1,1,uniform_sphere,372,78
torus_genus1,1,uniform_sphere,373,73
torus_genus1,1,uniform_sphere,374,65
torus_genus1,1,uniform_sphere,375,86
torus_genus1,1,uniform_sphere,376,82
torus_genus1,1,uniform_sphere,377,75
torus_genus1,1,uniform_sphere,378,83
torus_genus1,1,uniform_sphere,379,82
torus_genus1,1,uniform_sphere,380,80
torus_genus1,1,uniform_sphere,381,67
torus_genus1,1,uniform_sphere,382,61
torus_genus1,1,uniform_sphere,383,69
torus_genus1,1,uniform_sphere,384,73
torus_genus1,1,uniform_sphere,385,82
torus_genus1,1,uniform_sphere,386,73
torus_genus1,1,uniform_sphere,387,80
torus_genus1,1,uniform_sphere,388,72
torus_genus1,1,uniform_sphere,389,85
torus_genus1,1,uniform_sphere,390,69
torus_genus1,1,uniform_sphere,391,94
torus_genus1,1,uniform_sphere,392,72
torus_genus1,1,uniform_sphere,393,71
torus_genus1,1,uniform_sphere,394,84
torus_genus1,1,uniform_sphere,395,80
torus_genus1,1,uniform_sphere,396,85
torus_genus1,1,uniform_sphere,397,60
torus_genus1,1,uniform_sphere,398,96
torus_genus1,1,uniform_sphere,399,73
torus_genus1,1,uniform_sphere,400,76
torus_genus1,1,uniform_sphere,401,84
torus_genus1,1,uniform_sphere,402,80
torus_genus1,1,uniform_sphere,403,86
torus_genus1,1,uniform_sphere,404,78
torus_genus1,1,uniform_sphere,405,64
torus_genus1,1,uniform_sphere,406,85
torus_genus1,1,uniform_sphere,407,89
torus_genus1,1,uniform_sphere,408,74
torus_genus1,1,uniform_sphere,409,78
torus_genus1,1,uniform_sphere,410,86
torus_genus1,1,uniform_sphere,411,77
torus_genus1,1,uniform_sphere,412,83
torus_genus1,1,uniform_sphere,413,79
torus_genus1,1,uniform_sphere,414,86
torus_genus1,1,uniform_sphere,415,81
torus_genus1,1,uniform_sphere,416,67
torus_genus1,1,uniform_sphere,417,88
torus_genus1,1,uniform_sphere,418,79
torus_genus1,1,uniform_sphere,419,76
torus_genus1,1,uniform_sphere,420,92
torus_genus1,1,uniform_sphere,421,80
torus_genus1,1,uniform_sphere,422,87
torus_genus1,1,uniform_sphere,423,88
torus_genus1,1,uniform_sphere,424,86
torus_genus1,1,uniform_sphere,425,69
torus_genus1,1,uniform_sphere,426,74
torus_genus1,1,uniform_sphere,427,80
torus_genus1,1,uniform_sphere,428,70
torus_genus1,1,uniform_sphere,429,78
torus_genus1,1,uniform_sphere,430,91
torus_genus1,1,uniform_sphere,431,78
torus_genus1,1,uniform_sphere,432,84
torus_genus1,1,uniform_sphere,433,87
torus_genus1,1,uniform_sphere,434,93
torus_genus1,1,uniform_sphere,435,75
torus_genus1,1,uniform_sphere,436,94
torus_genus1,1,uniform_sphere,437,84
torus_genus1,1,uniform_sphere,438,81
torus_genus1,1,uniform_sphere,439,83
torus_genus1,1,uniform_sphere,440,79
torus_genus1,1,uniform_sphere,441,66
torus_genus1,1,uniform_sphere,442,72
torus_genus1,1,uniform_sphere,443,75
torus_genus1,1,uniform_sphere,444,71
torus_genus1,1,uniform_sphere,445,90
torus_genus1,1,uniform_sphere,446,76
torus_genus1,1,uniform_sphere,447,70
torus_genus1,1,uniform_sphere,448,74
torus_genus1,1,uniform_sphere,449,77
torus_genus1,1,uniform_sphere,450,61
torus_genus1,1,uniform_sphere,451,93
torus_genus1,1,uniform_sphere,452,61
torus_genus1,1,uniform_sphere,453,62
torus_genus1,1,uniform_sphere,454,63
torus_genus1,1,uniform_sphere,455,77
torus_genus1,1,uniform_sphere,456,71
torus_genus1,1,uniform_sphere,457,72
torus_genus1,1,uniform_sphere,458,69
torus_genus1,1,uniform_sphere,459,65
torus_genus1,1,uniform_sphere,460,79
torus_genus1,1,uniform_sphere,461,102
torus_genus1,1,uniform_sphere,462,82
torus_genus1,1,uniform_sphere,463,85
torus_genus1,1,uniform_sphere,464,98
torus_genus1,1,uniform_sphere,465,66
torus_genus1,1,uniform_sphere,466,69
torus_genus1,1,uniform_sphere,467,96
torus_genus1,1,uniform_sphere,468,86
torus_genus1,1,uniform_sphere,469,81
torus_genus1,1,uniform_sphere,470,81
torus_genus1,1,uniform_sphere,471,67
torus_genus1,1,uniform_sphere,472,79
torus_genus1,1,uniform_sphere,473,84
torus_genus1,1,uniform_sphere,474,76
torus_genus1,1,uniform_sphere,475,96
torus_genus1,1,uniform_sphere,476,77
torus_genus1,1,uniform_sphere,477,74
torus_genus1,1,uniform_sphere,478,69
torus_genus1,1,uniform_sphere,479,87
torus_genus1,1,uniform_sphere,480,84
torus_genus1,1,uniform_sphere,481,79
torus_genus1,1,uniform_sphere,482,72
torus_genus1,1,uniform_sphere,483,75
torus_genus1,1,uniform_sphere,484,96
torus_genus1,1,uniform_sphere,485,75
torus_genus1,1,uniform_sphere,486,80
torus_genus1,1,uniform_sphere,487,82
torus_genus1,1,uniform_sphere,488,73
torus_genus1,1,uniform_sphere,489,71
torus_genus1,1,uniform_sphere,490,79
torus_genus1,1,uniform_sphere,491,63
torus_genus1,1,uniform_sphere,492,98
torus_genus1,1,uniform_sphere,493,76
torus_genus1,1,uniform_sphere,494,97
torus_genus1,1,uniform_sphere,495,81
torus_genus1,1,uniform_sphere,496,82
torus_genus1,1,uniform_sphere,497,70
torus_genus1,1,uniform_sphere,498,74
torus_genus1,1,uniform_sphere,499,95
torus_genus1,1,uniform_sphere,500,62
torus_genus1,1,uniform_sphere,501,83
torus_genus1,1,uniform_sphere,502,69
torus_genus1,1,uniform_sphere,503,73
torus_genus1,1,uniform_sphere,504,70
torus_genus1,1,uniform_sphere,505,65
torus_genus1,1,uniform_sphere,506,85
torus_genus1,1,uniform_sphere,507,72
torus_genus1,1,uniform_sphere,508,88
torus_genus1,1,uniform_sphere,509,74
torus_genus1,1,uniform_sphere,510,72
torus_genus1,1,uniform_sphere,511,102
torus_genus1,1,uniform_sphere,512,85
torus_genus1,1,uniform_sphere,513,75
torus_genus1,1,uniform_sphere,514,81
torus_genus1,1,uniform_sphere,515,83
torus_genus1,1,uniform_sphere,516,76
torus_genus1,1,uniform_sphere,517,82
torus_genus1,1,uniform_sphere,518,69
torus_genus1,1,uniform_sphere,519,84
torus_genus1,1,uniform_sphere,520,80
torus_genus1,1,uniform_sphere,521,83
torus_genus1,1,uniform_sphere,522,56
torus_genus1,1,uniform_sphere,523,76
torus_genus1,1,uniform_sphere,524,71
torus_genus1,1,uniform_sphere,525,81
torus_genus1,1,uniform_sphere,526,61
torus_genus1,1,uniform_sphere,527,81
torus_genus1,1,uniform_sphere,528,61
torus_genus1,1,uniform_sphere,529,65
torus_genus1,1,uniform_sphere,530,65
torus_genus1,1,uniform_sphere,531,94
torus_genus1,1,uniform_sphere,532,70
torus_genus1,1,uniform_sphere,533,65
torus_genus1,1,uniform_sphere,534,100
torus_genus1,1,uniform_sphere,535,85
torus_genus1,1,uniform_sphere,536,97
torus_genus1,1,uniform_sphere,537,81
torus_genus1,1,uniform_sphere,538,98
torus_genus1,1,uniform_sphere,539,104
torus_genus1,1,uniform_sphere,540,86
torus_genus1,1,uniform_sphere,541,69
torus_genus1,1,uniform_sphere,542,72
torus_genus1,1,uniform_sphere,543,79
torus_genus1,1,uniform_sphere,544,87
torus_genus1,1,uniform_sphere,545,81
torus_genus1,1,uniform_sphere,546,92
torus_genus1,1,uniform_sphere,547,66
torus_genus1,1,uniform_sphere,548,65
torus_genus1,1,uniform_sphere,549,70
torus_genus1,1,uniform_sphere,550,92
torus_genus1,1,uniform_sphere,551,88
torus_genus1,1,uniform_sphere,552,83
torus_genus1,1,uniform_sphere,553,84
torus_genus1,1,uniform_sphere,554,64
torus_genus1,1,uniform_sphere,555,81
torus_genus1,1,uniform_sphere,556,72
torus_genus1,1,uniform_sphere,557,78
torus_genus1,1,uniform_sphere,558,74
torus_genus1,1,uniform_sphere,559,78
torus_genus1,1,uniform_sphere,560,83
torus_genus1,1,uniform_sphere,561,88
torus_genus1,1,uniform_sphere,562,73
torus_genus1,1,uniform_sphere,563,74
torus_genus1,1,uniform_sphere,564,89
torus_genus1,1,uniform_sphere,565,73
torus_genus1,1,uniform_sphere,566,78
torus_genus1,1,uniform_sphere,567,67
torus_genus1,1,uniform_sphere,568,71
torus_genus1,1,uniform_sphere,569,81
torus_genus1,1,uniform_sphere,570,69
torus_genus1,1,uniform_sphere,571,75
torus_genus1,1,uniform_sphere,572,89
torus_genus1,1,uniform_sphere,573,100
torus_genus1,1,uniform_sphere,574,92
torus_genus1,1,uniform_sphere,575,78
torus_genus1,1,uniform_sphere,576,63
torus_genus1,1,uniform_sphere,577,73
torus_genus1,1,uniform_sphere,578,77
torus_genus1,1,uniform_sphere,579,75
torus_genus1,1,uniform_sphere,580,70
torus_genus1,1,uniform_sphere,581,69
torus_genus1,1,uniform_sphere,582,89
torus_genus1,1,uniform_sphere,583,79
torus_genus1,1,uniform_sphere,584,83
torus_genus1,1,uniform_sphere,585,104
torus_genus1,1,uniform_sphere,586,85
torus_genus1,1,uniform_sphere,587,77
torus_genus1,1,uniform_sphere,588,87
torus_genus1,1,uniform_sphere,589,80
torus_genus1,1,uniform_sphere,590,64
torus_genus1,1,uniform_sphere,591,76
torus_genus1,1,uniform_sphere,592,84
torus_genus1,1,uniform_sphere,593,97
torus_genus1,1,uniform_sphere,594,103
torus_genus1,1,uniform_sphere,595,75
torus_genus1,1,uniform_sphere,596,84
torus_genus1,1,uniform_sphere,597,87
torus_genus1,1,uniform_sphere,598,71
torus_genus1,1,uniform_sphere,599,92
torus_genus1,1,uniform_sphere,600,87
torus_genus1,1,uniform_sphere,601,75
torus_genus1,1,uniform_sphere,602,79
torus_genus1,1,uniform_sphere,603,64
torus_genus1,1,uniform_sphere,604,78
torus_genus1,1,uniform_sphere,605,60
torus_genus1,1,uniform_sphere,606,83
torus_genus1,1,uniform_sphere,607,69
torus_genus1,1,uniform_sphere,608,92
torus_genus1,1,uniform_sphere,609,72
torus_genus1,1,uniform_sphere,610,81
torus_genus1,1,uniform_sphere,611,72
torus_genus1,1,uniform_sphere,612,68
torus_genus1,1,uniform_sphere,613,93
torus_genus1,1,uniform_sphere,614,79
torus_genus1,1,uniform_sphere,615,81
torus_genus1,1,uniform_sphere,616,82
torus_genus1,1,uniform_sphere,617,75
torus_genus1,1,uniform_sphere,618,64
torus_genus1,1,uniform_sphere,619,96
torus_genus1,1,uniform_sphere,620,70
torus_genus1,1,uniform_sphere,621,77
torus_genus1,1,uniform_sphere,622,72
torus_genus1,1,uniform_sphere,623,63
torus_genus1,1,uniform_sphere,624,67
torus_genus1,1,uniform_sphere,625,67
torus_genus1,1,uniform_sphere,626,76
torus_genus1,1,uniform_sphere,627,75
torus_genus1,1,uniform_sphere,628,69
torus_genus1,1,uniform_sphere,629,77
torus_genus1,1,uniform_sphere,630,88
torus_genus1,1,uniform_sphere,631,79
torus_genus1,1,uniform_sphere,632,65
torus_genus1,1,uniform_sphere,633,92
torus_genus1,1,uniform_sphere,634,69
torus_genus1,1,uniform_sphere,635,67
torus_genus1,1,uniform_sphere,636,94
torus_genus1,1,uniform_sphere,637,73
torus_genus1,1,uniform_sphere,638,56
torus_genus1,1,uniform_sphere,639,84
torus_genus1,1,uniform_sphere,640,72
torus_genus1,1,uniform_sphere,641,64
torus_genus1,1,uniform_sphere,642,64
torus_genus1,1,uniform_sphere,643,71
torus_genus1,1,uniform_sphere,644,81
torus_genus1,1,uniform_sphere,645,64
torus_genus1,1,uniform_sphere,646,82
torus_genus1,1,uniform_sphere,647,89
torus_genus1,1,uniform_sphere,648,78
torus_genus1,1,uniform_sphere,649,84
torus_genus1,1,uniform_sphere,650,59
torus_genus1,1,uniform_sphere,651,91
torus_genus1,1,uniform_sphere,652,77
torus_genus1,1,uniform_sphere,653,71
torus_genus1,1,uniform_sphere,654,106
torus_genus1,1,uniform_sphere,655,91
torus_genus1,1,uniform_sphere,656,73
torus_genus1,1,uniform_sphere,657,68
torus_genus1,1,uniform_sphere,658,67
torus_genus1,1,uniform_sphere,659,85
torus_genus1,1,uniform_sphere,660,74
torus_genus1,1,uniform_sphere,661,76
torus_genus1,1,uniform_sphere,662,81
torus_genus1,1,uniform_sphere,663,81
torus_genus1,1,uniform_sphere,664,67
torus_genus1,1,uniform_sphere,665,111
torus_genus1,1,uniform_sphere,666,89
torus_genus1,1,uniform_sphere,667,71
torus_genus1,1,uniform_sphere,668,79
torus_genus1,1,uniform_sphere,669,83
torus_genus1,1,uniform_sphere,670,85
torus_genus1,1,uniform_sphere,671,84
torus_genus1,1,uniform_sphere,672,75
torus_genus1,1,uniform_sphere,673,74
torus_genus1,1,uniform_sphere,674,80
torus_genus1,1,uniform_sphere,675,70
torus_genus1,1,uniform_sphere,676,89
torus_genus1,1,uniform_sphere,677,65
torus_genus1,1,uniform_sphere,678,82
torus_genus1,1,uniform_sphere,679,86
torus_genus1,1,uniform_sphere,680,67
torus_genus1,1,uniform_sphere,681,88
torus_genus1,1,uniform_sphere,682,76
torus_genus1,1,uniform_sphere,683,68
torus_genus1,1,uniform_sphere,684,73
torus_genus1,1,uniform_sphere,685,61
torus_genus1,1,uniform_sphere,686,78
torus_genus1,1,uniform_sphere,687,90
torus_genus1,1,uniform_sphere,688,70
torus_genus1,1,uniform_sphere,689,105
torus_genus1,1,uniform_sphere,690,93
torus_genus1,1,uniform_sphere,691,76
torus_genus1,1,uniform_sphere,692,86
torus_genus1,1,uniform_sphere,693,82
torus_genus1,1,uniform_sphere,694,98
torus_genus1,1,uniform_sphere,695,76
torus_genus1,1,uniform_sphere,696,63
torus_genus1,1,uniform_sphere,697,92
torus_genus1,1,uniform_sphere,698,82
torus_genus1,1,uniform_sphere,699,76
torus_genus1,1,uniform_sphere,700,93
torus_genus1,1,uniform_sphere,701,79
torus_genus1,1,uniform_sphere,702,104
torus_genus1,1,uniform_sphere,703,80
torus_genus1,1,uniform_sphere,704,67
torus_genus1,1,uniform_sphere,705,85
torus_genus1,1,uniform_sphere,706,68
torus_genus1,1,uniform_sphere,707,88
torus_genus1,1,uniform_sphere,708,83
torus_genus1,1,uniform_sphere,709,72
torus_genus1,1,uniform_sphere,710,88
torus_genus1,1,uniform_sphere,711,72
torus_genus1,1,uniform_sphere,712,75
torus_genus1,1,uniform_sphere,713,76
torus_genus1,1,uniform_sphere,714,73
torus_genus1,1,uniform_sphere,715,58
torus_genus1,1,uniform_sphere,716,80
torus_genus1,1,uniform_sphere,717,76
torus_genus1,1,uniform_sphere,718,81
torus_genus1,1,uniform_sphere,719,68
torus_genus1,1,uniform_sphere,720,83
torus_genus1,1,uniform_sphere,721,91
torus_genus1,1,uniform_sphere,722,83
torus_genus1,1,uniform_sphere,723,66
torus_genus1,1,uniform_sphere,724,90
torus_genus1,1,uniform_sphere,725,75
torus_genus1,1,uniform_sphere,726,63
torus_genus1,1,uniform_sphere,727,88
torus_genus1,1,uniform_sphere,728,84
torus_genus1,1,uniform_sphere,729,92
torus_genus1,1,uniform_sphere,730,71
torus_genus1,1,uniform_sphere,731,78
torus_genus1,1,uniform_sphere,732,71
torus_genus1,1,uniform_sphere,733,76
torus_genus1,1,uniform_sphere,734,73
torus_genus1,1,uniform_sphere,735,76
torus_genus1,1,uniform_sphere,736,76
torus_genus1,1,uniform_sphere,737,83
torus_genus1,1,uniform_sphere,738,87
torus_genus1,1,uniform_sphere,739,87
torus_genus1,1,uniform_sphere,740,79
torus_genus1,1,uniform_sphere,741,87
torus_genus1,1,uniform_sphere,742,63
torus_genus1,1,uniform_sphere,743,82
torus_genus1,1,uniform_sphere,744,69
torus_genus1,1,uniform_sphere,745,70
torus_genus1,1,uniform_sphere,746,77
torus_genus1,1,uniform_sphere,747,74
torus_genus1,1,uniform_sphere,748,58
torus_genus1,1,uniform_sphere,749,66
torus_genus1,1,uniform_sphere,750,88
torus_genus1,1,uniform_sphere,751,69
torus_genus1,1,uniform_sphere,752,88
torus_genus1,1,uniform_sphere,753,75
torus_genus1,1,uniform_sphere,754,91
torus_genus1,1,uniform_sphere,755,75
torus_genus1,1,uniform_sphere,756,53
torus_genus1,1,uniform_sphere,757,66
torus_genus1,1,uniform_sphere,758,96
torus_genus1,1,uniform_sphere,759,78
torus_genus1,1,uniform_sphere,760,77
torus_genus1,1,uniform_sphere,761,57
torus_genus1,1,uniform_sphere,762,88
torus_genus1,1,uniform_sphere,763,79
torus_genus1,1,uniform_sphere,764,76
torus_genus1,1,uniform_sphere,765,75
torus_genus1,1,uniform_sphere,766,81
torus_genus1,1,uniform_sphere,767,77
torus_genus1,1,uniform_sphere,768,72
torus_genus1,1,uniform_sphere,769,74
torus_genus1,1,uniform_sphere,770,74
torus_genus1,1,uniform_sphere,771,101
torus_genus1,1,uniform_sphere,772,96
torus_genus1,1,uniform_sphere,773,84
torus_genus1,1,uniform_sphere,774,71
torus_genus1,1,uniform_sphere,775,76
torus_genus1,1,uniform_sphere,776,80
torus_genus1,1,uniform_sphere,777,71
torus_genus1,1,uniform_sphere,778,93
torus_genus1,1,uniform_sphere,779,86
torus_genus1,1,uniform_sphere,780,78
torus_genus1,1,uniform_sphere,781,91
torus_genus1,1,uniform_sphere,782,76
torus_genus1,1,uniform_sphere,783,77
torus_genus1,1,uniform_sphere,784,76
torus_genus1,1,uniform_sphere,785,103
torus_genus1,1,uniform_sphere,786,74
torus_genus1,1,uniform_sphere,787,55
torus_genus1,1,uniform_sphere,788,73
torus_genus1,1,uniform_sphere,789,76
torus_genus1,1,uniform_sphere,790,83
torus_genus1,1,uniform_sphere,791,73
torus_genus1,1,uniform_sphere,792,91
torus_genus1,1,uniform_sphere,793,88
torus_genus1,1,uniform_sphere,794,82
torus_genus1,1,uniform_sphere,795,84
torus_genus1,1,uniform_sphere,796,81
torus_genus1,1,uniform_sphere,797,99
torus_genus1,1,uniform_sphere,798,73
torus_genus1,1,uniform_sphere,799,78
torus_genus1,1,uniform_sphere,800,74
torus_genus1,1,uniform_sphere,801,83
torus_genus1,1,uniform_sphere,802,105
torus_genus1,1,uniform_sphere,803,101
torus_genus1,1,uniform_sphere,804,88
torus_genus1,1,uniform_sphere,805,95
torus_genus1,1,uniform_sphere,806,84
torus_genus1,1,uniform_sphere,807,72
torus_genus1,1,uniform_sphere,808,70
torus_genus1,1,uniform_sphere,809,66
torus_genus1,1,uniform_sphere,810,91
torus_genus1,1,uniform_sphere,811,99
torus_genus1,1,uniform_sphere,812,74
torus_genus1,1,uniform_sphere,813,82
torus_genus1,1,uniform_sphere,814,87
torus_genus1,1,uniform_sphere,815,70
torus_genus1,1,uniform_sphere,816,61
torus_genus1,1,uniform_sphere,817,68
torus_genus1,1,uniform_sphere,818,98
torus_genus1,1,uniform_sphere,819,77
torus_genus1,1,uniform_sphere,820,66
torus_genus1,1,uniform_sphere,821,87
torus_genus1,1,uniform_sphere,822,85
torus_genus1,1,uniform_sphere,823,66
torus_genus1,1,uniform_sphere,824,70
torus_genus1,1,uniform_sphere,825,85
torus_genus1,1,uniform_sphere,826,98
torus_genus1,1,uniform_sphere,827,78
torus_genus1,1,uniform_sphere,828,75
torus_genus1,1,uniform_sphere,829,58
torus_genus1,1,uniform_sphere,830,67
torus_genus1,1,uniform_sphere,831,74
torus_genus1,1,uniform_sphere,832,72
torus_genus1,1,uniform_sphere,833,66
torus_genus1,1,uniform_sphere,834,70
torus_genus1,1,uniform_sphere,835,75
torus_genus1,1,uniform_sphere,836,81
torus_genus1,1,uniform_sphere,837,81
torus_genus1,1,uniform_sphere,838,82
torus_genus1,1,uniform_sphere,839,73
torus_genus1,1,uniform_sphere,840,71
torus_genus1,1,uniform_sphere,841,63
torus_genus1,1,uniform_sphere,842,78
torus_genus1,1,uniform_sphere,843,87
torus_genus1,1,uniform_sphere,844,62
torus_genus1,1,uniform_sphere,845,75
torus_genus1,1,uniform_sphere,846,83
torus_genus1,1,uniform_sphere,847,74
torus_genus1,1,uniform_sphere,848,71
torus_genus1,1,uniform_sphere,849,59
torus_genus1,1,uniform_sphere,850,79
torus_genus1,1,uniform_sphere,851,69
torus_genus1,1,uniform_sphere,852,111
torus_genus1,1,uniform_sphere,853,85
torus_genus1,1,uniform_sphere,854,60
torus_genus1,1,uniform_sphere,855,74
torus_genus1,1,uniform_sphere,856,67
torus_genus1,1,uniform_sphere,857,66
torus_genus1,1,uniform_sphere,858,86
torus_genus1,1,uniform_sphere,859,90
torus_genus1,1,uniform_sphere,860,93
torus_genus1,1,uniform_sphere,861,64
torus_genus1,1,uniform_sphere,862,77
torus_genus1,1,uniform_sphere,863,80
torus_genus1,1,uniform_sphere,864,74
torus_genus1,1,uniform_sphere,865,88
torus_genus1,1,uniform_sphere,866,76
torus_genus1,1,uniform_sphere,867,58
torus_genus1,1,uniform_sphere,868,83
torus_genus1,1,uniform_sphere,869,89
torus_genus1,1,uniform_sphere,870,89
torus_genus1,1,uniform_sphere,871,71
torus_genus1,1,uniform_sphere,872,96
torus_genus1,1,uniform_sphere,873,91
torus_genus1,1,uniform_sphere,874,81
torus_genus1,1,uniform_sphere,875,81
torus_genus1,1,uniform_sphere,876,81
torus_genus1,1,uniform_sphere,877,85
torus_genus1,1,uniform_sphere,878,97
torus_genus1,1,uniform_sphere,879,64
torus_genus1,1,uniform_sphere,880,68
torus_genus1,1,uniform_sphere,881,89
torus_genus1,1,uniform_sphere,882,77
torus_genus1,1,uniform_sphere,883,89
torus_genus1,1,uniform_sphere,884,88
torus_genus1,1,uniform_sphere,885,75
torus_genus1,1,uniform_sphere,886,61
torus_genus1,1,uniform_sphere,887,81
torus_genus1,1,uniform_sphere,888,82
torus_genus1,1,uniform_sphere,889,70
torus_genus1,1,uniform_sphere,890,82
torus_genus1,1,uniform_sphere,891,66
torus_genus1,1,uniform_sphere,892,79
torus_genus1,1,uniform_sphere,893,74
torus_genus1,1,uniform_sphere,894,92
torus_genus1,1,uniform_sphere,895,65
torus_genus1,1,uniform_sphere,896,80
torus_genus1,1,uniform_sphere,897,86
torus_genus1,1,uniform_sphere,898,63
torus_genus1,1,uniform_sphere,899,60
torus_genus1,1,uniform_sphere,900,63
torus_genus1,1,uniform_sphere,901,82
torus_genus1,1,uniform_sphere,902,84
torus_genus1,1,uniform_sphere,903,68
torus_genus1,1,uniform_sphere,904,80
torus_genus1,1,uniform_sphere,905,90
torus_genus1,1,uniform_sphere,906,67
torus_genus1,1,uniform_sphere,907,64
torus_genus1,1,uniform_sphere,908,78
torus_genus1,1,uniform_sphere,909,92
torus_genus1,1,uniform_sphere,910,89
torus_genus1,1,uniform_sphere,911,68
torus_genus1,1,uniform_sphere,912,79
torus_genus1,1,uniform_sphere,913,74
torus_genus1,1,uniform_sphere,914,86
torus_genus1,1,uniform_sphere,915,71
torus_genus1,1,uniform_sphere,916,91
torus_genus1,1,uniform_sphere,917,66
torus_genus1,1,uniform_sphere,918,80
torus_genus1,1,uniform_sphere,919,76
torus_genus1,1,uniform_sphere,920,91
torus_genus1,1,uniform_sphere,921,74
torus_genus1,1,uniform_sphere,922,74
torus_genus1,1,uniform_sphere,923,67
torus_genus1,1,uniform_sphere,924,92
torus_genus1,1,uniform_sphere,925,85
torus_genus1,1,uniform_sphere,926,80
torus_genus1,1,uniform_sphere,927,88
torus_genus1,1,uniform_sphere,928,63
torus_genus1,1,uniform_sphere,929,72
torus_genus1,1,uniform_sphere,930,92
torus_genus1,1,uniform_sphere,931,104
torus_genus1,1,uniform_sphere,932,84
torus_genus1,1,uniform_sphere,933,73
torus_genus1,1,uniform_sphere,934,80
torus_genus1,1,uniform_sphere,935,78
torus_genus1,1,uniform_sphere,936,107
torus_genus1,1,uniform_sphere,937,90
torus_genus1,1,uniform_sphere,938,82
torus_genus1,1,uniform_sphere,939,75
torus_genus1,1,uniform_sphere,940,85
torus_genus1,1,uniform_sphere,941,83
torus_genus1,1,uniform_sphere,942,95
torus_genus1,1,uniform_sphere,943,90
torus_genus1,1,uniform_sphere,944,81
torus_genus1,1,uniform_sphere,945,93
torus_genus1,1,uniform_sphere,946,62
torus_genus1,1,uniform_sphere,947,64
torus_genus1,1,uniform_sphere,948,87
torus_genus1,1,uniform_sphere,949,80
torus_genus1,1,uniform_sphere,950,73
torus_genus1,1,uniform_sphere,951,95
torus_genus1,1,uniform_sphere,952,71
torus_genus1,1,uniform_sphere,953,81
torus_genus1,1,uniform_sphere,954,75
torus_genus1,1,uniform_sphere,955,78
torus_genus1,1,uniform_sphere,956,69
torus_genus1,1,uniform_sphere,957,82
torus_genus1,1,uniform_sphere,958,94
torus_genus1,1,uniform_sphere,959,60
torus_genus1,1,uniform_sphere,960,92
torus_genus1,1,uniform_sphere,961,77
torus_genus1,1,uniform_sphere,962,67
torus_genus1,1,uniform_sphere,963,75
torus_genus1,1,uniform_sphere,964,62
torus_genus1,1,uniform_sphere,965,83
torus_genus1,1,uniform_sphere,966,90
torus_genus1,1,uniform_sphere,967,70
torus_genus1,1,uniform_sphere,968,68
torus_genus1,1,uniform_sphere,969,75
torus_genus1,1,uniform_sphere,970,82
torus_genus1,1,uniform_sphere,971,70
torus_genus1,1,uniform_sphere,972,69
torus_genus1,1,uniform_sphere,973,56
torus_genus1,1,uniform_sphere,974,72
torus_genus1,1,uniform_sphere,975,84
torus_genus1,1,uniform_sphere,976,86
torus_genus1,1,uniform_sphere,977,71
torus_genus1,1,uniform_sphere,978,53
torus_genus1,1,uniform_sphere,979,98
torus_genus1,1,uniform_sphere,980,87
torus_genus1,1,uniform_sphere,981,84
torus_genus1,1,uniform_sphere,982,69
torus_genus1,1,uniform_sphere,983,89
torus_genus1,1,uniform_sphere,984,82
torus_genus1,1,uniform_sphere,985,79
torus_genus1,1,uniform_sphere,986,86
torus_genus1,1,uniform_sphere,987,84
torus_genus1,1,uniform_sphere,988,81
torus_genus1,1,uniform_sphere,989,69
torus_genus1,1,uniform_sphere,990,106
torus_genus1,1,uniform_sphere,991,75
torus_genus1,1,uniform_sphere,992,79
torus_genus1,1,uniform_sphere,993,67
torus_genus1,1,uniform_sphere,994,79
torus_genus1,1,uniform_sphere,995,84
torus_genus1,1,uniform_sphere,996,72
torus_genus1,1,uniform_sphere,997,80
torus_genus1,1,uniform_sphere,998,89
torus_genus1,1,uniform_sphere,999,73
torus_genus1,1,dirichlet,0,65
torus_genus1,1,dirichlet,1,68
torus_genus1,1,dirichlet,2,93
torus_genus1,1,dirichlet,3,82
torus_genus1,1,dirichlet,4,79
torus_genus1,1,dirichlet,5,72
torus_genus1,1,dirichlet,6,89
torus_genus1,1,dirichlet,7,86
torus_genus1,1,dirichlet,8,97
torus_genus1,1,dirichlet,9,85
torus_genus1,1,dirichlet,10,73
torus_genus1,1,dirichlet,11,61
torus_genus1,1,dirichlet,12,90
torus_genus1,1,dirichlet,13,82
torus_genus1,1,dirichlet,14,72
torus_genus1,1,dirichlet,15,73
torus_genus1,1,dirichlet,16,69
torus_genus1,1,dirichlet,17,73
torus_genus1,1,dirichlet,18,76
torus_genus1,1,dirichlet,19,62
torus_genus1,1,dirichlet,20,87
torus_genus1,1,dirichlet,21,77
torus_genus1,1,dirichlet,22,61
torus_genus1,1,dirichlet,23,73
torus_genus1,1,dirichlet,24,81
torus_genus1,1,dirichlet,25,66
torus_genus1,1,dirichlet,26,76
torus_genus1,1,dirichlet,27,77
torus_genus1,1,dirichlet,28,67
torus_genus1,1,dirichlet,29,68
torus_genus1,1,dirichlet,30,97
torus_genus1,1,dirichlet,31,96
torus_genus1,1,dirichlet,32,74
torus_genus1,1,dirichlet,33,78
torus_genus1,1,dirichlet,34,83
torus_genus1,1,dirichlet,35,79
torus_genus1,1,dirichlet,36,75
torus_genus1,1,dirichlet,37,81
torus_genus1,1,dirichlet,38,67
torus_genus1,1,dirichlet,39,78
torus_genus1,1,dirichlet,40,80
torus_genus1,1,dirichlet,41,82
torus_genus1,1,dirichlet,42,78
torus_genus1,1,dirichlet,43,81
torus_genus1,1,dirichlet,44,80
torus_genus1,1,dirichlet,45,70
torus_genus1,1,dirichlet,46,77
torus_genus1,1,dirichlet,47,86
torus_genus1,1,dirichlet,48,79
torus_genus1,1,dirichlet,49,82
torus_genus1,1,dirichlet,50,66
torus_genus1,1,dirichlet,51,81
torus_genus1,1,dirichlet,52,87
torus_genus1,1,dirichlet,53,66
torus_genus1,1,dirichlet,54,68
torus_genus1,1,dirichlet,55,66
torus_genus1,1,dirichlet,56,88
torus_genus1,1,dirichlet,57,86
torus_genus1,1,dirichlet,58,70
torus_genus1,1,dirichlet,59,72
torus_genus1,1,dirichlet,60,63
torus_genus1,1,dirichlet,61,68
torus_genus1,1,dirichlet,62,80
torus_genus1,1,dirichlet,63,68
torus_genus1,1,dirichlet,64,68
torus_genus1,1,dirichlet,65,83
torus_genus1,1,dirichlet,66,78
torus_genus1,1,dirichlet,67,77
torus_genus1,1,dirichlet,68,79
torus_genus1,1,dirichlet,69,72
torus_genus1,1,dirichlet,70,57
torus_genus1,1,dirichlet,71,87
torus_genus1,1,dirichlet,72,77
torus_genus1,1,dirichlet,73,73
torus_genus1,1,dirichlet,74,103
torus_genus1,1,dirichlet,75,68
torus_genus1,1,dirichlet,76,74
torus_genus1,1,dirichlet,77,70
torus_genus1,1,dirichlet,78,70
torus_genus1,1,dirichlet,79,78
torus_genus1,1,dirichlet,80,92
torus_genus1,1,dirichlet,81,71
torus_genus1,1,dirichlet,82,72
torus_genus1,1,dirichlet,83,78
torus_genus1,1,dirichlet,84,81
torus_genus1,1,dirichlet,85,92
torus_genus1,1,dirichlet,86,53
torus_genus1,1,dirichlet,87,77
torus_genus1,1,dirichlet,88,69
torus_genus1,1,dirichlet,89,83
torus_genus1,1,dirichlet,90,73
torus_genus1,1,dirichlet,91,81
torus_genus1,1,dirichlet,92,78
torus_genus1,1,dirichlet,93,73
torus_genus1,1,dirichlet,94,72
torus_genus1,1,dirichlet,95,88
torus_genus1,1,dirichlet,96,74
torus_genus1,1,dirichlet,97,72
torus_genus1,1,dirichlet,98,71
torus_genus1,1,dirichlet,99,74
torus_genus1,1,dirichlet,100,73
torus_genus1,1,dirichlet,101,71
torus_genus1,1,dirichlet,102,68
torus_genus1,1,dirichlet,103,60
torus_genus1,1,dirichlet,104,96
torus_genus1,1,dirichlet,105,67
torus_genus1,1,dirichlet,106,65
torus_genus1,1,dirichlet,107,77
torus_genus1,1,dirichlet,108,87
torus_genus1,1,dirichlet,109,60
torus_genus1,1,dirichlet,110,62
torus_genus1,1,dirichlet,111,85
torus_genus1,1,dirichlet,112,72
torus_genus1,1,dirichlet,113,90
torus_genus1,1,dirichlet,114,88
torus_genus1,1,dirichlet,115,70
torus_genus1,1,dirichlet,116,96
torus_genus1,1,dirichlet,117,87
torus_genus1,1,dirichlet,118,77
torus_genus1,1,dirichlet,119,62
torus_genus1,1,dirichlet,120,90
torus_genus1,1,dirichlet,121,67
torus_genus1,1,dirichlet,122,78
torus_genus1,1,dirichlet,123,88
torus_genus1,1,dirichlet,124,96
torus_genus1,1,dirichlet,125,93
torus_genus1,1,dirichlet,126,77
torus_genus1,1,dirichlet,127,87
torus_genus1,1,dirichlet,128,66
torus_genus1,1,dirichlet,129,77
torus_genus1,1,dirichlet,130,85
torus_genus1,1,dirichlet,131,70
torus_genus1,1,dirichlet,132,82
torus_genus1,1,dirichlet,133,87
torus_genus1,1,dirichlet,134,92
torus_genus1,1,dirichlet,135,66
torus_genus1,1,dirichlet,136,65
torus_genus1,1,dirichlet,137,69
torus_genus1,1,dirichlet,138,73
torus_genus1,1,dirichlet,139,85
torus_genus1,1,dirichlet,140,77
torus_genus1,1,dirichlet,141,84
torus_genus1,1,dirichlet,142,55
torus_genus1,1,dirichlet,143,74
torus_genus1,1,dirichlet,144,72
torus_genus1,1,dirichlet,145,92
torus_genus1,1,dirichlet,146,85
torus_genus1,1,dirichlet,147,65
torus_genus1,1,dirichlet,148,85
torus_genus1,1,dirichlet,149,66
torus_genus1,1,dirichlet,150,61
torus_genus1,1,dirichlet,151,73
torus_genus1,1,dirichlet,152,65
torus_genus1,1,dirichlet,153,74
torus_genus1,1,dirichlet,154,69
torus_genus1,1,dirichlet,155,68
torus_genus1,1,dirichlet,156,74
torus_genus1,1,dirichlet,157,62
torus_genus1,1,dirichlet,158,94
torus_genus1,1,dirichlet,159,96
torus_genus1,1,dirichlet,160,93
torus_genus1,1,dirichlet,161,63
torus_genus1,1,dirichlet,162,68
torus_genus1,1,dirichlet,163,89
torus_genus1,1,dirichlet,164,88
torus_genus1,1,dirichlet,165,71
torus_genus1,1,dirichlet,166,55
torus_genus1,1,dirichlet,167,71
torus_genus1,1,dirichlet,168,71
torus_genus1,1,dirichlet,169,75
torus_genus1,1,dirichlet,170,62
torus_genus1,1,dirichlet,171,75
torus_genus1,1,dirichlet,172,80
torus_genus1,1,dirichlet,173,85
torus_genus1,1,dirichlet,174,84
torus_genus1,1,dirichlet,175,69
torus_genus1,1,dirichlet,176,80
torus_genus1,1,dirichlet,177,91
torus_genus1,1,dirichlet,178,60
torus_genus1,1,dirichlet,179,59
torus_genus1,1,dirichlet,180,82
torus_genus1,1,dirichlet,181,63
torus_genus1,1,dirichlet,182,90
torus_genus1,1,dirichlet,183,75
torus_genus1,1,dirichlet,184,72
torus_genus1,1,dirichlet,185,82
torus_genus1,1,dirichlet,186,75
torus_genus1,1,dirichlet,187,78
torus_genus1,1,dirichlet,188,57
torus_genus1,1,dirichlet,189,72
torus_genus1,1,dirichlet,190,61
torus_genus1,1,dirichlet,191,86
torus_genus1,1,dirichlet,192,74
torus_genus1,1,dirichlet,193,90
torus_genus1,1,dirichlet,194,96
torus_genus1,1,dirichlet,195,77
torus_genus1,1,dirichlet,196,70
torus_genus1,1,dirichlet,197,59
torus_genus1,1,dirichlet,198,86
torus_genus1,1,dirichlet,199,66
torus_genus1,1,dirichlet,200,83
torus_genus1,1,dirichlet,201,96
torus_genus1,1,dirichlet,202,74
torus_genus1,1,dirichlet,203,79
torus_genus1,1,dirichlet,204,81
torus_genus1,1,dirichlet,205,83
torus_genus1,1,dirichlet,206,91
torus_genus1,1,dirichlet,207,64
torus_genus1,1,dirichlet,208,78
torus_genus1,1,dirichlet,209,79
torus_genus1,1,dirichlet,210,91
torus_genus1,1,dirichlet,211,81
torus_genus1,1,dirichlet,212,70
torus_genus1,1,dirichlet,213,65
torus_genus1,1,dirichlet,214,75
torus_genus1,1,dirichlet,215,67
torus_genus1,1,dirichlet,216,78
torus_genus1,1,dirichlet,217,79
torus_genus1,1,dirichlet,218,74
torus_genus1,1,dirichlet,219,72
torus_genus1,1,dirichlet,220,77
torus_genus1,1,dirichlet,221,65
torus_genus1,1,dirichlet,222,72
torus_genus1,1,dirichlet,223,63
torus_genus1,1,dirichlet,224,91
torus_genus1,1,dirichlet,225,71
torus_genus1,1,dirichlet,226,88
torus_genus1,1,dirichlet,227,60
torus_genus1,1,dirichlet,228,81
torus_genus1,1,dirichlet,229,69
torus_genus1,1,dirichlet,230,66
torus_genus1,1,dirichlet,231,69
torus_genus1,1,dirichlet,232,96
torus_genus1,1,dirichlet,233,84
torus_genus1,1,dirichlet,234,77
torus_genus1,1,dirichlet,235,79
torus_genus1,1,dirichlet,236,78
torus_genus1,1,dirichlet,237,98
torus_genus1,1,dirichlet,238,78
torus_genus1,1,dirichlet,239,84
torus_genus1,1,dirichlet,240,80
torus_genus1,1,dirichlet,241,90
torus_genus1,1,dirichlet,242,63
torus_genus1,1,dirichlet,243,81
torus_genus1,1,dirichlet,244,78
torus_genus1,1,dirichlet,245,76
torus_genus1,1,dirichlet,246,81
torus_genus1,1,dirichlet,247,66
torus_genus1,1,dirichlet,248,84
torus_genus1,1,dirichlet,249,77
torus_genus1,1,dirichlet,250,63
torus_genus1,1,dirichlet,251,86
torus_genus1,1,dirichlet,252,70
torus_genus1,1,dirichlet,253,91
torus_genus1,1,dirichlet,254,79
torus_genus1,1,dirichlet,255,66
torus_genus1,1,dirichlet,256,72
torus_genus1,1,dirichlet,257,100
torus_genus1,1,dirichlet,258,87
torus_genus1,1,dirichlet,259,63
torus_genus1,1,dirichlet,260,68
torus_genus1,1,dirichlet,261,82
torus_genus1,1,dirichlet,262,76
torus_genus1,1,dirichlet,263,73
torus_genus1,1,dirichlet,264,53
torus_genus1,1,dirichlet,265,72
torus_genus1,1,dirichlet,266,71
torus_genus1,1,dirichlet,267,62
torus_genus1,1,dirichlet,268,75
torus_genus1,1,dirichlet,269,93
torus_genus1,1,dirichlet,270,85
torus_genus1,1,dirichlet,271,74
torus_genus1,1,dirichlet,272,72
torus_genus1,1,dirichlet,273,74
torus_genus1,1,dirichlet,274,82
torus_genus1,1,dirichlet,275,72
torus_genus1,1,dirichlet,276,98
torus_genus1,1,dirichlet,277,69
torus_genus1,1,dirichlet,278,84
torus_genus1,1,dirichlet,279,81
torus_genus1,1,dirichlet,280,79
torus_genus1,1,dirichlet,281,78
torus_genus1,1,dirichlet,282,100
torus_genus1,1,dirichlet,283,81
torus_genus1,1,dirichlet,284,69
torus_genus1,1,dirichlet,285,73
torus_genus1,1,dirichlet,286,82
torus_genus1,1,dirichlet,287,87
torus_genus1,1,dirichlet,288,89
torus_genus1,1,dirichlet,289,56
torus_genus1,1,dirichlet,290,77
torus_genus1,1,dirichlet,291,66
torus_genus1,1,dirichlet,292,60
torus_genus1,1,dirichlet,293,54
torus_genus1,1,dirichlet,294,72
torus_genus1,1,dirichlet,295,75
torus_genus1,1,dirichlet,296,85
torus_genus1,1,dirichlet,297,81
torus_genus1,1,dirichlet,298,80
torus_genus1,1,dirichlet,299,83
torus_genus1,1,dirichlet,300,88
torus_genus1,1,dirichlet,301,68
torus_genus1,1,dirichlet,302,88
torus_genus1,1,dirichlet,303,86
torus_genus1,1,dirichlet,304,84
torus_genus1,1,dirichlet,305,89
torus_genus1,1,dirichlet,306,87
torus_genus1,1,dirichlet,307,80
torus_genus1,1,dirichlet,308,75
torus_genus1,1,dirichlet,309,74
torus_genus1,1,dirichlet,310,78
torus_genus1,1,dirichlet,311,78
torus_genus1,1,dirichlet,312,65
torus_genus1,1,dirichlet,313,70
torus_genus1,1,dirichlet,314,66
torus_genus1,1,dirichlet,315,71
torus_genus1,1,dirichlet,316,53
torus_genus1,1,dirichlet,317,72
torus_genus1,1,dirichlet,318,72
torus_genus1,1,dirichlet,319,91
torus_genus1,1,dirichlet,320,82
torus_genus1,1,dirichlet,321,97
torus_genus1,1,dirichlet,322,70
torus_genus1,1,dirichlet,323,83
torus_genus1,1,dirichlet,324,76
torus_genus1,1,dirichlet,325,81
torus_genus1,1,dirichlet,326,73
torus_genus1,1,dirichlet,327,79
torus_genus1,1,dirichlet,328,71
torus_genus1,1,dirichlet,329,65
torus_genus1,1,dirichlet,330,67
torus_genus1,1,dirichlet,331,74
torus_genus1,1,dirichlet,332,67
torus_genus1,1,dirichlet,333,70
torus_genus1,1,dirichlet,334,92
torus_genus1,1,dirichlet,335,68
torus_genus1,1,dirichlet,336,63
torus_genus1,1,dirichlet,337,92
torus_genus1,1,dirichlet,338,55
torus_genus1,1,dirichlet,339,84
torus_genus1,1,dirichlet,340,59
torus_genus1,1,dirichlet,341,58
torus_genus1,1,dirichlet,342,74
torus_genus1,1,dirichlet,343,88
torus_genus1,1,dirichlet,344,62
torus_genus1,1,dirichlet,345,77
torus_genus1,1,dirichlet,346,59
torus_genus1,1,dirichlet,347,92
torus_genus1,1,dirichlet,348,56
torus_genus1,1,dirichlet,349,98
torus_genus1,1,dirichlet,350,75
torus_genus1,1,dirichlet,351,87
torus_genus1,1,dirichlet,352,73
torus_genus1,1,dirichlet,353,89
torus_genus1,1,dirichlet,354,60
torus_genus1,1,dirichlet,355,66
torus_genus1,1,dirichlet,356,68
torus_genus1,1,dirichlet,357,51
torus_genus1,1,dirichlet,358,78
torus_genus1,1,dirichlet,359,79
torus_genus1,1,dirichlet,360,67
torus_genus1,1,dirichlet,361,75
torus_genus1,1,dirichlet,362,75
torus_genus1,1,dirichlet,363,73
torus_genus1,1,dirichlet,364,77
torus_genus1,1,dirichlet,365,68
torus_genus1,1,dirichlet,366,71
torus_genus1,1,dirichlet,367,76
torus_genus1,1,dirichlet,368,75
torus_genus1,1,dirichlet,369,69
torus_genus1,1,dirichlet,370,76
torus_genus1,1,dirichlet,371,74
torus_genus1,1,dirichlet,372,72
torus_genus1,1,dirichlet,373,70
torus_genus1,1,dirichlet,374,91
torus_genus1,1,dirichlet,375,86
torus_genus1,1,dirichlet,376,79
torus_genus1,1,dirichlet,377,63
torus_genus1,1,dirichlet,378,96
torus_genus1,1,dirichlet,379,72
torus_genus1,1,dirichlet,380,74
torus_genus1,1,dirichlet,381,75
torus_genus1,1,dirichlet,382,71
torus_genus1,1,dirichlet,383,84
torus_genus1,1,dirichlet,384,70
torus_genus1,1,dirichlet,385,72
torus_genus1,1,dirichlet,386,66
torus_genus1,1,dirichlet,387,58
torus_genus1,1,dirichlet,388,84
torus_genus1,1,dirichlet,389,74
torus_genus1,1,dirichlet,390,71
torus_genus1,1,dirichlet,391,83
torus_genus1,1,dirichlet,392,91
torus_genus1,1,dirichlet,393,64
torus_genus1,1,dirichlet,394,80
torus_genus1,1,dirichlet,395,85
torus_genus1,1,dirichlet,396,54
torus_genus1,1,dirichlet,397,83
torus_genus1,1,dirichlet,398,65
torus_genus1,1,dirichlet,399,88
torus_genus1,1,dirichlet,400,78
torus_genus1,1,dirichlet,401,79
torus_genus1,1,dirichlet,402,84
torus_genus1,1,dirichlet,403,84
torus_genus1,1,dirichlet,404,74
torus_genus1,1,dirichlet,405,73
torus_genus1,1,dirichlet,406,87
torus_genus1,1,dirichlet,407,85
torus_genus1,1,dirichlet,408,73
torus_genus1,1,dirichlet,409,91
torus_genus1,1,dirichlet,410,85
torus_genus1,1,dirichlet,411,78
torus_genus1,1,dirichlet,412,72
torus_genus1,1,dirichlet,413,64
torus_genus1,1,dirichlet,414,64
torus_genus1,1,dirichlet,415,78
torus_genus1,1,dirichlet,416,68
torus_genus1,1,dirichlet,417,77
torus_genus1,1,dirichlet,418,63
torus_genus1,1,dirichlet,419,67
torus_genus1,1,dirichlet,420,77
torus_genus1,1,dirichlet,421,70
torus_genus1,1,dirichlet,422,63
torus_genus1,1,dirichlet,423,84
torus_genus1,1,dirichlet,424,64
torus_genus1,1,dirichlet,425,100
torus_genus1,1,dirichlet,426,90
torus_genus1,1,dirichlet,427,90
torus_genus1,1,dirichlet,428,79
torus_genus1,1,dirichlet,429,70
torus_genus1,1,dirichlet,430,74
torus_genus1,1,dirichlet,431,69
torus_genus1,1,dirichlet,432,70
torus_genus1,1,dirichlet,433,81
torus_genus1,1,dirichlet,434,78
torus_genus1,1,dirichlet,435,91
torus_genus1,1,dirichlet,436,76
torus_genus1,1,dirichlet,437,75
torus_genus1,1,dirichlet,438,56
torus_genus1,1,dirichlet,439,71
torus_genus1,1,dirichlet,440,85
torus_genus1,1,dirichlet,441,75
torus_genus1,1,dirichlet,442,74
torus_genus1,1,dirichlet,443,82
torus_genus1,1,dirichlet,444,64
torus_genus1,1,dirichlet,445,78
torus_genus1,1,dirichlet,446,76
torus_genus1,1,dirichlet,447,70
torus_genus1,1,dirichlet,448,88
torus_genus1,1,dirichlet,449,77
torus_genus1,1,dirichlet,450,86
torus_genus1,1,dirichlet,451,79
torus_genus1,1,dirichlet,452,72
torus_genus1,1,dirichlet,453,73
torus_genus1,1,dirichlet,454,66
torus_genus1,1,dirichlet,455,66
torus_genus1,1,dirichlet,456,79
torus_genus1,1,dirichlet,457,74
torus_genus1,1,dirichlet,458,84
torus_genus1,1,dirichlet,459,75
torus_genus1,1,dirichlet,460,76
torus_genus1,1,dirichlet,461,81
torus_genus1,1,dirichlet,462,60
torus_genus1,1,dirichlet,463,67
torus_genus1,1,dirichlet,464,56
torus_genus1,1,dirichlet,465,92
torus_genus1,1,dirichlet,466,74
torus_genus1,1,dirichlet,467,71
torus_genus1,1,dirichlet,468,52
torus_genus1,1,dirichlet,469,78
torus_genus1,1,dirichlet,470,63
torus_genus1,1,dirichlet,471,56
torus_genus1,1,dirichlet,472,68
torus_genus1,1,dirichlet,473,69
torus_genus1,1,dirichlet,474,88
torus_genus1,1,dirichlet,475,80
torus_genus1,1,dirichlet,476,79
torus_genus1,1,dirichlet,477,79
torus_genus1,1,dirichlet,478,72
torus_genus1,1,dirichlet,479,81
torus_genus1,1,dirichlet,480,76
torus_genus1,1,dirichlet,481,73
torus_genus1,1,dirichlet,482,72
torus_genus1,1,dirichlet,483,96
torus_genus1,1,dirichlet,484,84
torus_genus1,1,dirichlet,485,90
torus_genus1,1,dirichlet,486,64
torus_genus1,1,dirichlet,487,70
torus_genus1,1,dirichlet,488,75
torus_genus1,1,dirichlet,489,72
torus_genus1,1,dirichlet,490,65
torus_genus1,1,dirichlet,491,76
torus_genus1,1,dirichlet,492,70
torus_genus1,1,dirichlet,493,74
torus_genus1,1,dirichlet,494,84
torus_genus1,1,dirichlet,495,73
torus_genus1,1,dirichlet,496,72
torus_genus1,1,dirichlet,497,71
torus_genus1,1,dirichlet,498,82
torus_genus1,1,dirichlet,499,58
torus_genus1,1,dirichlet,500,82
torus_genus1,1,dirichlet,501,72
torus_genus1,1,dirichlet,502,70
torus_genus1,1,dirichlet,503,89
torus_genus1,1,dirichlet,504,78
torus_genus1,1,dirichlet,505,86
torus_genus1,1,dirichlet,506,70
torus_genus1,1,dirichlet,507,70
torus_genus1,1,dirichlet,508,100
torus_genus1,1,dirichlet,509,84
torus_genus1,1,dirichlet,510,80
torus_genus1,1,dirichlet,511,80
torus_genus1,1,dirichlet,512,72
torus_genus1,1,dirichlet,513,84
torus_genus1,1,dirichlet,514,89
torus_genus1,1,dirichlet,515,75
torus_genus1,1,dirichlet,516,65
torus_genus1,1,dirichlet,517,69
torus_genus1,1,dirichlet,518,83
torus_genus1,1,dirichlet,519,53
torus_genus1,1,dirichlet,520,83
torus_genus1,1,dirichlet,521,93
torus_genus1,1,dirichlet,522,65
torus_genus1,1,dirichlet,523,57
torus_genus1,1,dirichlet,524,63
torus_genus1,1,dirichlet,525,68
torus_genus1,1,dirichlet,526,66
torus_genus1,1,dirichlet,527,82
torus_genus1,1,dirichlet,528,77
torus_genus1,1,dirichlet,529,72
torus_genus1,1,dirichlet,530,78
torus_genus1,1,dirichlet,531,66
torus_genus1,1,dirichlet,532,73
torus_genus1,1,dirichlet,533,67
torus_genus1,1,dirichlet,534,64
torus_genus1,1,dirichlet,535,77
torus_genus1,1,dirichlet,536,80
torus_genus1,1,dirichlet,537,94
torus_genus1,1,dirichlet,538,87
torus_genus1,1,dirichlet,539,77
torus_genus1,1,dirichlet,540,85
torus_genus1,1,dirichlet,541,81
torus_genus1,1,dirichlet,542,79
torus_genus1,1,dirichlet,543,78
torus_genus1,1,dirichlet,544,89
torus_genus1,1,dirichlet,545,55
torus_genus1,1,dirichlet,546,68
torus_genus1,1,dirichlet,547,75
torus_genus1,1,dirichlet,548,63
torus_genus1,1,dirichlet,549,87
torus_genus1,1,dirichlet,550,84
torus_genus1,1,dirichlet,551,65
torus_genus1,1,dirichlet,552,70
torus_genus1,1,dirichlet,553,68
torus_genus1,1,dirichlet,554,65
torus_genus1,1,dirichlet,555,82
torus_genus1,1,dirichlet,556,72
torus_genus1,1,dirichlet,557,82
torus_genus1,1,dirichlet,558,70
torus_genus1,1,dirichlet,559,76
torus_genus1,1,dirichlet,560,67
torus_genus1,1,dirichlet,561,88
torus_genus1,1,dirichlet,562,84
torus_genus1,1,dirichlet,563,69
torus_genus1,1,dirichlet,564,76
torus_genus1,1,dirichlet,565,67
torus_genus1,1,dirichlet,566,66
torus_genus1,1,dirichlet,567,72
torus_genus1,1,dirichlet,568,95
torus_genus1,1,dirichlet,569,74
torus_genus1,1,dirichlet,570,74
torus_genus1,1,dirichlet,571,67
torus_genus1,1,dirichlet,572,78
torus_genus1,1,dirichlet,573,80
torus_genus1,1,dirichlet,574,72
torus_genus1,1,dirichlet,575,61
torus_genus1,1,dirichlet,576,92
torus_genus1,1,dirichlet,577,72
torus_genus1,1,dirichlet,578,71
torus_genus1,1,dirichlet,579,79
torus_genus1,1,dirichlet,580,74
torus_genus1,1,dirichlet,581,85
torus_genus1,1,dirichlet,582,81
torus_genus1,1,dirichlet,583,73
torus_genus1,1,dirichlet,584,72
torus_genus1,1,dirichlet,585,71
torus_genus1,1,dirichlet,586,87
torus_genus1,1,dirichlet,587,88
torus_genus1,1,dirichlet,588,88
torus_genus1,1,dirichlet,589,89
torus_genus1,1,dirichlet,590,69
torus_genus1,1,dirichlet,591,74
torus_genus1,1,dirichlet,592,63
torus_genus1,1,dirichlet,593,71
torus_genus1,1,dirichlet,594,75
torus_genus1,1,dirichlet,595,67
torus_genus1,1,dirichlet,596,81
torus_genus1,1,dirichlet,597,77
torus_genus1,1,dirichlet,598,67
torus_genus1,1,dirichlet,599,78
torus_genus1,1,dirichlet,600,66
torus_genus1,1,dirichlet,601,68
torus_genus1,1,dirichlet,602,85
torus_genus1,1,dirichlet,603,69
torus_genus1,1,dirichlet,604,95
torus_genus1,1,dirichlet,605,73
torus_genus1,1,dirichlet,606,74
torus_genus1,1,dirichlet,607,82
torus_genus1,1,dirichlet,608,69
torus_genus1,1,dirichlet,609,68
torus_genus1,1,dirichlet,610,59
torus_genus1,1,dirichlet,611,74
torus_genus1,1,dirichlet,612,87
torus_genus1,1,dirichlet,613,83
torus_genus1,1,dirichlet,614,79
torus_genus1,1,dirichlet,615,84
torus_genus1,1,dirichlet,616,79
torus_genus1,1,dirichlet,617,86
torus_genus1,1,dirichlet,618,82
torus_genus1,1,dirichlet,619,69
torus_genus1,1,dirichlet,620,78
torus_genus1,1,dirichlet,621,75
torus_genus1,1,dirichlet,622,62
torus_genus1,1,dirichlet,623,82
torus_genus1,1,dirichlet,624,90
torus_genus1,1,dirichlet,625,69
torus_genus1,1,dirichlet,626,85
torus_genus1,1,dirichlet,627,69
torus_genus1,1,dirichlet,628,99
torus_genus1,1,dirichlet,629,79
torus_genus1,1,dirichlet,630,81
torus_genus1,1,dirichlet,631,101
torus_genus1,1,dirichlet,632,89
torus_genus1,1,dirichlet,633,74
torus_genus1,1,dirichlet,634,80
torus_genus1,1,dirichlet,635,77
torus_genus1,1,dirichlet,636,74
torus_genus1,1,dirichlet,637,79
torus_genus1,1,dirichlet,638,65
torus_genus1,1,dirichlet,639,58
torus_genus1,1,dirichlet,640,77
torus_genus1,1,dirichlet,641,79
torus_genus1,1,dirichlet,642,86
torus_genus1,1,dirichlet,643,80
torus_genus1,1,dirichlet,644,64
torus_genus1,1,dirichlet,645,86
torus_genus1,1,dirichlet,646,95
torus_genus1,1,dirichlet,647,76
torus_genus1,1,dirichlet,648,74
torus_genus1,1,dirichlet,649,79
torus_genus1,1,dirichlet,650,89
torus_genus1,1,dirichlet,651,68
torus_genus1,1,dirichlet,652,75
torus_genus1,1,dirichlet,653,77
torus_genus1,1,dirichlet,654,67
torus_genus1,1,dirichlet,655,63
torus_genus1,1,dirichlet,656,55
torus_genus1,1,dirichlet,657,91
torus_genus1,1,dirichlet,658,78
torus_genus1,1,dirichlet,659,72
torus_genus1,1,dirichlet,660,93
torus_genus1,1,dirichlet,661,82
torus_genus1,1,dirichlet,662,59
torus_genus1,1,dirichlet,663,72
torus_genus1,1,dirichlet,664,68
torus_genus1,1,dirichlet,665,78
torus_genus1,1,dirichlet,666,90
torus_genus1,1,dirichlet,667,67
torus_genus1,1,dirichlet,668,69
torus_genus1,1,dirichlet,669,78
torus_genus1,1,dirichlet,670,101
torus_genus1,1,dirichlet,671,67
torus_genus1,1,dirichlet,672,105
torus_genus1,1,dirichlet,673,72
torus_genus1,1,dirichlet,674,89
torus_genus1,1,dirichlet,675,65
torus_genus1,1,dirichlet,676,70
torus_genus1,1,dirichlet,677,72
torus_genus1,1,dirichlet,678,80
torus_genus1,1,dirichlet,679,91
torus_genus1,1,dirichlet,680,71
torus_genus1,1,dirichlet,681,77
torus_genus1,1,dirichlet,682,52
torus_genus1,1,dirichlet,683,87
torus_genus1,1,dirichlet,684,69
torus_genus1,1,dirichlet,685,79
torus_genus1,1,dirichlet,686,80
torus_genus1,1,dirichlet,687,59
torus_genus1,1,dirichlet,688,80
torus_genus1,1,dirichlet,689,87
torus_genus1,1,dirichlet,690,88
torus_genus1,1,dirichlet,691,73
torus_genus1,1,dirichlet,692,58
torus_genus1,1,dirichlet,693,78
torus_genus1,1,dirichlet,694,80
torus_genus1,1,dirichlet,695,66
torus_genus1,1,dirichlet,696,78
torus_genus1,1,dirichlet,697,75
torus_genus1,1,dirichlet,698,82
torus_genus1,1,dirichlet,699,83
torus_genus1,1,dirichlet,700,82
torus_genus1,1,dirichlet,701,75
torus_genus1,1,dirichlet,702,74
torus_genus1,1,dirichlet,703,85
torus_genus1,1,dirichlet,704,71
torus_genus1,1,dirichlet,705,73
torus_genus1,1,dirichlet,706,86
torus_genus1,1,dirichlet,707,78
torus_genus1,1,dirichlet,708,85
torus_genus1,1,dirichlet,709,70
torus_genus1,1,dirichlet,710,76
torus_genus1,1,dirichlet,711,76
torus_genus1,1,dirichlet,712,75
torus_genus1,1,dirichlet,713,74
torus_genus1,1,dirichlet,714,91
torus_genus1,1,dirichlet,715,63
torus_genus1,1,dirichlet,716,78
torus_genus1,1,dirichlet,717,70
torus_genus1,1,dirichlet,718,87
torus_genus1,1,dirichlet,719,67
torus_genus1,1,dirichlet,720,78
torus_genus1,1,dirichlet,721,73
torus_genus1,1,dirichlet,722,85
torus_genus1,1,dirichlet,723,68
torus_genus1,1,dirichlet,724,87
torus_genus1,1,dirichlet,725,76
torus_genus1,1,dirichlet,726,67
torus_genus1,1,dirichlet,727,74
torus_genus1,1,dirichlet,728,72
torus_genus1,1,dirichlet,729,82
torus_genus1,1,dirichlet,730,71
torus_genus1,1,dirichlet,731,76
torus_genus1,1,dirichlet,732,78
torus_genus1,1,dirichlet,733,79
torus_genus1,1,dirichlet,734,84
torus_genus1,1,dirichlet,735,89
torus_genus1,1,dirichlet,736,83
torus_genus1,1,dirichlet,737,75
torus_genus1,1,dirichlet,738,97
torus_genus1,1,dirichlet,739,65
torus_genus1,1,dirichlet,740,73
torus_genus1,1,dirichlet,741,82
torus_genus1,1,dirichlet,742,72
torus_genus1,1,dirichlet,743,80
torus_genus1,1,dirichlet,744,79
torus_genus1,1,dirichlet,745,91
torus_genus1,1,dirichlet,746,68
torus_genus1,1,dirichlet,747,65
torus_genus1,1,dirichlet,748,91
torus_genus1,1,dirichlet,749,72
torus_genus1,1,dirichlet,750,73
torus_genus1,1,dirichlet,751,70
torus_genus1,1,dirichlet,752,49
torus_genus1,1,dirichlet,753,79
torus_genus1,1,dirichlet,754,80
torus_genus1,1,dirichlet,755,65
torus_genus1,1,dirichlet,756,85
torus_genus1,1,dirichlet,757,78
torus_genus1,1,dirichlet,758,79
torus_genus1,1,dirichlet,759,94
torus_genus1,1,dirichlet,760,87
torus_genus1,1,dirichlet,761,57
torus_genus1,1,dirichlet,762,74
torus_genus1,1,dirichlet,763,90
torus_genus1,1,dirichlet,764,79
torus_genus1,1,dirichlet,765,84
torus_genus1,1,dirichlet,766,90
torus_genus1,1,dirichlet,767,87
torus_genus1,1,dirichlet,768,72
torus_genus1,1,dirichlet,769,72
torus_genus1,1,dirichlet,770,80
torus_genus1,1,dirichlet,771,67
torus_genus1,1,dirichlet,772,71
torus_genus1,1,dirichlet,773,60
torus_genus1,1,dirichlet,774,80
torus_genus1,1,dirichlet,775,77
torus_genus1,1,dirichlet,776,85
torus_genus1,1,dirichlet,777,61
torus_genus1,1,dirichlet,778,69
torus_genus1,1,dirichlet,779,75
torus_genus1,1,dirichlet,780,87
torus_genus1,1,dirichlet,781,93
torus_genus1,1,dirichlet,782,109
torus_genus1,1,dirichlet,783,82
torus_genus1,1,dirichlet,784,67
torus_genus1,1,dirichlet,785,84
torus_genus1,1,dirichlet,786,88
torus_genus1,1,dirichlet,787,80
torus_genus1,1,dirichlet,788,84
torus_genus1,1,dirichlet,789,80
torus_genus1,1,dirichlet,790,83
torus_genus1,1,dirichlet,791,68
torus_genus1,1,dirichlet,792,72
torus_genus1,1,dirichlet,793,69
torus_genus1,1,dirichlet,794,73
torus_genus1,1,dirichlet,795,66
torus_genus1,1,dirichlet,796,106
torus_genus1,1,dirichlet,797,73
torus_genus1,1,dirichlet,798,74
torus_genus1,1,dirichlet,799,87
torus_genus1,1,dirichlet,800,86
torus_genus1,1,dirichlet,801,75
torus_genus1,1,dirichlet,802,79
torus_genus1,1,dirichlet,803,85
torus_genus1,1,dirichlet,804,85
torus_genus1,1,dirichlet,805,84
torus_genus1,1,dirichlet,806,62
torus_genus1,1,dirichlet,807,71
torus_genus1,1,dirichlet,808,76
torus_genus1,1,dirichlet,809,100
torus_genus1,1,dirichlet,810,59
torus_genus1,1,dirichlet,811,89
torus_genus1,1,dirichlet,812,68
torus_genus1,1,dirichlet,813,81
torus_genus1,1,dirichlet,814,92
torus_genus1,1,dirichlet,815,66
torus_genus1,1,dirichlet,816,93
torus_genus1,1,dirichlet,817,95
torus_genus1,1,dirichlet,818,77
torus_genus1,1,dirichlet,819,78
torus_genus1,1,dirichlet,820,73
torus_genus1,1,dirichlet,821,80
torus_genus1,1,dirichlet,822,73
torus_genus1,1,dirichlet,823,56
torus_genus1,1,dirichlet,824,76
torus_genus1,1,dirichlet,825,69
torus_genus1,1,dirichlet,826,72
torus_genus1,1,dirichlet,827,88
torus_genus1,1,dirichlet,828,74
torus_genus1,1,dirichlet,829,75
torus_genus1,1,dirichlet,830,93
torus_genus1,1,dirichlet,831,87
torus_genus1,1,dirichlet,832,66
torus_genus1,1,dirichlet,833,86
torus_genus1,1,dirichlet,834,78
torus_genus1,1,dirichlet,835,88
torus_genus1,1,dirichlet,836,82
torus_genus1,1,dirichlet,837,67
torus_genus1,1,dirichlet,838,71
torus_genus1,1,dirichlet,839,67
torus_genus1,1,dirichlet,840,76
torus_genus1,1,dirichlet,841,72
torus_genus1,1,dirichlet,842,80
torus_genus1,1,dirichlet,843,82
torus_genus1,1,dirichlet,844,71
torus_genus1,1,dirichlet,845,65
torus_genus1,1,dirichlet,846,91
torus_genus1,1,dirichlet,847,78
torus_genus1,1,dirichlet,848,65
torus_genus1,1,dirichlet,849,78
torus_genus1,1,dirichlet,850,81
torus_genus1,1,dirichlet,851,65
torus_genus1,1,dirichlet,852,83
torus_genus1,1,dirichlet,853,83
torus_genus1,1,dirichlet,854,79
torus_genus1,1,dirichlet,855,61
torus_genus1,1,dirichlet,856,74
torus_genus1,1,dirichlet,857,75
torus_genus1,1,dirichlet,858,63
torus_genus1,1,dirichlet,859,87
torus_genus1,1,dirichlet,860,79
torus_genus1,1,dirichlet,861,53
torus_genus1,1,dirichlet,862,95
torus_genus1,1,dirichlet,863,72
torus_genus1,1,dirichlet,864,95
torus_genus1,1,dirichlet,865,73
torus_genus1,1,dirichlet,866,72
torus_genus1,1,dirichlet,867,96
torus_genus1,1,dirichlet,868,64
torus_genus1,1,dirichlet,869,58
torus_genus1,1,dirichlet,870,85
torus_genus1,1,dirichlet,871,76
torus_genus1,1,dirichlet,872,68
torus_genus1,1,dirichlet,873,74
torus_genus1,1,dirichlet,874,65
torus_genus1,1,dirichlet,875,101
torus_genus1,1,dirichlet,876,66
torus_genus1,1,dirichlet,877,82
torus_genus1,1,dirichlet,878,78
torus_genus1,1,dirichlet,879,75
torus_genus1,1,dirichlet,880,75
torus_genus1,1,dirichlet,881,81
torus_genus1,1,dirichlet,882,80
torus_genus1,1,dirichlet,883,84
torus_genus1,1,dirichlet,884,61
torus_genus1,1,dirichlet,885,76
torus_genus1,1,dirichlet,886,100
torus_genus1,1,dirichlet,887,80
torus_genus1,1,dirichlet,888,77
torus_genus1,1,dirichlet,889,73
torus_genus1,1,dirichlet,890,72
torus_genus1,1,dirichlet,891,83
torus_genus1,1,dirichlet,892,78
torus_genus1,1,dirichlet,893,78
torus_genus1,1,dirichlet,894,99
torus_genus1,1,dirichlet,895,75
torus_genus1,1,dirichlet,896,81
torus_genus1,1,dirichlet,897,69
torus_genus1,1,dirichlet,898,70
torus_genus1,1,dirichlet,899,91
torus_genus1,1,dirichlet,900,93
torus_genus1,1,dirichlet,901,64
torus_genus1,1,dirichlet,902,76
torus_genus1,1,dirichlet,903,89
torus_genus1,1,dirichlet,904,77
torus_genus1,1,dirichlet,905,63
torus_genus1,1,dirichlet,906,82
torus_genus1,1,dirichlet,907,73
torus_genus1,1,dirichlet,908,92
torus_genus1,1,dirichlet,909,78
torus_genus1,1,dirichlet,910,81
torus_genus1,1,dirichlet,911,87
torus_genus1,1,dirichlet,912,63
torus_genus1,1,dirichlet,913,90
torus_genus1,1,dirichlet,914,73
torus_genus1,1,dirichlet,915,80
torus_genus1,1,dirichlet,916,81
torus_genus1,1,dirichlet,917,60
torus_genus1,1,dirichlet,918,52
torus_genus1,1,dirichlet,919,75
torus_genus1,1,dirichlet,920,58
torus_genus1,1,dirichlet,921,81
torus_genus1,1,dirichlet,922,74
torus_genus1,1,dirichlet,923,75
torus_genus1,1,dirichlet,924,68
torus_genus1,1,dirichlet,925,77
torus_genus1,1,dirichlet,926,78
torus_genus1,1,dirichlet,927,103
torus_genus1,1,dirichlet,928,61
torus_genus1,1,dirichlet,929,78
torus_genus1,1,dirichlet,930,73
torus_genus1,1,dirichlet,931,71
torus_genus1,1,dirichlet,932,101
torus_genus1,1,dirichlet,933,76
torus_genus1,1,dirichlet,934,77
torus_genus1,1,dirichlet,935,71
torus_genus1,1,dirichlet,936,75
torus_genus1,1,dirichlet,937,87
torus_genus1,1,dirichlet,938,89
torus_genus1,1,dirichlet,939,93
torus_genus1,1,dirichlet,940,91
torus_genus1,1,dirichlet,941,72
torus_genus1,1,dirichlet,942,84
torus_genus1,1,dirichlet,943,74
torus_genus1,1,dirichlet,944,76
torus_genus1,1,dirichlet,945,86
torus_genus1,1,dirichlet,946,73
torus_genus1,1,dirichlet,947,94
torus_genus1,1,dirichlet,948,50
torus_genus1,1,dirichlet,949,61
torus_genus1,1,dirichlet,950,65
torus_genus1,1,dirichlet,951,73
torus_genus1,1,dirichlet,952,79
torus_genus1,1,dirichlet,953,78
torus_genus1,1,dirichlet,954,89
torus_genus1,1,dirichlet,955,72
torus_genus1,1,dirichlet,956,85
torus_genus1,1,dirichlet,957,78
torus_genus1,1,dirichlet,958,68
torus_genus1,1,dirichlet,959,86
torus_genus1,1,dirichlet,960,100
torus_genus1,1,dirichlet,961,76
torus_genus1,1,dirichlet,962,81
torus_genus1,1,dirichlet,963,73
torus_genus1,1,dirichlet,964,71
torus_genus1,1,dirichlet,965,77
torus_genus1,1,dirichlet,966,83
torus_genus1,1,dirichlet,967,77
torus_genus1,1,dirichlet,968,86
torus_genus1,1,dirichlet,969,84
torus_genus1,1,dirichlet,970,75
torus_genus1,1,dirichlet,971,70
torus_genus1,1,dirichlet,972,79
torus_genus1,1,dirichlet,973,57
torus_genus1,1,dirichlet,974,91
torus_genus1,1,dirichlet,975,78
torus_genus1,1,dirichlet,976,76
torus_genus1,1,dirichlet,977,86
torus_genus1,1,dirichlet,978,84
torus_genus1,1,dirichlet,979,59
torus_genus1,1,dirichlet,980,87
torus_genus1,1,dirichlet,981,78
torus_genus1,1,dirichlet,982,60
torus_genus1,1,dirichlet,983,89
torus_genus1,1,dirichlet,984,82
torus_genus1,1,dirichlet,985,79
torus_genus1,1,dirichlet,986,84
torus_genus1,1,dirichlet,987,80
torus_genus1,1,dirichlet,988,73
torus_genus1,1,dirichlet,989,86
torus_genus1,1,dirichlet,990,73
torus_genus1,1,dirichlet,991,85
torus_genus1,1,dirichlet,992,77
torus_genus1,1,dirichlet,993,74
torus_genus1,1,dirichlet,994,77
torus_genus1,1,dirichlet,995,74
torus_genus1,1,dirichlet,996,82
torus_genus1,1,dirichlet,997,77
torus_genus1,1,dirichlet,998,93
torus_genus1,1,dirichlet,999,82
torus_genus1,1,normal_L2,0,68
torus_genus1,1,normal_L2,1,82
torus_genus1,1,normal_L2,2,78
torus_genus1,1,normal_L2,3,81
torus_genus1,1,normal_L2,4,67
torus_genus1,1,normal_L2,5,80
torus_genus1,1,normal_L2,6,77
torus_genus1,1,normal_L2,7,73
torus_genus1,1,normal_L2,8,64
torus_genus1,1,normal_L2,9,86
torus_genus1,1,normal_L2,10,81
torus_genus1,1,normal_L2,11,68
torus_genus1,1,normal_L2,12,87
torus_genus1,1,normal_L2,13,71
torus_genus1,1,normal_L2,14,67
torus_genus1,1,normal_L2,15,87
torus_genus1,1,normal_L2,16,86
torus_genus1,1,normal_L2,17,76
torus_genus1,1,normal_L2,18,72
torus_genus1,1,normal_L2,19,86
torus_genus1,1,normal_L2,20,75
torus_genus1,1,normal_L2,21,73
torus_genus1,1,normal_L2,22,73
torus_genus1,1,normal_L2,23,91
torus_genus1,1,normal_L2,24,68
torus_genus1,1,normal_L2,25,80
torus_genus1,1,normal_L2,26,88
torus_genus1,1,normal_L2,27,95
torus_genus1,1,normal_L2,28,78
torus_genus1,1,normal_L2,29,78
torus_genus1,1,normal_L2,30,71
torus_genus1,1,normal_L2,31,88
torus_genus1,1,normal_L2,32,66
torus_genus1,1,normal_L2,33,77
torus_genus1,1,normal_L2,34,77
torus_genus1,1,normal_L2,35,72
torus_genus1,1,normal_L2,36,79
torus_genus1,1,normal_L2,37,73
torus_genus1,1,normal_L2,38,74
torus_genus1,1,normal_L2,39,99
torus_genus1,1,normal_L2,40,52
torus_genus1,1,normal_L2,41,56
torus_genus1,1,normal_L2,42,93
torus_genus1,1,normal_L2,43,77
torus_genus1,1,normal_L2,44,67
torus_genus1,1,normal_L2,45,86
torus_genus1,1,normal_L2,46,83
torus_genus1,1,normal_L2,47,89
torus_genus1,1,normal_L2,48,87
torus_genus1,1,normal_L2,49,84
torus_genus1,1,normal_L2,50,86
torus_genus1,1,normal_L2,51,82
torus_genus1,1,normal_L2,52,69
torus_genus1,1,normal_L2,53,80
torus_genus1,1,normal_L2,54,81
torus_genus1,1,normal_L2,55,81
torus_genus1,1,normal_L2,56,72
torus_genus1,1,normal_L2,57,70
torus_genus1,1,normal_L2,58,73
torus_genus1,1,normal_L2,59,97
torus_genus1,1,normal_L2,60,86
torus_genus1,1,normal_L2,61,70
torus_genus1,1,normal_L2,62,64
torus_genus1,1,normal_L2,63,74
torus_genus1,1,normal_L2,64,99
torus_genus1,1,normal_L2,65,104
torus_genus1,1,normal_L2,66,84
torus_genus1,1,normal_L2,67,101
torus_genus1,1,normal_L2,68,65
torus_genus1,1,normal_L2,69,74
torus_genus1,1,normal_L2,70,67
torus_genus1,1,normal_L2,71,81
torus_genus1,1,normal_L2,72,72
torus_genus1,1,normal_L2,73,94
torus_genus1,1,normal_L2,74,78
torus_genus1,1,normal_L2,75,85
torus_genus1,1,normal_L2,76,67
torus_genus1,1,normal_L2,77,75
torus_genus1,1,normal_L2,78,73
torus_genus1,1,normal_L2,79,79
torus_genus1,1,normal_L2,80,70
torus_genus1,1,normal_L2,81,88
torus_genus1,1,normal_L2,82,89
torus_genus1,1,normal_L2,83,76
torus_genus1,1,normal_L2,84,75
torus_genus1,1,normal_L2,85,78
torus_genus1,1,normal_L2,86,74
torus_genus1,1,normal_L2,87,76
torus_genus1,1,normal_L2,88,85
torus_genus1,1,normal_L2,89,72
torus_genus1,1,normal_L2,90,67
torus_genus1,1,normal_L2,91,65
torus_genus1,1,normal_L2,92,70
torus_genus1,1,normal_L2,93,86
torus_genus1,1,normal_L2,94,67
torus_genus1,1,normal_L2,95,97
torus_genus1,1,normal_L2,96,74
torus_genus1,1,normal_L2,97,81
torus_genus1,1,normal_L2,98,85
torus_genus1,1,normal_L2,99,71
torus_genus1,1,normal_L2,100,68
torus_genus1,1,normal_L2,101,76
torus_genus1,1,normal_L2,102,87
torus_genus1,1,normal_L2,103,73
torus_genus1,1,normal_L2,104,76
torus_genus1,1,normal_L2,105,81
torus_genus1,1,normal_L2,106,72
torus_genus1,1,normal_L2,107,78
torus_genus1,1,normal_L2,108,89
torus_genus1,1,normal_L2,109,87
torus_genus1,1,normal_L2,110,68
torus_genus1,1,normal_L2,111,78
torus_genus1,1,normal_L2,112,63
torus_genus1,1,normal_L2,113,60
torus_genus1,1,normal_L2,114,73
torus_genus1,1,normal_L2,115,64
torus_genus1,1,normal_L2,116,81
torus_genus1,1,normal_L2,117,71
torus_genus1,1,normal_L2,118,95
torus_genus1,1,normal_L2,119,76
torus_genus1,1,normal_L2,120,82
torus_genus1,1,normal_L2,121,76
torus_genus1,1,normal_L2,122,76
torus_genus1,1,normal_L2,123,90
torus_genus1,1,normal_L2,124,82
torus_genus1,1,normal_L2,125,96
torus_genus1,1,normal_L2,126,100
torus_genus1,1,normal_L2,127,91
torus_genus1,1,normal_L2,128,77
torus_genus1,1,normal_L2,129,80
torus_genus1,1,normal_L2,130,75
torus_genus1,1,normal_L2,131,82
torus_genus1,1,normal_L2,132,82
torus_genus1,1,normal_L2,133,80
torus_genus1,1,normal_L2,134,80
torus_genus1,1,normal_L2,135,84
torus_genus1,1,normal_L2,136,63
torus_genus1,1,normal_L2,137,67
torus_genus1,1,normal_L2,138,83
torus_genus1,1,normal_L2,139,71
torus_genus1,1,normal_L2,140,74
torus_genus1,1,normal_L2,141,69
torus_genus1,1,normal_L2,142,82
torus_genus1,1,normal_L2,143,85
torus_genus1,1,normal_L2,144,66
torus_genus1,1,normal_L2,145,82
torus_genus1,1,normal_L2,146,84
torus_genus1,1,normal_L2,147,62
torus_genus1,1,normal_L2,148,73
torus_genus1,1,normal_L2,149,62
torus_genus1,1,normal_L2,150,93
torus_genus1,1,normal_L2,151,78
torus_genus1,1,normal_L2,152,70
torus_genus1,1,normal_L2,153,85
torus_genus1,1,normal_L2,154,80
torus_genus1,1,normal_L2,155,77
torus_genus1,1,normal_L2,156,73
torus_genus1,1,normal_L2,157,63
torus_genus1,1,normal_L2,158,79
torus_genus1,1,normal_L2,159,60
torus_genus1,1,normal_L2,160,69
torus_genus1,1,normal_L2,161,65
torus_genus1,1,normal_L2,162,75
torus_genus1,1,normal_L2,163,88
torus_genus1,1,normal_L2,164,81
torus_genus1,1,normal_L2,165,98
torus_genus1,1,normal_L2,166,86
torus_genus1,1,normal_L2,167,87
torus_genus1,1,normal_L2,168,70
torus_genus1,1,normal_L2,169,81
torus_genus1,1,normal_L2,170,66
torus_genus1,1,normal_L2,171,61
torus_genus1,1,normal_L2,172,91
torus_genus1,1,normal_L2,173,66
torus_genus1,1,normal_L2,174,95
torus_genus1,1,normal_L2,175,84
torus_genus1,1,normal_L2,176,79
torus_genus1,1,normal_L2,177,83
torus_genus1,1,normal_L2,178,80
torus_genus1,1,normal_L2,179,86
torus_genus1,1,normal_L2,180,81
torus_genus1,1,normal_L2,181,74
torus_genus1,1,normal_L2,182,84
torus_genus1,1,normal_L2,183,77
torus_genus1,1,normal_L2,184,66
torus_genus1,1,normal_L2,185,78
torus_genus1,1,normal_L2,186,78
torus_genus1,1,normal_L2,187,78
torus_genus1,1,normal_L2,188,83
torus_genus1,1,normal_L2,189,84
torus_genus1,1,normal_L2,190,69
torus_genus1,1,normal_L2,191,65
torus_genus1,1,normal_L2,192,85
torus_genus1,1,normal_L2,193,91
torus_genus1,1,normal_L2,194,75
torus_genus1,1,normal_L2,195,76
torus_genus1,1,normal_L2,196,72
torus_genus1,1,normal_L2,197,83
torus_genus1,1,normal_L2,198,80
torus_genus1,1,normal_L2,199,77
torus_genus1,1,normal_L2,200,75
torus_genus1,1,normal_L2,201,75
torus_genus1,1,normal_L2,202,78
torus_genus1,1,normal_L2,203,92
torus_genus1,1,normal_L2,204,77
torus_genus1,1,normal_L2,205,64
torus_genus1,1,normal_L2,206,79
torus_genus1,1,normal_L2,207,83
torus_genus1,1,normal_L2,208,75
torus_genus1,1,normal_L2,209,82
torus_genus1,1,normal_L2,210,93
torus_genus1,1,normal_L2,211,72
torus_genus1,1,normal_L2,212,78
torus_genus1,1,normal_L2,213,95
torus_genus1,1,normal_L2,214,76
torus_genus1,1,normal_L2,215,71
torus_genus1,1,normal_L2,216,75
torus_genus1,1,normal_L2,217,103
torus_genus1,1,normal_L2,218,82
torus_genus1,1,normal_L2,219,78
torus_genus1,1,normal_L2,220,83
torus_genus1,1,normal_L2,221,71
torus_genus1,1,normal_L2,222,93
torus_genus1,1,normal_L2,223,85
torus_genus1,1,normal_L2,224,77
torus_genus1,1,normal_L2,225,92
torus_genus1,1,normal_L2,226,82
torus_genus1,1,normal_L2,227,81
torus_genus1,1,normal_L2,228,77
torus_genus1,1,normal_L2,229,70
torus_genus1,1,normal_L2,230,79
torus_genus1,1,normal_L2,231,85
torus_genus1,1,normal_L2,232,77
torus_genus1,1,normal_L2,233,84
torus_genus1,1,normal_L2,234,62
torus_genus1,1,normal_L2,235,84
torus_genus1,1,normal_L2,236,101
torus_genus1,1,normal_L2,237,69
torus_genus1,1,normal_L2,238,85
torus_genus1,1,normal_L2,239,81
torus_genus1,1,normal_L2,240,90
torus_genus1,1,normal_L2,241,86
torus_genus1,1,normal_L2,242,97
torus_genus1,1,normal_L2,243,88
torus_genus1,1,normal_L2,244,72
torus_genus1,1,normal_L2,245,79
torus_genus1,1,normal_L2,246,73
torus_genus1,1,normal_L2,247,88
torus_genus1,1,normal_L2,248,84
torus_genus1,1,normal_L2,249,68
torus_genus1,1,normal_L2,250,67
torus_genus1,1,normal_L2,251,81
torus_genus1,1,normal_L2,252,71
torus_genus1,1,normal_L2,253,60
torus_genus1,1,normal_L2,254,98
torus_genus1,1,normal_L2,255,77
torus_genus1,1,normal_L2,256,59
torus_genus1,1,normal_L2,257,105
torus_genus1,1,normal_L2,258,73
torus_genus1,1,normal_L2,259,73
torus_genus1,1,normal_L2,260,59
torus_genus1,1,normal_L2,261,74
torus_genus1,1,normal_L2,262,77
torus_genus1,1,normal_L2,263,76
torus_genus1,1,normal_L2,264,73
torus_genus1,1,normal_L2,265,75
torus_genus1,1,normal_L2,266,89
torus_genus1,1,normal_L2,267,84
torus_genus1,1,normal_L2,268,77
torus_genus1,1,normal_L2,269,81
torus_genus1,1,normal_L2,270,86
torus_genus1,1,normal_L2,271,91
torus_genus1,1,normal_L2,272,87
torus_genus1,1,normal_L2,273,77
torus_genus1,1,normal_L2,274,73
torus_genus1,1,normal_L2,275,77
torus_genus1,1,normal_L2,276,81
torus_genus1,1,normal_L2,277,109
torus_genus1,1,normal_L2,278,73
torus_genus1,1,normal_L2,279,86
torus_genus1,1,normal_L2,280,73
torus_genus1,1,normal_L2,281,82
torus_genus1,1,normal_L2,282,87
torus_genus1,1,normal_L2,283,90
torus_genus1,1,normal_L2,284,77
torus_genus1,1,normal_L2,285,85
torus_genus1,1,normal_L2,286,74
torus_genus1,1,normal_L2,287,74
torus_genus1,1,normal_L2,288,97
torus_genus1,1,normal_L2,289,69
torus_genus1,1,normal_L2,290,75
torus_genus1,1,normal_L2,291,79
torus_genus1,1,normal_L2,292,71
torus_genus1,1,normal_L2,293,83
torus_genus1,1,normal_L2,294,87
torus_genus1,1,normal_L2,295,95
torus_genus1,1,normal_L2,296,89
torus_genus1,1,normal_L2,297,71
torus_genus1,1,normal_L2,298,81
torus_genus1,1,normal_L2,299,70
torus_genus1,1,normal_L2,300,80
torus_genus1,1,normal_L2,301,79
torus_genus1,1,normal_L2,302,81
torus_genus1,1,normal_L2,303,70
torus_genus1,1,normal_L2,304,70
torus_genus1,1,normal_L2,305,84
torus_genus1,1,normal_L2,306,64
torus_genus1,1,normal_L2,307,82
torus_genus1,1,normal_L2,308,67
torus_genus1,1,normal_L2,309,66
torus_genus1,1,normal_L2,310,78
torus_genus1,1,normal_L2,311,86
torus_genus1,1,normal_L2,312,70
torus_genus1,1,normal_L2,313,85
torus_genus1,1,normal_L2,314,86
torus_genus1,1,normal_L2,315,58
torus_genus1,1,normal_L2,316,89
torus_genus1,1,normal_L2,317,83
torus_genus1,1,normal_L2,318,72
torus_genus1,1,normal_L2,319,78
torus_genus1,1,normal_L2,320,70
torus_genus1,1,normal_L2,321,93
torus_genus1,1,normal_L2,322,91
torus_genus1,1,normal_L2,323,70
torus_genus1,1,normal_L2,324,76
torus_genus1,1,normal_L2,325,92
torus_genus1,1,normal_L2,326,70
torus_genus1,1,normal_L2,327,69
torus_genus1,1,normal_L2,328,72
torus_genus1,1,normal_L2,329,82
torus_genus1,1,normal_L2,330,76
torus_genus1,1,normal_L2,331,82
torus_genus1,1,normal_L2,332,74
torus_genus1,1,normal_L2,333,94
torus_genus1,1,normal_L2,334,79
torus_genus1,1,normal_L2,335,86
torus_genus1,1,normal_L2,336,78
torus_genus1,1,normal_L2,337,73
torus_genus1,1,normal_L2,338,82
torus_genus1,1,normal_L2,339,83
torus_genus1,1,normal_L2,340,71
torus_genus1,1,normal_L2,341,97
torus_genus1,1,normal_L2,342,75
torus_genus1,1,normal_L2,343,93
torus_genus1,1,normal_L2,344,78
torus_genus1,1,normal_L2,345,103
torus_genus1,1,normal_L2,346,83
torus_genus1,1,normal_L2,347,70
torus_genus1,1,normal_L2,348,91
torus_genus1,1,normal_L2,349,87
torus_genus1,1,normal_L2,350,78
torus_genus1,1,normal_L2,351,72
torus_genus1,1,normal_L2,352,60
torus_genus1,1,normal_L2,353,92
torus_genus1,1,normal_L2,354,75
torus_genus1,1,normal_L2,355,76
torus_genus1,1,normal_L2,356,72
torus_genus1,1,normal_L2,357,79
torus_genus1,1,normal_L2,358,69
torus_genus1,1,normal_L2,359,92
torus_genus1,1,normal_L2,360,92
torus_genus1,1,normal_L2,361,82
torus_genus1,1,normal_L2,362,91
torus_genus1,1,normal_L2,363,72
torus_genus1,1,normal_L2,364,74
torus_genus1,1,normal_L2,365,83
torus_genus1,1,normal_L2,366,79
torus_genus1,1,normal_L2,367,76
torus_genus1,1,normal_L2,368,88
torus_genus1,1,normal_L2,369,73
torus_genus1,1,normal_L2,370,89
torus_genus1,1,normal_L2,371,70
torus_genus1,1,normal_L2,372,74
torus_genus1,1,normal_L2,373,95
torus_genus1,1,normal_L2,374,81
torus_genus1,1,normal_L2,375,88
torus_genus1,1,normal_L2,376,74
torus_genus1,1,normal_L2,377,90
torus_genus1,1,normal_L2,378,87
torus_genus1,1,normal_L2,379,59
torus_genus1,1,normal_L2,380,92
torus_genus1,1,normal_L2,381,66
torus_genus1,1,normal_L2,382,80
torus_genus1,1,normal_L2,383,77
torus_genus1,1,normal_L2,384,79
torus_genus1,1,normal_L2,385,80
torus_genus1,1,normal_L2,386,91
torus_genus1,1,normal_L2,387,78
torus_genus1,1,normal_L2,388,73
torus_genus1,1,normal_L2,389,71
torus_genus1,1,normal_L2,390,89
torus_genus1,1,normal_L2,391,86
torus_genus1,1,normal_L2,392,82
torus_genus1,1,normal_L2,393,79
torus_genus1,1,normal_L2,394,86
torus_genus1,1,normal_L2,395,90
torus_genus1,1,normal_L2,396,89
torus_genus1,1,normal_L2,397,64
torus_genus1,1,normal_L2,398,72
torus_genus1,1,normal_L2,399,89
torus_genus1,1,normal_L2,400,70
torus_genus1,1,normal_L2,401,71
torus_genus1,1,normal_L2,402,71
torus_genus1,1,normal_L2,403,87
torus_genus1,1,normal_L2,404,94
torus_genus1,1,normal_L2,405,79
torus_genus1,1,normal_L2,406,67
torus_genus1,1,normal_L2,407,71
torus_genus1,1,normal_L2,408,60
torus_genus1,1,normal_L2,409,79
torus_genus1,1,normal_L2,410,72
torus_genus1,1,normal_L2,411,74
torus_genus1,1,normal_L2,412,64
torus_genus1,1,normal_L2,413,73
torus_genus1,1,normal_L2,414,82
torus_genus1,1,normal_L2,415,88
torus_genus1,1,normal_L2,416,70
torus_genus1,1,normal_L2,417,76
torus_genus1,1,normal_L2,418,90
torus_genus1,1,normal_L2,419,75
torus_genus1,1,normal_L2,420,66
torus_genus1,1,normal_L2,421,85
torus_genus1,1,normal_L2,422,96
torus_genus1,1,normal_L2,423,86
torus_genus1,1,normal_L2,424,97
torus_genus1,1,normal_L2,425,75
torus_genus1,1,normal_L2,426,89
torus_genus1,1,normal_L2,427,75
torus_genus1,1,normal_L2,428,87
torus_genus1,1,normal_L2,429,67
torus_genus1,1,normal_L2,430,95
torus_genus1,1,normal_L2,431,66
torus_genus1,1,normal_L2,432,76
torus_genus1,1,normal_L2,433,80
torus_genus1,1,normal_L2,434,81
torus_genus1,1,normal_L2,435,104
torus_genus1,1,normal_L2,436,80
torus_genus1,1,normal_L2,437,74
torus_genus1,1,normal_L2,438,83
torus_genus1,1,normal_L2,439,61
torus_genus1,1,normal_L2,440,71
torus_genus1,1,normal_L2,441,88
torus_genus1,1,normal_L2,442,73
torus_genus1,1,normal_L2,443,70
torus_genus1,1,normal_L2,444,87
torus_genus1,1,normal_L2,445,81
torus_genus1,1,normal_L2,446,88
torus_genus1,1,normal_L2,447,70
torus_genus1,1,normal_L2,448,76
torus_genus1,1,normal_L2,449,75
torus_genus1,1,normal_L2,450,80
torus_genus1,1,normal_L2,451,86
torus_genus1,1,normal_L2,452,80
torus_genus1,1,normal_L2,453,82
torus_genus1,1,normal_L2,454,86
torus_genus1,1,normal_L2,455,98
torus_genus1,1,normal_L2,456,72
torus_genus1,1,normal_L2,457,70
torus_genus1,1,normal_L2,458,64
torus_genus1,1,normal_L2,459,73
torus_genus1,1,normal_L2,460,72
torus_genus1,1,normal_L2,461,72
torus_genus1,1,normal_L2,462,78
torus_genus1,1,normal_L2,463,70
torus_genus1,1,normal_L2,464,70
torus_genus1,1,normal_L2,465,84
torus_genus1,1,normal_L2,466,88
torus_genus1,1,normal_L2,467,94
torus_genus1,1,normal_L2,468,71
torus_genus1,1,normal_L2,469,69
torus_genus1,1,normal_L2,470,85
torus_genus1,1,normal_L2,471,68
torus_genus1,1,normal_L2,472,76
torus_genus1,1,normal_L2,473,77
torus_genus1,1,normal_L2,474,86
torus_genus1,1,normal_L2,475,93
torus_genus1,1,normal_L2,476,83
torus_genus1,1,normal_L2,477,75
torus_genus1,1,normal_L2,478,94
torus_genus1,1,normal_L2,479,68
torus_genus1,1,normal_L2,480,66
torus_genus1,1,normal_L2,481,77
torus_genus1,1,normal_L2,482,75
torus_genus1,1,normal_L2,483,96
torus_genus1,1,normal_L2,484,79
torus_genus1,1,normal_L2,485,88
torus_genus1,1,normal_L2,486,82
torus_genus1,1,normal_L2,487,71
torus_genus1,1,normal_L2,488,105
torus_genus1,1,normal_L2,489,96
torus_genus1,1,normal_L2,490,66
torus_genus1,1,normal_L2,491,88
torus_genus1,1,normal_L2,492,62
torus_genus1,1,normal_L2,493,65
torus_genus1,1,normal_L2,494,94
torus_genus1,1,normal_L2,495,63
torus_genus1,1,normal_L2,496,64
torus_genus1,1,normal_L2,497,77
torus_genus1,1,normal_L2,498,80
torus_genus1,1,normal_L2,499,89
torus_genus1,1,normal_L2,500,92
torus_genus1,1,normal_L2,501,83
torus_genus1,1,normal_L2,502,95
torus_genus1,1,normal_L2,503,103
torus_genus1,1,normal_L2,504,80
torus_genus1,1,normal_L2,505,54
torus_genus1,1,normal_L2,506,93
torus_genus1,1,normal_L2,507,87
torus_genus1,1,normal_L2,508,82
torus_genus1,1,normal_L2,509,81
torus_genus1,1,normal_L2,510,57
torus_genus1,1,normal_L2,511,74
torus_genus1,1,normal_L2,512,82
torus_genus1,1,normal_L2,513,71
torus_genus1,1,normal_L2,514,71
torus_genus1,1,normal_L2,515,82
torus_genus1,1,normal_L2,516,73
torus_genus1,1,normal_L2,517,81
torus_genus1,1,normal_L2,518,76
torus_genus1,1,normal_L2,519,101
torus_genus1,1,normal_L2,520,90
torus_genus1,1,normal_L2,521,81
torus_genus1,1,normal_L2,522,88
torus_genus1,1,normal_L2,523,78
torus_genus1,1,normal_L2,524,70
torus_genus1,1,normal_L2,525,69
torus_genus1,1,normal_L2,526,79
torus_genus1,1,normal_L2,527,75
torus_genus1,1,normal_L2,528,72
torus_genus1,1,normal_L2,529,74
torus_genus1,1,normal_L2,530,69
torus_genus1,1,normal_L2,531,85
torus_genus1,1,normal_L2,532,73
torus_genus1,1,normal_L2,533,77
torus_genus1,1,normal_L2,534,70
torus_genus1,1,normal_L2,535,83
torus_genus1,1,normal_L2,536,87
torus_genus1,1,normal_L2,537,73
torus_genus1,1,normal_L2,538,76
torus_genus1,1,normal_L2,539,65
torus_genus1,1,normal_L2,540,91
torus_genus1,1,normal_L2,541,71
torus_genus1,1,normal_L2,542,71
torus_genus1,1,normal_L2,543,84
torus_genus1,1,normal_L2,544,73
torus_genus1,1,normal_L2,545,59
torus_genus1,1,normal_L2,546,73
torus_genus1,1,normal_L2,547,75
torus_genus1,1,normal_L2,548,81
torus_genus1,1,normal_L2,549,92
torus_genus1,1,normal_L2,550,89
torus_genus1,1,normal_L2,551,84
torus_genus1,1,normal_L2,552,86
torus_genus1,1,normal_L2,553,79
torus_genus1,1,normal_L2,554,74
torus_genus1,1,normal_L2,555,76
torus_genus1,1,normal_L2,556,84
torus_genus1,1,normal_L2,557,80
torus_genus1,1,normal_L2,558,88
torus_genus1,1,normal_L2,559,82
torus_genus1,1,normal_L2,560,85
torus_genus1,1,normal_L2,561,72
torus_genus1,1,normal_L2,562,76
torus_genus1,1,normal_L2,563,99
torus_genus1,1,normal_L2,564,84
torus_genus1,1,normal_L2,565,84
torus_genus1,1,normal_L2,566,70
torus_genus1,1,normal_L2,567,63
torus_genus1,1,normal_L2,568,62
torus_genus1,1,normal_L2,569,89
torus_genus1,1,normal_L2,570,74
torus_genus1,1,normal_L2,571,83
torus_genus1,1,normal_L2,572,87
torus_genus1,1,normal_L2,573,96
torus_genus1,1,normal_L2,574,92
torus_genus1,1,normal_L2,575,76
torus_genus1,1,normal_L2,576,76
torus_genus1,1,normal_L2,577,89
torus_genus1,1,normal_L2,578,81
torus_genus1,1,normal_L2,579,77
torus_genus1,1,normal_L2,580,68
torus_genus1,1,normal_L2,581,84
torus_genus1,1,normal_L2,582,70
torus_genus1,1,normal_L2,583,87
torus_genus1,1,normal_L2,584,87
torus_genus1,1,normal_L2,585,82
torus_genus1,1,normal_L2,586,79
torus_genus1,1,normal_L2,587,75
torus_genus1,1,normal_L2,588,68
torus_genus1,1,normal_L2,589,84
torus_genus1,1,normal_L2,590,87
torus_genus1,1,normal_L2,591,81
torus_genus1,1,normal_L2,592,96
torus_genus1,1,normal_L2,593,93
torus_genus1,1,normal_L2,594,72
torus_genus1,1,normal_L2,595,96
torus_genus1,1,normal_L2,596,85
torus_genus1,1,normal_L2,597,69
torus_genus1,1,normal_L2,598,114
torus_genus1,1,normal_L2,599,89
torus_genus1,1,normal_L2,600,71
torus_genus1,1,normal_L2,601,91
torus_genus1,1,normal_L2,602,78
torus_genus1,1,normal_L2,603,80
torus_genus1,1,normal_L2,604,86
torus_genus1,1,normal_L2,605,80
torus_genus1,1,normal_L2,606,73
torus_genus1,1,normal_L2,607,72
torus_genus1,1,normal_L2,608,84
torus_genus1,1,normal_L2,609,83
torus_genus1,1,normal_L2,610,86
torus_genus1,1,normal_L2,611,82
torus_genus1,1,normal_L2,612,72
torus_genus1,1,normal_L2,613,73
torus_genus1,1,normal_L2,614,74
torus_genus1,1,normal_L2,615,79
torus_genus1,1,normal_L2,616,78
torus_genus1,1,normal_L2,617,91
torus_genus1,1,normal_L2,618,72
torus_genus1,1,normal_L2,619,75
torus_genus1,1,normal_L2,620,82
torus_genus1,1,normal_L2,621,75
torus_genus1,1,normal_L2,622,96
torus_genus1,1,normal_L2,623,66
torus_genus1,1,normal_L2,624,78
torus_genus1,1,normal_L2,625,82
torus_genus1,1,normal_L2,626,71
torus_genus1,1,normal_L2,627,82
torus_genus1,1,normal_L2,628,92
torus_genus1,1,normal_L2,629,61
torus_genus1,1,normal_L2,630,82
torus_genus1,1,normal_L2,631,80
torus_genus1,1,normal_L2,632,68
torus_genus1,1,normal_L2,633,83
torus_genus1,1,normal_L2,634,60
torus_genus1,1,normal_L2,635,80
torus_genus1,1,normal_L2,636,74
torus_genus1,1,normal_L2,637,73
torus_genus1,1,normal_L2,638,103
torus_genus1,1,normal_L2,639,90
torus_genus1,1,normal_L2,640,71
torus_genus1,1,normal_L2,641,89
torus_genus1,1,normal_L2,642,72
torus_genus1,1,normal_L2,643,78
torus_genus1,1,normal_L2,644,72
torus_genus1,1,normal_L2,645,70
torus_genus1,1,normal_L2,646,84
torus_genus1,1,normal_L2,647,89
torus_genus1,1,normal_L2,648,75
torus_genus1,1,normal_L2,649,94
torus_genus1,1,normal_L2,650,80
torus_genus1,1,normal_L2,651,66
torus_genus1,1,normal_L2,652,93
torus_genus1,1,normal_L2,653,89
torus_genus1,1,normal_L2,654,85
torus_genus1,1,normal_L2,655,74
torus_genus1,1,normal_L2,656,88
torus_genus1,1,normal_L2,657,73
torus_genus1,1,normal_L2,658,89
torus_genus1,1,normal_L2,659,62
torus_genus1,1,normal_L2,660,73
torus_genus1,1,normal_L2,661,84
torus_genus1,1,normal_L2,662,99
torus_genus1,1,normal_L2,663,68
torus_genus1,1,normal_L2,664,89
torus_genus1,1,normal_L2,665,73
torus_genus1,1,normal_L2,666,73
torus_genus1,1,normal_L2,667,63
torus_genus1,1,normal_L2,668,86
torus_genus1,1,normal_L2,669,66
torus_genus1,1,normal_L2,670,95
torus_genus1,1,normal_L2,671,71
torus_genus1,1,normal_L2,672,81
torus_genus1,1,normal_L2,673,67
torus_genus1,1,normal_L2,674,61
torus_genus1,1,normal_L2,675,68
torus_genus1,1,normal_L2,676,75
torus_genus1,1,normal_L2,677,75
torus_genus1,1,normal_L2,678,94
torus_genus1,1,normal_L2,679,67
torus_genus1,1,normal_L2,680,79
torus_genus1,1,normal_L2,681,80
torus_genus1,1,normal_L2,682,84
torus_genus1,1,normal_L2,683,72
torus_genus1,1,normal_L2,684,86
torus_genus1,1,normal_L2,685,70
torus_genus1,1,normal_L2,686,85
torus_genus1,1,normal_L2,687,89
torus_genus1,1,normal_L2,688,83
torus_genus1,1,normal_L2,689,87
torus_genus1,1,normal_L2,690,67
torus_genus1,1,normal_L2,691,91
torus_genus1,1,normal_L2,692,96
torus_genus1,1,normal_L2,693,85
torus_genus1,1,normal_L2,694,74
torus_genus1,1,normal_L2,695,70
torus_genus1,1,normal_L2,696,59
torus_genus1,1,normal_L2,697,69
torus_genus1,1,normal_L2,698,85
torus_genus1,1,normal_L2,699,86
torus_genus1,1,normal_L2,700,73
torus_genus1,1,normal_L2,701,87
torus_genus1,1,normal_L2,702,80
torus_genus1,1,normal_L2,703,76
torus_genus1,1,normal_L2,704,69
torus_genus1,1,normal_L2,705,77
torus_genus1,1,normal_L2,706,69
torus_genus1,1,normal_L2,707,78
torus_genus1,1,normal_L2,708,80
torus_genus1,1,normal_L2,709,78
torus_genus1,1,normal_L2,710,70
torus_genus1,1,normal_L2,711,97
torus_genus1,1,normal_L2,712,75
torus_genus1,1,normal_L2,713,89
torus_genus1,1,normal_L2,714,79
torus_genus1,1,normal_L2,715,82
torus_genus1,1,normal_L2,716,69
torus_genus1,1,normal_L2,717,79
torus_genus1,1,normal_L2,718,85
torus_genus1,1,normal_L2,719,73
torus_genus1,1,normal_L2,720,76
torus_genus1,1,normal_L2,721,85
torus_genus1,1,normal_L2,722,69
torus_genus1,1,normal_L2,723,72
torus_genus1,1,normal_L2,724,87
torus_genus1,1,normal_L2,725,74
torus_genus1,1,normal_L2,726,69
torus_genus1,1,normal_L2,727,64
torus_genus1,1,normal_L2,728,70
torus_genus1,1,normal_L2,729,74
torus_genus1,1,normal_L2,730,85
torus_genus1,1,normal_L2,731,69
torus_genus1,1,normal_L2,732,75
torus_genus1,1,normal_L2,733,69
torus_genus1,1,normal_L2,734,83
torus_genus1,1,normal_L2,735,70
torus_genus1,1,normal_L2,736,69
torus_genus1,1,normal_L2,737,98
torus_genus1,1,normal_L2,738,79
torus_genus1,1,normal_L2,739,88
torus_genus1,1,normal_L2,740,79
torus_genus1,1,normal_L2,741,82
torus_genus1,1,normal_L2,742,76
torus_genus1,1,normal_L2,743,95
torus_genus1,1,normal_L2,744,84
torus_genus1,1,normal_L2,745,69
torus_genus1,1,normal_L2,746,98
torus_genus1,1,normal_L2,747,62
torus_genus1,1,normal_L2,748,70
torus_genus1,1,normal_L2,749,89
torus_genus1,1,normal_L2,750,64
torus_genus1,1,normal_L2,751,80
torus_genus1,1,normal_L2,752,79
torus_genus1,1,normal_L2,753,76
torus_genus1,1,normal_L2,754,74
torus_genus1,1,normal_L2,755,80
torus_genus1,1,normal_L2,756,70
torus_genus1,1,normal_L2,757,69
torus_genus1,1,normal_L2,758,79
torus_genus1,1,normal_L2,759,67
torus_genus1,1,normal_L2,760,85
torus_genus1,1,normal_L2,761,85
torus_genus1,1,normal_L2,762,74
torus_genus1,1,normal_L2,763,92
torus_genus1,1,normal_L2,764,93
torus_genus1,1,normal_L2,765,83
torus_genus1,1,normal_L2,766,96
torus_genus1,1,normal_L2,767,65
torus_genus1,1,normal_L2,768,77
torus_genus1,1,normal_L2,769,71
torus_genus1,1,normal_L2,770,63
torus_genus1,1,normal_L2,771,66
torus_genus1,1,normal_L2,772,76
torus_genus1,1,normal_L2,773,91
torus_genus1,1,normal_L2,774,77
torus_genus1,1,normal_L2,775,80
torus_genus1,1,normal_L2,776,81
torus_genus1,1,normal_L2,777,70
torus_genus1,1,normal_L2,778,80
torus_genus1,1,normal_L2,779,83
torus_genus1,1,normal_L2,780,69
torus_genus1,1,normal_L2,781,75
torus_genus1,1,normal_L2,782,72
torus_genus1,1,normal_L2,783,73
torus_genus1,1,normal_L2,784,84
torus_genus1,1,normal_L2,785,61
torus_genus1,1,normal_L2,786,78
torus_genus1,1,normal_L2,787,72
torus_genus1,1,normal_L2,788,82
torus_genus1,1,normal_L2,789,77
torus_genus1,1,normal_L2,790,76
torus_genus1,1,normal_L2,791,72
torus_genus1,1,normal_L2,792,95
torus_genus1,1,normal_L2,793,94
torus_genus1,1,normal_L2,794,85
torus_genus1,1,normal_L2,795,88
torus_genus1,1,normal_L2,796,80
torus_genus1,1,normal_L2,797,74
torus_genus1,1,normal_L2,798,78
torus_genus1,1,normal_L2,799,84
torus_genus1,1,normal_L2,800,86
torus_genus1,1,normal_L2,801,78
torus_genus1,1,normal_L2,802,65
torus_genus1,1,normal_L2,803,75
torus_genus1,1,normal_L2,804,81
torus_genus1,1,normal_L2,805,96
torus_genus1,1,normal_L2,806,80
torus_genus1,1,normal_L2,807,85
torus_genus1,1,normal_L2,808,91
torus_genus1,1,normal_L2,809,88
torus_genus1,1,normal_L2,810,80
torus_genus1,1,normal_L2,811,78
torus_genus1,1,normal_L2,812,65
torus_genus1,1,normal_L2,813,94
torus_genus1,1,normal_L2,814,81
torus_genus1,1,normal_L2,815,90
torus_genus1,1,normal_L2,816,68
torus_genus1,1,normal_L2,817,70
torus_genus1,1,normal_L2,818,68
torus_genus1,1,normal_L2,819,78
torus_genus1,1,normal_L2,820,69
torus_genus1,1,normal_L2,821,86
torus_genus1,1,normal_L2,822,73
torus_genus1,1,normal_L2,823,80
torus_genus1,1,normal_L2,824,81
torus_genus1,1,normal_L2,825,78
torus_genus1,1,normal_L2,826,84
torus_genus1,1,normal_L2,827,72
torus_genus1,1,normal_L2,828,72
torus_genus1,1,normal_L2,829,92
torus_genus1,1,normal_L2,830,73
torus_genus1,1,normal_L2,831,75
torus_genus1,1,normal_L2,832,72
torus_genus1,1,normal_L2,833,82
torus_genus1,1,normal_L2,834,80
torus_genus1,1,normal_L2,835,85
torus_genus1,1,normal_L2,836,72
torus_genus1,1,normal_L2,837,71
torus_genus1,1,normal_L2,838,80
torus_genus1,1,normal_L2,839,70
torus_genus1,1,normal_L2,840,63
torus_genus1,1,normal_L2,841,80
torus_genus1,1,normal_L2,842,85
torus_genus1,1,normal_L2,843,67
torus_genus1,1,normal_L2,844,87
torus_genus1,1,normal_L2,845,88
torus_genus1,1,normal_L2,846,79
torus_genus1,1,normal_L2,847,72
torus_genus1,1,normal_L2,848,66
torus_genus1,1,normal_L2,849,79
torus_genus1,1,normal_L2,850,74
torus_genus1,1,normal_L2,851,94
torus_genus1,1,normal_L2,852,71
torus_genus1,1,normal_L2,853,86
torus_genus1,1,normal_L2,854,86
torus_genus1,1,normal_L2,855,94
torus_genus1,1,normal_L2,856,86
torus_genus1,1,normal_L2,857,69
torus_genus1,1,normal_L2,858,60
torus_genus1,1,normal_L2,859,58
torus_genus1,1,normal_L2,860,98
torus_genus1,1,normal_L2,861,81
torus_genus1,1,normal_L2,862,69
torus_genus1,1,normal_L2,863,82
torus_genus1,1,normal_L2,864,89
torus_genus1,1,normal_L2,865,52
torus_genus1,1,normal_L2,866,84
torus_genus1,1,normal_L2,867,83
torus_genus1,1,normal_L2,868,80
torus_genus1,1,normal_L2,869,80
torus_genus1,1,normal_L2,870,73
torus_genus1,1,normal_L2,871,62
torus_genus1,1,normal_L2,872,100
torus_genus1,1,normal_L2,873,81
torus_genus1,1,normal_L2,874,75
torus_genus1,1,normal_L2,875,65
torus_genus1,1,normal_L2,876,82
torus_genus1,1,normal_L2,877,94
torus_genus1,1,normal_L2,878,81
torus_genus1,1,normal_L2,879,85
torus_genus1,1,normal_L2,880,61
torus_genus1,1,normal_L2,881,70
torus_genus1,1,normal_L2,882,89
torus_genus1,1,normal_L2,883,75
torus_genus1,1,normal_L2,884,79
torus_genus1,1,normal_L2,885,64
torus_genus1,1,normal_L2,886,75
torus_genus1,1,normal_L2,887,92
torus_genus1,1,normal_L2,888,54
torus_genus1,1,normal_L2,889,71
torus_genus1,1,normal_L2,890,76
torus_genus1,1,normal_L2,891,65
torus_genus1,1,normal_L2,892,59
torus_genus1,1,normal_L2,893,88
torus_genus1,1,normal_L2,894,71
torus_genus1,1,normal_L2,895,112
torus_genus1,1,normal_L2,896,75
torus_genus1,1,normal_L2,897,68
torus_genus1,1,normal_L2,898,64
torus_genus1,1,normal_L2,899,70
torus_genus1,1,normal_L2,900,70
torus_genus1,1,normal_L2,901,66
torus_genus1,1,normal_L2,902,72
torus_genus1,1,normal_L2,903,66
torus_genus1,1,normal_L2,904,58
torus_genus1,1,normal_L2,905,73
torus_genus1,1,normal_L2,906,75
torus_genus1,1,normal_L2,907,72
torus_genus1,1,normal_L2,908,80
torus_genus1,1,normal_L2,909,63
torus_genus1,1,normal_L2,910,82
torus_genus1,1,normal_L2,911,69
torus_genus1,1,normal_L2,912,92
torus_genus1,1,normal_L2,913,78
torus_genus1,1,normal_L2,914,71
torus_genus1,1,normal_L2,915,66
torus_genus1,1,normal_L2,916,80
torus_genus1,1,normal_L2,917,85
torus_genus1,1,normal_L2,918,76
torus_genus1,1,normal_L2,919,78
torus_genus1,1,normal_L2,920,93
torus_genus1,1,normal_L2,921,89
torus_genus1,1,normal_L2,922,93
torus_genus1,1,normal_L2,923,87
torus_genus1,1,normal_L2,924,78
torus_genus1,1,normal_L2,925,73
torus_genus1,1,normal_L2,926,57
torus_genus1,1,normal_L2,927,67
torus_genus1,1,normal_L2,928,82
torus_genus1,1,normal_L2,929,89
torus_genus1,1,normal_L2,930,83
torus_genus1,1,normal_L2,931,68
torus_genus1,1,normal_L2,932,87
torus_genus1,1,normal_L2,933,75
torus_genus1,1,normal_L2,934,85
torus_genus1,1,normal_L2,935,73
torus_genus1,1,normal_L2,936,79
torus_genus1,1,normal_L2,937,73
torus_genus1,1,normal_L2,938,73
torus_genus1,1,normal_L2,939,58
torus_genus1,1,normal_L2,940,92
torus_genus1,1,normal_L2,941,96
torus_genus1,1,normal_L2,942,82
torus_genus1,1,normal_L2,943,77
torus_genus1,1,normal_L2,944,55
torus_genus1,1,normal_L2,945,76
torus_genus1,1,normal_L2,946,71
torus_genus1,1,normal_L2,947,82
torus_genus1,1,normal_L2,948,87
torus_genus1,1,normal_L2,949,84
torus_genus1,1,normal_L2,950,81
torus_genus1,1,normal_L2,951,85
torus_genus1,1,normal_L2,952,70
torus_genus1,1,normal_L2,953,70
torus_genus1,1,normal_L2,954,75
torus_genus1,1,normal_L2,955,83
torus_genus1,1,normal_L2,956,81
torus_genus1,1,normal_L2,957,77
torus_genus1,1,normal_L2,958,86
torus_genus1,1,normal_L2,959,93
torus_genus1,1,normal_L2,960,75
torus_genus1,1,normal_L2,961,87
torus_genus1,1,normal_L2,962,76
torus_genus1,1,normal_L2,963,64
torus_genus1,1,normal_L2,964,71
torus_genus1,1,normal_L2,965,77
torus_genus1,1,normal_L2,966,92
torus_genus1,1,normal_L2,967,81
torus_genus1,1,normal_L2,968,83
torus_genus1,1,normal_L2,969,72
torus_genus1,1,normal_L2,970,92
torus_genus1,1,normal_L2,971,76
torus_genus1,1,normal_L2,972,62
torus_genus1,1,normal_L2,973,88
torus_genus1,1,normal_L2,974,86
torus_genus1,1,normal_L2,975,97
torus_genus1,1,normal_L2,976,74
torus_genus1,1,normal_L2,977,69
torus_genus1,1,normal_L2,978,93
torus_genus1,1,normal_L2,979,87
torus_genus1,1,normal_L2,980,73
torus_genus1,1,normal_L2,981,69
torus_genus1,1,normal_L2,982,87
torus_genus1,1,normal_L2,983,95
torus_genus1,1,normal_L2,984,64
torus_genus1,1,normal_L2,985,85
torus_genus1,1,normal_L2,986,71
torus_genus1,1,normal_L2,987,74
torus_genus1,1,normal_L2,988,74
torus_genus1,1,normal_L2,989,72
torus_genus1,1,normal_L2,990,93
torus_genus1,1,normal_L2,991,89
torus_genus1,1,normal_L2,992,93
torus_genus1,1,normal_L2,993,68
torus_genus1,1,normal_L2,994,80
torus_genus1,1,normal_L2,995,85
torus_genus1,1,normal_L2,996,82
torus_genus1,1,normal_L2,997,70
torus_genus1,1,normal_L2,998,79
torus_genus1,1,normal_L2,999,75
double_torus_genus2,2,uniform_sphere,0,81
double_torus_genus2,2,uniform_sphere,1,70
double_torus_genus2,2,uniform_sphere,2,80
double_torus_genus2,2,uniform_sphere,3,72
double_torus_genus2,2,uniform_sphere,4,65
double_torus_genus2,2,uniform_sphere,5,67
double_torus_genus2,2,uniform_sphere,6,65
double_torus_genus2,2,uniform_sphere,7,57
double_torus_genus2,2,uniform_sphere,8,61
double_torus_genus2,2,uniform_sphere,9,77
double_torus_genus2,2,uniform_sphere,10,64
double_torus_genus2,2,uniform_sphere,11,81
double_torus_genus2,2,uniform_sphere,12,71
double_torus_genus2,2,uniform_sphere,13,80
double_torus_genus2,2,uniform_sphere,14,90
double_torus_genus2,2,uniform_sphere,15,90
double_torus_genus2,2,uniform_sphere,16,64
double_torus_genus2,2,uniform_sphere,17,74
double_torus_genus2,2,uniform_sphere,18,76
double_torus_genus2,2,uniform_sphere,19,91
double_torus_genus2,2,uniform_sphere,20,88
double_torus_genus2,2,uniform_sphere,21,80
double_torus_genus2,2,uniform_sphere,22,67
double_torus_genus2,2,uniform_sphere,23,65
double_torus_genus2,2,uniform_sphere,24,73
double_torus_genus2,2,uniform_sphere,25,56
double_torus_genus2,2,uniform_sphere,26,66
double_torus_genus2,2,uniform_sphere,27,72
double_torus_genus2,2,uniform_sphere,28,63
double_torus_genus2,2,uniform_sphere,29,69
double_torus_genus2,2,uniform_sphere,30,63
double_torus_genus2,2,uniform_sphere,31,85
double_torus_genus2,2,uniform_sphere,32,77
double_torus_genus2,2,uniform_sphere,33,86
double_torus_genus2,2,uniform_sphere,34,79
double_torus_genus2,2,uniform_sphere,35,84
double_torus_genus2,2,uniform_sphere,36,55
double_torus_genus2,2,uniform_sphere,37,61
double_torus_genus2,2,uniform_sphere,38,66
double_torus_genus2,2,uniform_sphere,39,77
double_torus_genus2,2,uniform_sphere,40,78
double_torus_genus2,2,uniform_sphere,41,59
double_torus_genus2,2,uniform_sphere,42,73
double_torus_genus2,2,uniform_sphere,43,60
double_torus_genus2,2,uniform_sphere,44,69
double_torus_genus2,2,uniform_sphere,45,65
double_torus_genus2,2,uniform_sphere,46,84
double_torus_genus2,2,uniform_sphere,47,74
double_torus_genus2,2,uniform_sphere,48,61
double_torus_genus2,2,uniform_sphere,49,74
double_torus_genus2,2,uniform_sphere,50,69
double_torus_genus2,2,uniform_sphere,51,62
double_torus_genus2,2,uniform_sphere,52,79
double_torus_genus2,2,uniform_sphere,53,72
double_torus_genus2,2,uniform_sphere,54,78
double_torus_genus2,2,uniform_sphere,55,60
double_torus_genus2,2,uniform_sphere,56,78
double_torus_genus2,2,uniform_sphere,57,50
double_torus_genus2,2,uniform_sphere,58,77
double_torus_genus2,2,uniform_sphere,59,72
double_torus_genus2,2,uniform_sphere,60,64
double_torus_genus2,2,uniform_sphere,61,82
double_torus_genus2,2,uniform_sphere,62,88
double_torus_genus2,2,uniform_sphere,63,63
double_torus_genus2,2,uniform_sphere,64,54
double_torus_genus2,2,uniform_sphere,65,58
double_torus_genus2,2,uniform_sphere,66,78
double_torus_genus2,2,uniform_sphere,67,54
double_torus_genus2,2,uniform_sphere,68,45
double_torus_genus2,2,uniform_sphere,69,76
double_torus_genus2,2,uniform_sphere,70,75
double_torus_genus2,2,uniform_sphere,71,58
double_torus_genus2,2,uniform_sphere,72,74
double_torus_genus2,2,uniform_sphere,73,77
double_torus_genus2,2,uniform_sphere,74,88
double_torus_genus2,2,uniform_sphere,75,59
double_torus_genus2,2,uniform_sphere,76,75
double_torus_genus2,2,uniform_sphere,77,61
double_torus_genus2,2,uniform_sphere,78,70
double_torus_genus2,2,uniform_sphere,79,76
double_torus_genus2,2,uniform_sphere,80,58
double_torus_genus2,2,uniform_sphere,81,66
double_torus_genus2,2,uniform_sphere,82,58
double_torus_genus2,2,uniform_sphere,83,74
double_torus_genus2,2,uniform_sphere,84,86
double_torus_genus2,2,uniform_sphere,85,64
double_torus_genus2,2,uniform_sphere,86,67
double_torus_genus2,2,uniform_sphere,87,73
double_torus_genus2,2,uniform_sphere,88,71
double_torus_genus2,2,uniform_sphere,89,73
double_torus_genus2,2,uniform_sphere,90,80
double_torus_genus2,2,uniform_sphere,91,70
double_torus_genus2,2,uniform_sphere,92,79
double_torus_genus2,2,uniform_sphere,93,68
double_torus_genus2,2,uniform_sphere,94,68
double_torus_genus2,2,uniform_sphere,95,63
double_torus_genus2,2,uniform_sphere,96,73
double_torus_genus2,2,uniform_sphere,97,83
double_torus_genus2,2,uniform_sphere,98,85
double_torus_genus2,2,uniform_sphere,99,73
double_torus_genus2,2,uniform_sphere,100,89
double_torus_genus2,2,uniform_sphere,101,79
double_torus_genus2,2,uniform_sphere,102,83
double_torus_genus2,2,uniform_sphere,103,80
double_torus_genus2,2,uniform_sphere,104,80
double_torus_genus2,2,uniform_sphere,105,79
double_torus_genus2,2,uniform_sphere,106,71
double_torus_genus2,2,uniform_sphere,107,80
double_torus_genus2,2,uniform_sphere,108,68
double_torus_genus2,2,uniform_sphere,109,63
double_torus_genus2,2,uniform_sphere,110,63
double_torus_genus2,2,uniform_sphere,111,73
double_torus_genus2,2,uniform_sphere,112,72
double_torus_genus2,2,uniform_sphere,113,74
double_torus_genus2,2,uniform_sphere,114,77
double_torus_genus2,2,uniform_sphere,115,78
double_torus_genus2,2,uniform_sphere,116,78
double_torus_genus2,2,uniform_sphere,117,94
double_torus_genus2,2,uniform_sphere,118,80
double_torus_genus2,2,uniform_sphere,119,71
double_torus_genus2,2,uniform_sphere,120,65
double_torus_genus2,2,uniform_sphere,121,74
double_torus_genus2,2,uniform_sphere,122,60
double_torus_genus2,2,uniform_sphere,123,73
double_torus_genus2,2,uniform_sphere,124,79
double_torus_genus2,2,uniform_sphere,125,79
double_torus_genus2,2,uniform_sphere,126,65
double_torus_genus2,2,uniform_sphere,127,76
double_torus_genus2,2,uniform_sphere,128,66
double_torus_genus2,2,uniform_sphere,129,73
double_torus_genus2,2,uniform_sphere,130,65
double_torus_genus2,2,uniform_sphere,131,66
double_torus_genus2,2,uniform_sphere,132,73
double_torus_genus2,2,uniform_sphere,133,74
double_torus_genus2,2,uniform_sphere,134,70
double_torus_genus2,2,uniform_sphere,135,72
double_torus_genus2,2,uniform_sphere,136,67
double_torus_genus2,2,uniform_sphere,137,75
double_torus_genus2,2,uniform_sphere,138,62
double_torus_genus2,2,uniform_sphere,139,78
double_torus_genus2,2,uniform_sphere,140,67
double_torus_genus2,2,uniform_sphere,141,90
double_torus_genus2,2,uniform_sphere,142,57
double_torus_genus2,2,uniform_sphere,143,74
double_torus_genus2,2,uniform_sphere,144,87
double_torus_genus2,2,uniform_sphere,145,74
double_torus_genus2,2,uniform_sphere,146,83
double_torus_genus2,2,uniform_sphere,147,75
double_torus_genus2,2,uniform_sphere,148,70
double_torus_genus2,2,uniform_sphere,149,69
double_torus_genus2,2,uniform_sphere,150,72
double_torus_genus2,2,uniform_sphere,151,80
double_torus_genus2,2,uniform_sphere,152,74
double_torus_genus2,2,uniform_sphere,153,65
double_torus_genus2,2,uniform_sphere,154,77
double_torus_genus2,2,uniform_sphere,155,70
double_torus_genus2,2,uniform_sphere,156,63
double_torus_genus2,2,uniform_sphere,157,63
double_torus_genus2,2,uniform_sphere,158,93
double_torus_genus2,2,uniform_sphere,159,80
double_torus_genus2,2,uniform_sphere,160,55
double_torus_genus2,2,uniform_sphere,161,90
double_torus_genus2,2,uniform_sphere,162,66
double_torus_genus2,2,uniform_sphere,163,79
double_torus_genus2,2,uniform_sphere,164,85
double_torus_genus2,2,uniform_sphere,165,88
double_torus_genus2,2,uniform_sphere,166,84
double_torus_genus2,2,uniform_sphere,167,64
double_torus_genus2,2,uniform_sphere,168,76
double_torus_genus2,2,uniform_sphere,169,78
double_torus_genus2,2,uniform_sphere,170,67
double_torus_genus2,2,uniform_sphere,171,75
double_torus_genus2,2,uniform_sphere,172,58
double_torus_genus2,2,uniform_sphere,173,76
double_torus_genus2,2,uniform_sphere,174,71
double_torus_genus2,2,uniform_sphere,175,77
double_torus_genus2,2,uniform_sphere,176,82
double_torus_genus2,2,uniform_sphere,177,94
double_torus_genus2,2,uniform_sphere,178,54
double_torus_genus2,2,uniform_sphere,179,64
double_torus_genus2,2,uniform_sphere,180,79
double_torus_genus2,2,uniform_sphere,181,74
double_torus_genus2,2,uniform_sphere,182,78
double_torus_genus2,2,uniform_sphere,183,75
double_torus_genus2,2,uniform_sphere,184,75
double_torus_genus2,2,uniform_sphere,185,61
double_torus_genus2,2,uniform_sphere,186,71
double_torus_genus2,2,uniform_sphere,187,83
double_torus_genus2,2,uniform_sphere,188,63
double_torus_genus2,2,uniform_sphere,189,72
double_torus_genus2,2,uniform_sphere,190,74
double_torus_genus2,2,uniform_sphere,191,60
double_torus_genus2,2,uniform_sphere,192,68
double_torus_genus2,2,uniform_sphere,193,57
double_torus_genus2,2,uniform_sphere,194,67
double_torus_genus2,2,uniform_sphere,195,62
double_torus_genus2,2,uniform_sphere,196,54
double_torus_genus2,2,uniform_sphere,197,73
double_torus_genus2,2,uniform_sphere,198,82
double_torus_genus2,2,uniform_sphere,199,85
double_torus_genus2,2,uniform_sphere,200,81
double_torus_genus2,2,uniform_sphere,201,64
double_torus_genus2,2,uniform_sphere,202,77
double_torus_genus2,2,uniform_sphere,203,69
double_torus_genus2,2,uniform_sphere,204,73
double_torus_genus2,2,uniform_sphere,205,63
double_torus_genus2,2,uniform_sphere,206,79
double_torus_genus2,2,uniform_sphere,207,78
double_torus_genus2,2,uniform_sphere,208,74
double_torus_genus2,2,uniform_sphere,209,83
double_torus_genus2,2,uniform_sphere,210,84
double_torus_genus2,2,uniform_sphere,211,79
double_torus_genus2,2,uniform_sphere,212,80
double_torus_genus2,2,uniform_sphere,213,85
double_torus_genus2,2,uniform_sphere,214,80
double_torus_genus2,2,uniform_sphere,215,69
double_torus_genus2,2,uniform_sphere,216,86
double_torus_genus2,2,uniform_sphere,217,60
double_torus_genus2,2,uniform_sphere,218,73
double_torus_genus2,2,uniform_sphere,219,69
double_torus_genus2,2,uniform_sphere,220,73
double_torus_genus2,2,uniform_sphere,221,61
double_torus_genus2,2,uniform_sphere,222,70
double_torus_genus2,2,uniform_sphere,223,75
double_torus_genus2,2,uniform_sphere,224,75
double_torus_genus2,2,uniform_sphere,225,77
double_torus_genus2,2,uniform_sphere,226,59
double_torus_genus2,2,uniform_sphere,227,84
double_torus_genus2,2,uniform_sphere,228,75
double_torus_genus2,2,uniform_sphere,229,86
double_torus_genus2,2,uniform_sphere,230,55
double_torus_genus2,2,uniform_sphere,231,78
double_torus_genus2,2,uniform_sphere,232,69
double_torus_genus2,2,uniform_sphere,233,81
double_torus_genus2,2,uniform_sphere,234,69
double_torus_genus2,2,uniform_sphere,235,73
double_torus_genus2,2,uniform_sphere,236,66
double_torus_genus2,2,uniform_sphere,237,73
double_torus_genus2,2,uniform_sphere,238,81
double_torus_genus2,2,uniform_sphere,239,75
double_torus_genus2,2,uniform_sphere,240,67
double_torus_genus2,2,uniform_sphere,241,81
double_torus_genus2,2,uniform_sphere,242,88
double_torus_genus2,2,uniform_sphere,243,65
double_torus_genus2,2,uniform_sphere,244,64
double_torus_genus2,2,uniform_sphere,245,76
double_torus_genus2,2,uniform_sphere,246,73
double_torus_genus2,2,uniform_sphere,247,73
double_torus_genus2,2,uniform_sphere,248,67
double_torus_genus2,2,uniform_sphere,249,52
double_torus_genus2,2,uniform_sphere,250,76
double_torus_genus2,2,uniform_sphere,251,58
double_torus_genus2,2,uniform_sphere,252,80
double_torus_genus2,2,uniform_sphere,253,78
double_torus_genus2,2,uniform_sphere,254,70
double_torus_genus2,2,uniform_sphere,255,72
double_torus_genus2,2,uniform_sphere,256,72
double_torus_genus2,2,uniform_sphere,257,49
double_torus_genus2,2,uniform_sphere,258,74
double_torus_genus2,2,uniform_sphere,259,69
double_torus_genus2,2,uniform_sphere,260,71
double_torus_genus2,2,uniform_sphere,261,73
double_torus_genus2,2,uniform_sphere,262,60
double_torus_genus2,2,uniform_sphere,263,63
double_torus_genus2,2,uniform_sphere,264,70
double_torus_genus2,2,uniform_sphere,265,77
double_torus_genus2,2,uniform_sphere,266,75
double_torus_genus2,2,uniform_sphere,267,78
double_torus_genus2,2,uniform_sphere,268,68
double_torus_genus2,2,uniform_sphere,269,72
double_torus_genus2,2,uniform_sphere,270,70
double_torus_genus2,2,uniform_sphere,271,73
double_torus_genus2,2,uniform_sphere,272,61
double_torus_genus2,2,uniform_sphere,273,76
double_torus_genus2,2,uniform_sphere,274,47
double_torus_genus2,2,uniform_sphere,275,94
double_torus_genus2,2,uniform_sphere,276,57
double_torus_genus2,2,uniform_sphere,277,69
double_torus_genus2,2,uniform_sphere,278,81
double_torus_genus2,2,uniform_sphere,279,74
double_torus_genus2,2,uniform_sphere,280,77
double_torus_genus2,2,uniform_sphere,281,81
double_torus_genus2,2,uniform_sphere,282,72
double_torus_genus2,2,uniform_sphere,283,73
double_torus_genus2,2,uniform_sphere,284,68
double_torus_genus2,2,uniform_sphere,285,62
double_torus_genus2,2,uniform_sphere,286,78
double_torus_genus2,2,uniform_sphere,287,64
double_torus_genus2,2,uniform_sphere,288,62
double_torus_genus2,2,uniform_sphere,289,69
double_torus_genus2,2,uniform_sphere,290,77
double_torus_genus2,2,uniform_sphere,291,76
double_torus_genus2,2,uniform_sphere,292,79
double_torus_genus2,2,uniform_sphere,293,75
double_torus_genus2,2,uniform_sphere,294,78
double_torus_genus2,2,uniform_sphere,295,71
double_torus_genus2,2,uniform_sphere,296,66
double_torus_genus2,2,uniform_sphere,297,76
double_torus_genus2,2,uniform_sphere,298,67
double_torus_genus2,2,uniform_sphere,299,59
double_torus_genus2,2,uniform_sphere,300,74
double_torus_genus2,2,uniform_sphere,301,76
double_torus_genus2,2,uniform_sphere,302,57
double_torus_genus2,2,uniform_sphere,303,67
double_torus_genus2,2,uniform_sphere,304,64
double_torus_genus2,2,uniform_sphere,305,57
double_torus_genus2,2,uniform_sphere,306,74
double_torus_genus2,2,uniform_sphere,307,89
double_torus_genus2,2,uniform_sphere,308,67
double_torus_genus2,2,uniform_sphere,309,70
double_torus_genus2,2,uniform_sphere,310,71
double_torus_genus2,2,uniform_sphere,311,69
double_torus_genus2,2,uniform_sphere,312,80
double_torus_genus2,2,uniform_sphere,313,83
double_torus_genus2,2,uniform_sphere,314,86
double_torus_genus2,2,uniform_sphere,315,67
double_torus_genus2,2,uniform_sphere,316,73
double_torus_genus2,2,uniform_sphere,317,70
double_torus_genus2,2,uniform_sphere,318,67
double_torus_genus2,2,uniform_sphere,319,94
double_torus_genus2,2,uniform_sphere,320,64
double_torus_genus2,2,uniform_sphere,321,86
double_torus_genus2,2,uniform_sphere,322,70
double_torus_genus2,2,uniform_sphere,323,69
double_torus_genus2,2,uniform_sphere,324,78
double_torus_genus2,2,uniform_sphere,325,74
double_torus_genus2,2,uniform_sphere,326,81
double_torus_genus2,2,uniform_sphere,327,82
double_torus_genus2,2,uniform_sphere,328,85
double_torus_genus2,2,uniform_sphere,329,91
double_torus_genus2,2,uniform_sphere,330,76
double_torus_genus2,2,uniform_sphere,331,74
double_torus_genus2,2,uniform_sphere,332,72
double_torus_genus2,2,uniform_sphere,333,76
double_torus_genus2,2,uniform_sphere,334,61
double_torus_genus2,2,uniform_sphere,335,78
double_torus_genus2,2,uniform_sphere,336,58
double_torus_genus2,2,uniform_sphere,337,63
double_torus_genus2,2,uniform_sphere,338,75
double_torus_genus2,2,uniform_sphere,339,72
double_torus_genus2,2,uniform_sphere,340,60
double_torus_genus2,2,uniform_sphere,341,67
double_torus_genus2,2,uniform_sphere,342,66
double_torus_genus2,2,uniform_sphere,343,63
double_torus_genus2,2,uniform_sphere,344,62
double_torus_genus2,2,uniform_sphere,345,64
double_torus_genus2,2,uniform_sphere,346,65
double_torus_genus2,2,uniform_sphere,347,69
double_torus_genus2,2,uniform_sphere,348,57
double_torus_genus2,2,uniform_sphere,349,86
double_torus_genus2,2,uniform_sphere,350,73
double_torus_genus2,2,uniform_sphere,351,62
double_torus_genus2,2,uniform_sphere,352,67
double_torus_genus2,2,uniform_sphere,353,76
double_torus_genus2,2,uniform_sphere,354,69
double_torus_genus2,2,uniform_sphere,355,62
double_torus_genus2,2,uniform_sphere,356,56
double_torus_genus2,2,uniform_sphere,357,47
double_torus_genus2,2,uniform_sphere,358,76
double_torus_genus2,2,uniform_sphere,359,58
double_torus_genus2,2,uniform_sphere,360,59
double_torus_genus2,2,uniform_sphere,361,68
double_torus_genus2,2,uniform_sphere,362,68
double_torus_genus2,2,uniform_sphere,363,70
double_torus_genus2,2,uniform_sphere,364,73
double_torus_genus2,2,uniform_sphere,365,66
double_torus_genus2,2,uniform_sphere,366,83
double_torus_genus2,2,uniform_sphere,367,79
double_torus_genus2,2,uniform_sphere,368,69
double_torus_genus2,2,uniform_sphere,369,74
double_torus_genus2,2,uniform_sphere,370,82
double_torus_genus2,2,uniform_sphere,371,65
double_torus_genus2,2,uniform_sphere,372,68
double_torus_genus2,2,uniform_sphere,373,67
double_torus_genus2,2,uniform_sphere,374,62
double_torus_genus2,2,uniform_sphere,375,80
double_torus_genus2,2,uniform_sphere,376,56
double_torus_genus2,2,uniform_sphere,377,94
double_torus_genus2,2,uniform_sphere,378,61
double_torus_genus2,2,uniform_sphere,379,87
double_torus_genus2,2,uniform_sphere,380,78
double_torus_genus2,2,uniform_sphere,381,77
double_torus_genus2,2,uniform_sphere,382,78
double_torus_genus2,2,uniform_sphere,383,66
double_torus_genus2,2,uniform_sphere,384,60
double_torus_genus2,2,uniform_sphere,385,68
double_torus_genus2,2,uniform_sphere,386,75
double_torus_genus2,2,uniform_sphere,387,72
double_torus_genus2,2,uniform_sphere,388,70
double_torus_genus2,2,uniform_sphere,389,75
double_torus_genus2,2,uniform_sphere,390,72
double_torus_genus2,2,uniform_sphere,391,59
double_torus_genus2,2,uniform_sphere,392,55
double_torus_genus2,2,uniform_sphere,393,73
double_torus_genus2,2,uniform_sphere,394,73
double_torus_genus2,2,uniform_sphere,395,67
double_torus_genus2,2,uniform_sphere,396,82
double_torus_genus2,2,uniform_sphere,397,69
double_torus_genus2,2,uniform_sphere,398,82
double_torus_genus2,2,uniform_sphere,399,62
double_torus_genus2,2,uniform_sphere,400,64
double_torus_genus2,2,uniform_sphere,401,72
double_torus_genus2,2,uniform_sphere,402,56
double_torus_genus2,2,uniform_sphere,403,60
double_torus_genus2,2,uniform_sphere,404,71
double_torus_genus2,2,uniform_sphere,405,67
double_torus_genus2,2,uniform_sphere,406,69
double_torus_genus2,2,uniform_sphere,407,60
double_torus_genus2,2,uniform_sphere,408,72
double_torus_genus2,2,uniform_sphere,409,55
double_torus_genus2,2,uniform_sphere,410,70
double_torus_genus2,2,uniform_sphere,411,59
double_torus_genus2,2,uniform_sphere,412,78
double_torus_genus2,2,uniform_sphere,413,74
double_torus_genus2,2,uniform_sphere,414,82
double_torus_genus2,2,uniform_sphere,415,76
double_torus_genus2,2,uniform_sphere,416,81
double_torus_genus2,2,uniform_sphere,417,66
double_torus_genus2,2,uniform_sphere,418,70
double_torus_genus2,2,uniform_sphere,419,72
double_torus_genus2,2,uniform_sphere,420,65
double_torus_genus2,2,uniform_sphere,421,82
double_torus_genus2,2,uniform_sphere,422,71
double_torus_genus2,2,uniform_sphere,423,76
double_torus_genus2,2,uniform_sphere,424,71
double_torus_genus2,2,uniform_sphere,425,73
double_torus_genus2,2,uniform_sphere,426,76
double_torus_genus2,2,uniform_sphere,427,75
double_torus_genus2,2,uniform_sphere,428,81
double_torus_genus2,2,uniform_sphere,429,72
double_torus_genus2,2,uniform_sphere,430,72
double_torus_genus2,2,uniform_sphere,431,75
double_torus_genus2,2,uniform_sphere,432,69
double_torus_genus2,2,uniform_sphere,433,74
double_torus_genus2,2,uniform_sphere,434,77
double_torus_genus2,2,uniform_sphere,435,72
double_torus_genus2,2,uniform_sphere,436,72
double_torus_genus2,2,uniform_sphere,437,69
double_torus_genus2,2,uniform_sphere,438,79
double_torus_genus2,2,uniform_sphere,439,77
double_torus_genus2,2,uniform_sphere,440,70
double_torus_genus2,2,uniform_sphere,441,66
double_torus_genus2,2,uniform_sphere,442,93
double_torus_genus2,2,uniform_sphere,443,63
double_torus_genus2,2,uniform_sphere,444,75
double_torus_genus2,2,uniform_sphere,445,63
double_torus_genus2,2,uniform_sphere,446,63
double_torus_genus2,2,uniform_sphere,447,82
double_torus_genus2,2,uniform_sphere,448,67
double_torus_genus2,2,uniform_sphere,449,63
double_torus_genus2,2,uniform_sphere,450,58
double_torus_genus2,2,uniform_sphere,451,67
double_torus_genus2,2,uniform_sphere,452,67
double_torus_genus2,2,uniform_sphere,453,61
double_torus_genus2,2,uniform_sphere,454,82
double_torus_genus2,2,uniform_sphere,455,61
double_torus_genus2,2,uniform_sphere,456,86
double_torus_genus2,2,uniform_sphere,457,69
double_torus_genus2,2,uniform_sphere,458,80
double_torus_genus2,2,uniform_sphere,459,60
double_torus_genus2,2,uniform_sphere,460,49
double_torus_genus2,2,uniform_sphere,461,78
double_torus_genus2,2,uniform_sphere,462,71
double_torus_genus2,2,uniform_sphere,463,84
double_torus_genus2,2,uniform_sphere,464,83
double_torus_genus2,2,uniform_sphere,465,78
double_torus_genus2,2,uniform_sphere,466,71
double_torus_genus2,2,uniform_sphere,467,60
double_torus_genus2,2,uniform_sphere,468,68
double_torus_genus2,2,uniform_sphere,469,84
double_torus_genus2,2,uniform_sphere,470,85
double_torus_genus2,2,uniform_sphere,471,69
double_torus_genus2,2,uniform_sphere,472,71
double_torus_genus2,2,uniform_sphere,473,68
double_torus_genus2,2,uniform_sphere,474,64
double_torus_genus2,2,uniform_sphere,475,74
double_torus_genus2,2,uniform_sphere,476,80
double_torus_genus2,2,uniform_sphere,477,73
double_torus_genus2,2,uniform_sphere,478,80
double_torus_genus2,2,uniform_sphere,479,56
double_torus_genus2,2,uniform_sphere,480,69
double_torus_genus2,2,uniform_sphere,481,71
double_torus_genus2,2,uniform_sphere,482,61
double_torus_genus2,2,uniform_sphere,483,63
double_torus_genus2,2,uniform_sphere,484,64
double_torus_genus2,2,uniform_sphere,485,72
double_torus_genus2,2,uniform_sphere,486,92
double_torus_genus2,2,uniform_sphere,487,62
double_torus_genus2,2,uniform_sphere,488,71
double_torus_genus2,2,uniform_sphere,489,66
double_torus_genus2,2,uniform_sphere,490,74
double_torus_genus2,2,uniform_sphere,491,57
double_torus_genus2,2,uniform_sphere,492,75
double_torus_genus2,2,uniform_sphere,493,76
double_torus_genus2,2,uniform_sphere,494,79
double_torus_genus2,2,uniform_sphere,495,62
double_torus_genus2,2,uniform_sphere,496,75
double_torus_genus2,2,uniform_sphere,497,63
double_torus_genus2,2,uniform_sphere,498,61
double_torus_genus2,2,uniform_sphere,499,67
double_torus_genus2,2,uniform_sphere,500,80
double_torus_genus2,2,uniform_sphere,501,64
double_torus_genus2,2,uniform_sphere,502,69
double_torus_genus2,2,uniform_sphere,503,90
double_torus_genus2,2,uniform_sphere,504,77
double_torus_genus2,2,uniform_sphere,505,86
double_torus_genus2,2,uniform_sphere,506,61
double_torus_genus2,2,uniform_sphere,507,73
double_torus_genus2,2,uniform_sphere,508,74
double_torus_genus2,2,uniform_sphere,509,85
double_torus_genus2,2,uniform_sphere,510,73
double_torus_genus2,2,uniform_sphere,511,70
double_torus_genus2,2,uniform_sphere,512,76
double_torus_genus2,2,uniform_sphere,513,61
double_torus_genus2,2,uniform_sphere,514,70
double_torus_genus2,2,uniform_sphere,515,72
double_torus_genus2,2,uniform_sphere,516,83
double_torus_genus2,2,uniform_sphere,517,67
double_torus_genus2,2,uniform_sphere,518,77
double_torus_genus2,2,uniform_sphere,519,70
double_torus_genus2,2,uniform_sphere,520,71
double_torus_genus2,2,uniform_sphere,521,54
double_torus_genus2,2,uniform_sphere,522,76
double_torus_genus2,2,uniform_sphere,523,75
double_torus_genus2,2,uniform_sphere,524,70
double_torus_genus2,2,uniform_sphere,525,72
double_torus_genus2,2,uniform_sphere,526,75
double_torus_genus2,2,uniform_sphere,527,64
double_torus_genus2,2,uniform_sphere,528,96
double_torus_genus2,2,uniform_sphere,529,72
double_torus_genus2,2,uniform_sphere,530,72
double_torus_genus2,2,uniform_sphere,531,72
double_torus_genus2,2,uniform_sphere,532,76
double_torus_genus2,2,uniform_sphere,533,72
double_torus_genus2,2,uniform_sphere,534,72
double_torus_genus2,2,uniform_sphere,535,66
double_torus_genus2,2,uniform_sphere,536,72
double_torus_genus2,2,uniform_sphere,537,65
double_torus_genus2,2,uniform_sphere,538,69
double_torus_genus2,2,uniform_sphere,539,63
double_torus_genus2,2,uniform_sphere,540,65
double_torus_genus2,2,uniform_sphere,541,63
double_torus_genus2,2,uniform_sphere,542,82
double_torus_genus2,2,uniform_sphere,543,86
double_torus_genus2,2,uniform_sphere,544,76
double_torus_genus2,2,uniform_sphere,545,63
double_torus_genus2,2,uniform_sphere,546,73
double_torus_genus2,2,uniform_sphere,547,73
double_torus_genus2,2,uniform_sphere,548,73
double_torus_genus2,2,uniform_sphere,549,76
double_torus_genus2,2,uniform_sphere,550,70
double_torus_genus2,2,uniform_sphere,551,74
double_torus_genus2,2,uniform_sphere,552,67
double_torus_genus2,2,uniform_sphere,553,58
double_torus_genus2,2,uniform_sphere,554,69
double_torus_genus2,2,uniform_sphere,555,71
double_torus_genus2,2,uniform_sphere,556,62
double_torus_genus2,2,uniform_sphere,557,68
double_torus_genus2,2,uniform_sphere,558,55
double_torus_genus2,2,uniform_sphere,559,73
double_torus_genus2,2,uniform_sphere,560,78
double_torus_genus2,2,uniform_sphere,561,91
double_torus_genus2,2,uniform_sphere,562,81
double_torus_genus2,2,uniform_sphere,563,74
double_torus_genus2,2,uniform_sphere,564,82
double_torus_genus2,2,uniform_sphere,565,57
double_torus_genus2,2,uniform_sphere,566,72
double_torus_genus2,2,uniform_sphere,567,78
double_torus_genus2,2,uniform_sphere,568,85
double_torus_genus2,2,uniform_sphere,569,65
double_torus_genus2,2,uniform_sphere,570,61
double_torus_genus2,2,uniform_sphere,571,69
double_torus_genus2,2,uniform_sphere,572,82
double_torus_genus2,2,uniform_sphere,573,68
double_torus_genus2,2,uniform_sphere,574,76
double_torus_genus2,2,uniform_sphere,575,65
double_torus_genus2,2,uniform_sphere,576,67
double_torus_genus2,2,uniform_sphere,577,61
double_torus_genus2,2,uniform_sphere,578,71
double_torus_genus2,2,uniform_sphere,579,69
double_torus_genus2,2,uniform_sphere,580,65
double_torus_genus2,2,uniform_sphere,581,86
double_torus_genus2,2,uniform_sphere,582,72
double_torus_genus2,2,uniform_sphere,583,64
double_torus_genus2,2,uniform_sphere,584,77
double_torus_genus2,2,uniform_sphere,585,55
double_torus_genus2,2,uniform_sphere,586,72
double_torus_genus2,2,uniform_sphere,587,70
double_torus_genus2,2,uniform_sphere,588,78
double_torus_genus2,2,uniform_sphere,589,79
double_torus_genus2,2,uniform_sphere,590,76
double_torus_genus2,2,uniform_sphere,591,61
double_torus_genus2,2,uniform_sphere,592,64
double_torus_genus2,2,uniform_sphere,593,87
double_torus_genus2,2,uniform_sphere,594,73
double_torus_genus2,2,uniform_sphere,595,71
double_torus_genus2,2,uniform_sphere,596,68
double_torus_genus2,2,uniform_sphere,597,78
double_torus_genus2,2,uniform_sphere,598,64
double_torus_genus2,2,uniform_sphere,599,87
double_torus_genus2,2,uniform_sphere,600,77
double_torus_genus2,2,uniform_sphere,601,65
double_torus_genus2,2,uniform_sphere,602,67
double_torus_genus2,2,uniform_sphere,603,75
double_torus_genus2,2,uniform_sphere,604,80
double_torus_genus2,2,uniform_sphere,605,72
double_torus_genus2,2,uniform_sphere,606,64
double_torus_genus2,2,uniform_sphere,607,71
double_torus_genus2,2,uniform_sphere,608,60
double_torus_genus2,2,uniform_sphere,609,58
double_torus_genus2,2,uniform_sphere,610,68
double_torus_genus2,2,uniform_sphere,611,72
double_torus_genus2,2,uniform_sphere,612,90
double_torus_genus2,2,uniform_sphere,613,76
double_torus_genus2,2,uniform_sphere,614,65
double_torus_genus2,2,uniform_sphere,615,85
double_torus_genus2,2,uniform_sphere,616,69
double_torus_genus2,2,uniform_sphere,617,63
double_torus_genus2,2,uniform_sphere,618,73
double_torus_genus2,2,uniform_sphere,619,77
double_torus_genus2,2,uniform_sphere,620,72
double_torus_genus2,2,uniform_sphere,621,69
double_torus_genus2,2,uniform_sphere,622,85
double_torus_genus2,2,uniform_sphere,623,68
double_torus_genus2,2,uniform_sphere,624,65
double_torus_genus2,2,uniform_sphere,625,88
double_torus_genus2,2,uniform_sphere,626,69
double_torus_genus2,2,uniform_sphere,627,76
double_torus_genus2,2,uniform_sphere,628,81
double_torus_genus2,2,uniform_sphere,629,65
double_torus_genus2,2,uniform_sphere,630,62
double_torus_genus2,2,uniform_sphere,631,85
double_torus_genus2,2,uniform_sphere,632,53
double_torus_genus2,2,uniform_sphere,633,77
double_torus_genus2,2,uniform_sphere,634,75
double_torus_genus2,2,uniform_sphere,635,67
double_torus_genus2,2,uniform_sphere,636,51
double_torus_genus2,2,uniform_sphere,637,62
double_torus_genus2,2,uniform_sphere,638,101
double_torus_genus2,2,uniform_sphere,639,64
double_torus_genus2,2,uniform_sphere,640,73
double_torus_genus2,2,uniform_sphere,641,80
double_torus_genus2,2,uniform_sphere,642,74
double_torus_genus2,2,uniform_sphere,643,69
double_torus_genus2,2,uniform_sphere,644,74
double_torus_genus2,2,uniform_sphere,645,77
double_torus_genus2,2,uniform_sphere,646,85
double_torus_genus2,2,uniform_sphere,647,71
double_torus_genus2,2,uniform_sphere,648,65
double_torus_genus2,2,uniform_sphere,649,66
double_torus_genus2,2,uniform_sphere,650,80
double_torus_genus2,2,uniform_sphere,651,78
double_torus_genus2,2,uniform_sphere,652,88
double_torus_genus2,2,uniform_sphere,653,72
double_torus_genus2,2,uniform_sphere,654,64
double_torus_genus2,2,uniform_sphere,655,64
double_torus_genus2,2,uniform_sphere,656,83
double_torus_genus2,2,uniform_sphere,657,73
double_torus_genus2,2,uniform_sphere,658,68
double_torus_genus2,2,uniform_sphere,659,88
double_torus_genus2,2,uniform_sphere,660,63
double_torus_genus2,2,uniform_sphere,661,78
double_torus_genus2,2,uniform_sphere,662,59
double_torus_genus2,2,uniform_sphere,663,72
double_torus_genus2,2,uniform_sphere,664,73
double_torus_genus2,2,uniform_sphere,665,79
double_torus_genus2,2,uniform_sphere,666,73
double_torus_genus2,2,uniform_sphere,667,91
double_torus_genus2,2,uniform_sphere,668,75
double_torus_genus2,2,uniform_sphere,669,54
double_torus_genus2,2,uniform_sphere,670,75
double_torus_genus2,2,uniform_sphere,671,87
double_torus_genus2,2,uniform_sphere,672,71
double_torus_genus2,2,uniform_sphere,673,99
double_torus_genus2,2,uniform_sphere,674,65
double_torus_genus2,2,uniform_sphere,675,59
double_torus_genus2,2,uniform_sphere,676,60
double_torus_genus2,2,uniform_sphere,677,91
double_torus_genus2,2,uniform_sphere,678,59
double_torus_genus2,2,uniform_sphere,679,73
double_torus_genus2,2,uniform_sphere,680,96
double_torus_genus2,2,uniform_sphere,681,61
double_torus_genus2,2,uniform_sphere,682,75
double_torus_genus2,2,uniform_sphere,683,71
double_torus_genus2,2,uniform_sphere,684,71
double_torus_genus2,2,uniform_sphere,685,73
double_torus_genus2,2,uniform_sphere,686,64
double_torus_genus2,2,uniform_sphere,687,66
double_torus_genus2,2,uniform_sphere,688,77
double_torus_genus2,2,uniform_sphere,689,63
double_torus_genus2,2,uniform_sphere,690,74
double_torus_genus2,2,uniform_sphere,691,74
double_torus_genus2,2,uniform_sphere,692,71
double_torus_genus2,2,uniform_sphere,693,72
double_torus_genus2,2,uniform_sphere,694,94
double_torus_genus2,2,uniform_sphere,695,73
double_torus_genus2,2,uniform_sphere,696,81
double_torus_genus2,2,uniform_sphere,697,75
double_torus_genus2,2,uniform_sphere,698,72
double_torus_genus2,2,uniform_sphere,699,65
double_torus_genus2,2,uniform_sphere,700,82
double_torus_genus2,2,uniform_sphere,701,70
double_torus_genus2,2,uniform_sphere,702,76
double_torus_genus2,2,uniform_sphere,703,67
double_torus_genus2,2,uniform_sphere,704,71
double_torus_genus2,2,uniform_sphere,705,57
double_torus_genus2,2,uniform_sphere,706,75
double_torus_genus2,2,uniform_sphere,707,84
double_torus_genus2,2,uniform_sphere,708,61
double_torus_genus2,2,uniform_sphere,709,80
double_torus_genus2,2,uniform_sphere,710,52
double_torus_genus2,2,uniform_sphere,711,92
double_torus_genus2,2,uniform_sphere,712,63
double_torus_genus2,2,uniform_sphere,713,82
double_torus_genus2,2,uniform_sphere,714,53
double_torus_genus2,2,uniform_sphere,715,77
double_torus_genus2,2,uniform_sphere,716,81
double_torus_genus2,2,uniform_sphere,717,69
double_torus_genus2,2,uniform_sphere,718,78
double_torus_genus2,2,uniform_sphere,719,91
double_torus_genus2,2,uniform_sphere,720,65
double_torus_genus2,2,uniform_sphere,721,64
double_torus_genus2,2,uniform_sphere,722,65
double_torus_genus2,2,uniform_sphere,723,73
double_torus_genus2,2,uniform_sphere,724,64
double_torus_genus2,2,uniform_sphere,725,71
double_torus_genus2,2,uniform_sphere,726,67
double_torus_genus2,2,uniform_sphere,727,61
double_torus_genus2,2,uniform_sphere,728,63
double_torus_genus2,2,uniform_sphere,729,71
double_torus_genus2,2,uniform_sphere,730,74
double_torus_genus2,2,uniform_sphere,731,72
double_torus_genus2,2,uniform_sphere,732,65
double_torus_genus2,2,uniform_sphere,733,58
double_torus_genus2,2,uniform_sphere,734,73
double_torus_genus2,2,uniform_sphere,735,65
double_torus_genus2,2,uniform_sphere,736,70
double_torus_genus2,2,uniform_sphere,737,81
double_torus_genus2,2,uniform_sphere,738,67
double_torus_genus2,2,uniform_sphere,739,77
double_torus_genus2,2,uniform_sphere,740,59
double_torus_genus2,2,uniform_sphere,741,69
double_torus_genus2,2,uniform_sphere,742,66
double_torus_genus2,2,uniform_sphere,743,76
double_torus_genus2,2,uniform_sphere,744,90
double_torus_genus2,2,uniform_sphere,745,83
double_torus_genus2,2,uniform_sphere,746,77
double_torus_genus2,2,uniform_sphere,747,77
double_torus_genus2,2,uniform_sphere,748,64
double_torus_genus2,2,uniform_sphere,749,86
double_torus_genus2,2,uniform_sphere,750,63
double_torus_genus2,2,uniform_sphere,751,85
double_torus_genus2,2,uniform_sphere,752,76
double_torus_genus2,2,uniform_sphere,753,64
double_torus_genus2,2,uniform_sphere,754,75
double_torus_genus2,2,uniform_sphere,755,75
double_torus_genus2,2,uniform_sphere,756,63
double_torus_genus2,2,uniform_sphere,757,86
double_torus_genus2,2,uniform_sphere,758,69
double_torus_genus2,2,uniform_sphere,759,54
double_torus_genus2,2,uniform_sphere,760,75
double_torus_genus2,2,uniform_sphere,761,74
double_torus_genus2,2,uniform_sphere,762,72
double_torus_genus2,2,uniform_sphere,763,76
double_torus_genus2,2,uniform_sphere,764,64
double_torus_genus2,2,uniform_sphere,765,69
double_torus_genus2,2,uniform_sphere,766,63
double_torus_genus2,2,uniform_sphere,767,78
double_torus_genus2,2,uniform_sphere,768,67
double_torus_genus2,2,uniform_sphere,769,75
double_torus_genus2,2,uniform_sphere,770,79
double_torus_genus2,2,uniform_sphere,771,64
double_torus_genus2,2,uniform_sphere,772,66
double_torus_genus2,2,uniform_sphere,773,63
double_torus_genus2,2,uniform_sphere,774,69
double_torus_genus2,2,uniform_sphere,775,70
double_torus_genus2,2,uniform_sphere,776,63
double_torus_genus2,2,uniform_sphere,777,70
double_torus_genus2,2,uniform_sphere,778,83
double_torus_genus2,2,uniform_sphere,779,84
double_torus_genus2,2,uniform_sphere,780,73
double_torus_genus2,2,uniform_sphere,781,78
double_torus_genus2,2,uniform_sphere,782,58
double_torus_genus2,2,uniform_sphere,783,66
double_torus_genus2,2,uniform_sphere,784,86
double_torus_genus2,2,uniform_sphere,785,79
double_torus_genus2,2,uniform_sphere,786,89
double_torus_genus2,2,uniform_sphere,787,64
double_torus_genus2,2,uniform_sphere,788,80
double_torus_genus2,2,uniform_sphere,789,82
double_torus_genus2,2,uniform_sphere,790,92
double_torus_genus2,2,uniform_sphere,791,74
double_torus_genus2,2,uniform_sphere,792,77
double_torus_genus2,2,uniform_sphere,793,68
double_torus_genus2,2,uniform_sphere,794,74
double_torus_genus2,2,uniform_sphere,795,74
double_torus_genus2,2,uniform_sphere,796,54
double_torus_genus2,2,uniform_sphere,797,75
double_torus_genus2,2,uniform_sphere,798,58
double_torus_genus2,2,uniform_sphere,799,71
double_torus_genus2,2,uniform_sphere,800,66
double_torus_genus2,2,uniform_sphere,801,82
double_torus_genus2,2,uniform_sphere,802,80
double_torus_genus2,2,uniform_sphere,803,78
double_torus_genus2,2,uniform_sphere,804,88
double_torus_genus2,2,uniform_sphere,805,61
double_torus_genus2,2,uniform_sphere,806,70
double_torus_genus2,2,uniform_sphere,807,85
double_torus_genus2,2,uniform_sphere,808,87
double_torus_genus2,2,uniform_sphere,809,61
double_torus_genus2,2,uniform_sphere,810,71
double_torus_genus2,2,uniform_sphere,811,59
double_torus_genus2,2,uniform_sphere,812,60
double_torus_genus2,2,uniform_sphere,813,71
double_torus_genus2,2,uniform_sphere,814,73
double_torus_genus2,2,uniform_sphere,815,70
double_torus_genus2,2,uniform_sphere,816,65
double_torus_genus2,2,uniform_sphere,817,75
double_torus_genus2,2,uniform_sphere,818,74
double_torus_genus2,2,uniform_sphere,819,63
double_torus_genus2,2,uniform_sphere,820,72
double_torus_genus2,2,uniform_sphere,821,76
double_torus_genus2,2,uniform_sphere,822,66
double_torus_genus2,2,uniform_sphere,823,65
double_torus_genus2,2,uniform_sphere,824,79
double_torus_genus2,2,uniform_sphere,825,87
double_torus_genus2,2,uniform_sphere,826,77
double_torus_genus2,2,uniform_sphere,827,71
double_torus_genus2,2,uniform_sphere,828,67
double_torus_genus2,2,uniform_sphere,829,70
double_torus_genus2,2,uniform_sphere,830,63
double_torus_genus2,2,uniform_sphere,831,80
double_torus_genus2,2,uniform_sphere,832,72
double_torus_genus2,2,uniform_sphere,833,72
double_torus_genus2,2,uniform_sphere,834,69
double_torus_genus2,2,uniform_sphere,835,77
double_torus_genus2,2,uniform_sphere,836,84
double_torus_genus2,2,uniform_sphere,837,85
double_torus_genus2,2,uniform_sphere,838,79
double_torus_genus2,2,uniform_sphere,839,81
double_torus_genus2,2,uniform_sphere,840,62
double_torus_genus2,2,uniform_sphere,841,61
double_torus_genus2,2,uniform_sphere,842,69
double_torus_genus2,2,uniform_sphere,843,81
double_torus_genus2,2,uniform_sphere,844,73
double_torus_genus2,2,uniform_sphere,845,76
double_torus_genus2,2,uniform_sphere,846,66
double_torus_genus2,2,uniform_sphere,847,62
double_torus_genus2,2,uniform_sphere,848,78
double_torus_genus2,2,uniform_sphere,849,71
double_torus_genus2,2,uniform_sphere,850,66
double_torus_genus2,2,uniform_sphere,851,82
double_torus_genus2,2,uniform_sphere,852,58
double_torus_genus2,2,uniform_sphere,853,89
double_torus_genus2,2,uniform_sphere,854,77
double_torus_genus2,2,uniform_sphere,855,71
double_torus_genus2,2,uniform_sphere,856,67
double_torus_genus2,2,uniform_sphere,857,72
double_torus_genus2,2,uniform_sphere,858,58
double_torus_genus2,2,uniform_sphere,859,71
double_torus_genus2,2,uniform_sphere,860,89
double_torus_genus2,2,uniform_sphere,861,77
double_torus_genus2,2,uniform_sphere,862,73
double_torus_genus2,2,uniform_sphere,863,80
double_torus_genus2,2,uniform_sphere,864,84
double_torus_genus2,2,uniform_sphere,865,77
double_torus_genus2,2,uniform_sphere,866,79
double_torus_genus2,2,uniform_sphere,867,78
double_torus_genus2,2,uniform_sphere,868,67
double_torus_genus2,2,uniform_sphere,869,66
double_torus_genus2,2,uniform_sphere,870,72
double_torus_genus2,2,uniform_sphere,871,84
double_torus_genus2,2,uniform_sphere,872,78
double_torus_genus2,2,uniform_sphere,873,84
double_torus_genus2,2,uniform_sphere,874,64
double_torus_genus2,2,uniform_sphere,875,63
double_torus_genus2,2,uniform_sphere,876,80
double_torus_genus2,2,uniform_sphere,877,63
double_torus_genus2,2,uniform_sphere,878,71
double_torus_genus2,2,uniform_sphere,879,62
double_torus_genus2,2,uniform_sphere,880,61
double_torus_genus2,2,uniform_sphere,881,76
double_torus_genus2,2,uniform_sphere,882,58
double_torus_genus2,2,uniform_sphere,883,61
double_torus_genus2,2,uniform_sphere,884,77
double_torus_genus2,2,uniform_sphere,885,70
double_torus_genus2,2,uniform_sphere,886,68
double_torus_genus2,2,uniform_sphere,887,79
double_torus_genus2,2,uniform_sphere,888,74
double_torus_genus2,2,uniform_sphere,889,78
double_torus_genus2,2,uniform_sphere,890,84
double_torus_genus2,2,uniform_sphere,891,87
double_torus_genus2,2,uniform_sphere,892,77
double_torus_genus2,2,uniform_sphere,893,69
double_torus_genus2,2,uniform_sphere,894,76
double_torus_genus2,2,uniform_sphere,895,61
double_torus_genus2,2,uniform_sphere,896,73
double_torus_genus2,2,uniform_sphere,897,72
double_torus_genus2,2,uniform_sphere,898,70
double_torus_genus2,2,uniform_sphere,899,89
double_torus_genus2,2,uniform_sphere,900,81
double_torus_genus2,2,uniform_sphere,901,69
double_torus_genus2,2,uniform_sphere,902,73
double_torus_genus2,2,uniform_sphere,903,77
double_torus_genus2,2,uniform_sphere,904,61
double_torus_genus2,2,uniform_sphere,905,74
double_torus_genus2,2,uniform_sphere,906,71
double_torus_genus2,2,uniform_sphere,907,63
double_torus_genus2,2,uniform_sphere,908,85
double_torus_genus2,2,uniform_sphere,909,82
double_torus_genus2,2,uniform_sphere,910,63
double_torus_genus2,2,uniform_sphere,911,78
double_torus_genus2,2,uniform_sphere,912,76
double_torus_genus2,2,uniform_sphere,913,87
double_torus_genus2,2,uniform_sphere,914,79
double_torus_genus2,2,uniform_sphere,915,88
double_torus_genus2,2,uniform_sphere,916,79
double_torus_genus2,2,uniform_sphere,917,78
double_torus_genus2,2,uniform_sphere,918,74
double_torus_genus2,2,uniform_sphere,919,71
double_torus_genus2,2,uniform_sphere,920,62
double_torus_genus2,2,uniform_sphere,921,75
double_torus_genus2,2,uniform_sphere,922,89
double_torus_genus2,2,uniform_sphere,923,57
double_torus_genus2,2,uniform_sphere,924,94
double_torus_genus2,2,uniform_sphere,925,73
double_torus_genus2,2,uniform_sphere,926,81
double_torus_genus2,2,uniform_sphere,927,76
double_torus_genus2,2,uniform_sphere,928,60
double_torus_genus2,2,uniform_sphere,929,93
double_torus_genus2,2,uniform_sphere,930,65
double_torus_genus2,2,uniform_sphere,931,77
double_torus_genus2,2,uniform_sphere,932,76
double_torus_genus2,2,uniform_sphere,933,77
double_torus_genus2,2,uniform_sphere,934,71
double_torus_genus2,2,uniform_sphere,935,91
double_torus_genus2,2,uniform_sphere,936,69
double_torus_genus2,2,uniform_sphere,937,72
double_torus_genus2,2,uniform_sphere,938,79
double_torus_genus2,2,uniform_sphere,939,74
double_torus_genus2,2,uniform_sphere,940,72
double_torus_genus2,2,uniform_sphere,941,67
double_torus_genus2,2,uniform_sphere,942,75
double_torus_genus2,2,uniform_sphere,943,82
double_torus_genus2,2,uniform_sphere,944,94
double_torus_genus2,2,uniform_sphere,945,76
double_torus_genus2,2,uniform_sphere,946,67
double_torus_genus2,2,uniform_sphere,947,71
double_torus_genus2,2,uniform_sphere,948,75
double_torus_genus2,2,uniform_sphere,949,70
double_torus_genus2,2,uniform_sphere,950,67
double_torus_genus2,2,uniform_sphere,951,56
double_torus_genus2,2,uniform_sphere,952,62
double_torus_genus2,2,uniform_sphere,953,82
double_torus_genus2,2,uniform_sphere,954,72
double_torus_genus2,2,uniform_sphere,955,74
double_torus_genus2,2,uniform_sphere,956,73
double_torus_genus2,2,uniform_sphere,957,79
double_torus_genus2,2,uniform_sphere,958,92
double_torus_genus2,2,uniform_sphere,959,55
double_torus_genus2,2,uniform_sphere,960,60
double_torus_genus2,2,uniform_sphere,961,85
double_torus_genus2,2,uniform_sphere,962,68
double_torus_genus2,2,uniform_sphere,963,66
double_torus_genus2,2,uniform_sphere,964,70
double_torus_genus2,2,uniform_sphere,965,52
double_torus_genus2,2,uniform_sphere,966,50
double_torus_genus2,2,uniform_sphere,967,80
double_torus_genus2,2,uniform_sphere,968,54
double_torus_genus2,2,uniform_sphere,969,68
double_torus_genus2,2,uniform_sphere,970,72
double_torus_genus2,2,uniform_sphere,971,65
double_torus_genus2,2,uniform_sphere,972,71
double_torus_genus2,2,uniform_sphere,973,88
double_torus_genus2,2,uniform_sphere,974,76
double_torus_genus2,2,uniform_sphere,975,63
double_torus_genus2,2,uniform_sphere,976,63
double_torus_genus2,2,uniform_sphere,977,71
double_torus_genus2,2,uniform_sphere,978,77
double_torus_genus2,2,uniform_sphere,979,64
double_torus_genus2,2,uniform_sphere,980,61
double_torus_genus2,2,uniform_sphere,981,68
double_torus_genus2,2,uniform_sphere,982,87
double_torus_genus2,2,uniform_sphere,983,67
double_torus_genus2,2,uniform_sphere,984,71
double_torus_genus2,2,uniform_sphere,985,78
double_torus_genus2,2,uniform_sphere,986,77
double_torus_genus2,2,uniform_sphere,987,87
double_torus_genus2,2,uniform_sphere,988,71
double_torus_genus2,2,uniform_sphere,989,70
double_torus_genus2,2,uniform_sphere,990,84
double_torus_genus2,2,uniform_sphere,991,80
double_torus_genus2,2,uniform_sphere,992,80
double_torus_genus2,2,uniform_sphere,993,65
double_torus_genus2,2,uniform_sphere,994,77
double_torus_genus2,2,uniform_sphere,995,89
double_torus_genus2,2,uniform_sphere,996,76
double_torus_genus2,2,uniform_sphere,997,63
double_torus_genus2,2,uniform_sphere,998,78
double_torus_genus2,2,uniform_sphere,999,75
double_torus_genus2,2,dirichlet,0,61
double_torus_genus2,2,dirichlet,1,57
double_torus_genus2,2,dirichlet,2,75
double_torus_genus2,2,dirichlet,3,67
double_torus_genus2,2,dirichlet,4,81
double_torus_genus2,2,dirichlet,5,62
double_torus_genus2,2,dirichlet,6,69
double_torus_genus2,2,dirichlet,7,71
double_torus_genus2,2,dirichlet,8,66
double_torus_genus2,2,dirichlet,9,80
double_torus_genus2,2,dirichlet,10,71
double_torus_genus2,2,dirichlet,11,70
double_torus_genus2,2,dirichlet,12,75
double_torus_genus2,2,dirichlet,13,70
double_torus_genus2,2,dirichlet,14,66
double_torus_genus2,2,dirichlet,15,70
double_torus_genus2,2,dirichlet,16,66
double_torus_genus2,2,dirichlet,17,66
double_torus_genus2,2,dirichlet,18,65
double_torus_genus2,2,dirichlet,19,74
double_torus_genus2,2,dirichlet,20,74
double_torus_genus2,2,dirichlet,21,66
double_torus_genus2,2,dirichlet,22,87
double_torus_genus2,2,dirichlet,23,81
double_torus_genus2,2,dirichlet,24,74
double_torus_genus2,2,dirichlet,25,77
double_torus_genus2,2,dirichlet,26,66
double_torus_genus2,2,dirichlet,27,67
double_torus_genus2,2,dirichlet,28,72
double_torus_genus2,2,dirichlet,29,68
double_torus_genus2,2,dirichlet,30,67
double_torus_genus2,2,dirichlet,31,84
double_torus_genus2,2,dirichlet,32,84
double_torus_genus2,2,dirichlet,33,70
double_torus_genus2,2,dirichlet,34,68
double_torus_genus2,2,dirichlet,35,46
double_torus_genus2,2,dirichlet,36,66
double_torus_genus2,2,dirichlet,37,75
double_torus_genus2,2,dirichlet,38,69
double_torus_genus2,2,dirichlet,39,62
double_torus_genus2,2,dirichlet,40,60
double_torus_genus2,2,dirichlet,41,60
double_torus_genus2,2,dirichlet,42,70
double_torus_genus2,2,dirichlet,43,74
double_torus_genus2,2,dirichlet,44,86
double_torus_genus2,2,dirichlet,45,57
double_torus_genus2,2,dirichlet,46,72
double_torus_genus2,2,dirichlet,47,78
double_torus_genus2,2,dirichlet,48,70
double_torus_genus2,2,dirichlet,49,58
double_torus_genus2,2,dirichlet,50,79
double_torus_genus2,2,dirichlet,51,78
double_torus_genus2,2,dirichlet,52,52
double_torus_genus2,2,dirichlet,53,76
double_torus_genus2,2,dirichlet,54,98
double_torus_genus2,2,dirichlet,55,68
double_torus_genus2,2,dirichlet,56,69
double_torus_genus2,2,dirichlet,57,72
double_torus_genus2,2,dirichlet,58,66
double_torus_genus2,2,dirichlet,59,66
double_torus_genus2,2,dirichlet,60,70
double_torus_genus2,2,dirichlet,61,71
double_torus_genus2,2,dirichlet,62,65
double_torus_genus2,2,dirichlet,63,60
double_torus_genus2,2,dirichlet,64,81
double_torus_genus2,2,dirichlet,65,78
double_torus_genus2,2,dirichlet,66,56
double_torus_genus2,2,dirichlet,67,82
double_torus_genus2,2,dirichlet,68,88
double_torus_genus2,2,dirichlet,69,60
double_torus_genus2,2,dirichlet,70,62
double_torus_genus2,2,dirichlet,71,67
double_torus_genus2,2,dirichlet,72,62
double_torus_genus2,2,dirichlet,73,65
double_torus_genus2,2,dirichlet,74,58
double_torus_genus2,2,dirichlet,75,76
double_torus_genus2,2,dirichlet,76,64
double_torus_genus2,2,dirichlet,77,67
double_torus_genus2,2,dirichlet,78,62
double_torus_genus2,2,dirichlet,79,65
double_torus_genus2,2,dirichlet,80,65
double_torus_genus2,2,dirichlet,81,65
double_torus_genus2,2,dirichlet,82,73
double_torus_genus2,2,dirichlet,83,60
double_torus_genus2,2,dirichlet,84,56
double_torus_genus2,2,dirichlet,85,67
double_torus_genus2,2,dirichlet,86,52
double_torus_genus2,2,dirichlet,87,76
double_torus_genus2,2,dirichlet,88,79
double_torus_genus2,2,dirichlet,89,72
double_torus_genus2,2,dirichlet,90,70
double_torus_genus2,2,dirichlet,91,62
double_torus_genus2,2,dirichlet,92,73
double_torus_genus2,2,dirichlet,93,65
double_torus_genus2,2,dirichlet,94,71
double_torus_genus2,2,dirichlet,95,62
double_torus_genus2,2,dirichlet,96,70
double_torus_genus2,2,dirichlet,97,75
double_torus_genus2,2,dirichlet,98,73
double_torus_genus2,2,dirichlet,99,79
double_torus_genus2,2,dirichlet,100,76
double_torus_genus2,2,dirichlet,101,78
double_torus_genus2,2,dirichlet,102,77
double_torus_genus2,2,dirichlet,103,77
double_torus_genus2,2,dirichlet,104,78
double_torus_genus2,2,dirichlet,105,71
double_torus_genus2,2,dirichlet,106,73
double_torus_genus2,2,dirichlet,107,65
double_torus_genus2,2,dirichlet,108,79
double_torus_genus2,2,dirichlet,109,74
double_torus_genus2,2,dirichlet,110,78
double_torus_genus2,2,dirichlet,111,70
double_torus_genus2,2,dirichlet,112,81
double_torus_genus2,2,dirichlet,113,71
double_torus_genus2,2,dirichlet,114,65
double_torus_genus2,2,dirichlet,115,80
double_torus_genus2,2,dirichlet,116,64
double_torus_genus2,2,dirichlet,117,75
double_torus_genus2,2,dirichlet,118,54
double_torus_genus2,2,dirichlet,119,82
double_torus_genus2,2,dirichlet,120,83
double_torus_genus2,2,dirichlet,121,58
double_torus_genus2,2,dirichlet,122,68
double_torus_genus2,2,dirichlet,123,67
double_torus_genus2,2,dirichlet,124,78
double_torus_genus2,2,dirichlet,125,89
double_torus_genus2,2,dirichlet,126,63
double_torus_genus2,2,dirichlet,127,68
double_torus_genus2,2,dirichlet,128,58
double_torus_genus2,2,dirichlet,129,56
double_torus_genus2,2,dirichlet,130,55
double_torus_genus2,2,dirichlet,131,81
double_torus_genus2,2,dirichlet,132,67
double_torus_genus2,2,dirichlet,133,67
double_torus_genus2,2,dirichlet,134,61
double_torus_genus2,2,dirichlet,135,66
double_torus_genus2,2,dirichlet,136,88
double_torus_genus2,2,dirichlet,137,62
double_torus_genus2,2,dirichlet,138,71
double_torus_genus2,2,dirichlet,139,59
double_torus_genus2,2,dirichlet,140,72
double_torus_genus2,2,dirichlet,141,72
double_torus_genus2,2,dirichlet,142,65
double_torus_genus2,2,dirichlet,143,74
double_torus_genus2,2,dirichlet,144,51
double_torus_genus2,2,dirichlet,145,70
double_torus_genus2,2,dirichlet,146,60
double_torus_genus2,2,dirichlet,147,59
double_torus_genus2,2,dirichlet,148,74
double_torus_genus2,2,dirichlet,149,64
double_torus_genus2,2,dirichlet,150,49
double_torus_genus2,2,dirichlet,151,67
double_torus_genus2,2,dirichlet,152,64
double_torus_genus2,2,dirichlet,153,62
double_torus_genus2,2,dirichlet,154,78
double_torus_genus2,2,dirichlet,155,69
double_torus_genus2,2,dirichlet,156,69
double_torus_genus2,2,dirichlet,157,68
double_torus_genus2,2,dirichlet,158,70
double_torus_genus2,2,dirichlet,159,59
double_torus_genus2,2,dirichlet,160,64
double_torus_genus2,2,dirichlet,161,49
double_torus_genus2,2,dirichlet,162,65
double_torus_genus2,2,dirichlet,163,74
double_torus_genus2,2,dirichlet,164,93
double_torus_genus2,2,dirichlet,165,61
double_torus_genus2,2,dirichlet,166,76
double_torus_genus2,2,dirichlet,167,72
double_torus_genus2,2,dirichlet,168,62
double_torus_genus2,2,dirichlet,169,66
double_torus_genus2,2,dirichlet,170,81
double_torus_genus2,2,dirichlet,171,72
double_torus_genus2,2,dirichlet,172,72
double_torus_genus2,2,dirichlet,173,47
double_torus_genus2,2,dirichlet,174,62
double_torus_genus2,2,dirichlet,175,64
double_torus_genus2,2,dirichlet,176,68
double_torus_genus2,2,dirichlet,177,73
double_torus_genus2,2,dirichlet,178,84
double_torus_genus2,2,dirichlet,179,78
double_torus_genus2,2,dirichlet,180,79
double_torus_genus2,2,dirichlet,181,60
double_torus_genus2,2,dirichlet,182,86
double_torus_genus2,2,dirichlet,183,59
double_torus_genus2,2,dirichlet,184,69
double_torus_genus2,2,dirichlet,185,62
double_torus_genus2,2,dirichlet,186,79
double_torus_genus2,2,dirichlet,187,87
double_torus_genus2,2,dirichlet,188,78
double_torus_genus2,2,dirichlet,189,69
double_torus_genus2,2,dirichlet,190,72
double_torus_genus2,2,dirichlet,191,65
double_torus_genus2,2,dirichlet,192,70
double_torus_genus2,2,dirichlet,193,59
double_torus_genus2,2,dirichlet,194,67
double_torus_genus2,2,dirichlet,195,72
double_torus_genus2,2,dirichlet,196,66
double_torus_genus2,2,dirichlet,197,72
double_torus_genus2,2,dirichlet,198,75
double_torus_genus2,2,dirichlet,199,68
double_torus_genus2,2,dirichlet,200,75
double_torus_genus2,2,dirichlet,201,81
double_torus_genus2,2,dirichlet,202,72
double_torus_genus2,2,dirichlet,203,83
double_torus_genus2,2,dirichlet,204,69
double_torus_genus2,2,dirichlet,205,65
double_torus_genus2,2,dirichlet,206,76
double_torus_genus2,2,dirichlet,207,67
double_torus_genus2,2,dirichlet,208,80
double_torus_genus2,2,dirichlet,209,72
double_torus_genus2,2,dirichlet,210,76
double_torus_genus2,2,dirichlet,211,74
double_torus_genus2,2,dirichlet,212,82
double_torus_genus2,2,dirichlet,213,82
double_torus_genus2,2,dirichlet,214,65
double_torus_genus2,2,dirichlet,215,73
double_torus_genus2,2,dirichlet,216,75
double_torus_genus2,2,dirichlet,217,61
double_torus_genus2,2,dirichlet,218,64
double_torus_genus2,2,dirichlet,219,63
double_torus_genus2,2,dirichlet,220,67
double_torus_genus2,2,dirichlet,221,81
double_torus_genus2,2,dirichlet,222,65
double_torus_genus2,2,dirichlet,223,70
double_torus_genus2,2,dirichlet,224,84
double_torus_genus2,2,dirichlet,225,82
double_torus_genus2,2,dirichlet,226,76
double_torus_genus2,2,dirichlet,227,77
double_torus_genus2,2,dirichlet,228,68
double_torus_genus2,2,dirichlet,229,73
double_torus_genus2,2,dirichlet,230,70
double_torus_genus2,2,dirichlet,231,80
double_torus_genus2,2,dirichlet,232,69
double_torus_genus2,2,dirichlet,233,86
double_torus_genus2,2,dirichlet,234,78
double_torus_genus2,2,dirichlet,235,73
double_torus_genus2,2,dirichlet,236,66
double_torus_genus2,2,dirichlet,237,64
double_torus_genus2,2,dirichlet,238,68
double_torus_genus2,2,dirichlet,239,75
double_torus_genus2,2,dirichlet,240,85
double_torus_genus2,2,dirichlet,241,73
double_torus_genus2,2,dirichlet,242,79
double_torus_genus2,2,dirichlet,243,68
double_torus_genus2,2,dirichlet,244,70
double_torus_genus2,2,dirichlet,245,68
double_torus_genus2,2,dirichlet,246,84
double_torus_genus2,2,dirichlet,247,71
double_torus_genus2,2,dirichlet,248,71
double_torus_genus2,2,dirichlet,249,48
double_torus_genus2,2,dirichlet,250,81
double_torus_genus2,2,dirichlet,251,61
double_torus_genus2,2,dirichlet,252,54
double_torus_genus2,2,dirichlet,253,79
double_torus_genus2,2,dirichlet,254,81
double_torus_genus2,2,dirichlet,255,76
double_torus_genus2,2,dirichlet,256,71
double_torus_genus2,2,dirichlet,257,61
double_torus_genus2,2,dirichlet,258,72
double_torus_genus2,2,dirichlet,259,68
double_torus_genus2,2,dirichlet,260,86
double_torus_genus2,2,dirichlet,261,66
double_torus_genus2,2,dirichlet,262,77
double_torus_genus2,2,dirichlet,263,74
double_torus_genus2,2,dirichlet,264,63
double_torus_genus2,2,dirichlet,265,74
double_torus_genus2,2,dirichlet,266,69
double_torus_genus2,2,dirichlet,267,62
double_torus_genus2,2,dirichlet,268,61
double_torus_genus2,2,dirichlet,269,68
double_torus_genus2,2,dirichlet,270,78
double_torus_genus2,2,dirichlet,271,67
double_torus_genus2,2,dirichlet,272,64
double_torus_genus2,2,dirichlet,273,66
double_torus_genus2,2,dirichlet,274,77
double_torus_genus2,2,dirichlet,275,48
double_torus_genus2,2,dirichlet,276,78
double_torus_genus2,2,dirichlet,277,65
double_torus_genus2,2,dirichlet,278,80
double_torus_genus2,2,dirichlet,279,63
double_torus_genus2,2,dirichlet,280,50
double_torus_genus2,2,dirichlet,281,64
double_torus_genus2,2,dirichlet,282,73
double_torus_genus2,2,dirichlet,283,58
double_torus_genus2,2,dirichlet,284,74
double_torus_genus2,2,dirichlet,285,51
double_torus_genus2,2,dirichlet,286,68
double_torus_genus2,2,dirichlet,287,62
double_torus_genus2,2,dirichlet,288,57
double_torus_genus2,2,dirichlet,289,91
double_torus_genus2,2,dirichlet,290,76
double_torus_genus2,2,dirichlet,291,68
double_torus_genus2,2,dirichlet,292,67
double_torus_genus2,2,dirichlet,293,59
double_torus_genus2,2,dirichlet,294,70
double_torus_genus2,2,dirichlet,295,66
double_torus_genus2,2,dirichlet,296,67
double_torus_genus2,2,dirichlet,297,66
double_torus_genus2,2,dirichlet,298,62
double_torus_genus2,2,dirichlet,299,70
double_torus_genus2,2,dirichlet,300,76
double_torus_genus2,2,dirichlet,301,77
double_torus_genus2,2,dirichlet,302,59
double_torus_genus2,2,dirichlet,303,71
double_torus_genus2,2,dirichlet,304,70
double_torus_genus2,2,dirichlet,305,83
double_torus_genus2,2,dirichlet,306,84
double_torus_genus2,2,dirichlet,307,64
double_torus_genus2,2,dirichlet,308,81
double_torus_genus2,2,dirichlet,309,57
double_torus_genus2,2,dirichlet,310,72
double_torus_genus2,2,dirichlet,311,64
double_torus_genus2,2,dirichlet,312,70
double_torus_genus2,2,dirichlet,313,56
double_torus_genus2,2,dirichlet,314,66
double_torus_genus2,2,dirichlet,315,72
double_torus_genus2,2,dirichlet,316,63
double_torus_genus2,2,dirichlet,317,66
double_torus_genus2,2,dirichlet,318,80
double_torus_genus2,2,dirichlet,319,60
double_torus_genus2,2,dirichlet,320,62
double_torus_genus2,2,dirichlet,321,66
double_torus_genus2,2,dirichlet,322,95
double_torus_genus2,2,dirichlet,323,64
double_torus_genus2,2,dirichlet,324,69
double_torus_genus2,2,dirichlet,325,61
double_torus_genus2,2,dirichlet,326,68
double_torus_genus2,2,dirichlet,327,79
double_torus_genus2,2,dirichlet,328,67
double_torus_genus2,2,dirichlet,329,59
double_torus_genus2,2,dirichlet,330,73
double_torus_genus2,2,dirichlet,331,84
double_torus_genus2,2,dirichlet,332,66
double_torus_genus2,2,dirichlet,333,59
double_torus_genus2,2,dirichlet,334,60
double_torus_genus2,2,dirichlet,335,89
double_torus_genus2,2,dirichlet,336,83
double_torus_genus2,2,dirichlet,337,86
double_torus_genus2,2,dirichlet,338,55
double_torus_genus2,2,dirichlet,339,78
double_torus_genus2,2,dirichlet,340,63
double_torus_genus2,2,dirichlet,341,66
double_torus_genus2,2,dirichlet,342,71
double_torus_genus2,2,dirichlet,343,84
double_torus_genus2,2,dirichlet,344,85
double_torus_genus2,2,dirichlet,345,69
double_torus_genus2,2,dirichlet,346,73
double_torus_genus2,2,dirichlet,347,72
double_torus_genus2,2,dirichlet,348,79
double_torus_genus2,2,dirichlet,349,69
double_torus_genus2,2,dirichlet,350,74
double_torus_genus2,2,dirichlet,351,68
double_torus_genus2,2,dirichlet,352,62
double_torus_genus2,2,dirichlet,353,67
double_torus_genus2,2,dirichlet,354,66
double_torus_genus2,2,dirichlet,355,68
double_torus_genus2,2,dirichlet,356,63
double_torus_genus2,2,dirichlet,357,77
double_torus_genus2,2,dirichlet,358,84
double_torus_genus2,2,dirichlet,359,63
double_torus_genus2,2,dirichlet,360,61
double_torus_genus2,2,dirichlet,361,70
double_torus_genus2,2,dirichlet,362,84
double_torus_genus2,2,dirichlet,363,76
double_torus_genus2,2,dirichlet,364,72
double_torus_genus2,2,dirichlet,365,59
double_torus_genus2,2,dirichlet,366,55
double_torus_genus2,2,dirichlet,367,78
double_torus_genus2,2,dirichlet,368,58
double_torus_genus2,2,dirichlet,369,65
double_torus_genus2,2,dirichlet,370,65
double_torus_genus2,2,dirichlet,371,78
double_torus_genus2,2,dirichlet,372,82
double_torus_genus2,2,dirichlet,373,77
double_torus_genus2,2,dirichlet,374,93
double_torus_genus2,2,dirichlet,375,76
double_torus_genus2,2,dirichlet,376,67
double_torus_genus2,2,dirichlet,377,67
double_torus_genus2,2,dirichlet,378,85
double_torus_genus2,2,dirichlet,379,69
double_torus_genus2,2,dirichlet,380,73
double_torus_genus2,2,dirichlet,381,58
double_torus_genus2,2,dirichlet,382,67
double_torus_genus2,2,dirichlet,383,82
double_torus_genus2,2,dirichlet,384,60
double_torus_genus2,2,dirichlet,385,70
double_torus_genus2,2,dirichlet,386,67
double_torus_genus2,2,dirichlet,387,58
double_torus_genus2,2,dirichlet,388,61
double_torus_genus2,2,dirichlet,389,69
double_torus_genus2,2,dirichlet,390,58
double_torus_genus2,2,dirichlet,391,57
double_torus_genus2,2,dirichlet,392,76
double_torus_genus2,2,dirichlet,393,68
double_torus_genus2,2,dirichlet,394,69
double_torus_genus2,2,dirichlet,395,61
double_torus_genus2,2,dirichlet,396,87
double_torus_genus2,2,dirichlet,397,57
double_torus_genus2,2,dirichlet,398,72
double_torus_genus2,2,dirichlet,399,65
double_torus_genus2,2,dirichlet,400,73
double_torus_genus2,2,dirichlet,401,57
double_torus_genus2,2,dirichlet,402,68
double_torus_genus2,2,dirichlet,403,70
double_torus_genus2,2,dirichlet,404,73
double_torus_genus2,2,dirichlet,405,87
double_torus_genus2,2,dirichlet,406,50
double_torus_genus2,2,dirichlet,407,69
double_torus_genus2,2,dirichlet,408,69
double_torus_genus2,2,dirichlet,409,51
double_torus_genus2,2,dirichlet,410,73
double_torus_genus2,2,dirichlet,411,60
double_torus_genus2,2,dirichlet,412,56
double_torus_genus2,2,dirichlet,413,65
double_torus_genus2,2,dirichlet,414,67
double_torus_genus2,2,dirichlet,415,76
double_torus_genus2,2,dirichlet,416,67
double_torus_genus2,2,dirichlet,417,70
double_torus_genus2,2,dirichlet,418,73
double_torus_genus2,2,dirichlet,419,83
double_torus_genus2,2,dirichlet,420,64
double_torus_genus2,2,dirichlet,421,88
double_torus_genus2,2,dirichlet,422,79
double_torus_genus2,2,dirichlet,423,78
double_torus_genus2,2,dirichlet,424,65
double_torus_genus2,2,dirichlet,425,60
double_torus_genus2,2,dirichlet,426,65
double_torus_genus2,2,dirichlet,427,67
double_torus_genus2,2,dirichlet,428,74
double_torus_genus2,2,dirichlet,429,75
double_torus_genus2,2,dirichlet,430,82
double_torus_genus2,2,dirichlet,431,82
double_torus_genus2,2,dirichlet,432,73
double_torus_genus2,2,dirichlet,433,74
double_torus_genus2,2,dirichlet,434,51
double_torus_genus2,2,dirichlet,435,68
double_torus_genus2,2,dirichlet,436,73
double_torus_genus2,2,dirichlet,437,73
double_torus_genus2,2,dirichlet,438,61
double_torus_genus2,2,dirichlet,439,59
double_torus_genus2,2,dirichlet,440,57
double_torus_genus2,2,dirichlet,441,67
double_torus_genus2,2,dirichlet,442,63
double_torus_genus2,2,dirichlet,443,67
double_torus_genus2,2,dirichlet,444,56
double_torus_genus2,2,dirichlet,445,64
double_torus_genus2,2,dirichlet,446,60
double_torus_genus2,2,dirichlet,447,63
double_torus_genus2,2,dirichlet,448,72
double_torus_genus2,2,dirichlet,449,68
double_torus_genus2,2,dirichlet,450,81
double_torus_genus2,2,dirichlet,451,71
double_torus_genus2,2,dirichlet,452,52
double_torus_genus2,2,dirichlet,453,78
double_torus_genus2,2,dirichlet,454,57
double_torus_genus2,2,dirichlet,455,67
double_torus_genus2,2,dirichlet,456,91
double_torus_genus2,2,dirichlet,457,81
double_torus_genus2,2,dirichlet,458,76
double_torus_genus2,2,dirichlet,459,68
double_torus_genus2,2,dirichlet,460,67
double_torus_genus2,2,dirichlet,461,78
double_torus_genus2,2,dirichlet,462,43
double_torus_genus2,2,dirichlet,463,86
double_torus_genus2,2,dirichlet,464,62
double_torus_genus2,2,dirichlet,465,61
double_torus_genus2,2,dirichlet,466,69
double_torus_genus2,2,dirichlet,467,68
double_torus_genus2,2,dirichlet,468,67
double_torus_genus2,2,dirichlet,469,68
double_torus_genus2,2,dirichlet,470,72
double_torus_genus2,2,dirichlet,471,72
double_torus_genus2,2,dirichlet,472,86
double_torus_genus2,2,dirichlet,473,83
double_torus_genus2,2,dirichlet,474,73
double_torus_genus2,2,dirichlet,475,86
double_torus_genus2,2,dirichlet,476,76
double_torus_genus2,2,dirichlet,477,81
double_torus_genus2,2,dirichlet,478,69
double_torus_genus2,2,dirichlet,479,78
double_torus_genus2,2,dirichlet,480,80
double_torus_genus2,2,dirichlet,481,71
double_torus_genus2,2,dirichlet,482,51
double_torus_genus2,2,dirichlet,483,65
double_torus_genus2,2,dirichlet,484,71
double_torus_genus2,2,dirichlet,485,84
double_torus_genus2,2,dirichlet,486,79
double_torus_genus2,2,dirichlet,487,64
double_torus_genus2,2,dirichlet,488,78
double_torus_genus2,2,dirichlet,489,66
double_torus_genus2,2,dirichlet,490,78
double_torus_genus2,2,dirichlet,491,79
double_torus_genus2,2,dirichlet,492,92
double_torus_genus2,2,dirichlet,493,76
double_torus_genus2,2,dirichlet,494,64
double_torus_genus2,2,dirichlet,495,83
double_torus_genus2,2,dirichlet,496,78
double_torus_genus2,2,dirichlet,497,60
double_torus_genus2,2,dirichlet,498,73
double_torus_genus2,2,dirichlet,499,65
double_torus_genus2,2,dirichlet,500,50
double_torus_genus2,2,dirichlet,501,70
double_torus_genus2,2,dirichlet,502,51
double_torus_genus2,2,dirichlet,503,78
double_torus_genus2,2,dirichlet,504,66
double_torus_genus2,2,dirichlet,505,70
double_torus_genus2,2,dirichlet,506,72
double_torus_genus2,2,dirichlet,507,60
double_torus_genus2,2,dirichlet,508,96
double_torus_genus2,2,dirichlet,509,56
double_torus_genus2,2,dirichlet,510,75
double_torus_genus2,2,dirichlet,511,73
double_torus_genus2,2,dirichlet,512,65
double_torus_genus2,2,dirichlet,513,79
double_torus_genus2,2,dirichlet,514,59
double_torus_genus2,2,dirichlet,515,73
double_torus_genus2,2,dirichlet,516,74
double_torus_genus2,2,dirichlet,517,70
double_torus_genus2,2,dirichlet,518,58
double_torus_genus2,2,dirichlet,519,57
double_torus_genus2,2,dirichlet,520,61
double_torus_genus2,2,dirichlet,521,65
double_torus_genus2,2,dirichlet,522,93
double_torus_genus2,2,dirichlet,523,64
double_torus_genus2,2,dirichlet,524,69
double_torus_genus2,2,dirichlet,525,73
double_torus_genus2,2,dirichlet,526,57
double_torus_genus2,2,dirichlet,527,81
double_torus_genus2,2,dirichlet,528,72
double_torus_genus2,2,dirichlet,529,61
double_torus_genus2,2,dirichlet,530,65
double_torus_genus2,2,dirichlet,531,69
double_torus_genus2,2,dirichlet,532,82
double_torus_genus2,2,dirichlet,533,58
double_torus_genus2,2,dirichlet,534,64
double_torus_genus2,2,dirichlet,535,69
double_torus_genus2,2,dirichlet,536,81
double_torus_genus2,2,dirichlet,537,69
double_torus_genus2,2,dirichlet,538,64
double_torus_genus2,2,dirichlet,539,58
double_torus_genus2,2,dirichlet,540,67
double_torus_genus2,2,dirichlet,541,75
double_torus_genus2,2,dirichlet,542,59
double_torus_genus2,2,dirichlet,543,74
double_torus_genus2,2,dirichlet,544,64
double_torus_genus2,2,dirichlet,545,84
double_torus_genus2,2,dirichlet,546,62
double_torus_genus2,2,dirichlet,547,75
double_torus_genus2,2,dirichlet,548,68
double_torus_genus2,2,dirichlet,549,62
double_torus_genus2,2,dirichlet,550,65
double_torus_genus2,2,dirichlet,551,60
double_torus_genus2,2,dirichlet,552,64
double_torus_genus2,2,dirichlet,553,76
double_torus_genus2,2,dirichlet,554,77
double_torus_genus2,2,dirichlet,555,69
double_torus_genus2,2,dirichlet,556,56
double_torus_genus2,2,dirichlet,557,88
double_torus_genus2,2,dirichlet,558,87
double_torus_genus2,2,dirichlet,559,73
double_torus_genus2,2,dirichlet,560,61
double_torus_genus2,2,dirichlet,561,82
double_torus_genus2,2,dirichlet,562,76
double_torus_genus2,2,dirichlet,563,60
double_torus_genus2,2,dirichlet,564,78
double_torus_genus2,2,dirichlet,565,69
double_torus_genus2,2,dirichlet,566,58
double_torus_genus2,2,dirichlet,567,63
double_torus_genus2,2,dirichlet,568,62
double_torus_genus2,2,dirichlet,569,71
double_torus_genus2,2,dirichlet,570,77
double_torus_genus2,2,dirichlet,571,74
double_torus_genus2,2,dirichlet,572,76
double_torus_genus2,2,dirichlet,573,75
double_torus_genus2,2,dirichlet,574,75
double_torus_genus2,2,dirichlet,575,64
double_torus_genus2,2,dirichlet,576,53
double_torus_genus2,2,dirichlet,577,82
double_torus_genus2,2,dirichlet,578,53
double_torus_genus2,2,dirichlet,579,79
double_torus_genus2,2,dirichlet,580,76
double_torus_genus2,2,dirichlet,581,76
double_torus_genus2,2,dirichlet,582,84
double_torus_genus2,2,dirichlet,583,53
double_torus_genus2,2,dirichlet,584,69
double_torus_genus2,2,dirichlet,585,57
double_torus_genus2,2,dirichlet,586,69
double_torus_genus2,2,dirichlet,587,76
double_torus_genus2,2,dirichlet,588,68
double_torus_genus2,2,dirichlet,589,80
double_torus_genus2,2,dirichlet,590,67
double_torus_genus2,2,dirichlet,591,93
double_torus_genus2,2,dirichlet,592,79
double_torus_genus2,2,dirichlet,593,54
double_torus_genus2,2,dirichlet,594,74
double_torus_genus2,2,dirichlet,595,83
double_torus_genus2,2,dirichlet,596,62
double_torus_genus2,2,dirichlet,597,73
double_torus_genus2,2,dirichlet,598,71
double_torus_genus2,2,dirichlet,599,68
double_torus_genus2,2,dirichlet,600,59
double_torus_genus2,2,dirichlet,601,83
double_torus_genus2,2,dirichlet,602,57
double_torus_genus2,2,dirichlet,603,63
double_torus_genus2,2,dirichlet,604,66
double_torus_genus2,2,dirichlet,605,83
double_torus_genus2,2,dirichlet,606,58
double_torus_genus2,2,dirichlet,607,68
double_torus_genus2,2,dirichlet,608,63
double_torus_genus2,2,dirichlet,609,74
double_torus_genus2,2,dirichlet,610,63
double_torus_genus2,2,dirichlet,611,80
double_torus_genus2,2,dirichlet,612,76
double_torus_genus2,2,dirichlet,613,73
double_torus_genus2,2,dirichlet,614,80
double_torus_genus2,2,dirichlet,615,63
double_torus_genus2,2,dirichlet,616,60
double_torus_genus2,2,dirichlet,617,55
double_torus_genus2,2,dirichlet,618,78
double_torus_genus2,2,dirichlet,619,52
double_torus_genus2,2,dirichlet,620,70
double_torus_genus2,2,dirichlet,621,66
double_torus_genus2,2,dirichlet,622,58
double_torus_genus2,2,dirichlet,623,64
double_torus_genus2,2,dirichlet,624,66
double_torus_genus2,2,dirichlet,625,84
double_torus_genus2,2,dirichlet,626,76
double_torus_genus2,2,dirichlet,627,65
double_torus_genus2,2,dirichlet,628,78
double_torus_genus2,2,dirichlet,629,71
double_torus_genus2,2,dirichlet,630,70
double_torus_genus2,2,dirichlet,631,84
double_torus_genus2,2,dirichlet,632,69
double_torus_genus2,2,dirichlet,633,70
double_torus_genus2,2,dirichlet,634,64
double_torus_genus2,2,dirichlet,635,72
double_torus_genus2,2,dirichlet,636,71
double_torus_genus2,2,dirichlet,637,64
double_torus_genus2,2,dirichlet,638,68
double_torus_genus2,2,dirichlet,639,56
double_torus_genus2,2,dirichlet,640,63
double_torus_genus2,2,dirichlet,641,88
double_torus_genus2,2,dirichlet,642,70
double_torus_genus2,2,dirichlet,643,60
double_torus_genus2,2,dirichlet,644,88
double_torus_genus2,2,dirichlet,645,66
double_torus_genus2,2,dirichlet,646,49
double_torus_genus2,2,dirichlet,647,66
double_torus_genus2,2,dirichlet,648,63
double_torus_genus2,2,dirichlet,649,60
double_torus_genus2,2,dirichlet,650,73
double_torus_genus2,2,dirichlet,651,62
double_torus_genus2,2,dirichlet,652,85
double_torus_genus2,2,dirichlet,653,54
double_torus_genus2,2,dirichlet,654,84
double_torus_genus2,2,dirichlet,655,79
double_torus_genus2,2,dirichlet,656,78
double_torus_genus2,2,dirichlet,657,82
double_torus_genus2,2,dirichlet,658,75
double_torus_genus2,2,dirichlet,659,70
double_torus_genus2,2,dirichlet,660,60
double_torus_genus2,2,dirichlet,661,60
double_torus_genus2,2,dirichlet,662,59
double_torus_genus2,2,dirichlet,663,63
double_torus_genus2,2,dirichlet,664,70
double_torus_genus2,2,dirichlet,665,81
double_torus_genus2,2,dirichlet,666,73
double_torus_genus2,2,dirichlet,667,74
double_torus_genus2,2,dirichlet,668,67
double_torus_genus2,2,dirichlet,669,72
double_torus_genus2,2,dirichlet,670,91
double_torus_genus2,2,dirichlet,671,73
double_torus_genus2,2,dirichlet,672,76
double_torus_genus2,2,dirichlet,673,57
double_torus_genus2,2,dirichlet,674,74
double_torus_genus2,2,dirichlet,675,84
double_torus_genus2,2,dirichlet,676,79
double_torus_genus2,2,dirichlet,677,74
double_torus_genus2,2,dirichlet,678,58
double_torus_genus2,2,dirichlet,679,81
double_torus_genus2,2,dirichlet,680,66
double_torus_genus2,2,dirichlet,681,71
double_torus_genus2,2,dirichlet,682,69
double_torus_genus2,2,dirichlet,683,72
double_torus_genus2,2,dirichlet,684,86
double_torus_genus2,2,dirichlet,685,80
double_torus_genus2,2,dirichlet,686,80
double_torus_genus2,2,dirichlet,687,61
double_torus_genus2,2,dirichlet,688,83
double_torus_genus2,2,dirichlet,689,82
double_torus_genus2,2,dirichlet,690,64
double_torus_genus2,2,dirichlet,691,62
double_torus_genus2,2,dirichlet,692,49
double_torus_genus2,2,dirichlet,693,62
double_torus_genus2,2,dirichlet,694,75
double_torus_genus2,2,dirichlet,695,47
double_torus_genus2,2,dirichlet,696,61
double_torus_genus2,2,dirichlet,697,62
double_torus_genus2,2,dirichlet,698,71
double_torus_genus2,2,dirichlet,699,78
double_torus_genus2,2,dirichlet,700,63
double_torus_genus2,2,dirichlet,701,78
double_torus_genus2,2,dirichlet,702,73
double_torus_genus2,2,dirichlet,703,64
double_torus_genus2,2,dirichlet,704,74
double_torus_genus2,2,dirichlet,705,72
double_torus_genus2,2,dirichlet,706,77
double_torus_genus2,2,dirichlet,707,65
double_torus_genus2,2,dirichlet,708,60
double_torus_genus2,2,dirichlet,709,79
double_torus_genus2,2,dirichlet,710,72
double_torus_genus2,2,dirichlet,711,63
double_torus_genus2,2,dirichlet,712,68
double_torus_genus2,2,dirichlet,713,83
double_torus_genus2,2,dirichlet,714,77
double_torus_genus2,2,dirichlet,715,72
double_torus_genus2,2,dirichlet,716,49
double_torus_genus2,2,dirichlet,717,73
double_torus_genus2,2,dirichlet,718,52
double_torus_genus2,2,dirichlet,719,58
double_torus_genus2,2,dirichlet,720,82
double_torus_genus2,2,dirichlet,721,53
double_torus_genus2,2,dirichlet,722,48
double_torus_genus2,2,dirichlet,723,81
double_torus_genus2,2,dirichlet,724,81
double_torus_genus2,2,dirichlet,725,50
double_torus_genus2,2,dirichlet,726,65
double_torus_genus2,2,dirichlet,727,59
double_torus_genus2,2,dirichlet,728,78
double_torus_genus2,2,dirichlet,729,66
double_torus_genus2,2,dirichlet,730,60
double_torus_genus2,2,dirichlet,731,71
double_torus_genus2,2,dirichlet,732,78
double_torus_genus2,2,dirichlet,733,59
double_torus_genus2,2,dirichlet,734,76
double_torus_genus2,2,dirichlet,735,62
double_torus_genus2,2,dirichlet,736,88
double_torus_genus2,2,dirichlet,737,59
double_torus_genus2,2,dirichlet,738,60
double_torus_genus2,2,dirichlet,739,76
double_torus_genus2,2,dirichlet,740,71
double_torus_genus2,2,dirichlet,741,74
double_torus_genus2,2,dirichlet,742,67
double_torus_genus2,2,dirichlet,743,61
double_torus_genus2,2,dirichlet,744,72
double_torus_genus2,2,dirichlet,745,65
double_torus_genus2,2,dirichlet,746,67
double_torus_genus2,2,dirichlet,747,64
double_torus_genus2,2,dirichlet,748,64
double_torus_genus2,2,dirichlet,749,71
double_torus_genus2,2,dirichlet,750,68
double_torus_genus2,2,dirichlet,751,64
double_torus_genus2,2,dirichlet,752,58
double_torus_genus2,2,dirichlet,753,63
double_torus_genus2,2,dirichlet,754,59
double_torus_genus2,2,dirichlet,755,61
double_torus_genus2,2,dirichlet,756,69
double_torus_genus2,2,dirichlet,757,59
double_torus_genus2,2,dirichlet,758,80
double_torus_genus2,2,dirichlet,759,66
double_torus_genus2,2,dirichlet,760,71
double_torus_genus2,2,dirichlet,761,87
double_torus_genus2,2,dirichlet,762,70
double_torus_genus2,2,dirichlet,763,72
double_torus_genus2,2,dirichlet,764,73
double_torus_genus2,2,dirichlet,765,68
double_torus_genus2,2,dirichlet,766,66
double_torus_genus2,2,dirichlet,767,56
double_torus_genus2,2,dirichlet,768,61
double_torus_genus2,2,dirichlet,769,67
double_torus_genus2,2,dirichlet,770,66
double_torus_genus2,2,dirichlet,771,57
double_torus_genus2,2,dirichlet,772,65
double_torus_genus2,2,dirichlet,773,67
double_torus_genus2,2,dirichlet,774,71
double_torus_genus2,2,dirichlet,775,71
double_torus_genus2,2,dirichlet,776,78
double_torus_genus2,2,dirichlet,777,66
double_torus_genus2,2,dirichlet,778,88
double_torus_genus2,2,dirichlet,779,59
double_torus_genus2,2,dirichlet,780,77
double_torus_genus2,2,dirichlet,781,76
double_torus_genus2,2,dirichlet,782,74
double_torus_genus2,2,dirichlet,783,72
double_torus_genus2,2,dirichlet,784,48
double_torus_genus2,2,dirichlet,785,83
double_torus_genus2,2,dirichlet,786,68
double_torus_genus2,2,dirichlet,787,74
double_torus_genus2,2,dirichlet,788,71
double_torus_genus2,2,dirichlet,789,80
double_torus_genus2,2,dirichlet,790,77
double_torus_genus2,2,dirichlet,791,77
double_torus_genus2,2,dirichlet,792,73
double_torus_genus2,2,dirichlet,793,95
double_torus_genus2,2,dirichlet,794,61
double_torus_genus2,2,dirichlet,795,60
double_torus_genus2,2,dirichlet,796,76
double_torus_genus2,2,dirichlet,797,69
double_torus_genus2,2,dirichlet,798,69
double_torus_genus2,2,dirichlet,799,71
double_torus_genus2,2,dirichlet,800,71
double_torus_genus2,2,dirichlet,801,67
double_torus_genus2,2,dirichlet,802,66
double_torus_genus2,2,dirichlet,803,77
double_torus_genus2,2,dirichlet,804,54
double_torus_genus2,2,dirichlet,805,65
double_torus_genus2,2,dirichlet,806,55
double_torus_genus2,2,dirichlet,807,64
double_torus_genus2,2,dirichlet,808,82
double_torus_genus2,2,dirichlet,809,70
double_torus_genus2,2,dirichlet,810,85
double_torus_genus2,2,dirichlet,811,62
double_torus_genus2,2,dirichlet,812,71
double_torus_genus2,2,dirichlet,813,54
double_torus_genus2,2,dirichlet,814,84
double_torus_genus2,2,dirichlet,815,72
double_torus_genus2,2,dirichlet,816,76
double_torus_genus2,2,dirichlet,817,84
double_torus_genus2,2,dirichlet,818,82
double_torus_genus2,2,dirichlet,819,81
double_torus_genus2,2,dirichlet,820,73
double_torus_genus2,2,dirichlet,821,71
double_torus_genus2,2,dirichlet,822,77
double_torus_genus2,2,dirichlet,823,63
double_torus_genus2,2,dirichlet,824,65
double_torus_genus2,2,dirichlet,825,64
double_torus_genus2,2,dirichlet,826,85
double_torus_genus2,2,dirichlet,827,61
double_torus_genus2,2,dirichlet,828,66
double_torus_genus2,2,dirichlet,829,83
double_torus_genus2,2,dirichlet,830,57
double_torus_genus2,2,dirichlet,831,72
double_torus_genus2,2,dirichlet,832,68
double_torus_genus2,2,dirichlet,833,55
double_torus_genus2,2,dirichlet,834,59
double_torus_genus2,2,dirichlet,835,64
double_torus_genus2,2,dirichlet,836,85
double_torus_genus2,2,dirichlet,837,61
double_torus_genus2,2,dirichlet,838,64
double_torus_genus2,2,dirichlet,839,66
double_torus_genus2,2,dirichlet,840,68
double_torus_genus2,2,dirichlet,841,52
double_torus_genus2,2,dirichlet,842,56
double_torus_genus2,2,dirichlet,843,74
double_torus_genus2,2,dirichlet,844,70
double_torus_genus2,2,dirichlet,845,78
double_torus_genus2,2,dirichlet,846,76
double_torus_genus2,2,dirichlet,847,61
double_torus_genus2,2,dirichlet,848,91
double_torus_genus2,2,dirichlet,849,65
double_torus_genus2,2,dirichlet,850,78
double_torus_genus2,2,dirichlet,851,63
double_torus_genus2,2,dirichlet,852,56
double_torus_genus2,2,dirichlet,853,87
double_torus_genus2,2,dirichlet,854,64
double_torus_genus2,2,dirichlet,855,77
double_torus_genus2,2,dirichlet,856,71
double_torus_genus2,2,dirichlet,857,70
double_torus_genus2,2,dirichlet,858,73
double_torus_genus2,2,dirichlet,859,71
double_torus_genus2,2,dirichlet,860,74
double_torus_genus2,2,dirichlet,861,83
double_torus_genus2,2,dirichlet,862,75
double_torus_genus2,2,dirichlet,863,77
double_torus_genus2,2,dirichlet,864,79
double_torus_genus2,2,dirichlet,865,79
double_torus_genus2,2,dirichlet,866,77
double_torus_genus2,2,dirichlet,867,74
double_torus_genus2,2,dirichlet,868,69
double_torus_genus2,2,dirichlet,869,67
double_torus_genus2,2,dirichlet,870,67
double_torus_genus2,2,dirichlet,871,62
double_torus_genus2,2,dirichlet,872,65
double_torus_genus2,2,dirichlet,873,63
double_torus_genus2,2,dirichlet,874,66
double_torus_genus2,2,dirichlet,875,78
double_torus_genus2,2,dirichlet,876,73
double_torus_genus2,2,dirichlet,877,68
double_torus_genus2,2,dirichlet,878,80
double_torus_genus2,2,dirichlet,879,59
double_torus_genus2,2,dirichlet,880,69
double_torus_genus2,2,dirichlet,881,75
double_torus_genus2,2,dirichlet,882,68
double_torus_genus2,2,dirichlet,883,85
double_torus_genus2,2,dirichlet,884,53
double_torus_genus2,2,dirichlet,885,68
double_torus_genus2,2,dirichlet,886,67
double_torus_genus2,2,dirichlet,887,74
double_torus_genus2,2,dirichlet,888,64
double_torus_genus2,2,dirichlet,889,71
double_torus_genus2,2,dirichlet,890,66
double_torus_genus2,2,dirichlet,891,75
double_torus_genus2,2,dirichlet,892,84
double_torus_genus2,2,dirichlet,893,53
double_torus_genus2,2,dirichlet,894,67
double_torus_genus2,2,dirichlet,895,62
double_torus_genus2,2,dirichlet,896,67
double_torus_genus2,2,dirichlet,897,69
double_torus_genus2,2,dirichlet,898,74
double_torus_genus2,2,dirichlet,899,62
double_torus_genus2,2,dirichlet,900,76
double_torus_genus2,2,dirichlet,901,79
double_torus_genus2,2,dirichlet,902,63
double_torus_genus2,2,dirichlet,903,77
double_torus_genus2,2,dirichlet,904,69
double_torus_genus2,2,dirichlet,905,67
double_torus_genus2,2,dirichlet,906,62
double_torus_genus2,2,dirichlet,907,85
double_torus_genus2,2,dirichlet,908,60
double_torus_genus2,2,dirichlet,909,71
double_torus_genus2,2,dirichlet,910,69
double_torus_genus2,2,dirichlet,911,68
double_torus_genus2,2,dirichlet,912,73
double_torus_genus2,2,dirichlet,913,72
double_torus_genus2,2,dirichlet,914,71
double_torus_genus2,2,dirichlet,915,84
double_torus_genus2,2,dirichlet,916,81
double_torus_genus2,2,dirichlet,917,80
double_torus_genus2,2,dirichlet,918,83
double_torus_genus2,2,dirichlet,919,83
double_torus_genus2,2,dirichlet,920,75
double_torus_genus2,2,dirichlet,921,63
double_torus_genus2,2,dirichlet,922,87
double_torus_genus2,2,dirichlet,923,58
double_torus_genus2,2,dirichlet,924,83
double_torus_genus2,2,dirichlet,925,60
double_torus_genus2,2,dirichlet,926,86
double_torus_genus2,2,dirichlet,927,72
double_torus_genus2,2,dirichlet,928,68
double_torus_genus2,2,dirichlet,929,58
double_torus_genus2,2,dirichlet,930,78
double_torus_genus2,2,dirichlet,931,79
double_torus_genus2,2,dirichlet,932,64
double_torus_genus2,2,dirichlet,933,68
double_torus_genus2,2,dirichlet,934,68
double_torus_genus2,2,dirichlet,935,72
double_torus_genus2,2,dirichlet,936,76
double_torus_genus2,2,dirichlet,937,55
double_torus_genus2,2,dirichlet,938,70
double_torus_genus2,2,dirichlet,939,71
double_torus_genus2,2,dirichlet,940,84
double_torus_genus2,2,dirichlet,941,62
double_torus_genus2,2,dirichlet,942,63
double_torus_genus2,2,dirichlet,943,74
double_torus_genus2,2,dirichlet,944,57
double_torus_genus2,2,dirichlet,945,85
double_torus_genus2,2,dirichlet,946,66
double_torus_genus2,2,dirichlet,947,66
double_torus_genus2,2,dirichlet,948,86
double_torus_genus2,2,dirichlet,949,76
double_torus_genus2,2,dirichlet,950,52
double_torus_genus2,2,dirichlet,951,75
double_torus_genus2,2,dirichlet,952,59
double_torus_genus2,2,dirichlet,953,66
double_torus_genus2,2,dirichlet,954,82
double_torus_genus2,2,dirichlet,955,74
double_torus_genus2,2,dirichlet,956,75
double_torus_genus2,2,dirichlet,957,65
double_torus_genus2,2,dirichlet,958,71
double_torus_genus2,2,dirichlet,959,80
double_torus_genus2,2,dirichlet,960,58
double_torus_genus2,2,dirichlet,961,56
double_torus_genus2,2,dirichlet,962,90
double_torus_genus2,2,dirichlet,963,69
double_torus_genus2,2,dirichlet,964,64
double_torus_genus2,2,dirichlet,965,47
double_torus_genus2,2,dirichlet,966,81
double_torus_genus2,2,dirichlet,967,80
double_torus_genus2,2,dirichlet,968,71
double_torus_genus2,2,dirichlet,969,55
double_torus_genus2,2,dirichlet,970,57
double_torus_genus2,2,dirichlet,971,79
double_torus_genus2,2,dirichlet,972,68
double_torus_genus2,2,dirichlet,973,66
double_torus_genus2,2,dirichlet,974,75
double_torus_genus2,2,dirichlet,975,70
double_torus_genus2,2,dirichlet,976,75
double_torus_genus2,2,dirichlet,977,70
double_torus_genus2,2,dirichlet,978,64
double_torus_genus2,2,dirichlet,979,68
double_torus_genus2,2,dirichlet,980,80
double_torus_genus2,2,dirichlet,981,75
double_torus_genus2,2,dirichlet,982,56
double_torus_genus2,2,dirichlet,983,76
double_torus_genus2,2,dirichlet,984,65
double_torus_genus2,2,dirichlet,985,72
double_torus_genus2,2,dirichlet,986,73
double_torus_genus2,2,dirichlet,987,74
double_torus_genus2,2,dirichlet,988,70
double_torus_genus2,2,dirichlet,989,83
double_torus_genus2,2,dirichlet,990,72
double_torus_genus2,2,dirichlet,991,72
double_torus_genus2,2,dirichlet,992,72
double_torus_genus2,2,dirichlet,993,85
double_torus_genus2,2,dirichlet,994,70
double_torus_genus2,2,dirichlet,995,69
double_torus_genus2,2,dirichlet,996,69
double_torus_genus2,2,dirichlet,997,55
double_torus_genus2,2,dirichlet,998,81
double_torus_genus2,2,dirichlet,999,71
double_torus_genus2,2,normal_L2,0,77
double_torus_genus2,2,normal_L2,1,69
double_torus_genus2,2,normal_L2,2,60
double_torus_genus2,2,normal_L2,3,74
double_torus_genus2,2,normal_L2,4,65
double_torus_genus2,2,normal_L2,5,81
double_torus_genus2,2,normal_L2,6,66
double_torus_genus2,2,normal_L2,7,78
double_torus_genus2,2,normal_L2,8,69
double_torus_genus2,2,normal_L2,9,68
double_torus_genus2,2,normal_L2,10,86
double_torus_genus2,2,normal_L2,11,91
double_torus_genus2,2,normal_L2,12,59
double_torus_genus2,2,normal_L2,13,79
double_torus_genus2,2,normal_L2,14,75
double_torus_genus2,2,normal_L2,15,66
double_torus_genus2,2,normal_L2,16,80
double_torus_genus2,2,normal_L2,17,65
double_torus_genus2,2,normal_L2,18,91
double_torus_genus2,2,normal_L2,19,81
double_torus_genus2,2,normal_L2,20,74
double_torus_genus2,2,normal_L2,21,77
double_torus_genus2,2,normal_L2,22,77
double_torus_genus2,2,normal_L2,23,72
double_torus_genus2,2,normal_L2,24,69
double_torus_genus2,2,normal_L2,25,76
double_torus_genus2,2,normal_L2,26,82
double_torus_genus2,2,normal_L2,27,94
double_torus_genus2,2,normal_L2,28,79
double_torus_genus2,2,normal_L2,29,67
double_torus_genus2,2,normal_L2,30,64
double_torus_genus2,2,normal_L2,31,70
double_torus_genus2,2,normal_L2,32,71
double_torus_genus2,2,normal_L2,33,96
double_torus_genus2,2,normal_L2,34,67
double_torus_genus2,2,normal_L2,35,78
double_torus_genus2,2,normal_L2,36,68
double_torus_genus2,2,normal_L2,37,73
double_torus_genus2,2,normal_L2,38,86
double_torus_genus2,2,normal_L2,39,72
double_torus_genus2,2,normal_L2,40,70
double_torus_genus2,2,normal_L2,41,83
double_torus_genus2,2,normal_L2,42,82
double_torus_genus2,2,normal_L2,43,76
double_torus_genus2,2,normal_L2,44,77
double_torus_genus2,2,normal_L2,45,71
double_torus_genus2,2,normal_L2,46,78
double_torus_genus2,2,normal_L2,47,68
double_torus_genus2,2,normal_L2,48,70
double_torus_genus2,2,normal_L2,49,67
double_torus_genus2,2,normal_L2,50,67
double_torus_genus2,2,normal_L2,51,68
double_torus_genus2,2,normal_L2,52,63
double_torus_genus2,2,normal_L2,53,83
double_torus_genus2,2,normal_L2,54,73
double_torus_genus2,2,normal_L2,55,81
double_torus_genus2,2,normal_L2,56,70
double_torus_genus2,2,normal_L2,57,72
double_torus_genus2,2,normal_L2,58,73
double_torus_genus2,2,normal_L2,59,84
double_torus_genus2,2,normal_L2,60,79
double_torus_genus2,2,normal_L2,61,79
double_torus_genus2,2,normal_L2,62,76
double_torus_genus2,2,normal_L2,63,71
double_torus_genus2,2,normal_L2,64,70
double_torus_genus2,2,normal_L2,65,66
double_torus_genus2,2,normal_L2,66,62
double_torus_genus2,2,normal_L2,67,66
double_torus_genus2,2,normal_L2,68,87
double_torus_genus2,2,normal_L2,69,73
double_torus_genus2,2,normal_L2,70,71
double_torus_genus2,2,normal_L2,71,71
double_torus_genus2,2,normal_L2,72,73
double_torus_genus2,2,normal_L2,73,81
double_torus_genus2,2,normal_L2,74,74
double_torus_genus2,2,normal_L2,75,87
double_torus_genus2,2,normal_L2,76,88
double_torus_genus2,2,normal_L2,77,78
double_torus_genus2,2,normal_L2,78,70
double_torus_genus2,2,normal_L2,79,87
double_torus_genus2,2,normal_L2,80,76
double_torus_genus2,2,normal_L2,81,76
double_torus_genus2,2,normal_L2,82,71
double_torus_genus2,2,normal_L2,83,78
double_torus_genus2,2,normal_L2,84,63
double_torus_genus2,2,normal_L2,85,74
double_torus_genus2,2,normal_L2,86,67
double_torus_genus2,2,normal_L2,87,74
double_torus_genus2,2,normal_L2,88,86
double_torus_genus2,2,normal_L2,89,71
double_torus_genus2,2,normal_L2,90,53
double_torus_genus2,2,normal_L2,91,65
double_torus_genus2,2,normal_L2,92,76
double_torus_genus2,2,normal_L2,93,76
double_torus_genus2,2,normal_L2,94,87
double_torus_genus2,2,normal_L2,95,62
double_torus_genus2,2,normal_L2,96,85
double_torus_genus2,2,normal_L2,97,81
double_torus_genus2,2,normal_L2,98,72
double_torus_genus2,2,normal_L2,99,87
double_torus_genus2,2,normal_L2,100,64
double_torus_genus2,2,normal_L2,101,69
double_torus_genus2,2,normal_L2,102,76
double_torus_genus2,2,normal_L2,103,70
double_torus_genus2,2,normal_L2,104,76
double_torus_genus2,2,normal_L2,105,70
double_torus_genus2,2,normal_L2,106,60
double_torus_genus2,2,normal_L2,107,58
double_torus_genus2,2,normal_L2,108,67
double_torus_genus2,2,normal_L2,109,67
double_torus_genus2,2,normal_L2,110,67
double_torus_genus2,2,normal_L2,111,82
double_torus_genus2,2,normal_L2,112,79
double_torus_genus2,2,normal_L2,113,65
double_torus_genus2,2,normal_L2,114,63
double_torus_genus2,2,normal_L2,115,74
double_torus_genus2,2,normal_L2,116,67
double_torus_genus2,2,normal_L2,117,66
double_torus_genus2,2,normal_L2,118,70
double_torus_genus2,2,normal_L2,119,67
double_torus_genus2,2,normal_L2,120,66
double_torus_genus2,2,normal_L2,121,61
double_torus_genus2,2,normal_L2,122,80
double_torus_genus2,2,normal_L2,123,75
double_torus_genus2,2,normal_L2,124,70
double_torus_genus2,2,normal_L2,125,69
double_torus_genus2,2,normal_L2,126,51
double_torus_genus2,2,normal_L2,127,71
double_torus_genus2,2,normal_L2,128,60
double_torus_genus2,2,normal_L2,129,77
double_torus_genus2,2,normal_L2,130,85
double_torus_genus2,2,normal_L2,131,65
double_torus_genus2,2,normal_L2,132,82
double_torus_genus2,2,normal_L2,133,68
double_torus_genus2,2,normal_L2,134,72
double_torus_genus2,2,normal_L2,135,75
double_torus_genus2,2,normal_L2,136,77
double_torus_genus2,2,normal_L2,137,72
double_torus_genus2,2,normal_L2,138,68
double_torus_genus2,2,normal_L2,139,80
double_torus_genus2,2,normal_L2,140,77
double_torus_genus2,2,normal_L2,141,80
double_torus_genus2,2,normal_L2,142,72
double_torus_genus2,2,normal_L2,143,76
double_torus_genus2,2,normal_L2,144,72
double_torus_genus2,2,normal_L2,145,84
double_torus_genus2,2,normal_L2,146,83
double_torus_genus2,2,normal_L2,147,72
double_torus_genus2,2,normal_L2,148,70
double_torus_genus2,2,normal_L2,149,73
double_torus_genus2,2,normal_L2,150,89
double_torus_genus2,2,normal_L2,151,73
double_torus_genus2,2,normal_L2,152,75
double_torus_genus2,2,normal_L2,153,71
double_torus_genus2,2,normal_L2,154,72
double_torus_genus2,2,normal_L2,155,66
double_torus_genus2,2,normal_L2,156,85
double_torus_genus2,2,normal_L2,157,80
double_torus_genus2,2,normal_L2,158,71
double_torus_genus2,2,normal_L2,159,66
double_torus_genus2,2,normal_L2,160,83
double_torus_genus2,2,normal_L2,161,75
double_torus_genus2,2,normal_L2,162,60
double_torus_genus2,2,normal_L2,163,66
double_torus_genus2,2,normal_L2,164,75
double_torus_genus2,2,normal_L2,165,71
double_torus_genus2,2,normal_L2,166,68
double_torus_genus2,2,normal_L2,167,74
double_torus_genus2,2,normal_L2,168,74
double_torus_genus2,2,normal_L2,169,61
double_torus_genus2,2,normal_L2,170,69
double_torus_genus2,2,normal_L2,171,82
double_torus_genus2,2,normal_L2,172,82
double_torus_genus2,2,normal_L2,173,79
double_torus_genus2,2,normal_L2,174,75
double_torus_genus2,2,normal_L2,175,85
double_torus_genus2,2,normal_L2,176,76
double_torus_genus2,2,normal_L2,177,82
double_torus_genus2,2,normal_L2,178,89
double_torus_genus2,2,normal_L2,179,73
double_torus_genus2,2,normal_L2,180,75
double_torus_genus2,2,normal_L2,181,70
double_torus_genus2,2,normal_L2,182,72
double_torus_genus2,2,normal_L2,183,69
double_torus_genus2,2,normal_L2,184,81
double_torus_genus2,2,normal_L2,185,52
double_torus_genus2,2,normal_L2,186,69
double_torus_genus2,2,normal_L2,187,67
double_torus_genus2,2,normal_L2,188,79
double_torus_genus2,2,normal_L2,189,74
double_torus_genus2,2,normal_L2,190,67
double_torus_genus2,2,normal_L2,191,69
double_torus_genus2,2,normal_L2,192,72
double_torus_genus2,2,normal_L2,193,65
double_torus_genus2,2,normal_L2,194,78
double_torus_genus2,2,normal_L2,195,63
double_torus_genus2,2,normal_L2,196,76
double_torus_genus2,2,normal_L2,197,73
double_torus_genus2,2,normal_L2,198,92
double_torus_genus2,2,normal_L2,199,77
double_torus_genus2,2,normal_L2,200,76
double_torus_genus2,2,normal_L2,201,68
double_torus_genus2,2,normal_L2,202,81
double_torus_genus2,2,normal_L2,203,64
double_torus_genus2,2,normal_L2,204,67
double_torus_genus2,2,normal_L2,205,69
double_torus_genus2,2,normal_L2,206,72
double_torus_genus2,2,normal_L2,207,71
double_torus_genus2,2,normal_L2,208,65
double_torus_genus2,2,normal_L2,209,90
double_torus_genus2,2,normal_L2,210,59
double_torus_genus2,2,normal_L2,211,88
double_torus_genus2,2,normal_L2,212,71
double_torus_genus2,2,normal_L2,213,66
double_torus_genus2,2,normal_L2,214,74
double_torus_genus2,2,normal_L2,215,70
double_torus_genus2,2,normal_L2,216,64
double_torus_genus2,2,normal_L2,217,70
double_torus_genus2,2,normal_L2,218,86
double_torus_genus2,2,normal_L2,219,85
double_torus_genus2,2,normal_L2,220,85
double_torus_genus2,2,normal_L2,221,71
double_torus_genus2,2,normal_L2,222,72
double_torus_genus2,2,normal_L2,223,71
double_torus_genus2,2,normal_L2,224,77
double_torus_genus2,2,normal_L2,225,75
double_torus_genus2,2,normal_L2,226,77
double_torus_genus2,2,normal_L2,227,54
double_torus_genus2,2,normal_L2,228,57
double_torus_genus2,2,normal_L2,229,73
double_torus_genus2,2,normal_L2,230,71
double_torus_genus2,2,normal_L2,231,77
double_torus_genus2,2,normal_L2,232,82
double_torus_genus2,2,normal_L2,233,62
double_torus_genus2,2,normal_L2,234,76
double_torus_genus2,2,normal_L2,235,85
double_torus_genus2,2,normal_L2,236,72
double_torus_genus2,2,normal_L2,237,63
double_torus_genus2,2,normal_L2,238,65
double_torus_genus2,2,normal_L2,239,59
double_torus_genus2,2,normal_L2,240,61
double_torus_genus2,2,normal_L2,241,81
double_torus_genus2,2,normal_L2,242,69
double_torus_genus2,2,normal_L2,243,66
double_torus_genus2,2,normal_L2,244,66
double_torus_genus2,2,normal_L2,245,64
double_torus_genus2,2,normal_L2,246,63
double_torus_genus2,2,normal_L2,247,75
double_torus_genus2,2,normal_L2,248,67
double_torus_genus2,2,normal_L2,249,76
double_torus_genus2,2,normal_L2,250,77
double_torus_genus2,2,normal_L2,251,61
double_torus_genus2,2,normal_L2,252,65
double_torus_genus2,2,normal_L2,253,60
double_torus_genus2,2,normal_L2,254,80
double_torus_genus2,2,normal_L2,255,72
double_torus_genus2,2,normal_L2,256,74
double_torus_genus2,2,normal_L2,257,74
double_torus_genus2,2,normal_L2,258,70
double_torus_genus2,2,normal_L2,259,67
double_torus_genus2,2,normal_L2,260,58
double_torus_genus2,2,normal_L2,261,83
double_torus_genus2,2,normal_L2,262,65
double_torus_genus2,2,normal_L2,263,71
double_torus_genus2,2,normal_L2,264,63
double_torus_genus2,2,normal_L2,265,84
double_torus_genus2,2,normal_L2,266,78
double_torus_genus2,2,normal_L2,267,79
double_torus_genus2,2,normal_L2,268,75
double_torus_genus2,2,normal_L2,269,84
double_torus_genus2,2,normal_L2,270,76
double_torus_genus2,2,normal_L2,271,68
double_torus_genus2,2,normal_L2,272,84
double_torus_genus2,2,normal_L2,273,80
double_torus_genus2,2,normal_L2,274,78
double_torus_genus2,2,normal_L2,275,64
double_torus_genus2,2,normal_L2,276,81
double_torus_genus2,2,normal_L2,277,71
double_torus_genus2,2,normal_L2,278,83
double_torus_genus2,2,normal_L2,279,74
double_torus_genus2,2,normal_L2,280,61
double_torus_genus2,2,normal_L2,281,66
double_torus_genus2,2,normal_L2,282,70
double_torus_genus2,2,normal_L2,283,78
double_torus_genus2,2,normal_L2,284,88
double_torus_genus2,2,normal_L2,285,76
double_torus_genus2,2,normal_L2,286,69
double_torus_genus2,2,normal_L2,287,80
double_torus_genus2,2,normal_L2,288,67
double_torus_genus2,2,normal_L2,289,76
double_torus_genus2,2,normal_L2,290,90
double_torus_genus2,2,normal_L2,291,63
double_torus_genus2,2,normal_L2,292,58
double_torus_genus2,2,normal_L2,293,85
double_torus_genus2,2,normal_L2,294,72
double_torus_genus2,2,normal_L2,295,77
double_torus_genus2,2,normal_L2,296,82
double_torus_genus2,2,normal_L2,297,73
double_torus_genus2,2,normal_L2,298,69
double_torus_genus2,2,normal_L2,299,66
double_torus_genus2,2,normal_L2,300,78
double_torus_genus2,2,normal_L2,301,68
double_torus_genus2,2,normal_L2,302,83
double_torus_genus2,2,normal_L2,303,85
double_torus_genus2,2,normal_L2,304,64
double_torus_genus2,2,normal_L2,305,83
double_torus_genus2,2,normal_L2,306,68
double_torus_genus2,2,normal_L2,307,61
double_torus_genus2,2,normal_L2,308,84
double_torus_genus2,2,normal_L2,309,82
double_torus_genus2,2,normal_L2,310,65
double_torus_genus2,2,normal_L2,311,72
double_torus_genus2,2,normal_L2,312,60
double_torus_genus2,2,normal_L2,313,77
double_torus_genus2,2,normal_L2,314,71
double_torus_genus2,2,normal_L2,315,76
double_torus_genus2,2,normal_L2,316,77
double_torus_genus2,2,normal_L2,317,70
double_torus_genus2,2,normal_L2,318,75
double_torus_genus2,2,normal_L2,319,84
double_torus_genus2,2,normal_L2,320,63
double_torus_genus2,2,normal_L2,321,80
double_torus_genus2,2,normal_L2,322,76
double_torus_genus2,2,normal_L2,323,68
double_torus_genus2,2,normal_L2,324,83
double_torus_genus2,2,normal_L2,325,82
double_torus_genus2,2,normal_L2,326,59
double_torus_genus2,2,normal_L2,327,70
double_torus_genus2,2,normal_L2,328,79
double_torus_genus2,2,normal_L2,329,85
double_torus_genus2,2,normal_L2,330,69
double_torus_genus2,2,normal_L2,331,62
double_torus_genus2,2,normal_L2,332,93
double_torus_genus2,2,normal_L2,333,90
double_torus_genus2,2,normal_L2,334,71
double_torus_genus2,2,normal_L2,335,64
double_torus_genus2,2,normal_L2,336,78
double_torus_genus2,2,normal_L2,337,70
double_torus_genus2,2,normal_L2,338,61
double_torus_genus2,2,normal_L2,339,78
double_torus_genus2,2,normal_L2,340,81
double_torus_genus2,2,normal_L2,341,85
double_torus_genus2,2,normal_L2,342,87
double_torus_genus2,2,normal_L2,343,73
double_torus_genus2,2,normal_L2,344,59
double_torus_genus2,2,normal_L2,345,75
double_torus_genus2,2,normal_L2,346,82
double_torus_genus2,2,normal_L2,347,84
double_torus_genus2,2,normal_L2,348,78
double_torus_genus2,2,normal_L2,349,65
double_torus_genus2,2,normal_L2,350,68
double_torus_genus2,2,normal_L2,351,79
double_torus_genus2,2,normal_L2,352,78
double_torus_genus2,2,normal_L2,353,82
double_torus_genus2,2,normal_L2,354,77
double_torus_genus2,2,normal_L2,355,84
double_torus_genus2,2,normal_L2,356,74
double_torus_genus2,2,normal_L2,357,62
double_torus_genus2,2,normal_L2,358,69
double_torus_genus2,2,normal_L2,359,81
double_torus_genus2,2,normal_L2,360,69
double_torus_genus2,2,normal_L2,361,82
double_torus_genus2,2,normal_L2,362,71
double_torus_genus2,2,normal_L2,363,72
double_torus_genus2,2,normal_L2,364,59
double_torus_genus2,2,normal_L2,365,85
double_torus_genus2,2,normal_L2,366,71
double_torus_genus2,2,normal_L2,367,65
double_torus_genus2,2,normal_L2,368,65
double_torus_genus2,2,normal_L2,369,71
double_torus_genus2,2,normal_L2,370,70
double_torus_genus2,2,normal_L2,371,82
double_torus_genus2,2,normal_L2,372,76
double_torus_genus2,2,normal_L2,373,74
double_torus_genus2,2,normal_L2,374,76
double_torus_genus2,2,normal_L2,375,68
double_torus_genus2,2,normal_L2,376,64
double_torus_genus2,2,normal_L2,377,66
double_torus_genus2,2,normal_L2,378,55
double_torus_genus2,2,normal_L2,379,70
double_torus_genus2,2,normal_L2,380,70
double_torus_genus2,2,normal_L2,381,84
double_torus_genus2,2,normal_L2,382,57
double_torus_genus2,2,normal_L2,383,77
double_torus_genus2,2,normal_L2,384,64
double_torus_genus2,2,normal_L2,385,56
double_torus_genus2,2,normal_L2,386,65
double_torus_genus2,2,normal_L2,387,65
double_torus_genus2,2,normal_L2,388,73
double_torus_genus2,2,normal_L2,389,88
double_torus_genus2,2,normal_L2,390,73
double_torus_genus2,2,normal_L2,391,88
double_torus_genus2,2,normal_L2,392,72
double_torus_genus2,2,normal_L2,393,69
double_torus_genus2,2,normal_L2,394,70
double_torus_genus2,2,normal_L2,395,80
double_torus_genus2,2,normal_L2,396,78
double_torus_genus2,2,normal_L2,397,73
double_torus_genus2,2,normal_L2,398,79
double_torus_genus2,2,normal_L2,399,79
double_torus_genus2,2,normal_L2,400,66
double_torus_genus2,2,normal_L2,401,78
double_torus_genus2,2,normal_L2,402,83
double_torus_genus2,2,normal_L2,403,84
double_torus_genus2,2,normal_L2,404,74
double_torus_genus2,2,normal_L2,405,61
double_torus_genus2,2,normal_L2,406,79
double_torus_genus2,2,normal_L2,407,84
double_torus_genus2,2,normal_L2,408,69
double_torus_genus2,2,normal_L2,409,71
double_torus_genus2,2,normal_L2,410,60
double_torus_genus2,2,normal_L2,411,80
double_torus_genus2,2,normal_L2,412,81
double_torus_genus2,2,normal_L2,413,55
double_torus_genus2,2,normal_L2,414,62
double_torus_genus2,2,normal_L2,415,69
double_torus_genus2,2,normal_L2,416,69
double_torus_genus2,2,normal_L2,417,70
double_torus_genus2,2,normal_L2,418,65
double_torus_genus2,2,normal_L2,419,82
double_torus_genus2,2,normal_L2,420,63
double_torus_genus2,2,normal_L2,421,87
double_torus_genus2,2,normal_L2,422,66
double_torus_genus2,2,normal_L2,423,81
double_torus_genus2,2,normal_L2,424,84
double_torus_genus2,2,normal_L2,425,90
double_torus_genus2,2,normal_L2,426,91
double_torus_genus2,2,normal_L2,427,81
double_torus_genus2,2,normal_L2,428,60
double_torus_genus2,2,normal_L2,429,64
double_torus_genus2,2,normal_L2,430,77
double_torus_genus2,2,normal_L2,431,102
double_torus_genus2,2,normal_L2,432,81
double_torus_genus2,2,normal_L2,433,81
double_torus_genus2,2,normal_L2,434,68
double_torus_genus2,2,normal_L2,435,70
double_torus_genus2,2,normal_L2,436,72
double_torus_genus2,2,normal_L2,437,62
double_torus_genus2,2,normal_L2,438,67
double_torus_genus2,2,normal_L2,439,72
double_torus_genus2,2,normal_L2,440,76
double_torus_genus2,2,normal_L2,441,60
double_torus_genus2,2,normal_L2,442,59
double_torus_genus2,2,normal_L2,443,75
double_torus_genus2,2,normal_L2,444,81
double_torus_genus2,2,normal_L2,445,73
double_torus_genus2,2,normal_L2,446,67
double_torus_genus2,2,normal_L2,447,69
double_torus_genus2,2,normal_L2,448,71
double_torus_genus2,2,normal_L2,449,73
double_torus_genus2,2,normal_L2,450,77
double_torus_genus2,2,normal_L2,451,63
double_torus_genus2,2,normal_L2,452,68
double_torus_genus2,2,normal_L2,453,71
double_torus_genus2,2,normal_L2,454,72
double_torus_genus2,2,normal_L2,455,66
double_torus_genus2,2,normal_L2,456,73
double_torus_genus2,2,normal_L2,457,74
double_torus_genus2,2,normal_L2,458,80
double_torus_genus2,2,normal_L2,459,53
double_torus_genus2,2,normal_L2,460,59
double_torus_genus2,2,normal_L2,461,80
double_torus_genus2,2,normal_L2,462,73
double_torus_genus2,2,normal_L2,463,70
double_torus_genus2,2,normal_L2,464,71
double_torus_genus2,2,normal_L2,465,64
double_torus_genus2,2,normal_L2,466,73
double_torus_genus2,2,normal_L2,467,73
double_torus_genus2,2,normal_L2,468,66
double_torus_genus2,2,normal_L2,469,81
double_torus_genus2,2,normal_L2,470,78
double_torus_genus2,2,normal_L2,471,72
double_torus_genus2,2,normal_L2,472,67
double_torus_genus2,2,normal_L2,473,71
double_torus_genus2,2,normal_L2,474,69
double_torus_genus2,2,normal_L2,475,76
double_torus_genus2,2,normal_L2,476,80
double_torus_genus2,2,normal_L2,477,64
double_torus_genus2,2,normal_L2,478,74
double_torus_genus2,2,normal_L2,479,75
double_torus_genus2,2,normal_L2,480,56
double_torus_genus2,2,normal_L2,481,55
double_torus_genus2,2,normal_L2,482,90
double_torus_genus2,2,normal_L2,483,83
double_torus_genus2,2,normal_L2,484,69
double_torus_genus2,2,normal_L2,485,66
double_torus_genus2,2,normal_L2,486,71
double_torus_genus2,2,normal_L2,487,72
double_torus_genus2,2,normal_L2,488,70
double_torus_genus2,2,normal_L2,489,75
double_torus_genus2,2,normal_L2,490,78
double_torus_genus2,2,normal_L2,491,71
double_torus_genus2,2,normal_L2,492,71
double_torus_genus2,2,normal_L2,493,80
double_torus_genus2,2,normal_L2,494,81
double_torus_genus2,2,normal_L2,495,77
double_torus_genus2,2,normal_L2,496,76
double_torus_genus2,2,normal_L2,497,74
double_torus_genus2,2,normal_L2,498,79
double_torus_genus2,2,normal_L2,499,64
double_torus_genus2,2,normal_L2,500,71
double_torus_genus2,2,normal_L2,501,70
double_torus_genus2,2,normal_L2,502,67
double_torus_genus2,2,normal_L2,503,75
double_torus_genus2,2,normal_L2,504,72
double_torus_genus2,2,normal_L2,505,80
double_torus_genus2,2,normal_L2,506,79
double_torus_genus2,2,normal_L2,507,64
double_torus_genus2,2,normal_L2,508,69
double_torus_genus2,2,normal_L2,509,69
double_torus_genus2,2,normal_L2,510,49
double_torus_genus2,2,normal_L2,511,56
double_torus_genus2,2,normal_L2,512,66
double_torus_genus2,2,normal_L2,513,68
double_torus_genus2,2,normal_L2,514,90
double_torus_genus2,2,normal_L2,515,84
double_torus_genus2,2,normal_L2,516,82
double_torus_genus2,2,normal_L2,517,67
double_torus_genus2,2,normal_L2,518,89
double_torus_genus2,2,normal_L2,519,80
double_torus_genus2,2,normal_L2,520,63
double_torus_genus2,2,normal_L2,521,75
double_torus_genus2,2,normal_L2,522,56
double_torus_genus2,2,normal_L2,523,59
double_torus_genus2,2,normal_L2,524,71
double_torus_genus2,2,normal_L2,525,58
double_torus_genus2,2,normal_L2,526,87
double_torus_genus2,2,normal_L2,527,60
double_torus_genus2,2,normal_L2,528,73
double_torus_genus2,2,normal_L2,529,78
double_torus_genus2,2,normal_L2,530,87
double_torus_genus2,2,normal_L2,531,59
double_torus_genus2,2,normal_L2,532,67
double_torus_genus2,2,normal_L2,533,78
double_torus_genus2,2,normal_L2,534,61
double_torus_genus2,2,normal_L2,535,61
double_torus_genus2,2,normal_L2,536,72
double_torus_genus2,2,normal_L2,537,77
double_torus_genus2,2,normal_L2,538,74
double_torus_genus2,2,normal_L2,539,65
double_torus_genus2,2,normal_L2,540,64
double_torus_genus2,2,normal_L2,541,78
double_torus_genus2,2,normal_L2,542,64
double_torus_genus2,2,normal_L2,543,85
double_torus_genus2,2,normal_L2,544,82
double_torus_genus2,2,normal_L2,545,80
double_torus_genus2,2,normal_L2,546,51
double_torus_genus2,2,normal_L2,547,71
double_torus_genus2,2,normal_L2,548,62
double_torus_genus2,2,normal_L2,549,64
double_torus_genus2,2,normal_L2,550,78
double_torus_genus2,2,normal_L2,551,66
double_torus_genus2,2,normal_L2,552,73
double_torus_genus2,2,normal_L2,553,66
double_torus_genus2,2,normal_L2,554,67
double_torus_genus2,2,normal_L2,555,74
double_torus_genus2,2,normal_L2,556,74
double_torus_genus2,2,normal_L2,557,73
double_torus_genus2,2,normal_L2,558,78
double_torus_genus2,2,normal_L2,559,91
double_torus_genus2,2,normal_L2,560,63
double_torus_genus2,2,normal_L2,561,77
double_torus_genus2,2,normal_L2,562,63
double_torus_genus2,2,normal_L2,563,76
double_torus_genus2,2,normal_L2,564,90
double_torus_genus2,2,normal_L2,565,62
double_torus_genus2,2,normal_L2,566,66
double_torus_genus2,2,normal_L2,567,75
double_torus_genus2,2,normal_L2,568,71
double_torus_genus2,2,normal_L2,569,72
double_torus_genus2,2,normal_L2,570,59
double_torus_genus2,2,normal_L2,571,61
double_torus_genus2,2,normal_L2,572,66
double_torus_genus2,2,normal_L2,573,75
double_torus_genus2,2,normal_L2,574,78
double_torus_genus2,2,normal_L2,575,76
double_torus_genus2,2,normal_L2,576,83
double_torus_genus2,2,normal_L2,577,68
double_torus_genus2,2,normal_L2,578,75
double_torus_genus2,2,normal_L2,579,85
double_torus_genus2,2,normal_L2,580,88
double_torus_genus2,2,normal_L2,581,88
double_torus_genus2,2,normal_L2,582,73
double_torus_genus2,2,normal_L2,583,76
double_torus_genus2,2,normal_L2,584,78
double_torus_genus2,2,normal_L2,585,75
double_torus_genus2,2,normal_L2,586,66
double_torus_genus2,2,normal_L2,587,73
double_torus_genus2,2,normal_L2,588,71
double_torus_genus2,2,normal_L2,589,79
double_torus_genus2,2,normal_L2,590,80
double_torus_genus2,2,normal_L2,591,67
double_torus_genus2,2,normal_L2,592,74
double_torus_genus2,2,normal_L2,593,51
double_torus_genus2,2,normal_L2,594,89
double_torus_genus2,2,normal_L2,595,66
double_torus_genus2,2,normal_L2,596,75
double_torus_genus2,2,normal_L2,597,85
double_torus_genus2,2,normal_L2,598,83
double_torus_genus2,2,normal_L2,599,71
double_torus_genus2,2,normal_L2,600,82
double_torus_genus2,2,normal_L2,601,61
double_torus_genus2,2,normal_L2,602,56
double_torus_genus2,2,normal_L2,603,65
double_torus_genus2,2,normal_L2,604,63
double_torus_genus2,2,normal_L2,605,73
double_torus_genus2,2,normal_L2,606,55
double_torus_genus2,2,normal_L2,607,72
double_torus_genus2,2,normal_L2,608,74
double_torus_genus2,2,normal_L2,609,76
double_torus_genus2,2,normal_L2,610,56
double_torus_genus2,2,normal_L2,611,65
double_torus_genus2,2,normal_L2,612,73
double_torus_genus2,2,normal_L2,613,64
double_torus_genus2,2,normal_L2,614,64
double_torus_genus2,2,normal_L2,615,85
double_torus_genus2,2,normal_L2,616,81
double_torus_genus2,2,normal_L2,617,68
double_torus_genus2,2,normal_L2,618,80
double_torus_genus2,2,normal_L2,619,91
double_torus_genus2,2,normal_L2,620,94
double_torus_genus2,2,normal_L2,621,96
double_torus_genus2,2,normal_L2,622,80
double_torus_genus2,2,normal_L2,623,76
double_torus_genus2,2,normal_L2,624,79
double_torus_genus2,2,normal_L2,625,73
double_torus_genus2,2,normal_L2,626,78
double_torus_genus2,2,normal_L2,627,87
double_torus_genus2,2,normal_L2,628,70
double_torus_genus2,2,normal_L2,629,79
double_torus_genus2,2,normal_L2,630,78
double_torus_genus2,2,normal_L2,631,78
double_torus_genus2,2,normal_L2,632,61
double_torus_genus2,2,normal_L2,633,76
double_torus_genus2,2,normal_L2,634,71
double_torus_genus2,2,normal_L2,635,75
double_torus_genus2,2,normal_L2,636,71
double_torus_genus2,2,normal_L2,637,85
double_torus_genus2,2,normal_L2,638,86
double_torus_genus2,2,normal_L2,639,79
double_torus_genus2,2,normal_L2,640,76
double_torus_genus2,2,normal_L2,641,73
double_torus_genus2,2,normal_L2,642,63
double_torus_genus2,2,normal_L2,643,83
double_torus_genus2,2,normal_L2,644,63
double_torus_genus2,2,normal_L2,645,74
double_torus_genus2,2,normal_L2,646,72
double_torus_genus2,2,normal_L2,647,99
double_torus_genus2,2,normal_L2,648,67
double_torus_genus2,2,normal_L2,649,66
double_torus_genus2,2,normal_L2,650,66
double_torus_genus2,2,normal_L2,651,77
double_torus_genus2,2,normal_L2,652,73
double_torus_genus2,2,normal_L2,653,68
double_torus_genus2,2,normal_L2,654,109
double_torus_genus2,2,normal_L2,655,72
double_torus_genus2,2,normal_L2,656,69
double_torus_genus2,2,normal_L2,657,88
double_torus_genus2,2,normal_L2,658,65
double_torus_genus2,2,normal_L2,659,64
double_torus_genus2,2,normal_L2,660,70
double_torus_genus2,2,normal_L2,661,84
double_torus_genus2,2,normal_L2,662,87
double_torus_genus2,2,normal_L2,663,69
double_torus_genus2,2,normal_L2,664,73
double_torus_genus2,2,normal_L2,665,59
double_torus_genus2,2,normal_L2,666,64
double_torus_genus2,2,normal_L2,667,76
double_torus_genus2,2,normal_L2,668,72
double_torus_genus2,2,normal_L2,669,82
double_torus_genus2,2,normal_L2,670,77
double_torus_genus2,2,normal_L2,671,75
double_torus_genus2,2,normal_L2,672,78
double_torus_genus2,2,normal_L2,673,66
double_torus_genus2,2,normal_L2,674,66
double_torus_genus2,2,normal_L2,675,70
double_torus_genus2,2,normal_L2,676,71
double_torus_genus2,2,normal_L2,677,77
double_torus_genus2,2,normal_L2,678,67
double_torus_genus2,2,normal_L2,679,70
double_torus_genus2,2,normal_L2,680,76
double_torus_genus2,2,normal_L2,681,88
double_torus_genus2,2,normal_L2,682,81
double_torus_genus2,2,normal_L2,683,77
double_torus_genus2,2,normal_L2,684,75
double_torus_genus2,2,normal_L2,685,79
double_torus_genus2,2,normal_L2,686,86
double_torus_genus2,2,normal_L2,687,90
double_torus_genus2,2,normal_L2,688,75
double_torus_genus2,2,normal_L2,689,82
double_torus_genus2,2,normal_L2,690,65
double_torus_genus2,2,normal_L2,691,63
double_torus_genus2,2,normal_L2,692,71
double_torus_genus2,2,normal_L2,693,63
double_torus_genus2,2,normal_L2,694,64
double_torus_genus2,2,normal_L2,695,61
double_torus_genus2,2,normal_L2,696,85
double_torus_genus2,2,normal_L2,697,73
double_torus_genus2,2,normal_L2,698,71
double_torus_genus2,2,normal_L2,699,81
double_torus_genus2,2,normal_L2,700,71
double_torus_genus2,2,normal_L2,701,79
double_torus_genus2,2,normal_L2,702,68
double_torus_genus2,2,normal_L2,703,56
double_torus_genus2,2,normal_L2,704,64
double_torus_genus2,2,normal_L2,705,86
double_torus_genus2,2,normal_L2,706,66
double_torus_genus2,2,normal_L2,707,83
double_torus_genus2,2,normal_L2,708,66
double_torus_genus2,2,normal_L2,709,70
double_torus_genus2,2,normal_L2,710,57
double_torus_genus2,2,normal_L2,711,76
double_torus_genus2,2,normal_L2,712,70
double_torus_genus2,2,normal_L2,713,67
double_torus_genus2,2,normal_L2,714,72
double_torus_genus2,2,normal_L2,715,77
double_torus_genus2,2,normal_L2,716,70
double_torus_genus2,2,normal_L2,717,79
double_torus_genus2,2,normal_L2,718,74
double_torus_genus2,2,normal_L2,719,89
double_torus_genus2,2,normal_L2,720,81
double_torus_genus2,2,normal_L2,721,68
double_torus_genus2,2,normal_L2,722,60
double_torus_genus2,2,normal_L2,723,65
double_torus_genus2,2,normal_L2,724,54
double_torus_genus2,2,normal_L2,725,72
double_torus_genus2,2,normal_L2,726,68
double_torus_genus2,2,normal_L2,727,54
double_torus_genus2,2,normal_L2,728,92
double_torus_genus2,2,normal_L2,729,83
double_torus_genus2,2,normal_L2,730,68
double_torus_genus2,2,normal_L2,731,63
double_torus_genus2,2,normal_L2,732,92
double_torus_genus2,2,normal_L2,733,61
double_torus_genus2,2,normal_L2,734,67
double_torus_genus2,2,normal_L2,735,86
double_torus_genus2,2,normal_L2,736,70
double_torus_genus2,2,normal_L2,737,70
double_torus_genus2,2,normal_L2,738,65
double_torus_genus2,2,normal_L2,739,80
double_torus_genus2,2,normal_L2,740,85
double_torus_genus2,2,normal_L2,741,58
double_torus_genus2,2,normal_L2,742,59
double_torus_genus2,2,normal_L2,743,69
double_torus_genus2,2,normal_L2,744,82
double_torus_genus2,2,normal_L2,745,75
double_torus_genus2,2,normal_L2,746,83
double_torus_genus2,2,normal_L2,747,62
double_torus_genus2,2,normal_L2,748,57
double_torus_genus2,2,normal_L2,749,69
double_torus_genus2,2,normal_L2,750,67
double_torus_genus2,2,normal_L2,751,68
double_torus_genus2,2,normal_L2,752,75
double_torus_genus2,2,normal_L2,753,72
double_torus_genus2,2,normal_L2,754,66
double_torus_genus2,2,normal_L2,755,87
double_torus_genus2,2,normal_L2,756,78
double_torus_genus2,2,normal_L2,757,78
double_torus_genus2,2,normal_L2,758,68
double_torus_genus2,2,normal_L2,759,73
double_torus_genus2,2,normal_L2,760,56
double_torus_genus2,2,normal_L2,761,48
double_torus_genus2,2,normal_L2,762,88
double_torus_genus2,2,normal_L2,763,66
double_torus_genus2,2,normal_L2,764,75
double_torus_genus2,2,normal_L2,765,59
double_torus_genus2,2,normal_L2,766,80
double_torus_genus2,2,normal_L2,767,57
double_torus_genus2,2,normal_L2,768,71
double_torus_genus2,2,normal_L2,769,73
double_torus_genus2,2,normal_L2,770,83
double_torus_genus2,2,normal_L2,771,74
double_torus_genus2,2,normal_L2,772,62
double_torus_genus2,2,normal_L2,773,66
double_torus_genus2,2,normal_L2,774,77
double_torus_genus2,2,normal_L2,775,70
double_torus_genus2,2,normal_L2,776,64
double_torus_genus2,2,normal_L2,777,65
double_torus_genus2,2,normal_L2,778,80
double_torus_genus2,2,normal_L2,779,47
double_torus_genus2,2,normal_L2,780,51
double_torus_genus2,2,normal_L2,781,60
double_torus_genus2,2,normal_L2,782,82
double_torus_genus2,2,normal_L2,783,67
double_torus_genus2,2,normal_L2,784,74
double_torus_genus2,2,normal_L2,785,87
double_torus_genus2,2,normal_L2,786,72
double_torus_genus2,2,normal_L2,787,64
double_torus_genus2,2,normal_L2,788,69
double_torus_genus2,2,normal_L2,789,70
double_torus_genus2,2,normal_L2,790,75
double_torus_genus2,2,normal_L2,791,65
double_torus_genus2,2,normal_L2,792,59
double_torus_genus2,2,normal_L2,793,78
double_torus_genus2,2,normal_L2,794,85
double_torus_genus2,2,normal_L2,795,67
double_torus_genus2,2,normal_L2,796,79
double_torus_genus2,2,normal_L2,797,59
double_torus_genus2,2,normal_L2,798,79
double_torus_genus2,2,normal_L2,799,70
double_torus_genus2,2,normal_L2,800,78
double_torus_genus2,2,normal_L2,801,84
double_torus_genus2,2,normal_L2,802,64
double_torus_genus2,2,normal_L2,803,48
double_torus_genus2,2,normal_L2,804,88
double_torus_genus2,2,normal_L2,805,66
double_torus_genus2,2,normal_L2,806,73
double_torus_genus2,2,normal_L2,807,69
double_torus_genus2,2,normal_L2,808,68
double_torus_genus2,2,normal_L2,809,69
double_torus_genus2,2,normal_L2,810,53
double_torus_genus2,2,normal_L2,811,71
double_torus_genus2,2,normal_L2,812,78
double_torus_genus2,2,normal_L2,813,76
double_torus_genus2,2,normal_L2,814,73
double_torus_genus2,2,normal_L2,815,76
double_torus_genus2,2,normal_L2,816,67
double_torus_genus2,2,normal_L2,817,73
double_torus_genus2,2,normal_L2,818,75
double_torus_genus2,2,normal_L2,819,60
double_torus_genus2,2,normal_L2,820,92
double_torus_genus2,2,normal_L2,821,82
double_torus_genus2,2,normal_L2,822,59
double_torus_genus2,2,normal_L2,823,84
double_torus_genus2,2,normal_L2,824,63
double_torus_genus2,2,normal_L2,825,68
double_torus_genus2,2,normal_L2,826,81
double_torus_genus2,2,normal_L2,827,57
double_torus_genus2,2,normal_L2,828,80
double_torus_genus2,2,normal_L2,829,58
double_torus_genus2,2,normal_L2,830,79
double_torus_genus2,2,normal_L2,831,94
double_torus_genus2,2,normal_L2,832,64
double_torus_genus2,2,normal_L2,833,70
double_torus_genus2,2,normal_L2,834,83
double_torus_genus2,2,normal_L2,835,71
double_torus_genus2,2,normal_L2,836,61
double_torus_genus2,2,normal_L2,837,65
double_torus_genus2,2,normal_L2,838,59
double_torus_genus2,2,normal_L2,839,89
double_torus_genus2,2,normal_L2,840,99
double_torus_genus2,2,normal_L2,841,92
double_torus_genus2,2,normal_L2,842,73
double_torus_genus2,2,normal_L2,843,71
double_torus_genus2,2,normal_L2,844,62
double_torus_genus2,2,normal_L2,845,71
double_torus_genus2,2,normal_L2,846,65
double_torus_genus2,2,normal_L2,847,67
double_torus_genus2,2,normal_L2,848,74
double_torus_genus2,2,normal_L2,849,68
double_torus_genus2,2,normal_L2,850,70
double_torus_genus2,2,normal_L2,851,76
double_torus_genus2,2,normal_L2,852,66
double_torus_genus2,2,normal_L2,853,67
double_torus_genus2,2,normal_L2,854,70
double_torus_genus2,2,normal_L2,855,75
double_torus_genus2,2,normal_L2,856,86
double_torus_genus2,2,normal_L2,857,81
double_torus_genus2,2,normal_L2,858,67
double_torus_genus2,2,normal_L2,859,80
double_torus_genus2,2,normal_L2,860,68
double_torus_genus2,2,normal_L2,861,70
double_torus_genus2,2,normal_L2,862,70
double_torus_genus2,2,normal_L2,863,87
double_torus_genus2,2,normal_L2,864,88
double_torus_genus2,2,normal_L2,865,78
double_torus_genus2,2,normal_L2,866,72
double_torus_genus2,2,normal_L2,867,56
double_torus_genus2,2,normal_L2,868,79
double_torus_genus2,2,normal_L2,869,70
double_torus_genus2,2,normal_L2,870,81
double_torus_genus2,2,normal_L2,871,76
double_torus_genus2,2,normal_L2,872,70
double_torus_genus2,2,normal_L2,873,71
double_torus_genus2,2,normal_L2,874,71
double_torus_genus2,2,normal_L2,875,49
double_torus_genus2,2,normal_L2,876,74
double_torus_genus2,2,normal_L2,877,81
double_torus_genus2,2,normal_L2,878,91
double_torus_genus2,2,normal_L2,879,69
double_torus_genus2,2,normal_L2,880,81
double_torus_genus2,2,normal_L2,881,76
double_torus_genus2,2,normal_L2,882,79
double_torus_genus2,2,normal_L2,883,69
double_torus_genus2,2,normal_L2,884,77
double_torus_genus2,2,normal_L2,885,75
double_torus_genus2,2,normal_L2,886,68
double_torus_genus2,2,normal_L2,887,71
double_torus_genus2,2,normal_L2,888,74
double_torus_genus2,2,normal_L2,889,70
double_torus_genus2,2,normal_L2,890,69
double_torus_genus2,2,normal_L2,891,70
double_torus_genus2,2,normal_L2,892,74
double_torus_genus2,2,normal_L2,893,67
double_torus_genus2,2,normal_L2,894,70
double_torus_genus2,2,normal_L2,895,72
double_torus_genus2,2,normal_L2,896,70
double_torus_genus2,2,normal_L2,897,66
double_torus_genus2,2,normal_L2,898,81
double_torus_genus2,2,normal_L2,899,76
double_torus_genus2,2,normal_L2,900,85
double_torus_genus2,2,normal_L2,901,76
double_torus_genus2,2,normal_L2,902,70
double_torus_genus2,2,normal_L2,903,76
double_torus_genus2,2,normal_L2,904,71
double_torus_genus2,2,normal_L2,905,71
double_torus_genus2,2,normal_L2,906,85
double_torus_genus2,2,normal_L2,907,84
double_torus_genus2,2,normal_L2,908,83
double_torus_genus2,2,normal_L2,909,81
double_torus_genus2,2,normal_L2,910,60
double_torus_genus2,2,normal_L2,911,67
double_torus_genus2,2,normal_L2,912,67
double_torus_genus2,2,normal_L2,913,71
double_torus_genus2,2,normal_L2,914,58
double_torus_genus2,2,normal_L2,915,66
double_torus_genus2,2,normal_L2,916,76
double_torus_genus2,2,normal_L2,917,87
double_torus_genus2,2,normal_L2,918,68
double_torus_genus2,2,normal_L2,919,69
double_torus_genus2,2,normal_L2,920,75
double_torus_genus2,2,normal_L2,921,56
double_torus_genus2,2,normal_L2,922,68
double_torus_genus2,2,normal_L2,923,82
double_torus_genus2,2,normal_L2,924,77
double_torus_genus2,2,normal_L2,925,84
double_torus_genus2,2,normal_L2,926,65
double_torus_genus2,2,normal_L2,927,67
double_torus_genus2,2,normal_L2,928,66
double_torus_genus2,2,normal_L2,929,76
double_torus_genus2,2,normal_L2,930,69
double_torus_genus2,2,normal_L2,931,84
double_torus_genus2,2,normal_L2,932,62
double_torus_genus2,2,normal_L2,933,58
double_torus_genus2,2,normal_L2,934,84
double_torus_genus2,2,normal_L2,935,76
double_torus_genus2,2,normal_L2,936,64
double_torus_genus2,2,normal_L2,937,77
double_torus_genus2,2,normal_L2,938,66
double_torus_genus2,2,normal_L2,939,77
double_torus_genus2,2,normal_L2,940,71
double_torus_genus2,2,normal_L2,941,76
double_torus_genus2,2,normal_L2,942,81
double_torus_genus2,2,normal_L2,943,57
double_torus_genus2,2,normal_L2,944,90
double_torus_genus2,2,normal_L2,945,62
double_torus_genus2,2,normal_L2,946,75
double_torus_genus2,2,normal_L2,947,73
double_torus_genus2,2,normal_L2,948,61
double_torus_genus2,2,normal_L2,949,62
double_torus_genus2,2,normal_L2,950,72
double_torus_genus2,2,normal_L2,951,74
double_torus_genus2,2,normal_L2,952,75
double_torus_genus2,2,normal_L2,953,67
double_torus_genus2,2,normal_L2,954,67
double_torus_genus2,2,normal_L2,955,58
double_torus_genus2,2,normal_L2,956,72
double_torus_genus2,2,normal_L2,957,71
double_torus_genus2,2,normal_L2,958,67
double_torus_genus2,2,normal_L2,959,67
double_torus_genus2,2,normal_L2,960,63
double_torus_genus2,2,normal_L2,961,87
double_torus_genus2,2,normal_L2,962,74
double_torus_genus2,2,normal_L2,963,63
double_torus_genus2,2,normal_L2,964,68
double_torus_genus2,2,normal_L2,965,58
double_torus_genus2,2,normal_L2,966,70
double_torus_genus2,2,normal_L2,967,67
double_torus_genus2,2,normal_L2,968,72
double_torus_genus2,2,normal_L2,969,73
double_torus_genus2,2,normal_L2,970,61
double_torus_genus2,2,normal_L2,971,85
double_torus_genus2,2,normal_L2,972,62
double_torus_genus2,2,normal_L2,973,65
double_torus_genus2,2,normal_L2,974,56
double_torus_genus2,2,normal_L2,975,83
double_torus_genus2,2,normal_L2,976,89
double_torus_genus2,2,normal_L2,977,71
double_torus_genus2,2,normal_L2,978,70
double_torus_genus2,2,normal_L2,979,78
double_torus_genus2,2,normal_L2,980,83
double_torus_genus2,2,normal_L2,981,70
double_torus_genus2,2,normal_L2,982,65
double_torus_genus2,2,normal_L2,983,66
double_torus_genus2,2,normal_L2,984,59
double_torus_genus2,2,normal_L2,985,71
double_torus_genus2,2,normal_L2,986,75
double_torus_genus2,2,normal_L2,987,61
double_torus_genus2,2,normal_L2,988,74
double_torus_genus2,2,normal_L2,989,75
double_torus_genus2,2,normal_L2,990,81
double_torus_genus2,2,normal_L2,991,74
double_torus_genus2,2,normal_L2,992,67
double_torus_genus2,2,normal_L2,993,82
double_torus_genus2,2,normal_L2,994,70
double_torus_genus2,2,normal_L2,995,82
double_torus_genus2,2,normal_L2,996,74
double_torus_genus2,2,normal_L2,997,62
double_torus_genus2,2,normal_L2,998,75
double_torus_genus2,2,normal_L2,999,68
triple_torus_genus3,3,uniform_sphere,0,108
triple_torus_genus3,3,uniform_sphere,1,78
triple_torus_genus3,3,uniform_sphere,2,96
triple_torus_genus3,3,uniform_sphere,3,88
triple_torus_genus3,3,uniform_sphere,4,90
triple_torus_genus3,3,uniform_sphere,5,100
triple_torus_genus3,3,uniform_sphere,6,117
triple_torus_genus3,3,uniform_sphere,7,97
triple_torus_genus3,3,uniform_sphere,8,97
triple_torus_genus3,3,uniform_sphere,9,94
triple_torus_genus3,3,uniform_sphere,10,100
triple_torus_genus3,3,uniform_sphere,11,104
triple_torus_genus3,3,uniform_sphere,12,108
triple_torus_genus3,3,uniform_sphere,13,87
triple_torus_genus3,3,uniform_sphere,14,125
triple_torus_genus3,3,uniform_sphere,15,65
triple_torus_genus3,3,uniform_sphere,16,96
triple_torus_genus3,3,uniform_sphere,17,74
triple_torus_genus3,3,uniform_sphere,18,103
triple_torus_genus3,3,uniform_sphere,19,90
triple_torus_genus3,3,uniform_sphere,20,98
triple_torus_genus3,3,uniform_sphere,21,98
triple_torus_genus3,3,uniform_sphere,22,114
triple_torus_genus3,3,uniform_sphere,23,102
triple_torus_genus3,3,uniform_sphere,24,103
triple_torus_genus3,3,uniform_sphere,25,103
triple_torus_genus3,3,uniform_sphere,26,95
triple_torus_genus3,3,uniform_sphere,27,100
triple_torus_genus3,3,uniform_sphere,28,102
triple_torus_genus3,3,uniform_sphere,29,104
triple_torus_genus3,3,uniform_sphere,30,111
triple_torus_genus3,3,uniform_sphere,31,105
triple_torus_genus3,3,uniform_sphere,32,90
triple_torus_genus3,3,uniform_sphere,33,78
triple_torus_genus3,3,uniform_sphere,34,117
triple_torus_genus3,3,uniform_sphere,35,106
triple_torus_genus3,3,uniform_sphere,36,84
triple_torus_genus3,3,uniform_sphere,37,117
triple_torus_genus3,3,uniform_sphere,38,98
triple_torus_genus3,3,uniform_sphere,39,90
triple_torus_genus3,3,uniform_sphere,40,114
triple_torus_genus3,3,uniform_sphere,41,113
triple_torus_genus3,3,uniform_sphere,42,106
triple_torus_genus3,3,uniform_sphere,43,124
triple_torus_genus3,3,uniform_sphere,44,81
triple_torus_genus3,3,uniform_sphere,45,105
triple_torus_genus3,3,uniform_sphere,46,83
triple_torus_genus3,3,uniform_sphere,47,105
triple_torus_genus3,3,uniform_sphere,48,101
triple_torus_genus3,3,uniform_sphere,49,92
triple_torus_genus3,3,uniform_sphere,50,113
triple_torus_genus3,3,uniform_sphere,51,85
triple_torus_genus3,3,uniform_sphere,52,108
triple_torus_genus3,3,uniform_sphere,53,125
triple_torus_genus3,3,uniform_sphere,54,86
triple_torus_genus3,3,uniform_sphere,55,96
triple_torus_genus3,3,uniform_sphere,56,106
triple_torus_genus3,3,uniform_sphere,57,95
triple_torus_genus3,3,uniform_sphere,58,113
triple_torus_genus3,3,uniform_sphere,59,80
triple_torus_genus3,3,uniform_sphere,60,87
triple_torus_genus3,3,uniform_sphere,61,102
triple_torus_genus3,3,uniform_sphere,62,92
triple_torus_genus3,3,uniform_sphere,63,94
triple_torus_genus3,3,uniform_sphere,64,93
triple_torus_genus3,3,uniform_sphere,65,120
triple_torus_genus3,3,uniform_sphere,66,102
triple_torus_genus3,3,uniform_sphere,67,82
triple_torus_genus3,3,uniform_sphere,68,74
triple_torus_genus3,3,uniform_sphere,69,96
triple_torus_genus3,3,uniform_sphere,70,105
triple_torus_genus3,3,uniform_sphere,71,93
triple_torus_genus3,3,uniform_sphere,72,94
triple_torus_genus3,3,uniform_sphere,73,100
triple_torus_genus3,3,uniform_sphere,74,78
triple_torus_genus3,3,uniform_sphere,75,93
triple_torus_genus3,3,uniform_sphere,76,96
triple_torus_genus3,3,uniform_sphere,77,96
triple_torus_genus3,3,uniform_sphere,78,108
triple_torus_genus3,3,uniform_sphere,79,104
triple_torus_genus3,3,uniform_sphere,80,105
triple_torus_genus3,3,uniform_sphere,81,91
triple_torus_genus3,3,uniform_sphere,82,98
triple_torus_genus3,3,uniform_sphere,83,104
triple_torus_genus3,3,uniform_sphere,84,97
triple_torus_genus3,3,uniform_sphere,85,102
triple_torus_genus3,3,uniform_sphere,86,116
triple_torus_genus3,3,uniform_sphere,87,73
triple_torus_genus3,3,uniform_sphere,88,80
triple_torus_genus3,3,uniform_sphere,89,111
triple_torus_genus3,3,uniform_sphere,90,92
triple_torus_genus3,3,uniform_sphere,91,92
triple_torus_genus3,3,uniform_sphere,92,111
triple_torus_genus3,3,uniform_sphere,93,86
triple_torus_genus3,3,uniform_sphere,94,106
triple_torus_genus3,3,uniform_sphere,95,89
triple_torus_genus3,3,uniform_sphere,96,104
triple_torus_genus3,3,uniform_sphere,97,92
triple_torus_genus3,3,uniform_sphere,98,85
triple_torus_genus3,3,uniform_sphere,99,101
triple_torus_genus3,3,uniform_sphere,100,93
triple_torus_genus3,3,uniform_sphere,101,80
triple_torus_genus3,3,uniform_sphere,102,105
triple_torus_genus3,3,uniform_sphere,103,101
triple_torus_genus3,3,uniform_sphere,104,105
triple_torus_genus3,3,uniform_sphere,105,108
triple_torus_genus3,3,uniform_sphere,106,90
triple_torus_genus3,3,uniform_sphere,107,85
triple_torus_genus3,3,uniform_sphere,108,96
triple_torus_genus3,3,uniform_sphere,109,101
triple_torus_genus3,3,uniform_sphere,110,110
triple_torus_genus3,3,uniform_sphere,111,113
triple_torus_genus3,3,uniform_sphere,112,113
triple_torus_genus3,3,uniform_sphere,113,85
triple_torus_genus3,3,uniform_sphere,114,113
triple_torus_genus3,3,uniform_sphere,115,92
triple_torus_genus3,3,uniform_sphere,116,87
triple_torus_genus3,3,uniform_sphere,117,84
triple_torus_genus3,3,uniform_sphere,118,83
triple_torus_genus3,3,uniform_sphere,119,72
triple_torus_genus3,3,uniform_sphere,120,104
triple_torus_genus3,3,uniform_sphere,121,111
triple_torus_genus3,3,uniform_sphere,122,101
triple_torus_genus3,3,uniform_sphere,123,116
triple_torus_genus3,3,uniform_sphere,124,107
triple_torus_genus3,3,uniform_sphere,125,109
triple_torus_genus3,3,uniform_sphere,126,103
triple_torus_genus3,3,uniform_sphere,127,115
triple_torus_genus3,3,uniform_sphere,128,93
triple_torus_genus3,3,uniform_sphere,129,96
triple_torus_genus3,3,uniform_sphere,130,97
triple_torus_genus3,3,uniform_sphere,131,107
triple_torus_genus3,3,uniform_sphere,132,94
triple_torus_genus3,3,uniform_sphere,133,77
triple_torus_genus3,3,uniform_sphere,134,92
triple_torus_genus3,3,uniform_sphere,135,99
triple_torus_genus3,3,uniform_sphere,136,91
triple_torus_genus3,3,uniform_sphere,137,98
triple_torus_genus3,3,uniform_sphere,138,103
triple_torus_genus3,3,uniform_sphere,139,85
triple_torus_genus3,3,uniform_sphere,140,97
triple_torus_genus3,3,uniform_sphere,141,96
triple_torus_genus3,3,uniform_sphere,142,118
triple_torus_genus3,3,uniform_sphere,143,104
triple_torus_genus3,3,uniform_sphere,144,90
triple_torus_genus3,3,uniform_sphere,145,100
triple_torus_genus3,3,uniform_sphere,146,100
triple_torus_genus3,3,uniform_sphere,147,98
triple_torus_genus3,3,uniform_sphere,148,95
triple_torus_genus3,3,uniform_sphere,149,94
triple_torus_genus3,3,uniform_sphere,150,93
triple_torus_genus3,3,uniform_sphere,151,88
triple_torus_genus3,3,uniform_sphere,152,90
triple_torus_genus3,3,uniform_sphere,153,89
triple_torus_genus3,3,uniform_sphere,154,98
triple_torus_genus3,3,uniform_sphere,155,80
triple_torus_genus3,3,uniform_sphere,156,97
triple_torus_genus3,3,uniform_sphere,157,105
triple_torus_genus3,3,uniform_sphere,158,110
triple_torus_genus3,3,uniform_sphere,159,97
triple_torus_genus3,3,uniform_sphere,160,85
triple_torus_genus3,3,uniform_sphere,161,118
triple_torus_genus3,3,uniform_sphere,162,99
triple_torus_genus3,3,uniform_sphere,163,84
triple_torus_genus3,3,uniform_sphere,164,103
triple_torus_genus3,3,uniform_sphere,165,90
triple_torus_genus3,3,uniform_sphere,166,111
triple_torus_genus3,3,uniform_sphere,167,107
triple_torus_genus3,3,uniform_sphere,168,116
triple_torus_genus3,3,uniform_sphere,169,82
triple_torus_genus3,3,uniform_sphere,170,95
triple_torus_genus3,3,uniform_sphere,171,83
triple_torus_genus3,3,uniform_sphere,172,107
triple_torus_genus3,3,uniform_sphere,173,99
triple_torus_genus3,3,uniform_sphere,174,109
triple_torus_genus3,3,uniform_sphere,175,101
triple_torus_genus3,3,uniform_sphere,176,90
triple_torus_genus3,3,uniform_sphere,177,106
triple_torus_genus3,3,uniform_sphere,178,93
triple_torus_genus3,3,uniform_sphere,179,91
triple_torus_genus3,3,uniform_sphere,180,104
triple_torus_genus3,3,uniform_sphere,181,104
triple_torus_genus3,3,uniform_sphere,182,132
triple_torus_genus3,3,uniform_sphere,183,110
triple_torus_genus3,3,uniform_sphere,184,95
triple_torus_genus3,3,uniform_sphere,185,80
triple_torus_genus3,3,uniform_sphere,186,91
triple_torus_genus3,3,uniform_sphere,187,91
triple_torus_genus3,3,uniform_sphere,188,96
triple_torus_genus3,3,uniform_sphere,189,92
triple_torus_genus3,3,uniform_sphere,190,118
triple_torus_genus3,3,uniform_sphere,191,108
triple_torus_genus3,3,uniform_sphere,192,106
triple_torus_genus3,3,uniform_sphere,193,105
triple_torus_genus3,3,uniform_sphere,194,97
triple_torus_genus3,3,uniform_sphere,195,74
triple_torus_genus3,3,uniform_sphere,196,95
triple_torus_genus3,3,uniform_sphere,197,93
triple_torus_genus3,3,uniform_sphere,198,94
triple_torus_genus3,3,uniform_sphere,199,117
triple_torus_genus3,3,uniform_sphere,200,103
triple_torus_genus3,3,uniform_sphere,201,89
triple_torus_genus3,3,uniform_sphere,202,91
triple_torus_genus3,3,uniform_sphere,203,77
triple_torus_genus3,3,uniform_sphere,204,87
triple_torus_genus3,3,uniform_sphere,205,97
triple_torus_genus3,3,uniform_sphere,206,111
triple_torus_genus3,3,uniform_sphere,207,106
triple_torus_genus3,3,uniform_sphere,208,94
triple_torus_genus3,3,uniform_sphere,209,96
triple_torus_genus3,3,uniform_sphere,210,90
triple_torus_genus3,3,uniform_sphere,211,98
triple_torus_genus3,3,uniform_sphere,212,97
triple_torus_genus3,3,uniform_sphere,213,92
triple_torus_genus3,3,uniform_sphere,214,117
triple_torus_genus3,3,uniform_sphere,215,98
triple_torus_genus3,3,uniform_sphere,216,77
triple_torus_genus3,3,uniform_sphere,217,85
triple_torus_genus3,3,uniform_sphere,218,102
triple_torus_genus3,3,uniform_sphere,219,101
triple_torus_genus3,3,uniform_sphere,220,89
triple_torus_genus3,3,uniform_sphere,221,107
triple_torus_genus3,3,uniform_sphere,222,99
triple_torus_genus3,3,uniform_sphere,223,100
triple_torus_genus3,3,uniform_sphere,224,102
triple_torus_genus3,3,uniform_sphere,225,107
triple_torus_genus3,3,uniform_sphere,226,101
triple_torus_genus3,3,uniform_sphere,227,114
triple_torus_genus3,3,uniform_sphere,228,111
triple_torus_genus3,3,uniform_sphere,229,86
triple_torus_genus3,3,uniform_sphere,230,86
triple_torus_genus3,3,uniform_sphere,231,88
triple_torus_genus3,3,uniform_sphere,232,70
triple_torus_genus3,3,uniform_sphere,233,83
triple_torus_genus3,3,uniform_sphere,234,86
triple_torus_genus3,3,uniform_sphere,235,98
triple_torus_genus3,3,uniform_sphere,236,105
triple_torus_genus3,3,uniform_sphere,237,90
triple_torus_genus3,3,uniform_sphere,238,88
triple_torus_genus3,3,uniform_sphere,239,108
triple_torus_genus3,3,uniform_sphere,240,87
triple_torus_genus3,3,uniform_sphere,241,93
triple_torus_genus3,3,uniform_sphere,242,92
triple_torus_genus3,3,uniform_sphere,243,91
triple_torus_genus3,3,uniform_sphere,244,106
triple_torus_genus3,3,uniform_sphere,245,92
triple_torus_genus3,3,uniform_sphere,246,101
triple_torus_genus3,3,uniform_sphere,247,101
triple_torus_genus3,3,uniform_sphere,248,108
triple_torus_genus3,3,uniform_sphere,249,83
triple_torus_genus3,3,uniform_sphere,250,100
triple_torus_genus3,3,uniform_sphere,251,93
triple_torus_genus3,3,uniform_sphere,252,101
triple_torus_genus3,3,uniform_sphere,253,101
triple_torus_genus3,3,uniform_sphere,254,90
triple_torus_genus3,3,uniform_sphere,255,83
triple_torus_genus3,3,uniform_sphere,256,95
triple_torus_genus3,3,uniform_sphere,257,98
triple_torus_genus3,3,uniform_sphere,258,96
triple_torus_genus3,3,uniform_sphere,259,108
triple_torus_genus3,3,uniform_sphere,260,112
triple_torus_genus3,3,uniform_sphere,261,96
triple_torus_genus3,3,uniform_sphere,262,102
triple_torus_genus3,3,uniform_sphere,263,91
triple_torus_genus3,3,uniform_sphere,264,85
triple_torus_genus3,3,uniform_sphere,265,99
triple_torus_genus3,3,uniform_sphere,266,100
triple_torus_genus3,3,uniform_sphere,267,100
triple_torus_genus3,3,uniform_sphere,268,113
triple_torus_genus3,3,uniform_sphere,269,106
triple_torus_genus3,3,uniform_sphere,270,106
triple_torus_genus3,3,uniform_sphere,271,100
triple_torus_genus3,3,uniform_sphere,272,93
triple_torus_genus3,3,uniform_sphere,273,101
triple_torus_genus3,3,uniform_sphere,274,106
triple_torus_genus3,3,uniform_sphere,275,91
triple_torus_genus3,3,uniform_sphere,276,95
triple_torus_genus3,3,uniform_sphere,277,86
triple_torus_genus3,3,uniform_sphere,278,112
triple_torus_genus3,3,uniform_sphere,279,98
triple_torus_genus3,3,uniform_sphere,280,97
triple_torus_genus3,3,uniform_sphere,281,113
triple_torus_genus3,3,uniform_sphere,282,87
triple_torus_genus3,3,uniform_sphere,283,108
triple_torus_genus3,3,uniform_sphere,284,97
triple_torus_genus3,3,uniform_sphere,285,96
triple_torus_genus3,3,uniform_sphere,286,82
triple_torus_genus3,3,uniform_sphere,287,101
triple_torus_genus3,3,uniform_sphere,288,89
triple_torus_genus3,3,uniform_sphere,289,93
triple_torus_genus3,3,uniform_sphere,290,111
triple_torus_genus3,3,uniform_sphere,291,84
triple_torus_genus3,3,uniform_sphere,292,120
triple_torus_genus3,3,uniform_sphere,293,112
triple_torus_genus3,3,uniform_sphere,294,113
triple_torus_genus3,3,uniform_sphere,295,98
triple_torus_genus3,3,uniform_sphere,296,128
triple_torus_genus3,3,uniform_sphere,297,85
triple_torus_genus3,3,uniform_sphere,298,88
triple_torus_genus3,3,uniform_sphere,299,92
triple_torus_genus3,3,uniform_sphere,300,80
triple_torus_genus3,3,uniform_sphere,301,88
triple_torus_genus3,3,uniform_sphere,302,95
triple_torus_genus3,3,uniform_sphere,303,120
triple_torus_genus3,3,uniform_sphere,304,104
triple_torus_genus3,3,uniform_sphere,305,101
triple_torus_genus3,3,uniform_sphere,306,107
triple_torus_genus3,3,uniform_sphere,307,124
triple_torus_genus3,3,uniform_sphere,308,111
triple_torus_genus3,3,uniform_sphere,309,105
triple_torus_genus3,3,uniform_sphere,310,87
triple_torus_genus3,3,uniform_sphere,311,96
triple_torus_genus3,3,uniform_sphere,312,87
triple_torus_genus3,3,uniform_sphere,313,94
triple_torus_genus3,3,uniform_sphere,314,104
triple_torus_genus3,3,uniform_sphere,315,81
triple_torus_genus3,3,uniform_sphere,316,98
triple_torus_genus3,3,uniform_sphere,317,97
triple_torus_genus3,3,uniform_sphere,318,123
triple_torus_genus3,3,uniform_sphere,319,97
triple_torus_genus3,3,uniform_sphere,320,102
triple_torus_genus3,3,uniform_sphere,321,73
triple_torus_genus3,3,uniform_sphere,322,103
triple_torus_genus3,3,uniform_sphere,323,103
triple_torus_genus3,3,uniform_sphere,324,104
triple_torus_genus3,3,uniform_sphere,325,98
triple_torus_genus3,3,uniform_sphere,326,87
triple_torus_genus3,3,uniform_sphere,327,118
triple_torus_genus3,3,uniform_sphere,328,97
triple_torus_genus3,3,uniform_sphere,329,116
triple_torus_genus3,3,uniform_sphere,330,101
triple_torus_genus3,3,uniform_sphere,331,95
triple_torus_genus3,3,uniform_sphere,332,81
triple_torus_genus3,3,uniform_sphere,333,101
triple_torus_genus3,3,uniform_sphere,334,112
triple_torus_genus3,3,uniform_sphere,335,102
triple_torus_genus3,3,uniform_sphere,336,103
triple_torus_genus3,3,uniform_sphere,337,98
triple_torus_genus3,3,uniform_sphere,338,102
triple_torus_genus3,3,uniform_sphere,339,90
triple_torus_genus3,3,uniform_sphere,340,102
triple_torus_genus3,3,uniform_sphere,341,97
triple_torus_genus3,3,uniform_sphere,342,102
triple_torus_genus3,3,uniform_sphere,343,116
triple_torus_genus3,3,uniform_sphere,344,126
triple_torus_genus3,3,uniform_sphere,345,92
triple_torus_genus3,3,uniform_sphere,346,101
triple_torus_genus3,3,uniform_sphere,347,93
triple_torus_genus3,3,uniform_sphere,348,98
triple_torus_genus3,3,uniform_sphere,349,87
triple_torus_genus3,3,uniform_sphere,350,103
triple_torus_genus3,3,uniform_sphere,351,82
triple_torus_genus3,3,uniform_sphere,352,103
triple_torus_genus3,3,uniform_sphere,353,94
triple_torus_genus3,3,uniform_sphere,354,105
triple_torus_genus3,3,uniform_sphere,355,96
triple_torus_genus3,3,uniform_sphere,356,90
triple_torus_genus3,3,uniform_sphere,357,107
triple_torus_genus3,3,uniform_sphere,358,94
triple_torus_genus3,3,uniform_sphere,359,68
triple_torus_genus3,3,uniform_sphere,360,98
triple_torus_genus3,3,uniform_sphere,361,109
triple_torus_genus3,3,uniform_sphere,362,86
triple_torus_genus3,3,uniform_sphere,363,102
triple_torus_genus3,3,uniform_sphere,364,84
triple_torus_genus3,3,uniform_sphere,365,104
triple_torus_genus3,3,uniform_sphere,366,97
triple_torus_genus3,3,uniform_sphere,367,107
triple_torus_genus3,3,uniform_sphere,368,103
triple_torus_genus3,3,uniform_sphere,369,123
triple_torus_genus3,3,uniform_sphere,370,103
triple_torus_genus3,3,uniform_sphere,371,97
triple_torus_genus3,3,uniform_sphere,372,96
triple_torus_genus3,3,uniform_sphere,373,110
triple_torus_genus3,3,uniform_sphere,374,93
triple_torus_genus3,3,uniform_sphere,375,110
triple_torus_genus3,3,uniform_sphere,376,112
triple_torus_genus3,3,uniform_sphere,377,103
triple_torus_genus3,3,uniform_sphere,378,93
triple_torus_genus3,3,uniform_sphere,379,94
triple_torus_genus3,3,uniform_sphere,380,71
triple_torus_genus3,3,uniform_sphere,381,85
triple_torus_genus3,3,uniform_sphere,382,102
triple_torus_genus3,3,uniform_sphere,383,95
triple_torus_genus3,3,uniform_sphere,384,99
triple_torus_genus3,3,uniform_sphere,385,85
triple_torus_genus3,3,uniform_sphere,386,66
triple_torus_genus3,3,uniform_sphere,387,107
triple_torus_genus3,3,uniform_sphere,388,96
triple_torus_genus3,3,uniform_sphere,389,110
triple_torus_genus3,3,uniform_sphere,390,86
triple_torus_genus3,3,uniform_sphere,391,97
triple_torus_genus3,3,uniform_sphere,392,83
triple_torus_genus3,3,uniform_sphere,393,111
triple_torus_genus3,3,uniform_sphere,394,86
triple_torus_genus3,3,uniform_sphere,395,98
triple_torus_genus3,3,uniform_sphere,396,120
triple_torus_genus3,3,uniform_sphere,397,94
triple_torus_genus3,3,uniform_sphere,398,106
triple_torus_genus3,3,uniform_sphere,399,86
triple_torus_genus3,3,uniform_sphere,400,103
triple_torus_genus3,3,uniform_sphere,401,79
triple_torus_genus3,3,uniform_sphere,402,100
triple_torus_genus3,3,uniform_sphere,403,95
triple_torus_genus3,3,uniform_sphere,404,88
triple_torus_genus3,3,uniform_sphere,405,103
triple_torus_genus3,3,uniform_sphere,406,99
triple_torus_genus3,3,uniform_sphere,407,80
triple_torus_genus3,3,uniform_sphere,408,110
triple_torus_genus3,3,uniform_sphere,409,107
triple_torus_genus3,3,uniform_sphere,410,97
triple_torus_genus3,3,uniform_sphere,411,87
triple_torus_genus3,3,uniform_sphere,412,87
triple_torus_genus3,3,uniform_sphere,413,104
triple_torus_genus3,3,uniform_sphere,414,91
triple_torus_genus3,3,uniform_sphere,415,116
triple_torus_genus3,3,uniform_sphere,416,84
triple_torus_genus3,3,uniform_sphere,417,98
triple_torus_genus3,3,uniform_sphere,418,97
triple_torus_genus3,3,uniform_sphere,419,93
triple_torus_genus3,3,uniform_sphere,420,85
triple_torus_genus3,3,uniform_sphere,421,103
triple_torus_genus3,3,uniform_sphere,422,89
triple_torus_genus3,3,uniform_sphere,423,95
triple_torus_genus3,3,uniform_sphere,424,87
triple_torus_genus3,3,uniform_sphere,425,101
triple_torus_genus3,3,uniform_sphere,426,102
triple_torus_genus3,3,uniform_sphere,427,98
triple_torus_genus3,3,uniform_sphere,428,108
triple_torus_genus3,3,uniform_sphere,429,90
triple_torus_genus3,3,uniform_sphere,430,82
triple_torus_genus3,3,uniform_sphere,431,111
triple_torus_genus3,3,uniform_sphere,432,82
triple_torus_genus3,3,uniform_sphere,433,101
triple_torus_genus3,3,uniform_sphere,434,95
triple_torus_genus3,3,uniform_sphere,435,77
triple_torus_genus3,3,uniform_sphere,436,79
triple_torus_genus3,3,uniform_sphere,437,101
triple_torus_genus3,3,uniform_sphere,438,99
triple_torus_genus3,3,uniform_sphere,439,105
triple_torus_genus3,3,uniform_sphere,440,102
triple_torus_genus3,3,uniform_sphere,441,100
triple_torus_genus3,3,uniform_sphere,442,96
triple_torus_genus3,3,uniform_sphere,443,84
triple_torus_genus3,3,uniform_sphere,444,106
triple_torus_genus3,3,uniform_sphere,445,92
triple_torus_genus3,3,uniform_sphere,446,95
triple_torus_genus3,3,uniform_sphere,447,125
triple_torus_genus3,3,uniform_sphere,448,99
triple_torus_genus3,3,uniform_sphere,449,111
triple_torus_genus3,3,uniform_sphere,450,93
triple_torus_genus3,3,uniform_sphere,451,112
triple_torus_genus3,3,uniform_sphere,452,116
triple_torus_genus3,3,uniform_sphere,453,90
triple_torus_genus3,3,uniform_sphere,454,101
triple_torus_genus3,3,uniform_sphere,455,102
triple_torus_genus3,3,uniform_sphere,456,90
triple_torus_genus3,3,uniform_sphere,457,93
triple_torus_genus3,3,uniform_sphere,458,87
triple_torus_genus3,3,uniform_sphere,459,104
triple_torus_genus3,3,uniform_sphere,460,95
triple_torus_genus3,3,uniform_sphere,461,103
triple_torus_genus3,3,uniform_sphere,462,109
triple_torus_genus3,3,uniform_sphere,463,93
triple_torus_genus3,3,uniform_sphere,464,93
triple_torus_genus3,3,uniform_sphere,465,93
triple_torus_genus3,3,uniform_sphere,466,108
triple_torus_genus3,3,uniform_sphere,467,99
triple_torus_genus3,3,uniform_sphere,468,78
triple_torus_genus3,3,uniform_sphere,469,98
triple_torus_genus3,3,uniform_sphere,470,105
triple_torus_genus3,3,uniform_sphere,471,109
triple_torus_genus3,3,uniform_sphere,472,87
triple_torus_genus3,3,uniform_sphere,473,87
triple_torus_genus3,3,uniform_sphere,474,88
triple_torus_genus3,3,uniform_sphere,475,103
triple_torus_genus3,3,uniform_sphere,476,99
triple_torus_genus3,3,uniform_sphere,477,90
triple_torus_genus3,3,uniform_sphere,478,88
triple_torus_genus3,3,uniform_sphere,479,79
triple_torus_genus3,3,uniform_sphere,480,101
triple_torus_genus3,3,uniform_sphere,481,100
triple_torus_genus3,3,uniform_sphere,482,84
triple_torus_genus3,3,uniform_sphere,483,104
triple_torus_genus3,3,uniform_sphere,484,83
triple_torus_genus3,3,uniform_sphere,485,93
triple_torus_genus3,3,uniform_sphere,486,102
triple_torus_genus3,3,uniform_sphere,487,103
triple_torus_genus3,3,uniform_sphere,488,116
triple_torus_genus3,3,uniform_sphere,489,93
triple_torus_genus3,3,uniform_sphere,490,72
triple_torus_genus3,3,uniform_sphere,491,97
triple_torus_genus3,3,uniform_sphere,492,90
triple_torus_genus3,3,uniform_sphere,493,74
triple_torus_genus3,3,uniform_sphere,494,99
triple_torus_genus3,3,uniform_sphere,495,83
triple_torus_genus3,3,uniform_sphere,496,91
triple_torus_genus3,3,uniform_sphere,497,109
triple_torus_genus3,3,uniform_sphere,498,105
triple_torus_genus3,3,uniform_sphere,499,75
triple_torus_genus3,3,uniform_sphere,500,104
triple_torus_genus3,3,uniform_sphere,501,91
triple_torus_genus3,3,uniform_sphere,502,104
triple_torus_genus3,3,uniform_sphere,503,107
triple_torus_genus3,3,uniform_sphere,504,96
triple_torus_genus3,3,uniform_sphere,505,103
triple_torus_genus3,3,uniform_sphere,506,98
triple_torus_genus3,3,uniform_sphere,507,111
triple_torus_genus3,3,uniform_sphere,508,98
triple_torus_genus3,3,uniform_sphere,509,107
triple_torus_genus3,3,uniform_sphere,510,84
triple_torus_genus3,3,uniform_sphere,511,94
triple_torus_genus3,3,uniform_sphere,512,94
triple_torus_genus3,3,uniform_sphere,513,105
triple_torus_genus3,3,uniform_sphere,514,91
triple_torus_genus3,3,uniform_sphere,515,103
triple_torus_genus3,3,uniform_sphere,516,93
triple_torus_genus3,3,uniform_sphere,517,107
triple_torus_genus3,3,uniform_sphere,518,87
triple_torus_genus3,3,uniform_sphere,519,111
triple_torus_genus3,3,uniform_sphere,520,103
triple_torus_genus3,3,uniform_sphere,521,83
triple_torus_genus3,3,uniform_sphere,522,98
triple_torus_genus3,3,uniform_sphere,523,76
triple_torus_genus3,3,uniform_sphere,524,124
triple_torus_genus3,3,uniform_sphere,525,99
triple_torus_genus3,3,uniform_sphere,526,122
triple_torus_genus3,3,uniform_sphere,527,115
triple_torus_genus3,3,uniform_sphere,528,81
triple_torus_genus3,3,uniform_sphere,529,112
triple_torus_genus3,3,uniform_sphere,530,81
triple_torus_genus3,3,uniform_sphere,531,86
triple_torus_genus3,3,uniform_sphere,532,110
triple_torus_genus3,3,uniform_sphere,533,95
triple_torus_genus3,3,uniform_sphere,534,97
triple_torus_genus3,3,uniform_sphere,535,89
triple_torus_genus3,3,uniform_sphere,536,72
triple_torus_genus3,3,uniform_sphere,537,99
triple_torus_genus3,3,uniform_sphere,538,105
triple_torus_genus3,3,uniform_sphere,539,114
triple_torus_genus3,3,uniform_sphere,540,100
triple_torus_genus3,3,uniform_sphere,541,100
triple_torus_genus3,3,uniform_sphere,542,118
triple_torus_genus3,3,uniform_sphere,543,96
triple_torus_genus3,3,uniform_sphere,544,100
triple_torus_genus3,3,uniform_sphere,545,93
triple_torus_genus3,3,uniform_sphere,546,103
triple_torus_genus3,3,uniform_sphere,547,82
triple_torus_genus3,3,uniform_sphere,548,121
triple_torus_genus3,3,uniform_sphere,549,103
triple_torus_genus3,3,uniform_sphere,550,87
triple_torus_genus3,3,uniform_sphere,551,95
triple_torus_genus3,3,uniform_sphere,552,87
triple_torus_genus3,3,uniform_sphere,553,91
triple_torus_genus3,3,uniform_sphere,554,63
triple_torus_genus3,3,uniform_sphere,555,109
triple_torus_genus3,3,uniform_sphere,556,90
triple_torus_genus3,3,uniform_sphere,557,86
triple_torus_genus3,3,uniform_sphere,558,106
triple_torus_genus3,3,uniform_sphere,559,96
triple_torus_genus3,3,uniform_sphere,560,95
triple_torus_genus3,3,uniform_sphere,561,84
triple_torus_genus3,3,uniform_sphere,562,102
triple_torus_genus3,3,uniform_sphere,563,98
triple_torus_genus3,3,uniform_sphere,564,80
triple_torus_genus3,3,uniform_sphere,565,93
triple_torus_genus3,3,uniform_sphere,566,117
triple_torus_genus3,3,uniform_sphere,567,88
triple_torus_genus3,3,uniform_sphere,568,109
triple_torus_genus3,3,uniform_sphere,569,113
triple_torus_genus3,3,uniform_sphere,570,103
triple_torus_genus3,3,uniform_sphere,571,99
triple_torus_genus3,3,uniform_sphere,572,106
triple_torus_genus3,3,uniform_sphere,573,80
triple_torus_genus3,3,uniform_sphere,574,113
triple_torus_genus3,3,uniform_sphere,575,100
triple_torus_genus3,3,uniform_sphere,576,109
triple_torus_genus3,3,uniform_sphere,577,112
triple_torus_genus3,3,uniform_sphere,578,91
triple_torus_genus3,3,uniform_sphere,579,91
triple_torus_genus3,3,uniform_sphere,580,99
triple_torus_genus3,3,uniform_sphere,581,97
triple_torus_genus3,3,uniform_sphere,582,95
triple_torus_genus3,3,uniform_sphere,583,91
triple_torus_genus3,3,uniform_sphere,584,89
triple_torus_genus3,3,uniform_sphere,585,108
triple_torus_genus3,3,uniform_sphere,586,84
triple_torus_genus3,3,uniform_sphere,587,104
triple_torus_genus3,3,uniform_sphere,588,82
triple_torus_genus3,3,uniform_sphere,589,101
triple_torus_genus3,3,uniform_sphere,590,98
triple_torus_genus3,3,uniform_sphere,591,102
triple_torus_genus3,3,uniform_sphere,592,120
triple_torus_genus3,3,uniform_sphere,593,93
triple_torus_genus3,3,uniform_sphere,594,94
triple_torus_genus3,3,uniform_sphere,595,72
triple_torus_genus3,3,uniform_sphere,596,91
triple_torus_genus3,3,uniform_sphere,597,94
triple_torus_genus3,3,uniform_sphere,598,105
triple_torus_genus3,3,uniform_sphere,599,111
triple_torus_genus3,3,uniform_sphere,600,99
triple_torus_genus3,3,uniform_sphere,601,116
triple_torus_genus3,3,uniform_sphere,602,100
triple_torus_genus3,3,uniform_sphere,603,108
triple_torus_genus3,3,uniform_sphere,604,86
triple_torus_genus3,3,uniform_sphere,605,93
triple_torus_genus3,3,uniform_sphere,606,92
triple_torus_genus3,3,uniform_sphere,607,100
triple_torus_genus3,3,uniform_sphere,608,97
triple_torus_genus3,3,uniform_sphere,609,98
triple_torus_genus3,3,uniform_sphere,610,116
triple_torus_genus3,3,uniform_sphere,611,111
triple_torus_genus3,3,uniform_sphere,612,102
triple_torus_genus3,3,uniform_sphere,613,101
triple_torus_genus3,3,uniform_sphere,614,94
triple_torus_genus3,3,uniform_sphere,615,103
triple_torus_genus3,3,uniform_sphere,616,121
triple_torus_genus3,3,uniform_sphere,617,96
triple_torus_genus3,3,uniform_sphere,618,101
triple_torus_genus3,3,uniform_sphere,619,98
triple_torus_genus3,3,uniform_sphere,620,89
triple_torus_genus3,3,uniform_sphere,621,94
triple_torus_genus3,3,uniform_sphere,622,99
triple_torus_genus3,3,uniform_sphere,623,98
triple_torus_genus3,3,uniform_sphere,624,78
triple_torus_genus3,3,uniform_sphere,625,95
triple_torus_genus3,3,uniform_sphere,626,102
triple_torus_genus3,3,uniform_sphere,627,95
triple_torus_genus3,3,uniform_sphere,628,104
triple_torus_genus3,3,uniform_sphere,629,86
triple_torus_genus3,3,uniform_sphere,630,120
triple_torus_genus3,3,uniform_sphere,631,108
triple_torus_genus3,3,uniform_sphere,632,99
triple_torus_genus3,3,uniform_sphere,633,102
triple_torus_genus3,3,uniform_sphere,634,72
triple_torus_genus3,3,uniform_sphere,635,95
triple_torus_genus3,3,uniform_sphere,636,107
triple_torus_genus3,3,uniform_sphere,637,109
triple_torus_genus3,3,uniform_sphere,638,78
triple_torus_genus3,3,uniform_sphere,639,112
triple_torus_genus3,3,uniform_sphere,640,121
triple_torus_genus3,3,uniform_sphere,641,71
triple_torus_genus3,3,uniform_sphere,642,106
triple_torus_genus3,3,uniform_sphere,643,87
triple_torus_genus3,3,uniform_sphere,644,87
triple_torus_genus3,3,uniform_sphere,645,101
triple_torus_genus3,3,uniform_sphere,646,92
triple_torus_genus3,3,uniform_sphere,647,107
triple_torus_genus3,3,uniform_sphere,648,87
triple_torus_genus3,3,uniform_sphere,649,97
triple_torus_genus3,3,uniform_sphere,650,99
triple_torus_genus3,3,uniform_sphere,651,97
triple_torus_genus3,3,uniform_sphere,652,110
triple_torus_genus3,3,uniform_sphere,653,104
triple_torus_genus3,3,uniform_sphere,654,95
triple_torus_genus3,3,uniform_sphere,655,88
triple_torus_genus3,3,uniform_sphere,656,93
triple_torus_genus3,3,uniform_sphere,657,101
triple_torus_genus3,3,uniform_sphere,658,108
triple_torus_genus3,3,uniform_sphere,659,112
triple_torus_genus3,3,uniform_sphere,660,101
triple_torus_genus3,3,uniform_sphere,661,107
triple_torus_genus3,3,uniform_sphere,662,105
triple_torus_genus3,3,uniform_sphere,663,104
triple_torus_genus3,3,uniform_sphere,664,84
triple_torus_genus3,3,uniform_sphere,665,96
triple_torus_genus3,3,uniform_sphere,666,97
triple_torus_genus3,3,uniform_sphere,667,86
triple_torus_genus3,3,uniform_sphere,668,99
triple_torus_genus3,3,uniform_sphere,669,106
triple_torus_genus3,3,uniform_sphere,670,96
triple_torus_genus3,3,uniform_sphere,671,96
triple_torus_genus3,3,uniform_sphere,672,91
triple_torus_genus3,3,uniform_sphere,673,94
triple_torus_genus3,3,uniform_sphere,674,103
triple_torus_genus3,3,uniform_sphere,675,100
triple_torus_genus3,3,uniform_sphere,676,78
triple_torus_genus3,3,uniform_sphere,677,105
triple_torus_genus3,3,uniform_sphere,678,116
triple_torus_genus3,3,uniform_sphere,679,105
triple_torus_genus3,3,uniform_sphere,680,81
triple_torus_genus3,3,uniform_sphere,681,110
triple_torus_genus3,3,uniform_sphere,682,72
triple_torus_genus3,3,uniform_sphere,683,90
triple_torus_genus3,3,uniform_sphere,684,98
triple_torus_genus3,3,uniform_sphere,685,93
triple_torus_genus3,3,uniform_sphere,686,116
triple_torus_genus3,3,uniform_sphere,687,113
triple_torus_genus3,3,uniform_sphere,688,111
triple_torus_genus3,3,uniform_sphere,689,88
triple_torus_genus3,3,uniform_sphere,690,102
triple_torus_genus3,3,uniform_sphere,691,98
triple_torus_genus3,3,uniform_sphere,692,89
triple_torus_genus3,3,uniform_sphere,693,82
triple_torus_genus3,3,uniform_sphere,694,111
triple_torus_genus3,3,uniform_sphere,695,79
triple_torus_genus3,3,uniform_sphere,696,86
triple_torus_genus3,3,uniform_sphere,697,107
triple_torus_genus3,3,uniform_sphere,698,101
triple_torus_genus3,3,uniform_sphere,699,90
triple_torus_genus3,3,uniform_sphere,700,92
triple_torus_genus3,3,uniform_sphere,701,102
triple_torus_genus3,3,uniform_sphere,702,90
triple_torus_genus3,3,uniform_sphere,703,114
triple_torus_genus3,3,uniform_sphere,704,92
triple_torus_genus3,3,uniform_sphere,705,102
triple_torus_genus3,3,uniform_sphere,706,98
triple_torus_genus3,3,uniform_sphere,707,105
triple_torus_genus3,3,uniform_sphere,708,109
triple_torus_genus3,3,uniform_sphere,709,72
triple_torus_genus3,3,uniform_sphere,710,71
triple_torus_genus3,3,uniform_sphere,711,96
triple_torus_genus3,3,uniform_sphere,712,106
triple_torus_genus3,3,uniform_sphere,713,102
triple_torus_genus3,3,uniform_sphere,714,111
triple_torus_genus3,3,uniform_sphere,715,101
triple_torus_genus3,3,uniform_sphere,716,87
triple_torus_genus3,3,uniform_sphere,717,96
triple_torus_genus3,3,uniform_sphere,718,83
triple_torus_genus3,3,uniform_sphere,719,90
triple_torus_genus3,3,uniform_sphere,720,93
triple_torus_genus3,3,uniform_sphere,721,92
triple_torus_genus3,3,uniform_sphere,722,78
triple_torus_genus3,3,uniform_sphere,723,74
triple_torus_genus3,3,uniform_sphere,724,83
triple_torus_genus3,3,uniform_sphere,725,82
triple_torus_genus3,3,uniform_sphere,726,87
triple_torus_genus3,3,uniform_sphere,727,106
triple_torus_genus3,3,uniform_sphere,728,98
triple_torus_genus3,3,uniform_sphere,729,100
triple_torus_genus3,3,uniform_sphere,730,93
triple_torus_genus3,3,uniform_sphere,731,96
triple_torus_genus3,3,uniform_sphere,732,101
triple_torus_genus3,3,uniform_sphere,733,104
triple_torus_genus3,3,uniform_sphere,734,90
triple_torus_genus3,3,uniform_sphere,735,92
triple_torus_genus3,3,uniform_sphere,736,86
triple_torus_genus3,3,uniform_sphere,737,120
triple_torus_genus3,3,uniform_sphere,738,96
triple_torus_genus3,3,uniform_sphere,739,95
triple_torus_genus3,3,uniform_sphere,740,98
triple_torus_genus3,3,uniform_sphere,741,99
triple_torus_genus3,3,uniform_sphere,742,83
triple_torus_genus3,3,uniform_sphere,743,83
triple_torus_genus3,3,uniform_sphere,744,99
triple_torus_genus3,3,uniform_sphere,745,103
triple_torus_genus3,3,uniform_sphere,746,81
triple_torus_genus3,3,uniform_sphere,747,97
triple_torus_genus3,3,uniform_sphere,748,107
triple_torus_genus3,3,uniform_sphere,749,105
triple_torus_genus3,3,uniform_sphere,750,111
triple_torus_genus3,3,uniform_sphere,751,98
triple_torus_genus3,3,uniform_sphere,752,93
triple_torus_genus3,3,uniform_sphere,753,91
triple_torus_genus3,3,uniform_sphere,754,105
triple_torus_genus3,3,uniform_sphere,755,86
triple_torus_genus3,3,uniform_sphere,756,97
triple_torus_genus3,3,uniform_sphere,757,87
triple_torus_genus3,3,uniform_sphere,758,106
triple_torus_genus3,3,uniform_sphere,759,86
triple_torus_genus3,3,uniform_sphere,760,101
triple_torus_genus3,3,uniform_sphere,761,99
triple_torus_genus3,3,uniform_sphere,762,117
triple_torus_genus3,3,uniform_sphere,763,97
triple_torus_genus3,3,uniform_sphere,764,109
triple_torus_genus3,3,uniform_sphere,765,112
triple_torus_genus3,3,uniform_sphere,766,100
triple_torus_genus3,3,uniform_sphere,767,108
triple_torus_genus3,3,uniform_sphere,768,93
triple_torus_genus3,3,uniform_sphere,769,97
triple_torus_genus3,3,uniform_sphere,770,96
triple_torus_genus3,3,uniform_sphere,771,120
triple_torus_genus3,3,uniform_sphere,772,97
triple_torus_genus3,3,uniform_sphere,773,84
triple_torus_genus3,3,uniform_sphere,774,110
triple_torus_genus3,3,uniform_sphere,775,110
triple_torus_genus3,3,uniform_sphere,776,100
triple_torus_genus3,3,uniform_sphere,777,99
triple_torus_genus3,3,uniform_sphere,778,93
triple_torus_genus3,3,uniform_sphere,779,97
triple_torus_genus3,3,uniform_sphere,780,104
triple_torus_genus3,3,uniform_sphere,781,108
triple_torus_genus3,3,uniform_sphere,782,89
triple_torus_genus3,3,uniform_sphere,783,93
triple_torus_genus3,3,uniform_sphere,784,107
triple_torus_genus3,3,uniform_sphere,785,102
triple_torus_genus3,3,uniform_sphere,786,77
triple_torus_genus3,3,uniform_sphere,787,105
triple_torus_genus3,3,uniform_sphere,788,87
triple_torus_genus3,3,uniform_sphere,789,101
triple_torus_genus3,3,uniform_sphere,790,88
triple_torus_genus3,3,uniform_sphere,791,101
triple_torus_genus3,3,uniform_sphere,792,104
triple_torus_genus3,3,uniform_sphere,793,116
triple_torus_genus3,3,uniform_sphere,794,95
triple_torus_genus3,3,uniform_sphere,795,104
triple_torus_genus3,3,uniform_sphere,796,118
triple_torus_genus3,3,uniform_sphere,797,103
triple_torus_genus3,3,uniform_sphere,798,100
triple_torus_genus3,3,uniform_sphere,799,86
triple_torus_genus3,3,uniform_sphere,800,81
triple_torus_genus3,3,uniform_sphere,801,95
triple_torus_genus3,3,uniform_sphere,802,113
triple_torus_genus3,3,uniform_sphere,803,92
triple_torus_genus3,3,uniform_sphere,804,107
triple_torus_genus3,3,uniform_sphere,805,105
triple_torus_genus3,3,uniform_sphere,806,109
triple_torus_genus3,3,uniform_sphere,807,98
triple_torus_genus3,3,uniform_sphere,808,101
triple_torus_genus3,3,uniform_sphere,809,97
triple_torus_genus3,3,uniform_sphere,810,88
triple_torus_genus3,3,uniform_sphere,811,119
triple_torus_genus3,3,uniform_sphere,812,100
triple_torus_genus3,3,uniform_sphere,813,94
triple_torus_genus3,3,uniform_sphere,814,84
triple_torus_genus3,3,uniform_sphere,815,96
triple_torus_genus3,3,uniform_sphere,816,101
triple_torus_genus3,3,uniform_sphere,817,110
triple_torus_genus3,3,uniform_sphere,818,105
triple_torus_genus3,3,uniform_sphere,819,77
triple_torus_genus3,3,uniform_sphere,820,100
triple_torus_genus3,3,uniform_sphere,821,98
triple_torus_genus3,3,uniform_sphere,822,92
triple_torus_genus3,3,uniform_sphere,823,107
triple_torus_genus3,3,uniform_sphere,824,96
triple_torus_genus3,3,uniform_sphere,825,76
triple_torus_genus3,3,uniform_sphere,826,77
triple_torus_genus3,3,uniform_sphere,827,99
triple_torus_genus3,3,uniform_sphere,828,102
triple_torus_genus3,3,uniform_sphere,829,86
triple_torus_genus3,3,uniform_sphere,830,90
triple_torus_genus3,3,uniform_sphere,831,82
triple_torus_genus3,3,uniform_sphere,832,126
triple_torus_genus3,3,uniform_sphere,833,108
triple_torus_genus3,3,uniform_sphere,834,93
triple_torus_genus3,3,uniform_sphere,835,68
triple_torus_genus3,3,uniform_sphere,836,101
triple_torus_genus3,3,uniform_sphere,837,100
triple_torus_genus3,3,uniform_sphere,838,94
triple_torus_genus3,3,uniform_sphere,839,105
triple_torus_genus3,3,uniform_sphere,840,84
triple_torus_genus3,3,uniform_sphere,841,92
triple_torus_genus3,3,uniform_sphere,842,115
triple_torus_genus3,3,uniform_sphere,843,123
triple_torus_genus3,3,uniform_sphere,844,96
triple_torus_genus3,3,uniform_sphere,845,113
triple_torus_genus3,3,uniform_sphere,846,89
triple_torus_genus3,3,uniform_sphere,847,95
triple_torus_genus3,3,uniform_sphere,848,77
triple_torus_genus3,3,uniform_sphere,849,100
triple_torus_genus3,3,uniform_sphere,850,121
triple_torus_genus3,3,uniform_sphere,851,89
triple_torus_genus3,3,uniform_sphere,852,74
triple_torus_genus3,3,uniform_sphere,853,88
triple_torus_genus3,3,uniform_sphere,854,96
triple_torus_genus3,3,uniform_sphere,855,101
triple_torus_genus3,3,uniform_sphere,856,98
triple_torus_genus3,3,uniform_sphere,857,95
triple_torus_genus3,3,uniform_sphere,858,115
triple_torus_genus3,3,uniform_sphere,859,101
triple_torus_genus3,3,uniform_sphere,860,108
triple_torus_genus3,3,uniform_sphere,861,100
triple_torus_genus3,3,uniform_sphere,862,70
triple_torus_genus3,3,uniform_sphere,863,98
triple_torus_genus3,3,uniform_sphere,864,96
triple_torus_genus3,3,uniform_sphere,865,99
triple_torus_genus3,3,uniform_sphere,866,99
triple_torus_genus3,3,uniform_sphere,867,118
triple_torus_genus3,3,uniform_sphere,868,107
triple_torus_genus3,3,uniform_sphere,869,85
triple_torus_genus3,3,uniform_sphere,870,94
triple_torus_genus3,3,uniform_sphere,871,105
triple_torus_genus3,3,uniform_sphere,872,97
triple_torus_genus3,3,uniform_sphere,873,104
triple_torus_genus3,3,uniform_sphere,874,95
triple_torus_genus3,3,uniform_sphere,875,95
triple_torus_genus3,3,uniform_sphere,876,93
triple_torus_genus3,3,uniform_sphere,877,95
triple_torus_genus3,3,uniform_sphere,878,104
triple_torus_genus3,3,uniform_sphere,879,101
triple_torus_genus3,3,uniform_sphere,880,88
triple_torus_genus3,3,uniform_sphere,881,89
triple_torus_genus3,3,uniform_sphere,882,119
triple_torus_genus3,3,uniform_sphere,883,108
triple_torus_genus3,3,uniform_sphere,884,91
triple_torus_genus3,3,uniform_sphere,885,85
triple_torus_genus3,3,uniform_sphere,886,103
triple_torus_genus3,3,uniform_sphere,887,95
triple_torus_genus3,3,uniform_sphere,888,120
triple_torus_genus3,3,uniform_sphere,889,99
triple_torus_genus3,3,uniform_sphere,890,91
triple_torus_genus3,3,uniform_sphere,891,102
triple_torus_genus3,3,uniform_sphere,892,115
triple_torus_genus3,3,uniform_sphere,893,105
triple_torus_genus3,3,uniform_sphere,894,90
triple_torus_genus3,3,uniform_sphere,895,109
triple_torus_genus3,3,uniform_sphere,896,90
triple_torus_genus3,3,uniform_sphere,897,101
triple_torus_genus3,3,uniform_sphere,898,97
triple_torus_genus3,3,uniform_sphere,899,103
triple_torus_genus3,3,uniform_sphere,900,101
triple_torus_genus3,3,uniform_sphere,901,84
triple_torus_genus3,3,uniform_sphere,902,77
triple_torus_genus3,3,uniform_sphere,903,90
triple_torus_genus3,3,uniform_sphere,904,97
triple_torus_genus3,3,uniform_sphere,905,106
triple_torus_genus3,3,uniform_sphere,906,102
triple_torus_genus3,3,uniform_sphere,907,89
triple_torus_genus3,3,uniform_sphere,908,85
triple_torus_genus3,3,uniform_sphere,909,99
triple_torus_genus3,3,uniform_sphere,910,91
triple_torus_genus3,3,uniform_sphere,911,96
triple_torus_genus3,3,uniform_sphere,912,91
triple_torus_genus3,3,uniform_sphere,913,102
triple_torus_genus3,3,uniform_sphere,914,110
triple_torus_genus3,3,uniform_sphere,915,104
triple_torus_genus3,3,uniform_sphere,916,105
triple_torus_genus3,3,uniform_sphere,917,98
triple_torus_genus3,3,uniform_sphere,918,96
triple_torus_genus3,3,uniform_sphere,919,94
triple_torus_genus3,3,uniform_sphere,920,104
triple_torus_genus3,3,uniform_sphere,921,93
triple_torus_genus3,3,uniform_sphere,922,89
triple_torus_genus3,3,uniform_sphere,923,84
triple_torus_genus3,3,uniform_sphere,924,99
triple_torus_genus3,3,uniform_sphere,925,96
triple_torus_genus3,3,uniform_sphere,926,95
triple_torus_genus3,3,uniform_sphere,927,105
triple_torus_genus3,3,uniform_sphere,928,103
triple_torus_genus3,3,uniform_sphere,929,92
triple_torus_genus3,3,uniform_sphere,930,90
triple_torus_genus3,3,uniform_sphere,931,101
triple_torus_genus3,3,uniform_sphere,932,84
triple_torus_genus3,3,uniform_sphere,933,99
triple_torus_genus3,3,uniform_sphere,934,94
triple_torus_genus3,3,uniform_sphere,935,107
triple_torus_genus3,3,uniform_sphere,936,74
triple_torus_genus3,3,uniform_sphere,937,85
triple_torus_genus3,3,uniform_sphere,938,86
triple_torus_genus3,3,uniform_sphere,939,106
triple_torus_genus3,3,uniform_sphere,940,85
triple_torus_genus3,3,uniform_sphere,941,102
triple_torus_genus3,3,uniform_sphere,942,81
triple_torus_genus3,3,uniform_sphere,943,94
triple_torus_genus3,3,uniform_sphere,944,98
triple_torus_genus3,3,uniform_sphere,945,92
triple_torus_genus3,3,uniform_sphere,946,77
triple_torus_genus3,3,uniform_sphere,947,111
triple_torus_genus3,3,uniform_sphere,948,105
triple_torus_genus3,3,uniform_sphere,949,93
triple_torus_genus3,3,uniform_sphere,950,97
triple_torus_genus3,3,uniform_sphere,951,107
triple_torus_genus3,3,uniform_sphere,952,98
triple_torus_genus3,3,uniform_sphere,953,92
triple_torus_genus3,3,uniform_sphere,954,105
triple_torus_genus3,3,uniform_sphere,955,104
triple_torus_genus3,3,uniform_sphere,956,87
triple_torus_genus3,3,uniform_sphere,957,94
triple_torus_genus3,3,uniform_sphere,958,100
triple_torus_genus3,3,uniform_sphere,959,97
triple_torus_genus3,3,uniform_sphere,960,99
triple_torus_genus3,3,uniform_sphere,961,96
triple_torus_genus3,3,uniform_sphere,962,112
triple_torus_genus3,3,uniform_sphere,963,101
triple_torus_genus3,3,uniform_sphere,964,104
triple_torus_genus3,3,uniform_sphere,965,89
triple_torus_genus3,3,uniform_sphere,966,84
triple_torus_genus3,3,uniform_sphere,967,101
triple_torus_genus3,3,uniform_sphere,968,109
triple_torus_genus3,3,uniform_sphere,969,122
triple_torus_genus3,3,uniform_sphere,970,81
triple_torus_genus3,3,uniform_sphere,971,116
triple_torus_genus3,3,uniform_sphere,972,88
triple_torus_genus3,3,uniform_sphere,973,95
triple_torus_genus3,3,uniform_sphere,974,100
triple_torus_genus3,3,uniform_sphere,975,106
triple_torus_genus3,3,uniform_sphere,976,97
triple_torus_genus3,3,uniform_sphere,977,107
triple_torus_genus3,3,uniform_sphere,978,108
triple_torus_genus3,3,uniform_sphere,979,86
triple_torus_genus3,3,uniform_sphere,980,94
triple_torus_genus3,3,uniform_sphere,981,108
triple_torus_genus3,3,uniform_sphere,982,93
triple_torus_genus3,3,uniform_sphere,983,111
triple_torus_genus3,3,uniform_sphere,984,89
triple_torus_genus3,3,uniform_sphere,985,77
triple_torus_genus3,3,uniform_sphere,986,120
triple_torus_genus3,3,uniform_sphere,987,100
triple_torus_genus3,3,uniform_sphere,988,103
triple_torus_genus3,3,uniform_sphere,989,88
triple_torus_genus3,3,uniform_sphere,990,91
triple_torus_genus3,3,uniform_sphere,991,100
triple_torus_genus3,3,uniform_sphere,992,92
triple_torus_genus3,3,uniform_sphere,993,101
triple_torus_genus3,3,uniform_sphere,994,84
triple_torus_genus3,3,uniform_sphere,995,95
triple_torus_genus3,3,uniform_sphere,996,94
triple_torus_genus3,3,uniform_sphere,997,103
triple_torus_genus3,3,uniform_sphere,998,91
triple_torus_genus3,3,uniform_sphere,999,93
triple_torus_genus3,3,dirichlet,0,89
triple_torus_genus3,3,dirichlet,1,81
triple_torus_genus3,3,dirichlet,2,112
triple_torus_genus3,3,dirichlet,3,105
triple_torus_genus3,3,dirichlet,4,108
triple_torus_genus3,3,dirichlet,5,108
triple_torus_genus3,3,dirichlet,6,106
triple_torus_genus3,3,dirichlet,7,90
triple_torus_genus3,3,dirichlet,8,100
triple_torus_genus3,3,dirichlet,9,109
triple_torus_genus3,3,dirichlet,10,99
triple_torus_genus3,3,dirichlet,11,100
triple_torus_genus3,3,dirichlet,12,108
triple_torus_genus3,3,dirichlet,13,93
triple_torus_genus3,3,dirichlet,14,111
triple_torus_genus3,3,dirichlet,15,96
triple_torus_genus3,3,dirichlet,16,109
triple_torus_genus3,3,dirichlet,17,102
triple_torus_genus3,3,dirichlet,18,106
triple_torus_genus3,3,dirichlet,19,101
triple_torus_genus3,3,dirichlet,20,79
triple_torus_genus3,3,dirichlet,21,115
triple_torus_genus3,3,dirichlet,22,103
triple_torus_genus3,3,dirichlet,23,72
triple_torus_genus3,3,dirichlet,24,81
triple_torus_genus3,3,dirichlet,25,116
triple_torus_genus3,3,dirichlet,26,102
triple_torus_genus3,3,dirichlet,27,106
triple_torus_genus3,3,dirichlet,28,89
triple_torus_genus3,3,dirichlet,29,87
triple_torus_genus3,3,dirichlet,30,75
triple_torus_genus3,3,dirichlet,31,104
triple_torus_genus3,3,dirichlet,32,132
triple_torus_genus3,3,dirichlet,33,93
triple_torus_genus3,3,dirichlet,34,81
triple_torus_genus3,3,dirichlet,35,121
triple_torus_genus3,3,dirichlet,36,73
triple_torus_genus3,3,dirichlet,37,93
triple_torus_genus3,3,dirichlet,38,90
triple_torus_genus3,3,dirichlet,39,92
triple_torus_genus3,3,dirichlet,40,99
triple_torus_genus3,3,dirichlet,41,93
triple_torus_genus3,3,dirichlet,42,111
triple_torus_genus3,3,dirichlet,43,113
triple_torus_genus3,3,dirichlet,44,86
triple_torus_genus3,3,dirichlet,45,85
triple_torus_genus3,3,dirichlet,46,101
triple_torus_genus3,3,dirichlet,47,107
triple_torus_genus3,3,dirichlet,48,98
triple_torus_genus3,3,dirichlet,49,104
triple_torus_genus3,3,dirichlet,50,109
triple_torus_genus3,3,dirichlet,51,69
triple_torus_genus3,3,dirichlet,52,85
triple_torus_genus3,3,dirichlet,53,95
triple_torus_genus3,3,dirichlet,54,82
triple_torus_genus3,3,dirichlet,55,102
triple_torus_genus3,3,dirichlet,56,100
triple_torus_genus3,3,dirichlet,57,98
triple_torus_genus3,3,dirichlet,58,100
triple_torus_genus3,3,dirichlet,59,103
triple_torus_genus3,3,dirichlet,60,93
triple_torus_genus3,3,dirichlet,61,83
triple_torus_genus3,3,dirichlet,62,92
triple_torus_genus3,3,dirichlet,63,100
triple_torus_genus3,3,dirichlet,64,94
triple_torus_genus3,3,dirichlet,65,92
triple_torus_genus3,3,dirichlet,66,96
triple_torus_genus3,3,dirichlet,67,79
triple_torus_genus3,3,dirichlet,68,108
triple_torus_genus3,3,dirichlet,69,96
triple_torus_genus3,3,dirichlet,70,103
triple_torus_genus3,3,dirichlet,71,80
triple_torus_genus3,3,dirichlet,72,80
triple_torus_genus3,3,dirichlet,73,83
triple_torus_genus3,3,dirichlet,74,104
triple_torus_genus3,3,dirichlet,75,109
triple_torus_genus3,3,dirichlet,76,83
triple_torus_genus3,3,dirichlet,77,103
triple_torus_genus3,3,dirichlet,78,73
triple_torus_genus3,3,dirichlet,79,105
triple_torus_genus3,3,dirichlet,80,92
triple_torus_genus3,3,dirichlet,81,95
triple_torus_genus3,3,dirichlet,82,101
triple_torus_genus3,3,dirichlet,83,91
triple_torus_genus3,3,dirichlet,84,98
triple_torus_genus3,3,dirichlet,85,84
triple_torus_genus3,3,dirichlet,86,73
triple_torus_genus3,3,dirichlet,87,95
triple_torus_genus3,3,dirichlet,88,108
triple_torus_genus3,3,dirichlet,89,107
triple_torus_genus3,3,dirichlet,90,102
triple_torus_genus3,3,dirichlet,91,79
triple_torus_genus3,3,dirichlet,92,96
triple_torus_genus3,3,dirichlet,93,78
triple_torus_genus3,3,dirichlet,94,105
triple_torus_genus3,3,dirichlet,95,94
triple_torus_genus3,3,dirichlet,96,108
triple_torus_genus3,3,dirichlet,97,101
triple_torus_genus3,3,dirichlet,98,96
triple_torus_genus3,3,dirichlet,99,68
triple_torus_genus3,3,dirichlet,100,94
triple_torus_genus3,3,dirichlet,101,91
triple_torus_genus3,3,dirichlet,102,77
triple_torus_genus3,3,dirichlet,103,88
triple_torus_genus3,3,dirichlet,104,116
triple_torus_genus3,3,dirichlet,105,110
triple_torus_genus3,3,dirichlet,106,104
triple_torus_genus3,3,dirichlet,107,106
triple_torus_genus3,3,dirichlet,108,103
triple_torus_genus3,3,dirichlet,109,82
triple_torus_genus3,3,dirichlet,110,98
triple_torus_genus3,3,dirichlet,111,71
triple_torus_genus3,3,dirichlet,112,85
triple_torus_genus3,3,dirichlet,113,92
triple_torus_genus3,3,dirichlet,114,89
triple_torus_genus3,3,dirichlet,115,84
triple_torus_genus3,3,dirichlet,116,100
triple_torus_genus3,3,dirichlet,117,103
triple_torus_genus3,3,dirichlet,118,87
triple_torus_genus3,3,dirichlet,119,94
triple_torus_genus3,3,dirichlet,120,100
triple_torus_genus3,3,dirichlet,121,81
triple_torus_genus3,3,dirichlet,122,115
triple_torus_genus3,3,dirichlet,123,108
triple_torus_genus3,3,dirichlet,124,107
triple_torus_genus3,3,dirichlet,125,104
triple_torus_genus3,3,dirichlet,126,100
triple_torus_genus3,3,dirichlet,127,98
triple_torus_genus3,3,dirichlet,128,115
triple_torus_genus3,3,dirichlet,129,102
triple_torus_genus3,3,dirichlet,130,119
triple_torus_genus3,3,dirichlet,131,116
triple_torus_genus3,3,dirichlet,132,105
triple_torus_genus3,3,dirichlet,133,99
triple_torus_genus3,3,dirichlet,134,103
triple_torus_genus3,3,dirichlet,135,105
triple_torus_genus3,3,dirichlet,136,95
triple_torus_genus3,3,dirichlet,137,86
triple_torus_genus3,3,dirichlet,138,101
triple_torus_genus3,3,dirichlet,139,98
triple_torus_genus3,3,dirichlet,140,88
triple_torus_genus3,3,dirichlet,141,90
triple_torus_genus3,3,dirichlet,142,102
triple_torus_genus3,3,dirichlet,143,86
triple_torus_genus3,3,dirichlet,144,107
triple_torus_genus3,3,dirichlet,145,114
triple_torus_genus3,3,dirichlet,146,98
triple_torus_genus3,3,dirichlet,147,96
triple_torus_genus3,3,dirichlet,148,108
triple_torus_genus3,3,dirichlet,149,100
triple_torus_genus3,3,dirichlet,150,96
triple_torus_genus3,3,dirichlet,151,95
triple_torus_genus3,3,dirichlet,152,103
triple_torus_genus3,3,dirichlet,153,96
triple_torus_genus3,3,dirichlet,154,76
triple_torus_genus3,3,dirichlet,155,112
triple_torus_genus3,3,dirichlet,156,99
triple_torus_genus3,3,dirichlet,157,110
triple_torus_genus3,3,dirichlet,158,82
triple_torus_genus3,3,dirichlet,159,107
triple_torus_genus3,3,dirichlet,160,85
triple_torus_genus3,3,dirichlet,161,98
triple_torus_genus3,3,dirichlet,162,88
triple_torus_genus3,3,dirichlet,163,111
triple_torus_genus3,3,dirichlet,164,94
triple_torus_genus3,3,dirichlet,165,91
triple_torus_genus3,3,dirichlet,166,101
triple_torus_genus3,3,dirichlet,167,100
triple_torus_genus3,3,dirichlet,168,109
triple_torus_genus3,3,dirichlet,169,99
triple_torus_genus3,3,dirichlet,170,96
triple_torus_genus3,3,dirichlet,171,116
triple_torus_genus3,3,dirichlet,172,92
triple_torus_genus3,3,dirichlet,173,92
triple_torus_genus3,3,dirichlet,174,105
triple_torus_genus3,3,dirichlet,175,94
triple_torus_genus3,3,dirichlet,176,80
triple_torus_genus3,3,dirichlet,177,103
triple_torus_genus3,3,dirichlet,178,100
triple_torus_genus3,3,dirichlet,179,78
triple_torus_genus3,3,dirichlet,180,104
triple_torus_genus3,3,dirichlet,181,122
triple_torus_genus3,3,dirichlet,182,103
triple_torus_genus3,3,dirichlet,183,83
triple_torus_genus3,3,dirichlet,184,80
triple_torus_genus3,3,dirichlet,185,86
triple_torus_genus3,3,dirichlet,186,97
triple_torus_genus3,3,dirichlet,187,87
triple_torus_genus3,3,dirichlet,188,116
triple_torus_genus3,3,dirichlet,189,97
triple_torus_genus3,3,dirichlet,190,105
triple_torus_genus3,3,dirichlet,191,88
triple_torus_genus3,3,dirichlet,192,89
triple_torus_genus3,3,dirichlet,193,103
triple_torus_genus3,3,dirichlet,194,92
triple_torus_genus3,3,dirichlet,195,122
triple_torus_genus3,3,dirichlet,196,99
triple_torus_genus3,3,dirichlet,197,113
triple_torus_genus3,3,dirichlet,198,93
triple_torus_genus3,3,dirichlet,199,97
triple_torus_genus3,3,dirichlet,200,104
triple_torus_genus3,3,dirichlet,201,112
triple_torus_genus3,3,dirichlet,202,107
triple_torus_genus3,3,dirichlet,203,88
triple_torus_genus3,3,dirichlet,204,103
triple_torus_genus3,3,dirichlet,205,87
triple_torus_genus3,3,dirichlet,206,104
triple_torus_genus3,3,dirichlet,207,105
triple_torus_genus3,3,dirichlet,208,110
triple_torus_genus3,3,dirichlet,209,98
triple_torus_genus3,3,dirichlet,210,77
triple_torus_genus3,3,dirichlet,211,81
triple_torus_genus3,3,dirichlet,212,110
triple_torus_genus3,3,dirichlet,213,119
triple_torus_genus3,3,dirichlet,214,109
triple_torus_genus3,3,dirichlet,215,103
triple_torus_genus3,3,dirichlet,216,79
triple_torus_genus3,3,dirichlet,217,63
triple_torus_genus3,3,dirichlet,218,104
triple_torus_genus3,3,dirichlet,219,87
triple_torus_genus3,3,dirichlet,220,93
triple_torus_genus3,3,dirichlet,221,100
triple_torus_genus3,3,dirichlet,222,80
triple_torus_genus3,3,dirichlet,223,87
triple_torus_genus3,3,dirichlet,224,94
triple_torus_genus3,3,dirichlet,225,88
triple_torus_genus3,3,dirichlet,226,103
triple_torus_genus3,3,dirichlet,227,101
triple_torus_genus3,3,dirichlet,228,76
triple_torus_genus3,3,dirichlet,229,115
triple_torus_genus3,3,dirichlet,230,78
triple_torus_genus3,3,dirichlet,231,90
triple_torus_genus3,3,dirichlet,232,79
triple_torus_genus3,3,dirichlet,233,74
triple_torus_genus3,3,dirichlet,234,104
triple_torus_genus3,3,dirichlet,235,95
triple_torus_genus3,3,dirichlet,236,91
triple_torus_genus3,3,dirichlet,237,98
triple_torus_genus3,3,dirichlet,238,113
triple_torus_genus3,3,dirichlet,239,85
triple_torus_genus3,3,dirichlet,240,102
triple_torus_genus3,3,dirichlet,241,104
triple_torus_genus3,3,dirichlet,242,73
triple_torus_genus3,3,dirichlet,243,98
triple_torus_genus3,3,dirichlet,244,111
triple_torus_genus3,3,dirichlet,245,111
triple_torus_genus3,3,dirichlet,246,89
triple_torus_genus3,3,dirichlet,247,97
triple_torus_genus3,3,dirichlet,248,82
triple_torus_genus3,3,dirichlet,249,87
triple_torus_genus3,3,dirichlet,250,104
triple_torus_genus3,3,dirichlet,251,104
triple_torus_genus3,3,dirichlet,252,102
triple_torus_genus3,3,dirichlet,253,97
triple_torus_genus3,3,dirichlet,254,92
triple_torus_genus3,3,dirichlet,255,92
triple_torus_genus3,3,dirichlet,256,84
triple_torus_genus3,3,dirichlet,257,93
triple_torus_genus3,3,dirichlet,258,73
triple_torus_genus3,3,dirichlet,259,79
triple_torus_genus3,3,dirichlet,260,88
triple_torus_genus3,3,dirichlet,261,107
triple_torus_genus3,3,dirichlet,262,101
triple_torus_genus3,3,dirichlet,263,77
triple_torus_genus3,3,dirichlet,264,106
triple_torus_genus3,3,dirichlet,265,91
triple_torus_genus3,3,dirichlet,266,89
triple_torus_genus3,3,dirichlet,267,100
triple_torus_genus3,3,dirichlet,268,100
triple_torus_genus3,3,dirichlet,269,113
triple_torus_genus3,3,dirichlet,270,96
triple_torus_genus3,3,dirichlet,271,97
triple_torus_genus3,3,dirichlet,272,62
triple_torus_genus3,3,dirichlet,273,99
triple_torus_genus3,3,dirichlet,274,92
triple_torus_genus3,3,dirichlet,275,115
triple_torus_genus3,3,dirichlet,276,81
triple_torus_genus3,3,dirichlet,277,91
triple_torus_genus3,3,dirichlet,278,80
triple_torus_genus3,3,dirichlet,279,74
triple_torus_genus3,3,dirichlet,280,103
triple_torus_genus3,3,dirichlet,281,92
triple_torus_genus3,3,dirichlet,282,87
triple_torus_genus3,3,dirichlet,283,89
triple_torus_genus3,3,dirichlet,284,93
triple_torus_genus3,3,dirichlet,285,97
triple_torus_genus3,3,dirichlet,286,98
triple_torus_genus3,3,dirichlet,287,88
triple_torus_genus3,3,dirichlet,288,90
triple_torus_genus3,3,dirichlet,289,94
triple_torus_genus3,3,dirichlet,290,87
triple_torus_genus3,3,dirichlet,291,112
triple_torus_genus3,3,dirichlet,292,96
triple_torus_genus3,3,dirichlet,293,115
triple_torus_genus3,3,dirichlet,294,88
triple_torus_genus3,3,dirichlet,295,75
triple_torus_genus3,3,dirichlet,296,97
triple_torus_genus3,3,dirichlet,297,83
triple_torus_genus3,3,dirichlet,298,91
triple_torus_genus3,3,dirichlet,299,89
triple_torus_genus3,3,dirichlet,300,107
triple_torus_genus3,3,dirichlet,301,92
triple_torus_genus3,3,dirichlet,302,96
triple_torus_genus3,3,dirichlet,303,108
triple_torus_genus3,3,dirichlet,304,92
triple_torus_genus3,3,dirichlet,305,83
triple_torus_genus3,3,dirichlet,306,90
triple_torus_genus3,3,dirichlet,307,115
triple_torus_genus3,3,dirichlet,308,88
triple_torus_genus3,3,dirichlet,309,101
triple_torus_genus3,3,dirichlet,310,90
triple_torus_genus3,3,dirichlet,311,93
triple_torus_genus3,3,dirichlet,312,96
triple_torus_genus3,3,dirichlet,313,104
triple_torus_genus3,3,dirichlet,314,97
triple_torus_genus3,3,dirichlet,315,90
triple_torus_genus3,3,dirichlet,316,88
triple_torus_genus3,3,dirichlet,317,75
triple_torus_genus3,3,dirichlet,318,95
triple_torus_genus3,3,dirichlet,319,96
triple_torus_genus3,3,dirichlet,320,105
triple_torus_genus3,3,dirichlet,321,104
triple_torus_genus3,3,dirichlet,322,105
triple_torus_genus3,3,dirichlet,323,92
triple_torus_genus3,3,dirichlet,324,104
triple_torus_genus3,3,dirichlet,325,99
triple_torus_genus3,3,dirichlet,326,59
triple_torus_genus3,3,dirichlet,327,93
triple_torus_genus3,3,dirichlet,328,94
triple_torus_genus3,3,dirichlet,329,96
triple_torus_genus3,3,dirichlet,330,108
triple_torus_genus3,3,dirichlet,331,85
triple_torus_genus3,3,dirichlet,332,83
triple_torus_genus3,3,dirichlet,333,104
triple_torus_genus3,3,dirichlet,334,91
triple_torus_genus3,3,dirichlet,335,96
triple_torus_genus3,3,dirichlet,336,91
triple_torus_genus3,3,dirichlet,337,95
triple_torus_genus3,3,dirichlet,338,101
triple_torus_genus3,3,dirichlet,339,112
triple_torus_genus3,3,dirichlet,340,77
triple_torus_genus3,3,dirichlet,341,109
triple_torus_genus3,3,dirichlet,342,89
triple_torus_genus3,3,dirichlet,343,98
triple_torus_genus3,3,dirichlet,344,105
triple_torus_genus3,3,dirichlet,345,84
triple_torus_genus3,3,dirichlet,346,88
triple_torus_genus3,3,dirichlet,347,66
triple_torus_genus3,3,dirichlet,348,94
triple_torus_genus3,3,dirichlet,349,90
triple_torus_genus3,3,dirichlet,350,99
triple_torus_genus3,3,dirichlet,351,79
triple_torus_genus3,3,dirichlet,352,113
triple_torus_genus3,3,dirichlet,353,98
triple_torus_genus3,3,dirichlet,354,111
triple_torus_genus3,3,dirichlet,355,103
triple_torus_genus3,3,dirichlet,356,101
triple_torus_genus3,3,dirichlet,357,93
triple_torus_genus3,3,dirichlet,358,101
triple_torus_genus3,3,dirichlet,359,94
triple_torus_genus3,3,dirichlet,360,78
triple_torus_genus3,3,dirichlet,361,106
triple_torus_genus3,3,dirichlet,362,99
triple_torus_genus3,3,dirichlet,363,91
triple_torus_genus3,3,dirichlet,364,115
triple_torus_genus3,3,dirichlet,365,100
triple_torus_genus3,3,dirichlet,366,103
triple_torus_genus3,3,dirichlet,367,107
triple_torus_genus3,3,dirichlet,368,119
triple_torus_genus3,3,dirichlet,369,94
triple_torus_genus3,3,dirichlet,370,104
triple_torus_genus3,3,dirichlet,371,125
triple_torus_genus3,3,dirichlet,372,106
triple_torus_genus3,3,dirichlet,373,95
triple_torus_genus3,3,dirichlet,374,97
triple_torus_genus3,3,dirichlet,375,100
triple_torus_genus3,3,dirichlet,376,97
triple_torus_genus3,3,dirichlet,377,90
triple_torus_genus3,3,dirichlet,378,96
triple_torus_genus3,3,dirichlet,379,83
triple_torus_genus3,3,dirichlet,380,91
triple_torus_genus3,3,dirichlet,381,90
triple_torus_genus3,3,dirichlet,382,79
triple_torus_genus3,3,dirichlet,383,78
triple_torus_genus3,3,dirichlet,384,93
triple_torus_genus3,3,dirichlet,385,96
triple_torus_genus3,3,dirichlet,386,96
triple_torus_genus3,3,dirichlet,387,95
triple_torus_genus3,3,dirichlet,388,64
triple_torus_genus3,3,dirichlet,389,110
triple_torus_genus3,3,dirichlet,390,86
triple_torus_genus3,3,dirichlet,391,98
triple_torus_genus3,3,dirichlet,392,93
triple_torus_genus3,3,dirichlet,393,115
triple_torus_genus3,3,dirichlet,394,77
triple_torus_genus3,3,dirichlet,395,95
triple_torus_genus3,3,dirichlet,396,92
triple_torus_genus3,3,dirichlet,397,109
triple_torus_genus3,3,dirichlet,398,80
triple_torus_genus3,3,dirichlet,399,99
triple_torus_genus3,3,dirichlet,400,90
triple_torus_genus3,3,dirichlet,401,104
triple_torus_genus3,3,dirichlet,402,110
triple_torus_genus3,3,dirichlet,403,101
triple_torus_genus3,3,dirichlet,404,100
triple_torus_genus3,3,dirichlet,405,102
triple_torus_genus3,3,dirichlet,406,107
triple_torus_genus3,3,dirichlet,407,93
triple_torus_genus3,3,dirichlet,408,111
triple_torus_genus3,3,dirichlet,409,91
triple_torus_genus3,3,dirichlet,410,96
triple_torus_genus3,3,dirichlet,411,111
triple_torus_genus3,3,dirichlet,412,94
triple_torus_genus3,3,dirichlet,413,99
triple_torus_genus3,3,dirichlet,414,95
triple_torus_genus3,3,dirichlet,415,83
triple_torus_genus3,3,dirichlet,416,83
triple_torus_genus3,3,dirichlet,417,110
triple_torus_genus3,3,dirichlet,418,86
triple_torus_genus3,3,dirichlet,419,109
triple_torus_genus3,3,dirichlet,420,97
triple_torus_genus3,3,dirichlet,421,98
triple_torus_genus3,3,dirichlet,422,92
triple_torus_genus3,3,dirichlet,423,98
triple_torus_genus3,3,dirichlet,424,93
triple_torus_genus3,3,dirichlet,425,106
triple_torus_genus3,3,dirichlet,426,79
triple_torus_genus3,3,dirichlet,427,99
triple_torus_genus3,3,dirichlet,428,89
triple_torus_genus3,3,dirichlet,429,86
triple_torus_genus3,3,dirichlet,430,106
triple_torus_genus3,3,dirichlet,431,94
triple_torus_genus3,3,dirichlet,432,91
triple_torus_genus3,3,dirichlet,433,109
triple_torus_genus3,3,dirichlet,434,97
triple_torus_genus3,3,dirichlet,435,46
triple_torus_genus3,3,dirichlet,436,105
triple_torus_genus3,3,dirichlet,437,95
triple_torus_genus3,3,dirichlet,438,117
triple_torus_genus3,3,dirichlet,439,123
triple_torus_genus3,3,dirichlet,440,111
triple_torus_genus3,3,dirichlet,441,91
triple_torus_genus3,3,dirichlet,442,110
triple_torus_genus3,3,dirichlet,443,99
triple_torus_genus3,3,dirichlet,444,103
triple_torus_genus3,3,dirichlet,445,79
triple_torus_genus3,3,dirichlet,446,81
triple_torus_genus3,3,dirichlet,447,79
triple_torus_genus3,3,dirichlet,448,96
triple_torus_genus3,3,dirichlet,449,101
triple_torus_genus3,3,dirichlet,450,111
triple_torus_genus3,3,dirichlet,451,80
triple_torus_genus3,3,dirichlet,452,103
triple_torus_genus3,3,dirichlet,453,93
triple_torus_genus3,3,dirichlet,454,92
triple_torus_genus3,3,dirichlet,455,112
triple_torus_genus3,3,dirichlet,456,104
triple_torus_genus3,3,dirichlet,457,85
triple_torus_genus3,3,dirichlet,458,116
triple_torus_genus3,3,dirichlet,459,93
triple_torus_genus3,3,dirichlet,460,88
triple_torus_genus3,3,dirichlet,461,108
triple_torus_genus3,3,dirichlet,462,97
triple_torus_genus3,3,dirichlet,463,109
triple_torus_genus3,3,dirichlet,464,106
triple_torus_genus3,3,dirichlet,465,120
triple_torus_genus3,3,dirichlet,466,100
triple_torus_genus3,3,dirichlet,467,112
triple_torus_genus3,3,dirichlet,468,83
triple_torus_genus3,3,dirichlet,469,80
triple_torus_genus3,3,dirichlet,470,104
triple_torus_genus3,3,dirichlet,471,102
triple_torus_genus3,3,dirichlet,472,79
triple_torus_genus3,3,dirichlet,473,99
triple_torus_genus3,3,dirichlet,474,99
triple_torus_genus3,3,dirichlet,475,95
triple_torus_genus3,3,dirichlet,476,79
triple_torus_genus3,3,dirichlet,477,84
triple_torus_genus3,3,dirichlet,478,93
triple_torus_genus3,3,dirichlet,479,86
triple_torus_genus3,3,dirichlet,480,89
triple_torus_genus3,3,dirichlet,481,81
triple_torus_genus3,3,dirichlet,482,101
triple_torus_genus3,3,dirichlet,483,103
triple_torus_genus3,3,dirichlet,484,86
triple_torus_genus3,3,dirichlet,485,88
triple_torus_genus3,3,dirichlet,486,93
triple_torus_genus3,3,dirichlet,487,107
triple_torus_genus3,3,dirichlet,488,108
triple_torus_genus3,3,dirichlet,489,79
triple_torus_genus3,3,dirichlet,490,103
triple_torus_genus3,3,dirichlet,491,100
triple_torus_genus3,3,dirichlet,492,101
triple_torus_genus3,3,dirichlet,493,106
triple_torus_genus3,3,dirichlet,494,102
triple_torus_genus3,3,dirichlet,495,101
triple_torus_genus3,3,dirichlet,496,90
triple_torus_genus3,3,dirichlet,497,77
triple_torus_genus3,3,dirichlet,498,113
triple_torus_genus3,3,dirichlet,499,89
triple_torus_genus3,3,dirichlet,500,100
triple_torus_genus3,3,dirichlet,501,119
triple_torus_genus3,3,dirichlet,502,95
triple_torus_genus3,3,dirichlet,503,98
triple_torus_genus3,3,dirichlet,504,89
triple_torus_genus3,3,dirichlet,505,90
triple_torus_genus3,3,dirichlet,506,103
triple_torus_genus3,3,dirichlet,507,96
triple_torus_genus3,3,dirichlet,508,88
triple_torus_genus3,3,dirichlet,509,80
triple_torus_genus3,3,dirichlet,510,83
triple_torus_genus3,3,dirichlet,511,106
triple_torus_genus3,3,dirichlet,512,108
triple_torus_genus3,3,dirichlet,513,97
triple_torus_genus3,3,dirichlet,514,97
triple_torus_genus3,3,dirichlet,515,84
triple_torus_genus3,3,dirichlet,516,93
triple_torus_genus3,3,dirichlet,517,98
triple_torus_genus3,3,dirichlet,518,100
triple_torus_genus3,3,dirichlet,519,87
triple_torus_genus3,3,dirichlet,520,80
triple_torus_genus3,3,dirichlet,521,98
triple_torus_genus3,3,dirichlet,522,99
triple_torus_genus3,3,dirichlet,523,107
triple_torus_genus3,3,dirichlet,524,53
triple_torus_genus3,3,dirichlet,525,126
triple_torus_genus3,3,dirichlet,526,114
triple_torus_genus3,3,dirichlet,527,96
triple_torus_genus3,3,dirichlet,528,107
triple_torus_genus3,3,dirichlet,529,100
triple_torus_genus3,3,dirichlet,530,96
triple_torus_genus3,3,dirichlet,531,76
triple_torus_genus3,3,dirichlet,532,101
triple_torus_genus3,3,dirichlet,533,89
triple_torus_genus3,3,dirichlet,534,94
triple_torus_genus3,3,dirichlet,535,104
triple_torus_genus3,3,dirichlet,536,108
triple_torus_genus3,3,dirichlet,537,115
triple_torus_genus3,3,dirichlet,538,98
triple_torus_genus3,3,dirichlet,539,90
triple_torus_genus3,3,dirichlet,540,100
triple_torus_genus3,3,dirichlet,541,102
triple_torus_genus3,3,dirichlet,542,88
triple_torus_genus3,3,dirichlet,543,68
triple_torus_genus3,3,dirichlet,544,99
triple_torus_genus3,3,dirichlet,545,101
triple_torus_genus3,3,dirichlet,546,95
triple_torus_genus3,3,dirichlet,547,94
triple_torus_genus3,3,dirichlet,548,86
triple_torus_genus3,3,dirichlet,549,90
triple_torus_genus3,3,dirichlet,550,105
triple_torus_genus3,3,dirichlet,551,93
triple_torus_genus3,3,dirichlet,552,79
triple_torus_genus3,3,dirichlet,553,92
triple_torus_genus3,3,dirichlet,554,107
triple_torus_genus3,3,dirichlet,555,101
triple_torus_genus3,3,dirichlet,556,110
triple_torus_genus3,3,dirichlet,557,100
triple_torus_genus3,3,dirichlet,558,106
triple_torus_genus3,3,dirichlet,559,76
triple_torus_genus3,3,dirichlet,560,93
triple_torus_genus3,3,dirichlet,561,88
triple_torus_genus3,3,dirichlet,562,112
triple_torus_genus3,3,dirichlet,563,97
triple_torus_genus3,3,dirichlet,564,125
triple_torus_genus3,3,dirichlet,565,110
triple_torus_genus3,3,dirichlet,566,98
triple_torus_genus3,3,dirichlet,567,93
triple_torus_genus3,3,dirichlet,568,103
triple_torus_genus3,3,dirichlet,569,92
triple_torus_genus3,3,dirichlet,570,107
triple_torus_genus3,3,dirichlet,571,86
triple_torus_genus3,3,dirichlet,572,92
triple_torus_genus3,3,dirichlet,573,77
triple_torus_genus3,3,dirichlet,574,109
triple_torus_genus3,3,dirichlet,575,100
triple_torus_genus3,3,dirichlet,576,121
triple_torus_genus3,3,dirichlet,577,92
triple_torus_genus3,3,dirichlet,578,84
triple_torus_genus3,3,dirichlet,579,107
triple_torus_genus3,3,dirichlet,580,82
triple_torus_genus3,3,dirichlet,581,95
triple_torus_genus3,3,dirichlet,582,95
triple_torus_genus3,3,dirichlet,583,93
triple_torus_genus3,3,dirichlet,584,87
triple_torus_genus3,3,dirichlet,585,83
triple_torus_genus3,3,dirichlet,586,81
triple_torus_genus3,3,dirichlet,587,85
triple_torus_genus3,3,dirichlet,588,92
triple_torus_genus3,3,dirichlet,589,105
triple_torus_genus3,3,dirichlet,590,110
triple_torus_genus3,3,dirichlet,591,103
triple_torus_genus3,3,dirichlet,592,88
triple_torus_genus3,3,dirichlet,593,99
triple_torus_genus3,3,dirichlet,594,108
triple_torus_genus3,3,dirichlet,595,88
triple_torus_genus3,3,dirichlet,596,99
triple_torus_genus3,3,dirichlet,597,95
triple_torus_genus3,3,dirichlet,598,98
triple_torus_genus3,3,dirichlet,599,103
triple_torus_genus3,3,dirichlet,600,94
triple_torus_genus3,3,dirichlet,601,87
triple_torus_genus3,3,dirichlet,602,93
triple_torus_genus3,3,dirichlet,603,92
triple_torus_genus3,3,dirichlet,604,75
triple_torus_genus3,3,dirichlet,605,98
triple_torus_genus3,3,dirichlet,606,93
triple_torus_genus3,3,dirichlet,607,86
triple_torus_genus3,3,dirichlet,608,104
triple_torus_genus3,3,dirichlet,609,103
triple_torus_genus3,3,dirichlet,610,104
triple_torus_genus3,3,dirichlet,611,97
triple_torus_genus3,3,dirichlet,612,103
triple_torus_genus3,3,dirichlet,613,86
triple_torus_genus3,3,dirichlet,614,101
triple_torus_genus3,3,dirichlet,615,105
triple_torus_genus3,3,dirichlet,616,100
triple_torus_genus3,3,dirichlet,617,103
triple_torus_genus3,3,dirichlet,618,98
triple_torus_genus3,3,dirichlet,619,95
triple_torus_genus3,3,dirichlet,620,104
triple_torus_genus3,3,dirichlet,621,108
triple_torus_genus3,3,dirichlet,622,99
triple_torus_genus3,3,dirichlet,623,103
triple_torus_genus3,3,dirichlet,624,103
triple_torus_genus3,3,dirichlet,625,112
triple_torus_genus3,3,dirichlet,626,102
triple_torus_genus3,3,dirichlet,627,84
triple_torus_genus3,3,dirichlet,628,117
triple_torus_genus3,3,dirichlet,629,75
triple_torus_genus3,3,dirichlet,630,96
triple_torus_genus3,3,dirichlet,631,92
triple_torus_genus3,3,dirichlet,632,115
triple_torus_genus3,3,dirichlet,633,93
triple_torus_genus3,3,dirichlet,634,81
triple_torus_genus3,3,dirichlet,635,87
triple_torus_genus3,3,dirichlet,636,107
triple_torus_genus3,3,dirichlet,637,120
triple_torus_genus3,3,dirichlet,638,108
triple_torus_genus3,3,dirichlet,639,100
triple_torus_genus3,3,dirichlet,640,93
triple_torus_genus3,3,dirichlet,641,97
triple_torus_genus3,3,dirichlet,642,95
triple_torus_genus3,3,dirichlet,643,104
triple_torus_genus3,3,dirichlet,644,89
triple_torus_genus3,3,dirichlet,645,104
triple_torus_genus3,3,dirichlet,646,100
triple_torus_genus3,3,dirichlet,647,98
triple_torus_genus3,3,dirichlet,648,95
triple_torus_genus3,3,dirichlet,649,94
triple_torus_genus3,3,dirichlet,650,108
triple_torus_genus3,3,dirichlet,651,116
triple_torus_genus3,3,dirichlet,652,91
triple_torus_genus3,3,dirichlet,653,106
triple_torus_genus3,3,dirichlet,654,102
triple_torus_genus3,3,dirichlet,655,99
triple_torus_genus3,3,dirichlet,656,103
triple_torus_genus3,3,dirichlet,657,101
triple_torus_genus3,3,dirichlet,658,88
triple_torus_genus3,3,dirichlet,659,90
triple_torus_genus3,3,dirichlet,660,100
triple_torus_genus3,3,dirichlet,661,88
triple_torus_genus3,3,dirichlet,662,105
triple_torus_genus3,3,dirichlet,663,109
triple_torus_genus3,3,dirichlet,664,85
triple_torus_genus3,3,dirichlet,665,87
triple_torus_genus3,3,dirichlet,666,103
triple_torus_genus3,3,dirichlet,667,104
triple_torus_genus3,3,dirichlet,668,95
triple_torus_genus3,3,dirichlet,669,117
triple_torus_genus3,3,dirichlet,670,79
triple_torus_genus3,3,dirichlet,671,88
triple_torus_genus3,3,dirichlet,672,91
triple_torus_genus3,3,dirichlet,673,103
triple_torus_genus3,3,dirichlet,674,81
triple_torus_genus3,3,dirichlet,675,93
triple_torus_genus3,3,dirichlet,676,71
triple_torus_genus3,3,dirichlet,677,89
triple_torus_genus3,3,dirichlet,678,99
triple_torus_genus3,3,dirichlet,679,104
triple_torus_genus3,3,dirichlet,680,90
triple_torus_genus3,3,dirichlet,681,95
triple_torus_genus3,3,dirichlet,682,73
triple_torus_genus3,3,dirichlet,683,94
triple_torus_genus3,3,dirichlet,684,104
triple_torus_genus3,3,dirichlet,685,103
triple_torus_genus3,3,dirichlet,686,96
triple_torus_genus3,3,dirichlet,687,100
triple_torus_genus3,3,dirichlet,688,102
triple_torus_genus3,3,dirichlet,689,94
triple_torus_genus3,3,dirichlet,690,104
triple_torus_genus3,3,dirichlet,691,118
triple_torus_genus3,3,dirichlet,692,102
triple_torus_genus3,3,dirichlet,693,108
triple_torus_genus3,3,dirichlet,694,102
triple_torus_genus3,3,dirichlet,695,81
triple_torus_genus3,3,dirichlet,696,93
triple_torus_genus3,3,dirichlet,697,104
triple_torus_genus3,3,dirichlet,698,85
triple_torus_genus3,3,dirichlet,699,97
triple_torus_genus3,3,dirichlet,700,100
triple_torus_genus3,3,dirichlet,701,99
triple_torus_genus3,3,dirichlet,702,90
triple_torus_genus3,3,dirichlet,703,96
triple_torus_genus3,3,dirichlet,704,80
triple_torus_genus3,3,dirichlet,705,105
triple_torus_genus3,3,dirichlet,706,91
triple_torus_genus3,3,dirichlet,707,93
triple_torus_genus3,3,dirichlet,708,99
triple_torus_genus3,3,dirichlet,709,90
triple_torus_genus3,3,dirichlet,710,105
triple_torus_genus3,3,dirichlet,711,100
triple_torus_genus3,3,dirichlet,712,97
triple_torus_genus3,3,dirichlet,713,105
triple_torus_genus3,3,dirichlet,714,102
triple_torus_genus3,3,dirichlet,715,97
triple_torus_genus3,3,dirichlet,716,92
triple_torus_genus3,3,dirichlet,717,111
triple_torus_genus3,3,dirichlet,718,106
triple_torus_genus3,3,dirichlet,719,93
triple_torus_genus3,3,dirichlet,720,88
triple_torus_genus3,3,dirichlet,721,107
triple_torus_genus3,3,dirichlet,722,103
triple_torus_genus3,3,dirichlet,723,102
triple_torus_genus3,3,dirichlet,724,73
triple_torus_genus3,3,dirichlet,725,90
triple_torus_genus3,3,dirichlet,726,80
triple_torus_genus3,3,dirichlet,727,92
triple_torus_genus3,3,dirichlet,728,113
triple_torus_genus3,3,dirichlet,729,74
triple_torus_genus3,3,dirichlet,730,79
triple_torus_genus3,3,dirichlet,731,107
triple_torus_genus3,3,dirichlet,732,109
triple_torus_genus3,3,dirichlet,733,76
triple_torus_genus3,3,dirichlet,734,102
triple_torus_genus3,3,dirichlet,735,110
triple_torus_genus3,3,dirichlet,736,98
triple_torus_genus3,3,dirichlet,737,100
triple_torus_genus3,3,dirichlet,738,96
triple_torus_genus3,3,dirichlet,739,91
triple_torus_genus3,3,dirichlet,740,106
triple_torus_genus3,3,dirichlet,741,117
triple_torus_genus3,3,dirichlet,742,104
triple_torus_genus3,3,dirichlet,743,110
triple_torus_genus3,3,dirichlet,744,113
triple_torus_genus3,3,dirichlet,745,82
triple_torus_genus3,3,dirichlet,746,99
triple_torus_genus3,3,dirichlet,747,87
triple_torus_genus3,3,dirichlet,748,101
triple_torus_genus3,3,dirichlet,749,101
triple_torus_genus3,3,dirichlet,750,85
triple_torus_genus3,3,dirichlet,751,90
triple_torus_genus3,3,dirichlet,752,91
triple_torus_genus3,3,dirichlet,753,106
triple_torus_genus3,3,dirichlet,754,105
triple_torus_genus3,3,dirichlet,755,99
triple_torus_genus3,3,dirichlet,756,97
triple_torus_genus3,3,dirichlet,757,92
triple_torus_genus3,3,dirichlet,758,90
triple_torus_genus3,3,dirichlet,759,110
triple_torus_genus3,3,dirichlet,760,111
triple_torus_genus3,3,dirichlet,761,100
triple_torus_genus3,3,dirichlet,762,90
triple_torus_genus3,3,dirichlet,763,91
triple_torus_genus3,3,dirichlet,764,78
triple_torus_genus3,3,dirichlet,765,93
triple_torus_genus3,3,dirichlet,766,115
triple_torus_genus3,3,dirichlet,767,90
triple_torus_genus3,3,dirichlet,768,87
triple_torus_genus3,3,dirichlet,769,90
triple_torus_genus3,3,dirichlet,770,100
triple_torus_genus3,3,dirichlet,771,101
triple_torus_genus3,3,dirichlet,772,99
triple_torus_genus3,3,dirichlet,773,95
triple_torus_genus3,3,dirichlet,774,124
triple_torus_genus3,3,dirichlet,775,93
triple_torus_genus3,3,dirichlet,776,119
triple_torus_genus3,3,dirichlet,777,84
triple_torus_genus3,3,dirichlet,778,103
triple_torus_genus3,3,dirichlet,779,99
triple_torus_genus3,3,dirichlet,780,89
triple_torus_genus3,3,dirichlet,781,84
triple_torus_genus3,3,dirichlet,782,110
triple_torus_genus3,3,dirichlet,783,83
triple_torus_genus3,3,dirichlet,784,92
triple_torus_genus3,3,dirichlet,785,95
triple_torus_genus3,3,dirichlet,786,87
triple_torus_genus3,3,dirichlet,787,90
triple_torus_genus3,3,dirichlet,788,102
triple_torus_genus3,3,dirichlet,789,105
triple_torus_genus3,3,dirichlet,790,111
triple_torus_genus3,3,dirichlet,791,101
triple_torus_genus3,3,dirichlet,792,101
triple_torus_genus3,3,dirichlet,793,84
triple_torus_genus3,3,dirichlet,794,87
triple_torus_genus3,3,dirichlet,795,68
triple_torus_genus3,3,dirichlet,796,106
triple_torus_genus3,3,dirichlet,797,93
triple_torus_genus3,3,dirichlet,798,89
triple_torus_genus3,3,dirichlet,799,95
triple_torus_genus3,3,dirichlet,800,80
triple_torus_genus3,3,dirichlet,801,92
triple_torus_genus3,3,dirichlet,802,108
triple_torus_genus3,3,dirichlet,803,75
triple_torus_genus3,3,dirichlet,804,82
triple_torus_genus3,3,dirichlet,805,101
triple_torus_genus3,3,dirichlet,806,93
triple_torus_genus3,3,dirichlet,807,105
triple_torus_genus3,3,dirichlet,808,100
triple_torus_genus3,3,dirichlet,809,93
triple_torus_genus3,3,dirichlet,810,78
triple_torus_genus3,3,dirichlet,811,111
triple_torus_genus3,3,dirichlet,812,100
triple_torus_genus3,3,dirichlet,813,91
triple_torus_genus3,3,dirichlet,814,89
triple_torus_genus3,3,dirichlet,815,93
triple_torus_genus3,3,dirichlet,816,97
triple_torus_genus3,3,dirichlet,817,87
triple_torus_genus3,3,dirichlet,818,98
triple_torus_genus3,3,dirichlet,819,92
triple_torus_genus3,3,dirichlet,820,101
triple_torus_genus3,3,dirichlet,821,104
triple_torus_genus3,3,dirichlet,822,104
triple_torus_genus3,3,dirichlet,823,75
triple_torus_genus3,3,dirichlet,824,91
triple_torus_genus3,3,dirichlet,825,106
triple_torus_genus3,3,dirichlet,826,102
triple_torus_genus3,3,dirichlet,827,90
triple_torus_genus3,3,dirichlet,828,91
triple_torus_genus3,3,dirichlet,829,91
triple_torus_genus3,3,dirichlet,830,111
triple_torus_genus3,3,dirichlet,831,88
triple_torus_genus3,3,dirichlet,832,89
triple_torus_genus3,3,dirichlet,833,92
triple_torus_genus3,3,dirichlet,834,110
triple_torus_genus3,3,dirichlet,835,84
triple_torus_genus3,3,dirichlet,836,123
triple_torus_genus3,3,dirichlet,837,91
triple_torus_genus3,3,dirichlet,838,88
triple_torus_genus3,3,dirichlet,839,85
triple_torus_genus3,3,dirichlet,840,100
triple_torus_genus3,3,dirichlet,841,96
triple_torus_genus3,3,dirichlet,842,107
triple_torus_genus3,3,dirichlet,843,100
triple_torus_genus3,3,dirichlet,844,100
triple_torus_genus3,3,dirichlet,845,100
triple_torus_genus3,3,dirichlet,846,108
triple_torus_genus3,3,dirichlet,847,83
triple_torus_genus3,3,dirichlet,848,107
triple_torus_genus3,3,dirichlet,849,100
triple_torus_genus3,3,dirichlet,850,102
triple_torus_genus3,3,dirichlet,851,113
triple_torus_genus3,3,dirichlet,852,101
triple_torus_genus3,3,dirichlet,853,95
triple_torus_genus3,3,dirichlet,854,74
triple_torus_genus3,3,dirichlet,855,82
triple_torus_genus3,3,dirichlet,856,81
triple_torus_genus3,3,dirichlet,857,99
triple_torus_genus3,3,dirichlet,858,97
triple_torus_genus3,3,dirichlet,859,113
triple_torus_genus3,3,dirichlet,860,104
triple_torus_genus3,3,dirichlet,861,92
triple_torus_genus3,3,dirichlet,862,105
triple_torus_genus3,3,dirichlet,863,109
triple_torus_genus3,3,dirichlet,864,108
triple_torus_genus3,3,dirichlet,865,86
triple_torus_genus3,3,dirichlet,866,91
triple_torus_genus3,3,dirichlet,867,104
triple_torus_genus3,3,dirichlet,868,91
triple_torus_genus3,3,dirichlet,869,84
triple_torus_genus3,3,dirichlet,870,97
triple_torus_genus3,3,dirichlet,871,113
triple_torus_genus3,3,dirichlet,872,117
triple_torus_genus3,3,dirichlet,873,68
triple_torus_genus3,3,dirichlet,874,102
triple_torus_genus3,3,dirichlet,875,91
triple_torus_genus3,3,dirichlet,876,103
triple_torus_genus3,3,dirichlet,877,78
triple_torus_genus3,3,dirichlet,878,111
triple_torus_genus3,3,dirichlet,879,116
triple_torus_genus3,3,dirichlet,880,108
triple_torus_genus3,3,dirichlet,881,111
triple_torus_genus3,3,dirichlet,882,98
triple_torus_genus3,3,dirichlet,883,80
triple_torus_genus3,3,dirichlet,884,116
triple_torus_genus3,3,dirichlet,885,111
triple_torus_genus3,3,dirichlet,886,87
triple_torus_genus3,3,dirichlet,887,85
triple_torus_genus3,3,dirichlet,888,101
triple_torus_genus3,3,dirichlet,889,100
triple_torus_genus3,3,dirichlet,890,128
triple_torus_genus3,3,dirichlet,891,99
triple_torus_genus3,3,dirichlet,892,88
triple_torus_genus3,3,dirichlet,893,98
triple_torus_genus3,3,dirichlet,894,85
triple_torus_genus3,3,dirichlet,895,71
triple_torus_genus3,3,dirichlet,896,102
triple_torus_genus3,3,dirichlet,897,95
triple_torus_genus3,3,dirichlet,898,92
triple_torus_genus3,3,dirichlet,899,95
triple_torus_genus3,3,dirichlet,900,103
triple_torus_genus3,3,dirichlet,901,77
triple_torus_genus3,3,dirichlet,902,87
triple_torus_genus3,3,dirichlet,903,106
triple_torus_genus3,3,dirichlet,904,96
triple_torus_genus3,3,dirichlet,905,103
triple_torus_genus3,3,dirichlet,906,109
triple_torus_genus3,3,dirichlet,907,98
triple_torus_genus3,3,dirichlet,908,107
triple_torus_genus3,3,dirichlet,909,64
triple_torus_genus3,3,dirichlet,910,113
triple_torus_genus3,3,dirichlet,911,100
triple_torus_genus3,3,dirichlet,912,100
triple_torus_genus3,3,dirichlet,913,87
triple_torus_genus3,3,dirichlet,914,89
triple_torus_genus3,3,dirichlet,915,90
triple_torus_genus3,3,dirichlet,916,111
triple_torus_genus3,3,dirichlet,917,103
triple_torus_genus3,3,dirichlet,918,101
triple_torus_genus3,3,dirichlet,919,97
triple_torus_genus3,3,dirichlet,920,101
triple_torus_genus3,3,dirichlet,921,93
triple_torus_genus3,3,dirichlet,922,86
triple_torus_genus3,3,dirichlet,923,90
triple_torus_genus3,3,dirichlet,924,88
triple_torus_genus3,3,dirichlet,925,80
triple_torus_genus3,3,dirichlet,926,95
triple_torus_genus3,3,dirichlet,927,89
triple_torus_genus3,3,dirichlet,928,102
triple_torus_genus3,3,dirichlet,929,96
triple_torus_genus3,3,dirichlet,930,78
triple_torus_genus3,3,dirichlet,931,105
triple_torus_genus3,3,dirichlet,932,108
triple_torus_genus3,3,dirichlet,933,103
triple_torus_genus3,3,dirichlet,934,86
triple_torus_genus3,3,dirichlet,935,96
triple_torus_genus3,3,dirichlet,936,104
triple_torus_genus3,3,dirichlet,937,92
triple_torus_genus3,3,dirichlet,938,93
triple_torus_genus3,3,dirichlet,939,104
triple_torus_genus3,3,dirichlet,940,101
triple_torus_genus3,3,dirichlet,941,88
triple_torus_genus3,3,dirichlet,942,98
triple_torus_genus3,3,dirichlet,943,93
triple_torus_genus3,3,dirichlet,944,116
triple_torus_genus3,3,dirichlet,945,99
triple_torus_genus3,3,dirichlet,946,104
triple_torus_genus3,3,dirichlet,947,86
triple_torus_genus3,3,dirichlet,948,74
triple_torus_genus3,3,dirichlet,949,103
triple_torus_genus3,3,dirichlet,950,97
triple_torus_genus3,3,dirichlet,951,91
triple_torus_genus3,3,dirichlet,952,85
triple_torus_genus3,3,dirichlet,953,98
triple_torus_genus3,3,dirichlet,954,101
triple_torus_genus3,3,dirichlet,955,108
triple_torus_genus3,3,dirichlet,956,103
triple_torus_genus3,3,dirichlet,957,91
triple_torus_genus3,3,dirichlet,958,77
triple_torus_genus3,3,dirichlet,959,111
triple_torus_genus3,3,dirichlet,960,106
triple_torus_genus3,3,dirichlet,961,88
triple_torus_genus3,3,dirichlet,962,97
triple_torus_genus3,3,dirichlet,963,121
triple_torus_genus3,3,dirichlet,964,102
triple_torus_genus3,3,dirichlet,965,67
triple_torus_genus3,3,dirichlet,966,77
triple_torus_genus3,3,dirichlet,967,99
triple_torus_genus3,3,dirichlet,968,99
triple_torus_genus3,3,dirichlet,969,89
triple_torus_genus3,3,dirichlet,970,102
triple_torus_genus3,3,dirichlet,971,97
triple_torus_genus3,3,dirichlet,972,84
triple_torus_genus3,3,dirichlet,973,105
triple_torus_genus3,3,dirichlet,974,95
triple_torus_genus3,3,dirichlet,975,82
triple_torus_genus3,3,dirichlet,976,113
triple_torus_genus3,3,dirichlet,977,79
triple_torus_genus3,3,dirichlet,978,90
triple_torus_genus3,3,dirichlet,979,103
triple_torus_genus3,3,dirichlet,980,109
triple_torus_genus3,3,dirichlet,981,90
triple_torus_genus3,3,dirichlet,982,73
triple_torus_genus3,3,dirichlet,983,81
triple_torus_genus3,3,dirichlet,984,87
triple_torus_genus3,3,dirichlet,985,80
triple_torus_genus3,3,dirichlet,986,93
triple_torus_genus3,3,dirichlet,987,109
triple_torus_genus3,3,dirichlet,988,104
triple_torus_genus3,3,dirichlet,989,86
triple_torus_genus3,3,dirichlet,990,88
triple_torus_genus3,3,dirichlet,991,73
triple_torus_genus3,3,dirichlet,992,91
triple_torus_genus3,3,dirichlet,993,92
triple_torus_genus3,3,dirichlet,994,102
triple_torus_genus3,3,dirichlet,995,106
triple_torus_genus3,3,dirichlet,996,80
triple_torus_genus3,3,dirichlet,997,89
triple_torus_genus3,3,dirichlet,998,116
triple_torus_genus3,3,dirichlet,999,89
triple_torus_genus3,3,normal_L2,0,106
triple_torus_genus3,3,normal_L2,1,100
triple_torus_genus3,3,normal_L2,2,89
triple_torus_genus3,3,normal_L2,3,98
triple_torus_genus3,3,normal_L2,4,111
triple_torus_genus3,3,normal_L2,5,110
triple_torus_genus3,3,normal_L2,6,101
triple_torus_genus3,3,normal_L2,7,112
triple_torus_genus3,3,normal_L2,8,106
triple_torus_genus3,3,normal_L2,9,108
triple_torus_genus3,3,normal_L2,10,107
triple_torus_genus3,3,normal_L2,11,96
triple_torus_genus3,3,normal_L2,12,96
triple_torus_genus3,3,normal_L2,13,97
triple_torus_genus3,3,normal_L2,14,96
triple_torus_genus3,3,normal_L2,15,79
triple_torus_genus3,3,normal_L2,16,105
triple_torus_genus3,3,normal_L2,17,84
triple_torus_genus3,3,normal_L2,18,105
triple_torus_genus3,3,normal_L2,19,98
triple_torus_genus3,3,normal_L2,20,91
triple_torus_genus3,3,normal_L2,21,98
triple_torus_genus3,3,normal_L2,22,85
triple_torus_genus3,3,normal_L2,23,96
triple_torus_genus3,3,normal_L2,24,90
triple_torus_genus3,3,normal_L2,25,99
triple_torus_genus3,3,normal_L2,26,66
triple_torus_genus3,3,normal_L2,27,109
triple_torus_genus3,3,normal_L2,28,114
triple_torus_genus3,3,normal_L2,29,92
triple_torus_genus3,3,normal_L2,30,99
triple_torus_genus3,3,normal_L2,31,104
triple_torus_genus3,3,normal_L2,32,105
triple_torus_genus3,3,normal_L2,33,95
triple_torus_genus3,3,normal_L2,34,88
triple_torus_genus3,3,normal_L2,35,109
triple_torus_genus3,3,normal_L2,36,93
triple_torus_genus3,3,normal_L2,37,104
triple_torus_genus3,3,normal_L2,38,91
triple_torus_genus3,3,normal_L2,39,111
triple_torus_genus3,3,normal_L2,40,82
triple_torus_genus3,3,normal_L2,41,118
triple_torus_genus3,3,normal_L2,42,85
triple_torus_genus3,3,normal_L2,43,98
triple_torus_genus3,3,normal_L2,44,82
triple_torus_genus3,3,normal_L2,45,90
triple_torus_genus3,3,normal_L2,46,98
triple_torus_genus3,3,normal_L2,47,97
triple_torus_genus3,3,normal_L2,48,96
triple_torus_genus3,3,normal_L2,49,101
triple_torus_genus3,3,normal_L2,50,94
triple_torus_genus3,3,normal_L2,51,92
triple_torus_genus3,3,normal_L2,52,84
triple_torus_genus3,3,normal_L2,53,107
triple_torus_genus3,3,normal_L2,54,88
triple_torus_genus3,3,normal_L2,55,84
triple_torus_genus3,3,normal_L2,56,94
triple_torus_genus3,3,normal_L2,57,106
triple_torus_genus3,3,normal_L2,58,94
triple_torus_genus3,3,normal_L2,59,100
triple_torus_genus3,3,normal_L2,60,109
triple_torus_genus3,3,normal_L2,61,85
triple_torus_genus3,3,normal_L2,62,103
triple_torus_genus3,3,normal_L2,63,79
triple_torus_genus3,3,normal_L2,64,95
triple_torus_genus3,3,normal_L2,65,95
triple_torus_genus3,3,normal_L2,66,93
triple_torus_genus3,3,normal_L2,67,99
triple_torus_genus3,3,normal_L2,68,116
triple_torus_genus3,3,normal_L2,69,86
triple_torus_genus3,3,normal_L2,70,103
triple_torus_genus3,3,normal_L2,71,91
triple_torus_genus3,3,normal_L2,72,98
triple_torus_genus3,3,normal_L2,73,101
triple_torus_genus3,3,normal_L2,74,114
triple_torus_genus3,3,normal_L2,75,98
triple_torus_genus3,3,normal_L2,76,109
triple_torus_genus3,3,normal_L2,77,102
triple_torus_genus3,3,normal_L2,78,105
triple_torus_genus3,3,normal_L2,79,95
triple_torus_genus3,3,normal_L2,80,86
triple_torus_genus3,3,normal_L2,81,82
triple_torus_genus3,3,normal_L2,82,91
triple_torus_genus3,3,normal_L2,83,97
triple_torus_genus3,3,normal_L2,84,83
triple_torus_genus3,3,normal_L2,85,95
triple_torus_genus3,3,normal_L2,86,116
triple_torus_genus3,3,normal_L2,87,106
triple_torus_genus3,3,normal_L2,88,111
triple_torus_genus3,3,normal_L2,89,108
triple_torus_genus3,3,normal_L2,90,95
triple_torus_genus3,3,normal_L2,91,95
triple_torus_genus3,3,normal_L2,92,106
triple_torus_genus3,3,normal_L2,93,89
triple_torus_genus3,3,normal_L2,94,120
triple_torus_genus3,3,normal_L2,95,131
triple_torus_genus3,3,normal_L2,96,109
triple_torus_genus3,3,normal_L2,97,95
triple_torus_genus3,3,normal_L2,98,86
triple_torus_genus3,3,normal_L2,99,102
triple_torus_genus3,3,normal_L2,100,106
triple_torus_genus3,3,normal_L2,101,85
triple_torus_genus3,3,normal_L2,102,93
triple_torus_genus3,3,normal_L2,103,104
triple_torus_genus3,3,normal_L2,104,95
triple_torus_genus3,3,normal_L2,105,100
triple_torus_genus3,3,normal_L2,106,102
triple_torus_genus3,3,normal_L2,107,105
triple_torus_genus3,3,normal_L2,108,82
triple_torus_genus3,3,normal_L2,109,100
triple_torus_genus3,3,normal_L2,110,96
triple_torus_genus3,3,normal_L2,111,84
triple_torus_genus3,3,normal_L2,112,96
triple_torus_genus3,3,normal_L2,113,102
triple_torus_genus3,3,normal_L2,114,103
triple_torus_genus3,3,normal_L2,115,95
triple_torus_genus3,3,normal_L2,116,105
triple_torus_genus3,3,normal_L2,117,93
triple_torus_genus3,3,normal_L2,118,89
triple_torus_genus3,3,normal_L2,119,87
triple_torus_genus3,3,normal_L2,120,96
triple_torus_genus3,3,normal_L2,121,109
triple_torus_genus3,3,normal_L2,122,92
triple_torus_genus3,3,normal_L2,123,98
triple_torus_genus3,3,normal_L2,124,88
triple_torus_genus3,3,normal_L2,125,94
triple_torus_genus3,3,normal_L2,126,99
triple_torus_genus3,3,normal_L2,127,93
triple_torus_genus3,3,normal_L2,128,96
triple_torus_genus3,3,normal_L2,129,82
triple_torus_genus3,3,normal_L2,130,94
triple_torus_genus3,3,normal_L2,131,81
triple_torus_genus3,3,normal_L2,132,112
triple_torus_genus3,3,normal_L2,133,90
triple_torus_genus3,3,normal_L2,134,74
triple_torus_genus3,3,normal_L2,135,115
triple_torus_genus3,3,normal_L2,136,98
triple_torus_genus3,3,normal_L2,137,112
triple_torus_genus3,3,normal_L2,138,82
triple_torus_genus3,3,normal_L2,139,97
triple_torus_genus3,3,normal_L2,140,102
triple_torus_genus3,3,normal_L2,141,102
triple_torus_genus3,3,normal_L2,142,93
triple_torus_genus3,3,normal_L2,143,89
triple_torus_genus3,3,normal_L2,144,94
triple_torus_genus3,3,normal_L2,145,96
triple_torus_genus3,3,normal_L2,146,114
triple_torus_genus3,3,normal_L2,147,105
triple_torus_genus3,3,normal_L2,148,101
triple_torus_genus3,3,normal_L2,149,100
triple_torus_genus3,3,normal_L2,150,78
triple_torus_genus3,3,normal_L2,151,93
triple_torus_genus3,3,normal_L2,152,94
triple_torus_genus3,3,normal_L2,153,96
triple_torus_genus3,3,normal_L2,154,80
triple_torus_genus3,3,normal_L2,155,99
triple_torus_genus3,3,normal_L2,156,99
triple_torus_genus3,3,normal_L2,157,134
triple_torus_genus3,3,normal_L2,158,92
triple_torus_genus3,3,normal_L2,159,110
triple_torus_genus3,3,normal_L2,160,98
triple_torus_genus3,3,normal_L2,161,104
triple_torus_genus3,3,normal_L2,162,94
triple_torus_genus3,3,normal_L2,163,104
triple_torus_genus3,3,normal_L2,164,92
triple_torus_genus3,3,normal_L2,165,109
triple_torus_genus3,3,normal_L2,166,117
triple_torus_genus3,3,normal_L2,167,81
triple_torus_genus3,3,normal_L2,168,91
triple_torus_genus3,3,normal_L2,169,98
triple_torus_genus3,3,normal_L2,170,93
triple_torus_genus3,3,normal_L2,171,100
triple_torus_genus3,3,normal_L2,172,64
triple_torus_genus3,3,normal_L2,173,103
triple_torus_genus3,3,normal_L2,174,103
triple_torus_genus3,3,normal_L2,175,89
triple_torus_genus3,3,normal_L2,176,100
triple_torus_genus3,3,normal_L2,177,110
triple_torus_genus3,3,normal_L2,178,104
triple_torus_genus3,3,normal_L2,179,104
triple_torus_genus3,3,normal_L2,180,97
triple_torus_genus3,3,normal_L2,181,97
triple_torus_genus3,3,normal_L2,182,103
triple_torus_genus3,3,normal_L2,183,90
triple_torus_genus3,3,normal_L2,184,111
triple_torus_genus3,3,normal_L2,185,99
triple_torus_genus3,3,normal_L2,186,87
triple_torus_genus3,3,normal_L2,187,104
triple_torus_genus3,3,normal_L2,188,92
triple_torus_genus3,3,normal_L2,189,101
triple_torus_genus3,3,normal_L2,190,97
triple_torus_genus3,3,normal_L2,191,93
triple_torus_genus3,3,normal_L2,192,106
triple_torus_genus3,3,normal_L2,193,107
triple_torus_genus3,3,normal_L2,194,97
triple_torus_genus3,3,normal_L2,195,115
triple_torus_genus3,3,normal_L2,196,97
triple_torus_genus3,3,normal_L2,197,75
triple_torus_genus3,3,normal_L2,198,98
triple_torus_genus3,3,normal_L2,199,98
triple_torus_genus3,3,normal_L2,200,103
triple_torus_genus3,3,normal_L2,201,74
triple_torus_genus3,3,normal_L2,202,104
triple_torus_genus3,3,normal_L2,203,94
triple_torus_genus3,3,normal_L2,204,88
triple_torus_genus3,3,normal_L2,205,92
triple_torus_genus3,3,normal_L2,206,87
triple_torus_genus3,3,normal_L2,207,93
triple_torus_genus3,3,normal_L2,208,107
triple_torus_genus3,3,normal_L2,209,91
triple_torus_genus3,3,normal_L2,210,80
triple_torus_genus3,3,normal_L2,211,78
triple_torus_genus3,3,normal_L2,212,92
triple_torus_genus3,3,normal_L2,213,115
triple_torus_genus3,3,normal_L2,214,86
triple_torus_genus3,3,normal_L2,215,95
triple_torus_genus3,3,normal_L2,216,92
triple_torus_genus3,3,normal_L2,217,96
triple_torus_genus3,3,normal_L2,218,105
triple_torus_genus3,3,normal_L2,219,86
triple_torus_genus3,3,normal_L2,220,111
triple_torus_genus3,3,normal_L2,221,97
triple_torus_genus3,3,normal_L2,222,91
triple_torus_genus3,3,normal_L2,223,95
triple_torus_genus3,3,normal_L2,224,86
triple_torus_genus3,3,normal_L2,225,115
triple_torus_genus3,3,normal_L2,226,80
triple_torus_genus3,3,normal_L2,227,80
triple_torus_genus3,3,normal_L2,228,94
triple_torus_genus3,3,normal_L2,229,107
triple_torus_genus3,3,normal_L2,230,94
triple_torus_genus3,3,normal_L2,231,108
triple_torus_genus3,3,normal_L2,232,94
triple_torus_genus3,3,normal_L2,233,90
triple_torus_genus3,3,normal_L2,234,106
triple_torus_genus3,3,normal_L2,235,94
triple_torus_genus3,3,normal_L2,236,96
triple_torus_genus3,3,normal_L2,237,105
triple_torus_genus3,3,normal_L2,238,105
triple_torus_genus3,3,normal_L2,239,90
triple_torus_genus3,3,normal_L2,240,113
triple_torus_genus3,3,normal_L2,241,97
triple_torus_genus3,3,normal_L2,242,89
triple_torus_genus3,3,normal_L2,243,84
triple_torus_genus3,3,normal_L2,244,97
triple_torus_genus3,3,normal_L2,245,94
triple_torus_genus3,3,normal_L2,246,98
triple_torus_genus3,3,normal_L2,247,80
triple_torus_genus3,3,normal_L2,248,92
triple_torus_genus3,3,normal_L2,249,92
triple_torus_genus3,3,normal_L2,250,97
triple_torus_genus3,3,normal_L2,251,120
triple_torus_genus3,3,normal_L2,252,82
triple_torus_genus3,3,normal_L2,253,93
triple_torus_genus3,3,normal_L2,254,119
triple_torus_genus3,3,normal_L2,255,100
triple_torus_genus3,3,normal_L2,256,105
triple_torus_genus3,3,normal_L2,257,108
triple_torus_genus3,3,normal_L2,258,86
triple_torus_genus3,3,normal_L2,259,73
triple_torus_genus3,3,normal_L2,260,81
triple_torus_genus3,3,normal_L2,261,102
triple_torus_genus3,3,normal_L2,262,104
triple_torus_genus3,3,normal_L2,263,97
triple_torus_genus3,3,normal_L2,264,103
triple_torus_genus3,3,normal_L2,265,96
triple_torus_genus3,3,normal_L2,266,90
triple_torus_genus3,3,normal_L2,267,72
triple_torus_genus3,3,normal_L2,268,112
triple_torus_genus3,3,normal_L2,269,73
triple_torus_genus3,3,normal_L2,270,105
triple_torus_genus3,3,normal_L2,271,94
triple_torus_genus3,3,normal_L2,272,100
triple_torus_genus3,3,normal_L2,273,89
triple_torus_genus3,3,normal_L2,274,112
triple_torus_genus3,3,normal_L2,275,85
triple_torus_genus3,3,normal_L2,276,96
triple_torus_genus3,3,normal_L2,277,84
triple_torus_genus3,3,normal_L2,278,96
triple_torus_genus3,3,normal_L2,279,88
triple_torus_genus3,3,normal_L2,280,120
triple_torus_genus3,3,normal_L2,281,108
triple_torus_genus3,3,normal_L2,282,99
triple_torus_genus3,3,normal_L2,283,98
triple_torus_genus3,3,normal_L2,284,85
triple_torus_genus3,3,normal_L2,285,97
triple_torus_genus3,3,normal_L2,286,90
triple_torus_genus3,3,normal_L2,287,101
triple_torus_genus3,3,normal_L2,288,99
triple_torus_genus3,3,normal_L2,289,102
triple_torus_genus3,3,normal_L2,290,94
triple_torus_genus3,3,normal_L2,291,97
triple_torus_genus3,3,normal_L2,292,85
triple_torus_genus3,3,normal_L2,293,86
triple_torus_genus3,3,normal_L2,294,105
triple_torus_genus3,3,normal_L2,295,92
triple_torus_genus3,3,normal_L2,296,103
triple_torus_genus3,3,normal_L2,297,93
triple_torus_genus3,3,normal_L2,298,81
triple_torus_genus3,3,normal_L2,299,110
triple_torus_genus3,3,normal_L2,300,118
triple_torus_genus3,3,normal_L2,301,103
triple_torus_genus3,3,normal_L2,302,82
triple_torus_genus3,3,normal_L2,303,90
triple_torus_genus3,3,normal_L2,304,99
triple_torus_genus3,3,normal_L2,305,87
triple_torus_genus3,3,normal_L2,306,80
triple_torus_genus3,3,normal_L2,307,94
triple_torus_genus3,3,normal_L2,308,104
triple_torus_genus3,3,normal_L2,309,88
triple_torus_genus3,3,normal_L2,310,84
triple_torus_genus3,3,normal_L2,311,121
triple_torus_genus3,3,normal_L2,312,82
triple_torus_genus3,3,normal_L2,313,97
triple_torus_genus3,3,normal_L2,314,94
triple_torus_genus3,3,normal_L2,315,90
triple_torus_genus3,3,normal_L2,316,113
triple_torus_genus3,3,normal_L2,317,99
triple_torus_genus3,3,normal_L2,318,92
triple_torus_genus3,3,normal_L2,319,106
triple_torus_genus3,3,normal_L2,320,107
triple_torus_genus3,3,normal_L2,321,100
triple_torus_genus3,3,normal_L2,322,101
triple_torus_genus3,3,normal_L2,323,97
triple_torus_genus3,3,normal_L2,324,110
triple_torus_genus3,3,normal_L2,325,88
triple_torus_genus3,3,normal_L2,326,114
triple_torus_genus3,3,normal_L2,327,77
triple_torus_genus3,3,normal_L2,328,92
triple_torus_genus3,3,normal_L2,329,93
triple_torus_genus3,3,normal_L2,330,95
triple_torus_genus3,3,normal_L2,331,79
triple_torus_genus3,3,normal_L2,332,99
triple_torus_genus3,3,normal_L2,333,112
triple_torus_genus3,3,normal_L2,334,95
triple_torus_genus3,3,normal_L2,335,113
triple_torus_genus3,3,normal_L2,336,115
triple_torus_genus3,3,normal_L2,337,87
triple_torus_genus3,3,normal_L2,338,91
triple_torus_genus3,3,normal_L2,339,91
triple_torus_genus3,3,normal_L2,340,87
triple_torus_genus3,3,normal_L2,341,110
triple_torus_genus3,3,normal_L2,342,89
triple_torus_genus3,3,normal_L2,343,79
triple_torus_genus3,3,normal_L2,344,113
triple_torus_genus3,3,normal_L2,345,101
triple_torus_genus3,3,normal_L2,346,101
triple_torus_genus3,3,normal_L2,347,94
triple_torus_genus3,3,normal_L2,348,110
triple_torus_genus3,3,normal_L2,349,77
triple_torus_genus3,3,normal_L2,350,102
triple_torus_genus3,3,normal_L2,351,101
triple_torus_genus3,3,normal_L2,352,85
triple_torus_genus3,3,normal_L2,353,108
triple_torus_genus3,3,normal_L2,354,107
triple_torus_genus3,3,normal_L2,355,99
triple_torus_genus3,3,normal_L2,356,117
triple_torus_genus3,3,normal_L2,357,90
triple_torus_genus3,3,normal_L2,358,107
triple_torus_genus3,3,normal_L2,359,95
triple_torus_genus3,3,normal_L2,360,81
triple_torus_genus3,3,normal_L2,361,118
triple_torus_genus3,3,normal_L2,362,85
triple_torus_genus3,3,normal_L2,363,99
triple_torus_genus3,3,normal_L2,364,94
triple_torus_genus3,3,normal_L2,365,79
triple_torus_genus3,3,normal_L2,366,98
triple_torus_genus3,3,normal_L2,367,80
triple_torus_genus3,3,normal_L2,368,79
triple_torus_genus3,3,normal_L2,369,98
triple_torus_genus3,3,normal_L2,370,112
triple_torus_genus3,3,normal_L2,371,98
triple_torus_genus3,3,normal_L2,372,85
triple_torus_genus3,3,normal_L2,373,96
triple_torus_genus3,3,normal_L2,374,88
triple_torus_genus3,3,normal_L2,375,101
triple_torus_genus3,3,normal_L2,376,78
triple_torus_genus3,3,normal_L2,377,119
triple_torus_genus3,3,normal_L2,378,81
triple_torus_genus3,3,normal_L2,379,97
triple_torus_genus3,3,normal_L2,380,103
triple_torus_genus3,3,normal_L2,381,92
triple_torus_genus3,3,normal_L2,382,95
triple_torus_genus3,3,normal_L2,383,78
triple_torus_genus3,3,normal_L2,384,98
triple_torus_genus3,3,normal_L2,385,93
triple_torus_genus3,3,normal_L2,386,91
triple_torus_genus3,3,normal_L2,387,79
triple_torus_genus3,3,normal_L2,388,100
triple_torus_genus3,3,normal_L2,389,98
triple_torus_genus3,3,normal_L2,390,113
triple_torus_genus3,3,normal_L2,391,107
triple_torus_genus3,3,normal_L2,392,75
triple_torus_genus3,3,normal_L2,393,88
triple_torus_genus3,3,normal_L2,394,106
triple_torus_genus3,3,normal_L2,395,90
triple_torus_genus3,3,normal_L2,396,101
triple_torus_genus3,3,normal_L2,397,95
triple_torus_genus3,3,normal_L2,398,103
triple_torus_genus3,3,normal_L2,399,99
triple_torus_genus3,3,normal_L2,400,99
triple_torus_genus3,3,normal_L2,401,99
triple_torus_genus3,3,normal_L2,402,94
triple_torus_genus3,3,normal_L2,403,101
triple_torus_genus3,3,normal_L2,404,97
triple_torus_genus3,3,normal_L2,405,90
triple_torus_genus3,3,normal_L2,406,104
triple_torus_genus3,3,normal_L2,407,91
triple_torus_genus3,3,normal_L2,408,101
triple_torus_genus3,3,normal_L2,409,97
triple_torus_genus3,3,normal_L2,410,108
triple_torus_genus3,3,normal_L2,411,100
triple_torus_genus3,3,normal_L2,412,99
triple_torus_genus3,3,normal_L2,413,118
triple_torus_genus3,3,normal_L2,414,98
triple_torus_genus3,3,normal_L2,415,108
triple_torus_genus3,3,normal_L2,416,100
triple_torus_genus3,3,normal_L2,417,120
triple_torus_genus3,3,normal_L2,418,79
triple_torus_genus3,3,normal_L2,419,106
triple_torus_genus3,3,normal_L2,420,82
triple_torus_genus3,3,normal_L2,421,107
triple_torus_genus3,3,normal_L2,422,82
triple_torus_genus3,3,normal_L2,423,99
triple_torus_genus3,3,normal_L2,424,100
triple_torus_genus3,3,normal_L2,425,98
triple_torus_genus3,3,normal_L2,426,100
triple_torus_genus3,3,normal_L2,427,98
triple_torus_genus3,3,normal_L2,428,103
triple_torus_genus3,3,normal_L2,429,75
triple_torus_genus3,3,normal_L2,430,87
triple_torus_genus3,3,normal_L2,431,107
triple_torus_genus3,3,normal_L2,432,112
triple_torus_genus3,3,normal_L2,433,91
triple_torus_genus3,3,normal_L2,434,107
triple_torus_genus3,3,normal_L2,435,106
triple_torus_genus3,3,normal_L2,436,98
triple_torus_genus3,3,normal_L2,437,93
triple_torus_genus3,3,normal_L2,438,92
triple_torus_genus3,3,normal_L2,439,93
triple_torus_genus3,3,normal_L2,440,90
triple_torus_genus3,3,normal_L2,441,86
triple_torus_genus3,3,normal_L2,442,87
triple_torus_genus3,3,normal_L2,443,82
triple_torus_genus3,3,normal_L2,444,98
triple_torus_genus3,3,normal_L2,445,93
triple_torus_genus3,3,normal_L2,446,104
triple_torus_genus3,3,normal_L2,447,118
triple_torus_genus3,3,normal_L2,448,99
triple_torus_genus3,3,normal_L2,449,100
triple_torus_genus3,3,normal_L2,450,103
triple_torus_genus3,3,normal_L2,451,100
triple_torus_genus3,3,normal_L2,452,117
triple_torus_genus3,3,normal_L2,453,103
triple_torus_genus3,3,normal_L2,454,115
triple_torus_genus3,3,normal_L2,455,120
triple_torus_genus3,3,normal_L2,456,107
triple_torus_genus3,3,normal_L2,457,78
triple_torus_genus3,3,normal_L2,458,94
triple_torus_genus3,3,normal_L2,459,90
triple_torus_genus3,3,normal_L2,460,85
triple_torus_genus3,3,normal_L2,461,95
triple_torus_genus3,3,normal_L2,462,92
triple_torus_genus3,3,normal_L2,463,110
triple_torus_genus3,3,normal_L2,464,81
triple_torus_genus3,3,normal_L2,465,101
triple_torus_genus3,3,normal_L2,466,90
triple_torus_genus3,3,normal_L2,467,94
triple_torus_genus3,3,normal_L2,468,122
triple_torus_genus3,3,normal_L2,469,98
triple_torus_genus3,3,normal_L2,470,92
triple_torus_genus3,3,normal_L2,471,103
triple_torus_genus3,3,normal_L2,472,114
triple_torus_genus3,3,normal_L2,473,93
triple_torus_genus3,3,normal_L2,474,96
triple_torus_genus3,3,normal_L2,475,97
triple_torus_genus3,3,normal_L2,476,82
triple_torus_genus3,3,normal_L2,477,104
triple_torus_genus3,3,normal_L2,478,104
triple_torus_genus3,3,normal_L2,479,91
triple_torus_genus3,3,normal_L2,480,87
triple_torus_genus3,3,normal_L2,481,86
triple_torus_genus3,3,normal_L2,482,100
triple_torus_genus3,3,normal_L2,483,106
triple_torus_genus3,3,normal_L2,484,82
triple_torus_genus3,3,normal_L2,485,102
triple_torus_genus3,3,normal_L2,486,94
triple_torus_genus3,3,normal_L2,487,91
triple_torus_genus3,3,normal_L2,488,85
triple_torus_genus3,3,normal_L2,489,88
triple_torus_genus3,3,normal_L2,490,82
triple_torus_genus3,3,normal_L2,491,88
triple_torus_genus3,3,normal_L2,492,107
triple_torus_genus3,3,normal_L2,493,78
triple_torus_genus3,3,normal_L2,494,90
triple_torus_genus3,3,normal_L2,495,96
triple_torus_genus3,3,normal_L2,496,98
triple_torus_genus3,3,normal_L2,497,105
triple_torus_genus3,3,normal_L2,498,88
triple_torus_genus3,3,normal_L2,499,80
triple_torus_genus3,3,normal_L2,500,104
triple_torus_genus3,3,normal_L2,501,93
triple_torus_genus3,3,normal_L2,502,99
triple_torus_genus3,3,normal_L2,503,91
triple_torus_genus3,3,normal_L2,504,104
triple_torus_genus3,3,normal_L2,505,80
triple_torus_genus3,3,normal_L2,506,89
triple_torus_genus3,3,normal_L2,507,103
triple_torus_genus3,3,normal_L2,508,97
triple_torus_genus3,3,normal_L2,509,126
triple_torus_genus3,3,normal_L2,510,98
triple_torus_genus3,3,normal_L2,511,106
triple_torus_genus3,3,normal_L2,512,109
triple_torus_genus3,3,normal_L2,513,101
triple_torus_genus3,3,normal_L2,514,117
triple_torus_genus3,3,normal_L2,515,82
triple_torus_genus3,3,normal_L2,516,114
triple_torus_genus3,3,normal_L2,517,92
triple_torus_genus3,3,normal_L2,518,86
triple_torus_genus3,3,normal_L2,519,110
triple_torus_genus3,3,normal_L2,520,90
triple_torus_genus3,3,normal_L2,521,93
triple_torus_genus3,3,normal_L2,522,75
triple_torus_genus3,3,normal_L2,523,102
triple_torus_genus3,3,normal_L2,524,100
triple_torus_genus3,3,normal_L2,525,108
triple_torus_genus3,3,normal_L2,526,87
triple_torus_genus3,3,normal_L2,527,96
triple_torus_genus3,3,normal_L2,528,83
triple_torus_genus3,3,normal_L2,529,94
triple_torus_genus3,3,normal_L2,530,77
triple_torus_genus3,3,normal_L2,531,107
triple_torus_genus3,3,normal_L2,532,92
triple_torus_genus3,3,normal_L2,533,81
triple_torus_genus3,3,normal_L2,534,115
triple_torus_genus3,3,normal_L2,535,101
triple_torus_genus3,3,normal_L2,536,89
triple_torus_genus3,3,normal_L2,537,101
triple_torus_genus3,3,normal_L2,538,107
triple_torus_genus3,3,normal_L2,539,120
triple_torus_genus3,3,normal_L2,540,98
triple_torus_genus3,3,normal_L2,541,97
triple_torus_genus3,3,normal_L2,542,82
triple_torus_genus3,3,normal_L2,543,110
triple_torus_genus3,3,normal_L2,544,57
triple_torus_genus3,3,normal_L2,545,101
triple_torus_genus3,3,normal_L2,546,89
triple_torus_genus3,3,normal_L2,547,102
triple_torus_genus3,3,normal_L2,548,101
triple_torus_genus3,3,normal_L2,549,93
triple_torus_genus3,3,normal_L2,550,91
triple_torus_genus3,3,normal_L2,551,106
triple_torus_genus3,3,normal_L2,552,110
triple_torus_genus3,3,normal_L2,553,106
triple_torus_genus3,3,normal_L2,554,105
triple_torus_genus3,3,normal_L2,555,123
triple_torus_genus3,3,normal_L2,556,92
triple_torus_genus3,3,normal_L2,557,100
triple_torus_genus3,3,normal_L2,558,121
triple_torus_genus3,3,normal_L2,559,95
triple_torus_genus3,3,normal_L2,560,90
triple_torus_genus3,3,normal_L2,561,112
triple_torus_genus3,3,normal_L2,562,102
triple_torus_genus3,3,normal_L2,563,89
triple_torus_genus3,3,normal_L2,564,89
triple_torus_genus3,3,normal_L2,565,104
triple_torus_genus3,3,normal_L2,566,97
triple_torus_genus3,3,normal_L2,567,108
triple_torus_genus3,3,normal_L2,568,96
triple_torus_genus3,3,normal_L2,569,75
triple_torus_genus3,3,normal_L2,570,91
triple_torus_genus3,3,normal_L2,571,91
triple_torus_genus3,3,normal_L2,572,94
triple_torus_genus3,3,normal_L2,573,88
triple_torus_genus3,3,normal_L2,574,102
triple_torus_genus3,3,normal_L2,575,105
triple_torus_genus3,3,normal_L2,576,96
triple_torus_genus3,3,normal_L2,577,106
triple_torus_genus3,3,normal_L2,578,98
triple_torus_genus3,3,normal_L2,579,104
triple_torus_genus3,3,normal_L2,580,82
triple_torus_genus3,3,normal_L2,581,88
triple_torus_genus3,3,normal_L2,582,94
triple_torus_genus3,3,normal_L2,583,112
triple_torus_genus3,3,normal_L2,584,85
triple_torus_genus3,3,normal_L2,585,106
triple_torus_genus3,3,normal_L2,586,93
triple_torus_genus3,3,normal_L2,587,105
triple_torus_genus3,3,normal_L2,588,100
triple_torus_genus3,3,normal_L2,589,109
triple_torus_genus3,3,normal_L2,590,98
triple_torus_genus3,3,normal_L2,591,86
triple_torus_genus3,3,normal_L2,592,99
triple_torus_genus3,3,normal_L2,593,100
triple_torus_genus3,3,normal_L2,594,109
triple_torus_genus3,3,normal_L2,595,108
triple_torus_genus3,3,normal_L2,596,107
triple_torus_genus3,3,normal_L2,597,87
triple_torus_genus3,3,normal_L2,598,97
triple_torus_genus3,3,normal_L2,599,99
triple_torus_genus3,3,normal_L2,600,101
triple_torus_genus3,3,normal_L2,601,104
triple_torus_genus3,3,normal_L2,602,91
triple_torus_genus3,3,normal_L2,603,97
triple_torus_genus3,3,normal_L2,604,86
triple_torus_genus3,3,normal_L2,605,90
triple_torus_genus3,3,normal_L2,606,102
triple_torus_genus3,3,normal_L2,607,94
triple_torus_genus3,3,normal_L2,608,106
triple_torus_genus3,3,normal_L2,609,122
triple_torus_genus3,3,normal_L2,610,99
triple_torus_genus3,3,normal_L2,611,97
triple_torus_genus3,3,normal_L2,612,92
triple_torus_genus3,3,normal_L2,613,82
triple_torus_genus3,3,normal_L2,614,104
triple_torus_genus3,3,normal_L2,615,100
triple_torus_genus3,3,normal_L2,616,111
triple_torus_genus3,3,normal_L2,617,104
triple_torus_genus3,3,normal_L2,618,84
triple_torus_genus3,3,normal_L2,619,69
triple_torus_genus3,3,normal_L2,620,84
triple_torus_genus3,3,normal_L2,621,66
triple_torus_genus3,3,normal_L2,622,113
triple_torus_genus3,3,normal_L2,623,107
triple_torus_genus3,3,normal_L2,624,122
triple_torus_genus3,3,normal_L2,625,92
triple_torus_genus3,3,normal_L2,626,108
triple_torus_genus3,3,normal_L2,627,96
triple_torus_genus3,3,normal_L2,628,85
triple_torus_genus3,3,normal_L2,629,108
triple_torus_genus3,3,normal_L2,630,92
triple_torus_genus3,3,normal_L2,631,114
triple_torus_genus3,3,normal_L2,632,96
triple_torus_genus3,3,normal_L2,633,83
triple_torus_genus3,3,normal_L2,634,92
triple_torus_genus3,3,normal_L2,635,110
triple_torus_genus3,3,normal_L2,636,93
triple_torus_genus3,3,normal_L2,637,102
triple_torus_genus3,3,normal_L2,638,94
triple_torus_genus3,3,normal_L2,639,101
triple_torus_genus3,3,normal_L2,640,83
triple_torus_genus3,3,normal_L2,641,108
triple_torus_genus3,3,normal_L2,642,87
triple_torus_genus3,3,normal_L2,643,99
triple_torus_genus3,3,normal_L2,644,114
triple_torus_genus3,3,normal_L2,645,89
triple_torus_genus3,3,normal_L2,646,88
triple_torus_genus3,3,normal_L2,647,111
triple_torus_genus3,3,normal_L2,648,99
triple_torus_genus3,3,normal_L2,649,109
triple_torus_genus3,3,normal_L2,650,118
triple_torus_genus3,3,normal_L2,651,83
triple_torus_genus3,3,normal_L2,652,116
triple_torus_genus3,3,normal_L2,653,94
triple_torus_genus3,3,normal_L2,654,104
triple_torus_genus3,3,normal_L2,655,101
triple_torus_genus3,3,normal_L2,656,115
triple_torus_genus3,3,normal_L2,657,103
triple_torus_genus3,3,normal_L2,658,85
triple_torus_genus3,3,normal_L2,659,121
triple_torus_genus3,3,normal_L2,660,108
triple_torus_genus3,3,normal_L2,661,86
triple_torus_genus3,3,normal_L2,662,113
triple_torus_genus3,3,normal_L2,663,102
triple_torus_genus3,3,normal_L2,664,88
triple_torus_genus3,3,normal_L2,665,108
triple_torus_genus3,3,normal_L2,666,81
triple_torus_genus3,3,normal_L2,667,105
triple_torus_genus3,3,normal_L2,668,104
triple_torus_genus3,3,normal_L2,669,125
triple_torus_genus3,3,normal_L2,670,104
triple_torus_genus3,3,normal_L2,671,93
triple_torus_genus3,3,normal_L2,672,96
triple_torus_genus3,3,normal_L2,673,92
triple_torus_genus3,3,normal_L2,674,122
triple_torus_genus3,3,normal_L2,675,98
triple_torus_genus3,3,normal_L2,676,75
triple_torus_genus3,3,normal_L2,677,85
triple_torus_genus3,3,normal_L2,678,122
triple_torus_genus3,3,normal_L2,679,87
triple_torus_genus3,3,normal_L2,680,103
triple_torus_genus3,3,normal_L2,681,91
triple_torus_genus3,3,normal_L2,682,101
triple_torus_genus3,3,normal_L2,683,89
triple_torus_genus3,3,normal_L2,684,96
triple_torus_genus3,3,normal_L2,685,112
triple_torus_genus3,3,normal_L2,686,99
triple_torus_genus3,3,normal_L2,687,89
triple_torus_genus3,3,normal_L2,688,114
triple_torus_genus3,3,normal_L2,689,80
triple_torus_genus3,3,normal_L2,690,100
triple_torus_genus3,3,normal_L2,691,106
triple_torus_genus3,3,normal_L2,692,93
triple_torus_genus3,3,normal_L2,693,122
triple_torus_genus3,3,normal_L2,694,92
triple_torus_genus3,3,normal_L2,695,97
triple_torus_genus3,3,normal_L2,696,89
triple_torus_genus3,3,normal_L2,697,101
triple_torus_genus3,3,normal_L2,698,95
triple_torus_genus3,3,normal_L2,699,100
triple_torus_genus3,3,normal_L2,700,97
triple_torus_genus3,3,normal_L2,701,92
triple_torus_genus3,3,normal_L2,702,87
triple_torus_genus3,3,normal_L2,703,109
triple_torus_genus3,3,normal_L2,704,94
triple_torus_genus3,3,normal_L2,705,99
triple_torus_genus3,3,normal_L2,706,101
triple_torus_genus3,3,normal_L2,707,107
triple_torus_genus3,3,normal_L2,708,93
triple_torus_genus3,3,normal_L2,709,95
triple_torus_genus3,3,normal_L2,710,90
triple_torus_genus3,3,normal_L2,711,89
triple_torus_genus3,3,normal_L2,712,89
triple_torus_genus3,3,normal_L2,713,100
triple_torus_genus3,3,normal_L2,714,103
triple_torus_genus3,3,normal_L2,715,114
triple_torus_genus3,3,normal_L2,716,107
triple_torus_genus3,3,normal_L2,717,82
triple_torus_genus3,3,normal_L2,718,120
triple_torus_genus3,3,normal_L2,719,110
triple_torus_genus3,3,normal_L2,720,99
triple_torus_genus3,3,normal_L2,721,101
triple_torus_genus3,3,normal_L2,722,97
triple_torus_genus3,3,normal_L2,723,100
triple_torus_genus3,3,normal_L2,724,95
triple_torus_genus3,3,normal_L2,725,98
triple_torus_genus3,3,normal_L2,726,97
triple_torus_genus3,3,normal_L2,727,81
triple_torus_genus3,3,normal_L2,728,109
triple_torus_genus3,3,normal_L2,729,92
triple_torus_genus3,3,normal_L2,730,88
triple_torus_genus3,3,normal_L2,731,114
triple_torus_genus3,3,normal_L2,732,108
triple_torus_genus3,3,normal_L2,733,89
triple_torus_genus3,3,normal_L2,734,127
triple_torus_genus3,3,normal_L2,735,92
triple_torus_genus3,3,normal_L2,736,89
triple_torus_genus3,3,normal_L2,737,106
triple_torus_genus3,3,normal_L2,738,89
triple_torus_genus3,3,normal_L2,739,102
triple_torus_genus3,3,normal_L2,740,102
triple_torus_genus3,3,normal_L2,741,97
triple_torus_genus3,3,normal_L2,742,108
triple_torus_genus3,3,normal_L2,743,111
triple_torus_genus3,3,normal_L2,744,98
triple_torus_genus3,3,normal_L2,745,98
triple_torus_genus3,3,normal_L2,746,103
triple_torus_genus3,3,normal_L2,747,114
triple_torus_genus3,3,normal_L2,748,108
triple_torus_genus3,3,normal_L2,749,119
triple_torus_genus3,3,normal_L2,750,98
triple_torus_genus3,3,normal_L2,751,92
triple_torus_genus3,3,normal_L2,752,97
triple_torus_genus3,3,normal_L2,753,92
triple_torus_genus3,3,normal_L2,754,107
triple_torus_genus3,3,normal_L2,755,103
triple_torus_genus3,3,normal_L2,756,99
triple_torus_genus3,3,normal_L2,757,88
triple_torus_genus3,3,normal_L2,758,81
triple_torus_genus3,3,normal_L2,759,91
triple_torus_genus3,3,normal_L2,760,92
triple_torus_genus3,3,normal_L2,761,115
triple_torus_genus3,3,normal_L2,762,109
triple_torus_genus3,3,normal_L2,763,100
triple_torus_genus3,3,normal_L2,764,100
triple_torus_genus3,3,normal_L2,765,88
triple_torus_genus3,3,normal_L2,766,94
triple_torus_genus3,3,normal_L2,767,106
triple_torus_genus3,3,normal_L2,768,82
triple_torus_genus3,3,normal_L2,769,88
triple_torus_genus3,3,normal_L2,770,107
triple_torus_genus3,3,normal_L2,771,99
triple_torus_genus3,3,normal_L2,772,96
triple_torus_genus3,3,normal_L2,773,106
triple_torus_genus3,3,normal_L2,774,98
triple_torus_genus3,3,normal_L2,775,77
triple_torus_genus3,3,normal_L2,776,105
triple_torus_genus3,3,normal_L2,777,119
triple_torus_genus3,3,normal_L2,778,94
triple_torus_genus3,3,normal_L2,779,100
triple_torus_genus3,3,normal_L2,780,102
triple_torus_genus3,3,normal_L2,781,75
triple_torus_genus3,3,normal_L2,782,88
triple_torus_genus3,3,normal_L2,783,121
triple_torus_genus3,3,normal_L2,784,94
triple_torus_genus3,3,normal_L2,785,118
triple_torus_genus3,3,normal_L2,786,99
triple_torus_genus3,3,normal_L2,787,101
triple_torus_genus3,3,normal_L2,788,101
triple_torus_genus3,3,normal_L2,789,106
triple_torus_genus3,3,normal_L2,790,94
triple_torus_genus3,3,normal_L2,791,106
triple_torus_genus3,3,normal_L2,792,93
triple_torus_genus3,3,normal_L2,793,94
triple_torus_genus3,3,normal_L2,794,108
triple_torus_genus3,3,normal_L2,795,113
triple_torus_genus3,3,normal_L2,796,113
triple_torus_genus3,3,normal_L2,797,104
triple_torus_genus3,3,normal_L2,798,110
triple_torus_genus3,3,normal_L2,799,92
triple_torus_genus3,3,normal_L2,800,102
triple_torus_genus3,3,normal_L2,801,110
triple_torus_genus3,3,normal_L2,802,102
triple_torus_genus3,3,normal_L2,803,100
triple_torus_genus3,3,normal_L2,804,82
triple_torus_genus3,3,normal_L2,805,90
triple_torus_genus3,3,normal_L2,806,106
triple_torus_genus3,3,normal_L2,807,98
triple_torus_genus3,3,normal_L2,808,96
triple_torus_genus3,3,normal_L2,809,87
triple_torus_genus3,3,normal_L2,810,67
triple_torus_genus3,3,normal_L2,811,112
triple_torus_genus3,3,normal_L2,812,81
triple_torus_genus3,3,normal_L2,813,119
triple_torus_genus3,3,normal_L2,814,98
triple_torus_genus3,3,normal_L2,815,102
triple_torus_genus3,3,normal_L2,816,96
triple_torus_genus3,3,normal_L2,817,81
triple_torus_genus3,3,normal_L2,818,91
triple_torus_genus3,3,normal_L2,819,113
triple_torus_genus3,3,normal_L2,820,102
triple_torus_genus3,3,normal_L2,821,90
triple_torus_genus3,3,normal_L2,822,117
triple_torus_genus3,3,normal_L2,823,117
triple_torus_genus3,3,normal_L2,824,84
triple_torus_genus3,3,normal_L2,825,98
triple_torus_genus3,3,normal_L2,826,112
triple_torus_genus3,3,normal_L2,827,80
triple_torus_genus3,3,normal_L2,828,80
triple_torus_genus3,3,normal_L2,829,113
triple_torus_genus3,3,normal_L2,830,91
triple_torus_genus3,3,normal_L2,831,79
triple_torus_genus3,3,normal_L2,832,91
triple_torus_genus3,3,normal_L2,833,106
triple_torus_genus3,3,normal_L2,834,102
triple_torus_genus3,3,normal_L2,835,108
triple_torus_genus3,3,normal_L2,836,91
triple_torus_genus3,3,normal_L2,837,73
triple_torus_genus3,3,normal_L2,838,95
triple_torus_genus3,3,normal_L2,839,94
triple_torus_genus3,3,normal_L2,840,107
triple_torus_genus3,3,normal_L2,841,73
triple_torus_genus3,3,normal_L2,842,97
triple_torus_genus3,3,normal_L2,843,103
triple_torus_genus3,3,normal_L2,844,94
triple_torus_genus3,3,normal_L2,845,108
triple_torus_genus3,3,normal_L2,846,87
triple_torus_genus3,3,normal_L2,847,84
triple_torus_genus3,3,normal_L2,848,85
triple_torus_genus3,3,normal_L2,849,96
triple_torus_genus3,3,normal_L2,850,125
triple_torus_genus3,3,normal_L2,851,102
triple_torus_genus3,3,normal_L2,852,95
triple_torus_genus3,3,normal_L2,853,106
triple_torus_genus3,3,normal_L2,854,96
triple_torus_genus3,3,normal_L2,855,108
triple_torus_genus3,3,normal_L2,856,124
triple_torus_genus3,3,normal_L2,857,103
triple_torus_genus3,3,normal_L2,858,82
triple_torus_genus3,3,normal_L2,859,95
triple_torus_genus3,3,normal_L2,860,93
triple_torus_genus3,3,normal_L2,861,122
triple_torus_genus3,3,normal_L2,862,82
triple_torus_genus3,3,normal_L2,863,114
triple_torus_genus3,3,normal_L2,864,124
triple_torus_genus3,3,normal_L2,865,101
triple_torus_genus3,3,normal_L2,866,96
triple_torus_genus3,3,normal_L2,867,92
triple_torus_genus3,3,normal_L2,868,86
triple_torus_genus3,3,normal_L2,869,105
triple_torus_genus3,3,normal_L2,870,96
triple_torus_genus3,3,normal_L2,871,104
triple_torus_genus3,3,normal_L2,872,95
triple_torus_genus3,3,normal_L2,873,90
triple_torus_genus3,3,normal_L2,874,90
triple_torus_genus3,3,normal_L2,875,98
triple_torus_genus3,3,normal_L2,876,87
triple_torus_genus3,3,normal_L2,877,100
triple_torus_genus3,3,normal_L2,878,112
triple_torus_genus3,3,normal_L2,879,119
triple_torus_genus3,3,normal_L2,880,84
triple_torus_genus3,3,normal_L2,881,95
triple_torus_genus3,3,normal_L2,882,107
triple_torus_genus3,3,normal_L2,883,108
triple_torus_genus3,3,normal_L2,884,99
triple_torus_genus3,3,normal_L2,885,112
triple_torus_genus3,3,normal_L2,886,111
triple_torus_genus3,3,normal_L2,887,48
triple_torus_genus3,3,normal_L2,888,107
triple_torus_genus3,3,normal_L2,889,104
triple_torus_genus3,3,normal_L2,890,119
triple_torus_genus3,3,normal_L2,891,116
triple_torus_genus3,3,normal_L2,892,93
triple_torus_genus3,3,normal_L2,893,83
triple_torus_genus3,3,normal_L2,894,83
triple_torus_genus3,3,normal_L2,895,109
triple_torus_genus3,3,normal_L2,896,120
triple_torus_genus3,3,normal_L2,897,88
triple_torus_genus3,3,normal_L2,898,114
triple_torus_genus3,3,normal_L2,899,102
triple_torus_genus3,3,normal_L2,900,120
triple_torus_genus3,3,normal_L2,901,98
triple_torus_genus3,3,normal_L2,902,114
triple_torus_genus3,3,normal_L2,903,117
triple_torus_genus3,3,normal_L2,904,98
triple_torus_genus3,3,normal_L2,905,92
triple_torus_genus3,3,normal_L2,906,97
triple_torus_genus3,3,normal_L2,907,105
triple_torus_genus3,3,normal_L2,908,112
triple_torus_genus3,3,normal_L2,909,104
triple_torus_genus3,3,normal_L2,910,109
triple_torus_genus3,3,normal_L2,911,81
triple_torus_genus3,3,normal_L2,912,96
triple_torus_genus3,3,normal_L2,913,92
triple_torus_genus3,3,normal_L2,914,93
triple_torus_genus3,3,normal_L2,915,93
triple_torus_genus3,3,normal_L2,916,100
triple_torus_genus3,3,normal_L2,917,93
triple_torus_genus3,3,normal_L2,918,91
triple_torus_genus3,3,normal_L2,919,104
triple_torus_genus3,3,normal_L2,920,99
triple_torus_genus3,3,normal_L2,921,104
triple_torus_genus3,3,normal_L2,922,80
triple_torus_genus3,3,normal_L2,923,116
triple_torus_genus3,3,normal_L2,924,99
triple_torus_genus3,3,normal_L2,925,115
triple_torus_genus3,3,normal_L2,926,84
triple_torus_genus3,3,normal_L2,927,112
triple_torus_genus3,3,normal_L2,928,111
triple_torus_genus3,3,normal_L2,929,101
triple_torus_genus3,3,normal_L2,930,121
triple_torus_genus3,3,normal_L2,931,98
triple_torus_genus3,3,normal_L2,932,95
triple_torus_genus3,3,normal_L2,933,90
triple_torus_genus3,3,normal_L2,934,93
triple_torus_genus3,3,normal_L2,935,75
triple_torus_genus3,3,normal_L2,936,105
triple_torus_genus3,3,normal_L2,937,98
triple_torus_genus3,3,normal_L2,938,93
triple_torus_genus3,3,normal_L2,939,95
triple_torus_genus3,3,normal_L2,940,103
triple_torus_genus3,3,normal_L2,941,87
triple_torus_genus3,3,normal_L2,942,103
triple_torus_genus3,3,normal_L2,943,97
triple_torus_genus3,3,normal_L2,944,81
triple_torus_genus3,3,normal_L2,945,111
triple_torus_genus3,3,normal_L2,946,96
triple_torus_genus3,3,normal_L2,947,92
triple_torus_genus3,3,normal_L2,948,92
triple_torus_genus3,3,normal_L2,949,114
triple_torus_genus3,3,normal_L2,950,75
triple_torus_genus3,3,normal_L2,951,102
triple_torus_genus3,3,normal_L2,952,91
triple_torus_genus3,3,normal_L2,953,109
triple_torus_genus3,3,normal_L2,954,95
triple_torus_genus3,3,normal_L2,955,131
triple_torus_genus3,3,normal_L2,956,91
triple_torus_genus3,3,normal_L2,957,101
triple_torus_genus3,3,normal_L2,958,104
triple_torus_genus3,3,normal_L2,959,103
triple_torus_genus3,3,normal_L2,960,87
triple_torus_genus3,3,normal_L2,961,112
triple_torus_genus3,3,normal_L2,962,96
triple_torus_genus3,3,normal_L2,963,112
triple_torus_genus3,3,normal_L2,964,111
triple_torus_genus3,3,normal_L2,965,102
triple_torus_genus3,3,normal_L2,966,93
triple_torus_genus3,3,normal_L2,967,101
triple_torus_genus3,3,normal_L2,968,109
triple_torus_genus3,3,normal_L2,969,88
triple_torus_genus3,3,normal_L2,970,103
triple_torus_genus3,3,normal_L2,971,101
triple_torus_genus3,3,normal_L2,972,96
triple_torus_genus3,3,normal_L2,973,72
triple_torus_genus3,3,normal_L2,974,88
triple_torus_genus3,3,normal_L2,975,102
triple_torus_genus3,3,normal_L2,976,85
triple_torus_genus3,3,normal_L2,977,101
triple_torus_genus3,3,normal_L2,978,103
triple_torus_genus3,3,normal_L2,979,101
triple_torus_genus3,3,normal_L2,980,103
triple_torus_genus3,3,normal_L2,981,79
triple_torus_genus3,3,normal_L2,982,96
triple_torus_genus3,3,normal_L2,983,107
triple_torus_genus3,3,normal_L2,984,100
triple_torus_genus3,3,normal_L2,985,102
triple_torus_genus3,3,normal_L2,986,77
triple_torus_genus3,3,normal_L2,987,112
triple_torus_genus3,3,normal_L2,988,88
triple_torus_genus3,3,normal_L2,989,91
triple_torus_genus3,3,normal_L2,990,107
triple_torus_genus3,3,normal_L2,991,100
triple_torus_genus3,3,normal_L2,992,111
triple_torus_genus3,3,normal_L2,993,122
triple_torus_genus3,3,normal_L2,994,110
triple_torus_genus3,3,normal_L2,995,90
triple_torus_genus3,3,normal_L2,996,95
triple_torus_genus3,3,normal_L2,997,106
triple_torus_genus3,3,normal_L2,998,110
triple_torus_genus3,3,normal_L2,999,90
quad_torus_genus4,4,uniform_sphere,0,110
quad_torus_genus4,4,uniform_sphere,1,95
quad_torus_genus4,4,uniform_sphere,2,110
quad_torus_genus4,4,uniform_sphere,3,108
quad_torus_genus4,4,uniform_sphere,4,115
quad_torus_genus4,4,uniform_sphere,5,112
quad_torus_genus4,4,uniform_sphere,6,112
quad_torus_genus4,4,uniform_sphere,7,118
quad_torus_genus4,4,uniform_sphere,8,118
quad_torus_genus4,4,uniform_sphere,9,88
quad_torus_genus4,4,uniform_sphere,10,117
quad_torus_genus4,4,uniform_sphere,11,93
quad_torus_genus4,4,uniform_sphere,12,100
quad_torus_genus4,4,uniform_sphere,13,98
quad_torus_genus4,4,uniform_sphere,14,87
quad_torus_genus4,4,uniform_sphere,15,99
quad_torus_genus4,4,uniform_sphere,16,112
quad_torus_genus4,4,uniform_sphere,17,91
quad_torus_genus4,4,uniform_sphere,18,103
quad_torus_genus4,4,uniform_sphere,19,109
quad_torus_genus4,4,uniform_sphere,20,118
quad_torus_genus4,4,uniform_sphere,21,113
quad_torus_genus4,4,uniform_sphere,22,94
quad_torus_genus4,4,uniform_sphere,23,98
quad_torus_genus4,4,uniform_sphere,24,108
quad_torus_genus4,4,uniform_sphere,25,113
quad_torus_genus4,4,uniform_sphere,26,113
quad_torus_genus4,4,uniform_sphere,27,119
quad_torus_genus4,4,uniform_sphere,28,105
quad_torus_genus4,4,uniform_sphere,29,117
quad_torus_genus4,4,uniform_sphere,30,100
quad_torus_genus4,4,uniform_sphere,31,105
quad_torus_genus4,4,uniform_sphere,32,100
quad_torus_genus4,4,uniform_sphere,33,85
quad_torus_genus4,4,uniform_sphere,34,96
quad_torus_genus4,4,uniform_sphere,35,98
quad_torus_genus4,4,uniform_sphere,36,105
quad_torus_genus4,4,uniform_sphere,37,135
quad_torus_genus4,4,uniform_sphere,38,94
quad_torus_genus4,4,uniform_sphere,39,117
quad_torus_genus4,4,uniform_sphere,40,84
quad_torus_genus4,4,uniform_sphere,41,120
quad_torus_genus4,4,uniform_sphere,42,109
quad_torus_genus4,4,uniform_sphere,43,99
quad_torus_genus4,4,uniform_sphere,44,100
quad_torus_genus4,4,uniform_sphere,45,128
quad_torus_genus4,4,uniform_sphere,46,115
quad_torus_genus4,4,uniform_sphere,47,119
quad_torus_genus4,4,uniform_sphere,48,108
quad_torus_genus4,4,uniform_sphere,49,129
quad_torus_genus4,4,uniform_sphere,50,128
quad_torus_genus4,4,uniform_sphere,51,112
quad_torus_genus4,4,uniform_sphere,52,117
quad_torus_genus4,4,uniform_sphere,53,130
quad_torus_genus4,4,uniform_sphere,54,93
quad_torus_genus4,4,uniform_sphere,55,121
quad_torus_genus4,4,uniform_sphere,56,103
quad_torus_genus4,4,uniform_sphere,57,106
quad_torus_genus4,4,uniform_sphere,58,100
quad_torus_genus4,4,uniform_sphere,59,108
quad_torus_genus4,4,uniform_sphere,60,94
quad_torus_genus4,4,uniform_sphere,61,108
quad_torus_genus4,4,uniform_sphere,62,86
quad_torus_genus4,4,uniform_sphere,63,95
quad_torus_genus4,4,uniform_sphere,64,98
quad_torus_genus4,4,uniform_sphere,65,109
quad_torus_genus4,4,uniform_sphere,66,109
quad_torus_genus4,4,uniform_sphere,67,130
quad_torus_genus4,4,uniform_sphere,68,126
quad_torus_genus4,4,uniform_sphere,69,102
quad_torus_genus4,4,uniform_sphere,70,98
quad_torus_genus4,4,uniform_sphere,71,110
quad_torus_genus4,4,uniform_sphere,72,105
quad_torus_genus4,4,uniform_sphere,73,100
quad_torus_genus4,4,uniform_sphere,74,110
quad_torus_genus4,4,uniform_sphere,75,102
quad_torus_genus4,4,uniform_sphere,76,101
quad_torus_genus4,4,uniform_sphere,77,87
quad_torus_genus4,4,uniform_sphere,78,91
quad_torus_genus4,4,uniform_sphere,79,109
quad_torus_genus4,4,uniform_sphere,80,114
quad_torus_genus4,4,uniform_sphere,81,91
quad_torus_genus4,4,uniform_sphere,82,97
quad_torus_genus4,4,uniform_sphere,83,105
quad_torus_genus4,4,uniform_sphere,84,115
quad_torus_genus4,4,uniform_sphere,85,76
quad_torus_genus4,4,uniform_sphere,86,88
quad_torus_genus4,4,uniform_sphere,87,102
quad_torus_genus4,4,uniform_sphere,88,132
quad_torus_genus4,4,uniform_sphere,89,121
quad_torus_genus4,4,uniform_sphere,90,91
quad_torus_genus4,4,uniform_sphere,91,121
quad_torus_genus4,4,uniform_sphere,92,120
quad_torus_genus4,4,uniform_sphere,93,117
quad_torus_genus4,4,uniform_sphere,94,112
quad_torus_genus4,4,uniform_sphere,95,90
quad_torus_genus4,4,uniform_sphere,96,86
quad_torus_genus4,4,uniform_sphere,97,97
quad_torus_genus4,4,uniform_sphere,98,122
quad_torus_genus4,4,uniform_sphere,99,79
quad_torus_genus4,4,uniform_sphere,100,122
quad_torus_genus4,4,uniform_sphere,101,94
quad_torus_genus4,4,uniform_sphere,102,117
quad_torus_genus4,4,uniform_sphere,103,103
quad_torus_genus4,4,uniform_sphere,104,109
quad_torus_genus4,4,uniform_sphere,105,120
quad_torus_genus4,4,uniform_sphere,106,89
quad_torus_genus4,4,uniform_sphere,107,116
quad_torus_genus4,4,uniform_sphere,108,99
quad_torus_genus4,4,uniform_sphere,109,108
quad_torus_genus4,4,uniform_sphere,110,102
quad_torus_genus4,4,uniform_sphere,111,126
quad_torus_genus4,4,uniform_sphere,112,96
quad_torus_genus4,4,uniform_sphere,113,95
quad_torus_genus4,4,uniform_sphere,114,107
quad_torus_genus4,4,uniform_sphere,115,93
quad_torus_genus4,4,uniform_sphere,116,111
quad_torus_genus4,4,uniform_sphere,117,123
quad_torus_genus4,4,uniform_sphere,118,113
quad_torus_genus4,4,uniform_sphere,119,121
quad_torus_genus4,4,uniform_sphere,120,95
quad_torus_genus4,4,uniform_sphere,121,105
quad_torus_genus4,4,uniform_sphere,122,105
quad_torus_genus4,4,uniform_sphere,123,116
quad_torus_genus4,4,uniform_sphere,124,136
quad_torus_genus4,4,uniform_sphere,125,105
quad_torus_genus4,4,uniform_sphere,126,98
quad_torus_genus4,4,uniform_sphere,127,102
quad_torus_genus4,4,uniform_sphere,128,115
quad_torus_genus4,4,uniform_sphere,129,110
quad_torus_genus4,4,uniform_sphere,130,91
quad_torus_genus4,4,uniform_sphere,131,100
quad_torus_genus4,4,uniform_sphere,132,84
quad_torus_genus4,4,uniform_sphere,133,110
quad_torus_genus4,4,uniform_sphere,134,103
quad_torus_genus4,4,uniform_sphere,135,82
quad_torus_genus4,4,uniform_sphere,136,91
quad_torus_genus4,4,uniform_sphere,137,120
quad_torus_genus4,4,uniform_sphere,138,105
quad_torus_genus4,4,uniform_sphere,139,115
quad_torus_genus4,4,uniform_sphere,140,108
quad_torus_genus4,4,uniform_sphere,141,96
quad_torus_genus4,4,uniform_sphere,142,97
quad_torus_genus4,4,uniform_sphere,143,91
quad_torus_genus4,4,uniform_sphere,144,68
quad_torus_genus4,4,uniform_sphere,145,93
quad_torus_genus4,4,uniform_sphere,146,87
quad_torus_genus4,4,uniform_sphere,147,115
quad_torus_genus4,4,uniform_sphere,148,98
quad_torus_genus4,4,uniform_sphere,149,115
quad_torus_genus4,4,uniform_sphere,150,119
quad_torus_genus4,4,uniform_sphere,151,112
quad_torus_genus4,4,uniform_sphere,152,111
quad_torus_genus4,4,uniform_sphere,153,96
quad_torus_genus4,4,uniform_sphere,154,96
quad_torus_genus4,4,uniform_sphere,155,106
quad_torus_genus4,4,uniform_sphere,156,108
quad_torus_genus4,4,uniform_sphere,157,119
quad_torus_genus4,4,uniform_sphere,158,109
quad_torus_genus4,4,uniform_sphere,159,96
quad_torus_genus4,4,uniform_sphere,160,122
quad_torus_genus4,4,uniform_sphere,161,96
quad_torus_genus4,4,uniform_sphere,162,94
quad_torus_genus4,4,uniform_sphere,163,129
quad_torus_genus4,4,uniform_sphere,164,106
quad_torus_genus4,4,uniform_sphere,165,82
quad_torus_genus4,4,uniform_sphere,166,91
quad_torus_genus4,4,uniform_sphere,167,112
quad_torus_genus4,4,uniform_sphere,168,93
quad_torus_genus4,4,uniform_sphere,169,84
quad_torus_genus4,4,uniform_sphere,170,118
quad_torus_genus4,4,uniform_sphere,171,87
quad_torus_genus4,4,uniform_sphere,172,88
quad_torus_genus4,4,uniform_sphere,173,87
quad_torus_genus4,4,uniform_sphere,174,107
quad_torus_genus4,4,uniform_sphere,175,94
quad_torus_genus4,4,uniform_sphere,176,91
quad_torus_genus4,4,uniform_sphere,177,97
quad_torus_genus4,4,uniform_sphere,178,105
quad_torus_genus4,4,uniform_sphere,179,103
quad_torus_genus4,4,uniform_sphere,180,119
quad_torus_genus4,4,uniform_sphere,181,111
quad_torus_genus4,4,uniform_sphere,182,103
quad_torus_genus4,4,uniform_sphere,183,101
quad_torus_genus4,4,uniform_sphere,184,129
quad_torus_genus4,4,uniform_sphere,185,105
quad_torus_genus4,4,uniform_sphere,186,118
quad_torus_genus4,4,uniform_sphere,187,106
quad_torus_genus4,4,uniform_sphere,188,128
quad_torus_genus4,4,uniform_sphere,189,106
quad_torus_genus4,4,uniform_sphere,190,107
quad_torus_genus4,4,uniform_sphere,191,123
quad_torus_genus4,4,uniform_sphere,192,98
quad_torus_genus4,4,uniform_sphere,193,154
quad_torus_genus4,4,uniform_sphere,194,111
quad_torus_genus4,4,uniform_sphere,195,95
quad_torus_genus4,4,uniform_sphere,196,118
quad_torus_genus4,4,uniform_sphere,197,104
quad_torus_genus4,4,uniform_sphere,198,116
quad_torus_genus4,4,uniform_sphere,199,110
quad_torus_genus4,4,uniform_sphere,200,107
quad_torus_genus4,4,uniform_sphere,201,109
quad_torus_genus4,4,uniform_sphere,202,81
quad_torus_genus4,4,uniform_sphere,203,105
quad_torus_genus4,4,uniform_sphere,204,118
quad_torus_genus4,4,uniform_sphere,205,110
quad_torus_genus4,4,uniform_sphere,206,113
quad_torus_genus4,4,uniform_sphere,207,101
quad_torus_genus4,4,uniform_sphere,208,106
quad_torus_genus4,4,uniform_sphere,209,93
quad_torus_genus4,4,uniform_sphere,210,99
quad_torus_genus4,4,uniform_sphere,211,134
quad_torus_genus4,4,uniform_sphere,212,116
quad_torus_genus4,4,uniform_sphere,213,90
quad_torus_genus4,4,uniform_sphere,214,108
quad_torus_genus4,4,uniform_sphere,215,93
quad_torus_genus4,4,uniform_sphere,216,106
quad_torus_genus4,4,uniform_sphere,217,94
quad_torus_genus4,4,uniform_sphere,218,130
quad_torus_genus4,4,uniform_sphere,219,82
quad_torus_genus4,4,uniform_sphere,220,122
quad_torus_genus4,4,uniform_sphere,221,96
quad_torus_genus4,4,uniform_sphere,222,115
quad_torus_genus4,4,uniform_sphere,223,112
quad_torus_genus4,4,uniform_sphere,224,94
quad_torus_genus4,4,uniform_sphere,225,107
quad_torus_genus4,4,uniform_sphere,226,112
quad_torus_genus4,4,uniform_sphere,227,134
quad_torus_genus4,4,uniform_sphere,228,109
quad_torus_genus4,4,uniform_sphere,229,110
quad_torus_genus4,4,uniform_sphere,230,94
quad_torus_genus4,4,uniform_sphere,231,119
quad_torus_genus4,4,uniform_sphere,232,128
quad_torus_genus4,4,uniform_sphere,233,87
quad_torus_genus4,4,uniform_sphere,234,106
quad_torus_genus4,4,uniform_sphere,235,111
quad_torus_genus4,4,uniform_sphere,236,108
quad_torus_genus4,4,uniform_sphere,237,103
quad_torus_genus4,4,uniform_sphere,238,129
quad_torus_genus4,4,uniform_sphere,239,116
quad_torus_genus4,4,uniform_sphere,240,121
quad_torus_genus4,4,uniform_sphere,241,100
quad_torus_genus4,4,uniform_sphere,242,116
quad_torus_genus4,4,uniform_sphere,243,96
quad_torus_genus4,4,uniform_sphere,244,116
quad_torus_genus4,4,uniform_sphere,245,100
quad_torus_genus4,4,uniform_sphere,246,121
quad_torus_genus4,4,uniform_sphere,247,123
quad_torus_genus4,4,uniform_sphere,248,114
quad_torus_genus4,4,uniform_sphere,249,101
quad_torus_genus4,4,uniform_sphere,250,125
quad_torus_genus4,4,uniform_sphere,251,103
quad_torus_genus4,4,uniform_sphere,252,107
quad_torus_genus4,4,uniform_sphere,253,103
quad_torus_genus4,4,uniform_sphere,254,74
quad_torus_genus4,4,uniform_sphere,255,103
quad_torus_genus4,4,uniform_sphere,256,108
quad_torus_genus4,4,uniform_sphere,257,100
quad_torus_genus4,4,uniform_sphere,258,119
quad_torus_genus4,4,uniform_sphere,259,107
quad_torus_genus4,4,uniform_sphere,260,108
quad_torus_genus4,4,uniform_sphere,261,95
quad_torus_genus4,4,uniform_sphere,262,94
quad_torus_genus4,4,uniform_sphere,263,99
quad_torus_genus4,4,uniform_sphere,264,111
quad_torus_genus4,4,uniform_sphere,265,108
quad_torus_genus4,4,uniform_sphere,266,116
quad_torus_genus4,4,uniform_sphere,267,98
quad_torus_genus4,4,uniform_sphere,268,102
quad_torus_genus4,4,uniform_sphere,269,114
quad_torus_genus4,4,uniform_sphere,270,91
quad_torus_genus4,4,uniform_sphere,271,108
quad_torus_genus4,4,uniform_sphere,272,95
quad_torus_genus4,4,uniform_sphere,273,112
quad_torus_genus4,4,uniform_sphere,274,100
quad_torus_genus4,4,uniform_sphere,275,95
quad_torus_genus4,4,uniform_sphere,276,102
quad_torus_genus4,4,uniform_sphere,277,134
quad_torus_genus4,4,uniform_sphere,278,116
quad_torus_genus4,4,uniform_sphere,279,110
quad_torus_genus4,4,uniform_sphere,280,110
quad_torus_genus4,4,uniform_sphere,281,111
quad_torus_genus4,4,uniform_sphere,282,117
quad_torus_genus4,4,uniform_sphere,283,109
quad_torus_genus4,4,uniform_sphere,284,129
quad_torus_genus4,4,uniform_sphere,285,112
quad_torus_genus4,4,uniform_sphere,286,112
quad_torus_genus4,4,uniform_sphere,287,136
quad_torus_genus4,4,uniform_sphere,288,89
quad_torus_genus4,4,uniform_sphere,289,117
quad_torus_genus4,4,uniform_sphere,290,106
quad_torus_genus4,4,uniform_sphere,291,102
quad_torus_genus4,4,uniform_sphere,292,94
quad_torus_genus4,4,uniform_sphere,293,105
quad_torus_genus4,4,uniform_sphere,294,110
quad_torus_genus4,4,uniform_sphere,295,109
quad_torus_genus4,4,uniform_sphere,296,111
quad_torus_genus4,4,uniform_sphere,297,96
quad_torus_genus4,4,uniform_sphere,298,113
quad_torus_genus4,4,uniform_sphere,299,103
quad_torus_genus4,4,uniform_sphere,300,115
quad_torus_genus4,4,uniform_sphere,301,119
quad_torus_genus4,4,uniform_sphere,302,112
quad_torus_genus4,4,uniform_sphere,303,131
quad_torus_genus4,4,uniform_sphere,304,98
quad_torus_genus4,4,uniform_sphere,305,113
quad_torus_genus4,4,uniform_sphere,306,92
quad_torus_genus4,4,uniform_sphere,307,97
quad_torus_genus4,4,uniform_sphere,308,112
quad_torus_genus4,4,uniform_sphere,309,90
quad_torus_genus4,4,uniform_sphere,310,90
quad_torus_genus4,4,uniform_sphere,311,109
quad_torus_genus4,4,uniform_sphere,312,131
quad_torus_genus4,4,uniform_sphere,313,99
quad_torus_genus4,4,uniform_sphere,314,113
quad_torus_genus4,4,uniform_sphere,315,107
quad_torus_genus4,4,uniform_sphere,316,95
quad_torus_genus4,4,uniform_sphere,317,98
quad_torus_genus4,4,uniform_sphere,318,116
quad_torus_genus4,4,uniform_sphere,319,103
quad_torus_genus4,4,uniform_sphere,320,114
quad_torus_genus4,4,uniform_sphere,321,90
quad_torus_genus4,4,uniform_sphere,322,134
quad_torus_genus4,4,uniform_sphere,323,124
quad_torus_genus4,4,uniform_sphere,324,109
quad_torus_genus4,4,uniform_sphere,325,117
quad_torus_genus4,4,uniform_sphere,326,116
quad_torus_genus4,4,uniform_sphere,327,106
quad_torus_genus4,4,uniform_sphere,328,115
quad_torus_genus4,4,uniform_sphere,329,123
quad_torus_genus4,4,uniform_sphere,330,107
quad_torus_genus4,4,uniform_sphere,331,128
quad_torus_genus4,4,uniform_sphere,332,85
quad_torus_genus4,4,uniform_sphere,333,116
quad_torus_genus4,4,uniform_sphere,334,94
quad_torus_genus4,4,uniform_sphere,335,76
quad_torus_genus4,4,uniform_sphere,336,108
quad_torus_genus4,4,uniform_sphere,337,110
quad_torus_genus4,4,uniform_sphere,338,99
quad_torus_genus4,4,uniform_sphere,339,105
quad_torus_genus4,4,uniform_sphere,340,97
quad_torus_genus4,4,uniform_sphere,341,92
quad_torus_genus4,4,uniform_sphere,342,96
quad_torus_genus4,4,uniform_sphere,343,114
quad_torus_genus4,4,uniform_sphere,344,104
quad_torus_genus4,4,uniform_sphere,345,84
quad_torus_genus4,4,uniform_sphere,346,94
quad_torus_genus4,4,uniform_sphere,347,81
quad_torus_genus4,4,uniform_sphere,348,96
quad_torus_genus4,4,uniform_sphere,349,87
quad_torus_genus4,4,uniform_sphere,350,76
quad_torus_genus4,4,uniform_sphere,351,98
quad_torus_genus4,4,uniform_sphere,352,104
quad_torus_genus4,4,uniform_sphere,353,97
quad_torus_genus4,4,uniform_sphere,354,131
quad_torus_genus4,4,uniform_sphere,355,113
quad_torus_genus4,4,uniform_sphere,356,96
quad_torus_genus4,4,uniform_sphere,357,80
quad_torus_genus4,4,uniform_sphere,358,129
quad_torus_genus4,4,uniform_sphere,359,102
quad_torus_genus4,4,uniform_sphere,360,107
quad_torus_genus4,4,uniform_sphere,361,100
quad_torus_genus4,4,uniform_sphere,362,146
quad_torus_genus4,4,uniform_sphere,363,117
quad_torus_genus4,4,uniform_sphere,364,96
quad_torus_genus4,4,uniform_sphere,365,98
quad_torus_genus4,4,uniform_sphere,366,109
quad_torus_genus4,4,uniform_sphere,367,118
quad_torus_genus4,4,uniform_sphere,368,94
quad_torus_genus4,4,uniform_sphere,369,94
quad_torus_genus4,4,uniform_sphere,370,111
quad_torus_genus4,4,uniform_sphere,371,111
quad_torus_genus4,4,uniform_sphere,372,127
quad_torus_genus4,4,uniform_sphere,373,113
quad_torus_genus4,4,uniform_sphere,374,112
quad_torus_genus4,4,uniform_sphere,375,111
quad_torus_genus4,4,uniform_sphere,376,127
quad_torus_genus4,4,uniform_sphere,377,121
quad_torus_genus4,4,uniform_sphere,378,122
quad_torus_genus4,4,uniform_sphere,379,75
quad_torus_genus4,4,uniform_sphere,380,115
quad_torus_genus4,4,uniform_sphere,381,114
quad_torus_genus4,4,uniform_sphere,382,112
quad_torus_genus4,4,uniform_sphere,383,111
quad_torus_genus4,4,uniform_sphere,384,118
quad_torus_genus4,4,uniform_sphere,385,103
quad_torus_genus4,4,uniform_sphere,386,105
quad_torus_genus4,4,uniform_sphere,387,112
quad_torus_genus4,4,uniform_sphere,388,115
quad_torus_genus4,4,uniform_sphere,389,82
quad_torus_genus4,4,uniform_sphere,390,98
quad_torus_genus4,4,uniform_sphere,391,121
quad_torus_genus4,4,uniform_sphere,392,99
quad_torus_genus4,4,uniform_sphere,393,118
quad_torus_genus4,4,uniform_sphere,394,99
quad_torus_genus4,4,uniform_sphere,395,111
quad_torus_genus4,4,uniform_sphere,396,127
quad_torus_genus4,4,uniform_sphere,397,110
quad_torus_genus4,4,uniform_sphere,398,115
quad_torus_genus4,4,uniform_sphere,399,113
quad_torus_genus4,4,uniform_sphere,400,100
quad_torus_genus4,4,uniform_sphere,401,104
quad_torus_genus4,4,uniform_sphere,402,94
quad_torus_genus4,4,uniform_sphere,403,100
quad_torus_genus4,4,uniform_sphere,404,96
quad_torus_genus4,4,uniform_sphere,405,110
quad_torus_genus4,4,uniform_sphere,406,114
quad_torus_genus4,4,uniform_sphere,407,99
quad_torus_genus4,4,uniform_sphere,408,99
quad_torus_genus4,4,uniform_sphere,409,91
quad_torus_genus4,4,uniform_sphere,410,104
quad_torus_genus4,4,uniform_sphere,411,106
quad_torus_genus4,4,uniform_sphere,412,109
quad_torus_genus4,4,uniform_sphere,413,107
quad_torus_genus4,4,uniform_sphere,414,99
quad_torus_genus4,4,uniform_sphere,415,102
quad_torus_genus4,4,uniform_sphere,416,121
quad_torus_genus4,4,uniform_sphere,417,119
quad_torus_genus4,4,uniform_sphere,418,100
quad_torus_genus4,4,uniform_sphere,419,120
quad_torus_genus4,4,uniform_sphere,420,98
quad_torus_genus4,4,uniform_sphere,421,108
quad_torus_genus4,4,uniform_sphere,422,124
quad_torus_genus4,4,uniform_sphere,423,100
quad_torus_genus4,4,uniform_sphere,424,108
quad_torus_genus4,4,uniform_sphere,425,123
quad_torus_genus4,4,uniform_sphere,426,102
quad_torus_genus4,4,uniform_sphere,427,103
quad_torus_genus4,4,uniform_sphere,428,121
quad_torus_genus4,4,uniform_sphere,429,100
quad_torus_genus4,4,uniform_sphere,430,117
quad_torus_genus4,4,uniform_sphere,431,110
quad_torus_genus4,4,uniform_sphere,432,98
quad_torus_genus4,4,uniform_sphere,433,124
quad_torus_genus4,4,uniform_sphere,434,94
quad_torus_genus4,4,uniform_sphere,435,130
quad_torus_genus4,4,uniform_sphere,436,84
quad_torus_genus4,4,uniform_sphere,437,105
quad_torus_genus4,4,uniform_sphere,438,98
quad_torus_genus4,4,uniform_sphere,439,127
quad_torus_genus4,4,uniform_sphere,440,107
quad_torus_genus4,4,uniform_sphere,441,113
quad_torus_genus4,4,uniform_sphere,442,122
quad_torus_genus4,4,uniform_sphere,443,113
quad_torus_genus4,4,uniform_sphere,444,83
quad_torus_genus4,4,uniform_sphere,445,102
quad_torus_genus4,4,uniform_sphere,446,111
quad_torus_genus4,4,uniform_sphere,447,115
quad_torus_genus4,4,uniform_sphere,448,115
quad_torus_genus4,4,uniform_sphere,449,103
quad_torus_genus4,4,uniform_sphere,450,119
quad_torus_genus4,4,uniform_sphere,451,117
quad_torus_genus4,4,uniform_sphere,452,125
quad_torus_genus4,4,uniform_sphere,453,106
quad_torus_genus4,4,uniform_sphere,454,127
quad_torus_genus4,4,uniform_sphere,455,115
quad_torus_genus4,4,uniform_sphere,456,121
quad_torus_genus4,4,uniform_sphere,457,102
quad_torus_genus4,4,uniform_sphere,458,116
quad_torus_genus4,4,uniform_sphere,459,118
quad_torus_genus4,4,uniform_sphere,460,106
quad_torus_genus4,4,uniform_sphere,461,105
quad_torus_genus4,4,uniform_sphere,462,117
quad_torus_genus4,4,uniform_sphere,463,101
quad_torus_genus4,4,uniform_sphere,464,109
quad_torus_genus4,4,uniform_sphere,465,112
quad_torus_genus4,4,uniform_sphere,466,118
quad_torus_genus4,4,uniform_sphere,467,116
quad_torus_genus4,4,uniform_sphere,468,113
quad_torus_genus4,4,uniform_sphere,469,106
quad_torus_genus4,4,uniform_sphere,470,120
quad_torus_genus4,4,uniform_sphere,471,113
quad_torus_genus4,4,uniform_sphere,472,114
quad_torus_genus4,4,uniform_sphere,473,100
quad_torus_genus4,4,uniform_sphere,474,127
quad_torus_genus4,4,uniform_sphere,475,106
quad_torus_genus4,4,uniform_sphere,476,97
quad_torus_genus4,4,uniform_sphere,477,132
quad_torus_genus4,4,uniform_sphere,478,138
quad_torus_genus4,4,uniform_sphere,479,97
quad_torus_genus4,4,uniform_sphere,480,127
quad_torus_genus4,4,uniform_sphere,481,101
quad_torus_genus4,4,uniform_sphere,482,106
quad_torus_genus4,4,uniform_sphere,483,116
quad_torus_genus4,4,uniform_sphere,484,105
quad_torus_genus4,4,uniform_sphere,485,117
quad_torus_genus4,4,uniform_sphere,486,124
quad_torus_genus4,4,uniform_sphere,487,82
quad_torus_genus4,4,uniform_sphere,488,85
quad_torus_genus4,4,uniform_sphere,489,114
quad_torus_genus4,4,uniform_sphere,490,109
quad_torus_genus4,4,uniform_sphere,491,118
quad_torus_genus4,4,uniform_sphere,492,109
quad_torus_genus4,4,uniform_sphere,493,112
quad_torus_genus4,4,uniform_sphere,494,111
quad_torus_genus4,4,uniform_sphere,495,116
quad_torus_genus4,4,uniform_sphere,496,119
quad_torus_genus4,4,uniform_sphere,497,113
quad_torus_genus4,4,uniform_sphere,498,104
quad_torus_genus4,4,uniform_sphere,499,110
quad_torus_genus4,4,uniform_sphere,500,107
quad_torus_genus4,4,uniform_sphere,501,100
quad_torus_genus4,4,uniform_sphere,502,103
quad_torus_genus4,4,uniform_sphere,503,107
quad_torus_genus4,4,uniform_sphere,504,100
quad_torus_genus4,4,uniform_sphere,505,92
quad_torus_genus4,4,uniform_sphere,506,89
quad_torus_genus4,4,uniform_sphere,507,83
quad_torus_genus4,4,uniform_sphere,508,104
quad_torus_genus4,4,uniform_sphere,509,115
quad_torus_genus4,4,uniform_sphere,510,98
quad_torus_genus4,4,uniform_sphere,511,99
quad_torus_genus4,4,uniform_sphere,512,118
quad_torus_genus4,4,uniform_sphere,513,104
quad_torus_genus4,4,uniform_sphere,514,119
quad_torus_genus4,4,uniform_sphere,515,98
quad_torus_genus4,4,uniform_sphere,516,115
quad_torus_genus4,4,uniform_sphere,517,106
quad_torus_genus4,4,uniform_sphere,518,113
quad_torus_genus4,4,uniform_sphere,519,88
quad_torus_genus4,4,uniform_sphere,520,88
quad_torus_genus4,4,uniform_sphere,521,120
quad_torus_genus4,4,uniform_sphere,522,97
quad_torus_genus4,4,uniform_sphere,523,118
quad_torus_genus4,4,uniform_sphere,524,116
quad_torus_genus4,4,uniform_sphere,525,98
quad_torus_genus4,4,uniform_sphere,526,116
quad_torus_genus4,4,uniform_sphere,527,119
quad_torus_genus4,4,uniform_sphere,528,121
quad_torus_genus4,4,uniform_sphere,529,99
quad_torus_genus4,4,uniform_sphere,530,102
quad_torus_genus4,4,uniform_sphere,531,115
quad_torus_genus4,4,uniform_sphere,532,110
quad_torus_genus4,4,uniform_sphere,533,114
quad_torus_genus4,4,uniform_sphere,534,119
quad_torus_genus4,4,uniform_sphere,535,113
quad_torus_genus4,4,uniform_sphere,536,128
quad_torus_genus4,4,uniform_sphere,537,109
quad_torus_genus4,4,uniform_sphere,538,116
quad_torus_genus4,4,uniform_sphere,539,116
quad_torus_genus4,4,uniform_sphere,540,99
quad_torus_genus4,4,uniform_sphere,541,110
quad_torus_genus4,4,uniform_sphere,542,109
quad_torus_genus4,4,uniform_sphere,543,84
quad_torus_genus4,4,uniform_sphere,544,120
quad_torus_genus4,4,uniform_sphere,545,117
quad_torus_genus4,4,uniform_sphere,546,109
quad_torus_genus4,4,uniform_sphere,547,102
quad_torus_genus4,4,uniform_sphere,548,89
quad_torus_genus4,4,uniform_sphere,549,112
quad_torus_genus4,4,uniform_sphere,550,117
quad_torus_genus4,4,uniform_sphere,551,89
quad_torus_genus4,4,uniform_sphere,552,100
quad_torus_genus4,4,uniform_sphere,553,109
quad_torus_genus4,4,uniform_sphere,554,115
quad_torus_genus4,4,uniform_sphere,555,91
quad_torus_genus4,4,uniform_sphere,556,101
quad_torus_genus4,4,uniform_sphere,557,96
quad_torus_genus4,4,uniform_sphere,558,101
quad_torus_genus4,4,uniform_sphere,559,113
quad_torus_genus4,4,uniform_sphere,560,102
quad_torus_genus4,4,uniform_sphere,561,111
quad_torus_genus4,4,uniform_sphere,562,121
quad_torus_genus4,4,uniform_sphere,563,108
quad_torus_genus4,4,uniform_sphere,564,98
quad_torus_genus4,4,uniform_sphere,565,108
quad_torus_genus4,4,uniform_sphere,566,90
quad_torus_genus4,4,uniform_sphere,567,124
quad_torus_genus4,4,uniform_sphere,568,119
quad_torus_genus4,4,uniform_sphere,569,132
quad_torus_genus4,4,uniform_sphere,570,96
quad_torus_genus4,4,uniform_sphere,571,134
quad_torus_genus4,4,uniform_sphere,572,116
quad_torus_genus4,4,uniform_sphere,573,126
quad_torus_genus4,4,uniform_sphere,574,119
quad_torus_genus4,4,uniform_sphere,575,118
quad_torus_genus4,4,uniform_sphere,576,104
quad_torus_genus4,4,uniform_sphere,577,100
quad_torus_genus4,4,uniform_sphere,578,91
quad_torus_genus4,4,uniform_sphere,579,85
quad_torus_genus4,4,uniform_sphere,580,90
quad_torus_genus4,4,uniform_sphere,581,99
quad_torus_genus4,4,uniform_sphere,582,117
quad_torus_genus4,4,uniform_sphere,583,93
quad_torus_genus4,4,uniform_sphere,584,94
quad_torus_genus4,4,uniform_sphere,585,107
quad_torus_genus4,4,uniform_sphere,586,102
quad_torus_genus4,4,uniform_sphere,587,111
quad_torus_genus4,4,uniform_sphere,588,107
quad_torus_genus4,4,uniform_sphere,589,115
quad_torus_genus4,4,uniform_sphere,590,101
quad_torus_genus4,4,uniform_sphere,591,109
quad_torus_genus4,4,uniform_sphere,592,105
quad_torus_genus4,4,uniform_sphere,593,101
quad_torus_genus4,4,uniform_sphere,594,94
quad_torus_genus4,4,uniform_sphere,595,98
quad_torus_genus4,4,uniform_sphere,596,116
quad_torus_genus4,4,uniform_sphere,597,124
quad_torus_genus4,4,uniform_sphere,598,91
quad_torus_genus4,4,uniform_sphere,599,95
quad_torus_genus4,4,uniform_sphere,600,99
quad_torus_genus4,4,uniform_sphere,601,114
quad_torus_genus4,4,uniform_sphere,602,113
quad_torus_genus4,4,uniform_sphere,603,88
quad_torus_genus4,4,uniform_sphere,604,95
quad_torus_genus4,4,uniform_sphere,605,107
quad_torus_genus4,4,uniform_sphere,606,106
quad_torus_genus4,4,uniform_sphere,607,117
quad_torus_genus4,4,uniform_sphere,608,102
quad_torus_genus4,4,uniform_sphere,609,121
quad_torus_genus4,4,uniform_sphere,610,117
quad_torus_genus4,4,uniform_sphere,611,107
quad_torus_genus4,4,uniform_sphere,612,116
quad_torus_genus4,4,uniform_sphere,613,101
quad_torus_genus4,4,uniform_sphere,614,91
quad_torus_genus4,4,uniform_sphere,615,105
quad_torus_genus4,4,uniform_sphere,616,134
quad_torus_genus4,4,uniform_sphere,617,85
quad_torus_genus4,4,uniform_sphere,618,117
quad_torus_genus4,4,uniform_sphere,619,89
quad_torus_genus4,4,uniform_sphere,620,89
quad_torus_genus4,4,uniform_sphere,621,119
quad_torus_genus4,4,uniform_sphere,622,118
quad_torus_genus4,4,uniform_sphere,623,109
quad_torus_genus4,4,uniform_sphere,624,109
quad_torus_genus4,4,uniform_sphere,625,118
quad_torus_genus4,4,uniform_sphere,626,93
quad_torus_genus4,4,uniform_sphere,627,109
quad_torus_genus4,4,uniform_sphere,628,107
quad_torus_genus4,4,uniform_sphere,629,111
quad_torus_genus4,4,uniform_sphere,630,98
quad_torus_genus4,4,uniform_sphere,631,148
quad_torus_genus4,4,uniform_sphere,632,94
quad_torus_genus4,4,uniform_sphere,633,114
quad_torus_genus4,4,uniform_sphere,634,111
quad_torus_genus4,4,uniform_sphere,635,104
quad_torus_genus4,4,uniform_sphere,636,99
quad_torus_genus4,4,uniform_sphere,637,116
quad_torus_genus4,4,uniform_sphere,638,98
quad_torus_genus4,4,uniform_sphere,639,99
quad_torus_genus4,4,uniform_sphere,640,98
quad_torus_genus4,4,uniform_sphere,641,118
quad_torus_genus4,4,uniform_sphere,642,123
quad_torus_genus4,4,uniform_sphere,643,96
quad_torus_genus4,4,uniform_sphere,644,105
quad_torus_genus4,4,uniform_sphere,645,102
quad_torus_genus4,4,uniform_sphere,646,114
quad_torus_genus4,4,uniform_sphere,647,92
quad_torus_genus4,4,uniform_sphere,648,113
quad_torus_genus4,4,uniform_sphere,649,110
quad_torus_genus4,4,uniform_sphere,650,98
quad_torus_genus4,4,uniform_sphere,651,113
quad_torus_genus4,4,uniform_sphere,652,107
quad_torus_genus4,4,uniform_sphere,653,103
quad_torus_genus4,4,uniform_sphere,654,112
quad_torus_genus4,4,uniform_sphere,655,98
quad_torus_genus4,4,uniform_sphere,656,131
quad_torus_genus4,4,uniform_sphere,657,107
quad_torus_genus4,4,uniform_sphere,658,101
quad_torus_genus4,4,uniform_sphere,659,76
quad_torus_genus4,4,uniform_sphere,660,100
quad_torus_genus4,4,uniform_sphere,661,115
quad_torus_genus4,4,uniform_sphere,662,114
quad_torus_genus4,4,uniform_sphere,663,131
quad_torus_genus4,4,uniform_sphere,664,119
quad_torus_genus4,4,uniform_sphere,665,123
quad_torus_genus4,4,uniform_sphere,666,112
quad_torus_genus4,4,uniform_sphere,667,98
quad_torus_genus4,4,uniform_sphere,668,118
quad_torus_genus4,4,uniform_sphere,669,116
quad_torus_genus4,4,uniform_sphere,670,110
quad_torus_genus4,4,uniform_sphere,671,103
quad_torus_genus4,4,uniform_sphere,672,111
quad_torus_genus4,4,uniform_sphere,673,112
quad_torus_genus4,4,uniform_sphere,674,98
quad_torus_genus4,4,uniform_sphere,675,101
quad_torus_genus4,4,uniform_sphere,676,103
quad_torus_genus4,4,uniform_sphere,677,89
quad_torus_genus4,4,uniform_sphere,678,108
quad_torus_genus4,4,uniform_sphere,679,103
quad_torus_genus4,4,uniform_sphere,680,103
quad_torus_genus4,4,uniform_sphere,681,106
quad_torus_genus4,4,uniform_sphere,682,111
quad_torus_genus4,4,uniform_sphere,683,103
quad_torus_genus4,4,uniform_sphere,684,109
quad_torus_genus4,4,uniform_sphere,685,93
quad_torus_genus4,4,uniform_sphere,686,114
quad_torus_genus4,4,uniform_sphere,687,127
quad_torus_genus4,4,uniform_sphere,688,103
quad_torus_genus4,4,uniform_sphere,689,103
quad_torus_genus4,4,uniform_sphere,690,101
quad_torus_genus4,4,uniform_sphere,691,134
quad_torus_genus4,4,uniform_sphere,692,120
quad_torus_genus4,4,uniform_sphere,693,102
quad_torus_genus4,4,uniform_sphere,694,103
quad_torus_genus4,4,uniform_sphere,695,110
quad_torus_genus4,4,uniform_sphere,696,113
quad_torus_genus4,4,uniform_sphere,697,108
quad_torus_genus4,4,uniform_sphere,698,101
quad_torus_genus4,4,uniform_sphere,699,97
quad_torus_genus4,4,uniform_sphere,700,100
quad_torus_genus4,4,uniform_sphere,701,97
quad_torus_genus4,4,uniform_sphere,702,125
quad_torus_genus4,4,uniform_sphere,703,111
quad_torus_genus4,4,uniform_sphere,704,113
quad_torus_genus4,4,uniform_sphere,705,109
quad_torus_genus4,4,uniform_sphere,706,114
quad_torus_genus4,4,uniform_sphere,707,112
quad_torus_genus4,4,uniform_sphere,708,107
quad_torus_genus4,4,uniform_sphere,709,102
quad_torus_genus4,4,uniform_sphere,710,111
quad_torus_genus4,4,uniform_sphere,711,104
quad_torus_genus4,4,uniform_sphere,712,114
quad_torus_genus4,4,uniform_sphere,713,99
quad_torus_genus4,4,uniform_sphere,714,107
quad_torus_genus4,4,uniform_sphere,715,113
quad_torus_genus4,4,uniform_sphere,716,115
quad_torus_genus4,4,uniform_sphere,717,137
quad_torus_genus4,4,uniform_sphere,718,89
quad_torus_genus4,4,uniform_sphere,719,97
quad_torus_genus4,4,uniform_sphere,720,90
quad_torus_genus4,4,uniform_sphere,721,96
quad_torus_genus4,4,uniform_sphere,722,115
quad_torus_genus4,4,uniform_sphere,723,87
quad_torus_genus4,4,uniform_sphere,724,93
quad_torus_genus4,4,uniform_sphere,725,99
quad_torus_genus4,4,uniform_sphere,726,101
quad_torus_genus4,4,uniform_sphere,727,101
quad_torus_genus4,4,uniform_sphere,728,111
quad_torus_genus4,4,uniform_sphere,729,102
quad_torus_genus4,4,uniform_sphere,730,88
quad_torus_genus4,4,uniform_sphere,731,116
quad_torus_genus4,4,uniform_sphere,732,119
quad_torus_genus4,4,uniform_sphere,733,107
quad_torus_genus4,4,uniform_sphere,734,117
quad_torus_genus4,4,uniform_sphere,735,99
quad_torus_genus4,4,uniform_sphere,736,119
quad_torus_genus4,4,uniform_sphere,737,120
quad_torus_genus4,4,uniform_sphere,738,111
quad_torus_genus4,4,uniform_sphere,739,123
quad_torus_genus4,4,uniform_sphere,740,122
quad_torus_genus4,4,uniform_sphere,741,107
quad_torus_genus4,4,uniform_sphere,742,125
quad_torus_genus4,4,uniform_sphere,743,110
quad_torus_genus4,4,uniform_sphere,744,117
quad_torus_genus4,4,uniform_sphere,745,122
quad_torus_genus4,4,uniform_sphere,746,100
quad_torus_genus4,4,uniform_sphere,747,100
quad_torus_genus4,4,uniform_sphere,748,100
quad_torus_genus4,4,uniform_sphere,749,103
quad_torus_genus4,4,uniform_sphere,750,113
quad_torus_genus4,4,uniform_sphere,751,106
quad_torus_genus4,4,uniform_sphere,752,106
quad_torus_genus4,4,uniform_sphere,753,110
quad_torus_genus4,4,uniform_sphere,754,99
quad_torus_genus4,4,uniform_sphere,755,121
quad_torus_genus4,4,uniform_sphere,756,77
quad_torus_genus4,4,uniform_sphere,757,128
quad_torus_genus4,4,uniform_sphere,758,109
quad_torus_genus4,4,uniform_sphere,759,122
quad_torus_genus4,4,uniform_sphere,760,137
quad_torus_genus4,4,uniform_sphere,761,107
quad_torus_genus4,4,uniform_sphere,762,102
quad_torus_genus4,4,uniform_sphere,763,108
quad_torus_genus4,4,uniform_sphere,764,103
quad_torus_genus4,4,uniform_sphere,765,107
quad_torus_genus4,4,uniform_sphere,766,110
quad_torus_genus4,4,uniform_sphere,767,129
quad_torus_genus4,4,uniform_sphere,768,119
quad_torus_genus4,4,uniform_sphere,769,110
quad_torus_genus4,4,uniform_sphere,770,83
quad_torus_genus4,4,uniform_sphere,771,96
quad_torus_genus4,4,uniform_sphere,772,118
quad_torus_genus4,4,uniform_sphere,773,108
quad_torus_genus4,4,uniform_sphere,774,84
quad_torus_genus4,4,uniform_sphere,775,125
quad_torus_genus4,4,uniform_sphere,776,97
quad_torus_genus4,4,uniform_sphere,777,112
quad_torus_genus4,4,uniform_sphere,778,101
quad_torus_genus4,4,uniform_sphere,779,97
quad_torus_genus4,4,uniform_sphere,780,117
quad_torus_genus4,4,uniform_sphere,781,113
quad_torus_genus4,4,uniform_sphere,782,102
quad_torus_genus4,4,uniform_sphere,783,97
quad_torus_genus4,4,uniform_sphere,784,91
quad_torus_genus4,4,uniform_sphere,785,111
quad_torus_genus4,4,uniform_sphere,786,102
quad_torus_genus4,4,uniform_sphere,787,108
quad_torus_genus4,4,uniform_sphere,788,100
quad_torus_genus4,4,uniform_sphere,789,97
quad_torus_genus4,4,uniform_sphere,790,83
quad_torus_genus4,4,uniform_sphere,791,103
quad_torus_genus4,4,uniform_sphere,792,100
quad_torus_genus4,4,uniform_sphere,793,101
quad_torus_genus4,4,uniform_sphere,794,104
quad_torus_genus4,4,uniform_sphere,795,107
quad_torus_genus4,4,uniform_sphere,796,112
quad_torus_genus4,4,uniform_sphere,797,90
quad_torus_genus4,4,uniform_sphere,798,101
quad_torus_genus4,4,uniform_sphere,799,112
quad_torus_genus4,4,uniform_sphere,800,105
quad_torus_genus4,4,uniform_sphere,801,109
quad_torus_genus4,4,uniform_sphere,802,88
quad_torus_genus4,4,uniform_sphere,803,87
quad_torus_genus4,4,uniform_sphere,804,96
quad_torus_genus4,4,uniform_sphere,805,109
quad_torus_genus4,4,uniform_sphere,806,121
quad_torus_genus4,4,uniform_sphere,807,102
quad_torus_genus4,4,uniform_sphere,808,95
quad_torus_genus4,4,uniform_sphere,809,126
quad_torus_genus4,4,uniform_sphere,810,97
quad_torus_genus4,4,uniform_sphere,811,108
quad_torus_genus4,4,uniform_sphere,812,97
quad_torus_genus4,4,uniform_sphere,813,98
quad_torus_genus4,4,uniform_sphere,814,107
quad_torus_genus4,4,uniform_sphere,815,95
quad_torus_genus4,4,uniform_sphere,816,129
quad_torus_genus4,4,uniform_sphere,817,104
quad_torus_genus4,4,uniform_sphere,818,104
quad_torus_genus4,4,uniform_sphere,819,112
quad_torus_genus4,4,uniform_sphere,820,86
quad_torus_genus4,4,uniform_sphere,821,108
quad_torus_genus4,4,uniform_sphere,822,98
quad_torus_genus4,4,uniform_sphere,823,130
quad_torus_genus4,4,uniform_sphere,824,107
quad_torus_genus4,4,uniform_sphere,825,95
quad_torus_genus4,4,uniform_sphere,826,98
quad_torus_genus4,4,uniform_sphere,827,114
quad_torus_genus4,4,uniform_sphere,828,121
quad_torus_genus4,4,uniform_sphere,829,106
quad_torus_genus4,4,uniform_sphere,830,108
quad_torus_genus4,4,uniform_sphere,831,125
quad_torus_genus4,4,uniform_sphere,832,88
quad_torus_genus4,4,uniform_sphere,833,108
quad_torus_genus4,4,uniform_sphere,834,96
quad_torus_genus4,4,uniform_sphere,835,108
quad_torus_genus4,4,uniform_sphere,836,104
quad_torus_genus4,4,uniform_sphere,837,123
quad_torus_genus4,4,uniform_sphere,838,113
quad_torus_genus4,4,uniform_sphere,839,98
quad_torus_genus4,4,uniform_sphere,840,99
quad_torus_genus4,4,uniform_sphere,841,99
quad_torus_genus4,4,uniform_sphere,842,82
quad_torus_genus4,4,uniform_sphere,843,102
quad_torus_genus4,4,uniform_sphere,844,115
quad_torus_genus4,4,uniform_sphere,845,89
quad_torus_genus4,4,uniform_sphere,846,113
quad_torus_genus4,4,uniform_sphere,847,81
quad_torus_genus4,4,uniform_sphere,848,77
quad_torus_genus4,4,uniform_sphere,849,130
quad_torus_genus4,4,uniform_sphere,850,91
quad_torus_genus4,4,uniform_sphere,851,104
quad_torus_genus4,4,uniform_sphere,852,108
quad_torus_genus4,4,uniform_sphere,853,124
quad_torus_genus4,4,uniform_sphere,854,113
quad_torus_genus4,4,uniform_sphere,855,108
quad_torus_genus4,4,uniform_sphere,856,103
quad_torus_genus4,4,uniform_sphere,857,91
quad_torus_genus4,4,uniform_sphere,858,108
quad_torus_genus4,4,uniform_sphere,859,101
quad_torus_genus4,4,uniform_sphere,860,97
quad_torus_genus4,4,uniform_sphere,861,120
quad_torus_genus4,4,uniform_sphere,862,108
quad_torus_genus4,4,uniform_sphere,863,117
quad_torus_genus4,4,uniform_sphere,864,113
quad_torus_genus4,4,uniform_sphere,865,118
quad_torus_genus4,4,uniform_sphere,866,117
quad_torus_genus4,4,uniform_sphere,867,81
quad_torus_genus4,4,uniform_sphere,868,92
quad_torus_genus4,4,uniform_sphere,869,85
quad_torus_genus4,4,uniform_sphere,870,108
quad_torus_genus4,4,uniform_sphere,871,111
quad_torus_genus4,4,uniform_sphere,872,131
quad_torus_genus4,4,uniform_sphere,873,82
quad_torus_genus4,4,uniform_sphere,874,104
quad_torus_genus4,4,uniform_sphere,875,99
quad_torus_genus4,4,uniform_sphere,876,106
quad_torus_genus4,4,uniform_sphere,877,109
quad_torus_genus4,4,uniform_sphere,878,114
quad_torus_genus4,4,uniform_sphere,879,106
quad_torus_genus4,4,uniform_sphere,880,107
quad_torus_genus4,4,uniform_sphere,881,96
quad_torus_genus4,4,uniform_sphere,882,105
quad_torus_genus4,4,uniform_sphere,883,122
quad_torus_genus4,4,uniform_sphere,884,91
quad_torus_genus4,4,uniform_sphere,885,110
quad_torus_genus4,4,uniform_sphere,886,106
quad_torus_genus4,4,uniform_sphere,887,102
quad_torus_genus4,4,uniform_sphere,888,106
quad_torus_genus4,4,uniform_sphere,889,104
quad_torus_genus4,4,uniform_sphere,890,100
quad_torus_genus4,4,uniform_sphere,891,110
quad_torus_genus4,4,uniform_sphere,892,104
quad_torus_genus4,4,uniform_sphere,893,110
quad_torus_genus4,4,uniform_sphere,894,120
quad_torus_genus4,4,uniform_sphere,895,100
quad_torus_genus4,4,uniform_sphere,896,120
quad_torus_genus4,4,uniform_sphere,897,134
quad_torus_genus4,4,uniform_sphere,898,105
quad_torus_genus4,4,uniform_sphere,899,126
quad_torus_genus4,4,uniform_sphere,900,120
quad_torus_genus4,4,uniform_sphere,901,98
quad_torus_genus4,4,uniform_sphere,902,87
quad_torus_genus4,4,uniform_sphere,903,117
quad_torus_genus4,4,uniform_sphere,904,113
quad_torus_genus4,4,uniform_sphere,905,103
quad_torus_genus4,4,uniform_sphere,906,120
quad_torus_genus4,4,uniform_sphere,907,117
quad_torus_genus4,4,uniform_sphere,908,107
quad_torus_genus4,4,uniform_sphere,909,105
quad_torus_genus4,4,uniform_sphere,910,107
quad_torus_genus4,4,uniform_sphere,911,101
quad_torus_genus4,4,uniform_sphere,912,106
quad_torus_genus4,4,uniform_sphere,913,102
quad_torus_genus4,4,uniform_sphere,914,94
quad_torus_genus4,4,uniform_sphere,915,113
quad_torus_genus4,4,uniform_sphere,916,105
quad_torus_genus4,4,uniform_sphere,917,110
quad_torus_genus4,4,uniform_sphere,918,108
quad_torus_genus4,4,uniform_sphere,919,117
quad_torus_genus4,4,uniform_sphere,920,101
quad_torus_genus4,4,uniform_sphere,921,119
quad_torus_genus4,4,uniform_sphere,922,97
quad_torus_genus4,4,uniform_sphere,923,119
quad_torus_genus4,4,uniform_sphere,924,108
quad_torus_genus4,4,uniform_sphere,925,105
quad_torus_genus4,4,uniform_sphere,926,106
quad_torus_genus4,4,uniform_sphere,927,132
quad_torus_genus4,4,uniform_sphere,928,115
quad_torus_genus4,4,uniform_sphere,929,118
quad_torus_genus4,4,uniform_sphere,930,117
quad_torus_genus4,4,uniform_sphere,931,98
quad_torus_genus4,4,uniform_sphere,932,108
quad_torus_genus4,4,uniform_sphere,933,110
quad_torus_genus4,4,uniform_sphere,934,120
quad_torus_genus4,4,uniform_sphere,935,103
quad_torus_genus4,4,uniform_sphere,936,99
quad_torus_genus4,4,uniform_sphere,937,114
quad_torus_genus4,4,uniform_sphere,938,104
quad_torus_genus4,4,uniform_sphere,939,110
quad_torus_genus4,4,uniform_sphere,940,108
quad_torus_genus4,4,uniform_sphere,941,95
quad_torus_genus4,4,uniform_sphere,942,102
quad_torus_genus4,4,uniform_sphere,943,95
quad_torus_genus4,4,uniform_sphere,944,95
quad_torus_genus4,4,uniform_sphere,945,99
quad_torus_genus4,4,uniform_sphere,946,89
quad_torus_genus4,4,uniform_sphere,947,109
quad_torus_genus4,4,uniform_sphere,948,95
quad_torus_genus4,4,uniform_sphere,949,95
quad_torus_genus4,4,uniform_sphere,950,102
quad_torus_genus4,4,uniform_sphere,951,97
quad_torus_genus4,4,uniform_sphere,952,110
quad_torus_genus4,4,uniform_sphere,953,125
quad_torus_genus4,4,uniform_sphere,954,105
quad_torus_genus4,4,uniform_sphere,955,95
quad_torus_genus4,4,uniform_sphere,956,111
quad_torus_genus4,4,uniform_sphere,957,108
quad_torus_genus4,4,uniform_sphere,958,124
quad_torus_genus4,4,uniform_sphere,959,114
quad_torus_genus4,4,uniform_sphere,960,100
quad_torus_genus4,4,uniform_sphere,961,90
quad_torus_genus4,4,uniform_sphere,962,126
quad_torus_genus4,4,uniform_sphere,963,99
quad_torus_genus4,4,uniform_sphere,964,102
quad_torus_genus4,4,uniform_sphere,965,103
quad_torus_genus4,4,uniform_sphere,966,103
quad_torus_genus4,4,uniform_sphere,967,95
quad_torus_genus4,4,uniform_sphere,968,101
quad_torus_genus4,4,uniform_sphere,969,104
quad_torus_genus4,4,uniform_sphere,970,113
quad_torus_genus4,4,uniform_sphere,971,103
quad_torus_genus4,4,uniform_sphere,972,125
quad_torus_genus4,4,uniform_sphere,973,106
quad_torus_genus4,4,uniform_sphere,974,91
quad_torus_genus4,4,uniform_sphere,975,117
quad_torus_genus4,4,uniform_sphere,976,101
quad_torus_genus4,4,uniform_sphere,977,88
quad_torus_genus4,4,uniform_sphere,978,130
quad_torus_genus4,4,uniform_sphere,979,127
quad_torus_genus4,4,uniform_sphere,980,108
quad_torus_genus4,4,uniform_sphere,981,121
quad_torus_genus4,4,uniform_sphere,982,86
quad_torus_genus4,4,uniform_sphere,983,104
quad_torus_genus4,4,uniform_sphere,984,101
quad_torus_genus4,4,uniform_sphere,985,113
quad_torus_genus4,4,uniform_sphere,986,124
quad_torus_genus4,4,uniform_sphere,987,110
quad_torus_genus4,4,uniform_sphere,988,97
quad_torus_genus4,4,uniform_sphere,989,101
quad_torus_genus4,4,uniform_sphere,990,128
quad_torus_genus4,4,uniform_sphere,991,102
quad_torus_genus4,4,uniform_sphere,992,102
quad_torus_genus4,4,uniform_sphere,993,96
quad_torus_genus4,4,uniform_sphere,994,107
quad_torus_genus4,4,uniform_sphere,995,99
quad_torus_genus4,4,uniform_sphere,996,102
quad_torus_genus4,4,uniform_sphere,997,117
quad_torus_genus4,4,uniform_sphere,998,102
quad_torus_genus4,4,uniform_sphere,999,116
quad_torus_genus4,4,dirichlet,0,112
quad_torus_genus4,4,dirichlet,1,120
quad_torus_genus4,4,dirichlet,2,90
quad_torus_genus4,4,dirichlet,3,128
quad_torus_genus4,4,dirichlet,4,112
quad_torus_genus4,4,dirichlet,5,107
quad_torus_genus4,4,dirichlet,6,107
quad_torus_genus4,4,dirichlet,7,109
quad_torus_genus4,4,dirichlet,8,101
quad_torus_genus4,4,dirichlet,9,102
quad_torus_genus4,4,dirichlet,10,114
quad_torus_genus4,4,dirichlet,11,120
quad_torus_genus4,4,dirichlet,12,104
quad_torus_genus4,4,dirichlet,13,113
quad_torus_genus4,4,dirichlet,14,71
quad_torus_genus4,4,dirichlet,15,80
quad_torus_genus4,4,dirichlet,16,104
quad_torus_genus4,4,dirichlet,17,83
quad_torus_genus4,4,dirichlet,18,111
quad_torus_genus4,4,dirichlet,19,100
quad_torus_genus4,4,dirichlet,20,130
quad_torus_genus4,4,dirichlet,21,85
quad_torus_genus4,4,dirichlet,22,124
quad_torus_genus4,4,dirichlet,23,96
quad_torus_genus4,4,dirichlet,24,87
quad_torus_genus4,4,dirichlet,25,120
quad_torus_genus4,4,dirichlet,26,105
quad_torus_genus4,4,dirichlet,27,114
quad_torus_genus4,4,dirichlet,28,102
quad_torus_genus4,4,dirichlet,29,94
quad_torus_genus4,4,dirichlet,30,103
quad_torus_genus4,4,dirichlet,31,79
quad_torus_genus4,4,dirichlet,32,107
quad_torus_genus4,4,dirichlet,33,110
quad_torus_genus4,4,dirichlet,34,101
quad_torus_genus4,4,dirichlet,35,101
quad_torus_genus4,4,dirichlet,36,103
quad_torus_genus4,4,dirichlet,37,106
quad_torus_genus4,4,dirichlet,38,105
quad_torus_genus4,4,dirichlet,39,116
quad_torus_genus4,4,dirichlet,40,108
quad_torus_genus4,4,dirichlet,41,98
quad_torus_genus4,4,dirichlet,42,107
quad_torus_genus4,4,dirichlet,43,119
quad_torus_genus4,4,dirichlet,44,111
quad_torus_genus4,4,dirichlet,45,109
quad_torus_genus4,4,dirichlet,46,95
quad_torus_genus4,4,dirichlet,47,115
quad_torus_genus4,4,dirichlet,48,94
quad_torus_genus4,4,dirichlet,49,109
quad_torus_genus4,4,dirichlet,50,119
quad_torus_genus4,4,dirichlet,51,109
quad_torus_genus4,4,dirichlet,52,106
quad_torus_genus4,4,dirichlet,53,72
quad_torus_genus4,4,dirichlet,54,134
quad_torus_genus4,4,dirichlet,55,109
quad_torus_genus4,4,dirichlet,56,95
quad_torus_genus4,4,dirichlet,57,102
quad_torus_genus4,4,dirichlet,58,90
quad_torus_genus4,4,dirichlet,59,105
quad_torus_genus4,4,dirichlet,60,106
quad_torus_genus4,4,dirichlet,61,116
quad_torus_genus4,4,dirichlet,62,105
quad_torus_genus4,4,dirichlet,63,114
quad_torus_genus4,4,dirichlet,64,115
quad_torus_genus4,4,dirichlet,65,90
quad_torus_genus4,4,dirichlet,66,134
quad_torus_genus4,4,dirichlet,67,87
quad_torus_genus4,4,dirichlet,68,97
quad_torus_genus4,4,dirichlet,69,97
quad_torus_genus4,4,dirichlet,70,106
quad_torus_genus4,4,dirichlet,71,117
quad_torus_genus4,4,dirichlet,72,99
quad_torus_genus4,4,dirichlet,73,96
quad_torus_genus4,4,dirichlet,74,89
quad_torus_genus4,4,dirichlet,75,104
quad_torus_genus4,4,dirichlet,76,83
quad_torus_genus4,4,dirichlet,77,113
quad_torus_genus4,4,dirichlet,78,114
quad_torus_genus4,4,dirichlet,79,120
quad_torus_genus4,4,dirichlet,80,130
quad_torus_genus4,4,dirichlet,81,85
quad_torus_genus4,4,dirichlet,82,98
quad_torus_genus4,4,dirichlet,83,89
quad_torus_genus4,4,dirichlet,84,141
quad_torus_genus4,4,dirichlet,85,108
quad_torus_genus4,4,dirichlet,86,107
quad_torus_genus4,4,dirichlet,87,116
quad_torus_genus4,4,dirichlet,88,109
quad_torus_genus4,4,dirichlet,89,125
quad_torus_genus4,4,dirichlet,90,88
quad_torus_genus4,4,dirichlet,91,123
quad_torus_genus4,4,dirichlet,92,121
quad_torus_genus4,4,dirichlet,93,115
quad_torus_genus4,4,dirichlet,94,115
quad_torus_genus4,4,dirichlet,95,89
quad_torus_genus4,4,dirichlet,96,99
quad_torus_genus4,4,dirichlet,97,124
quad_torus_genus4,4,dirichlet,98,113
quad_torus_genus4,4,dirichlet,99,99
quad_torus_genus4,4,dirichlet,100,104
quad_torus_genus4,4,dirichlet,101,97
quad_torus_genus4,4,dirichlet,102,112
quad_torus_genus4,4,dirichlet,103,107
quad_torus_genus4,4,dirichlet,104,101
quad_torus_genus4,4,dirichlet,105,107
quad_torus_genus4,4,dirichlet,106,114
quad_torus_genus4,4,dirichlet,107,115
quad_torus_genus4,4,dirichlet,108,103
quad_torus_genus4,4,dirichlet,109,122
quad_torus_genus4,4,dirichlet,110,122
quad_torus_genus4,4,dirichlet,111,108
quad_torus_genus4,4,dirichlet,112,108
quad_torus_genus4,4,dirichlet,113,102
quad_torus_genus4,4,dirichlet,114,105
quad_torus_genus4,4,dirichlet,115,87
quad_torus_genus4,4,dirichlet,116,104
quad_torus_genus4,4,dirichlet,117,101
quad_torus_genus4,4,dirichlet,118,97
quad_torus_genus4,4,dirichlet,119,121
quad_torus_genus4,4,dirichlet,120,111
quad_torus_genus4,4,dirichlet,121,110
quad_torus_genus4,4,dirichlet,122,89
quad_torus_genus4,4,dirichlet,123,98
quad_torus_genus4,4,dirichlet,124,103
quad_torus_genus4,4,dirichlet,125,102
quad_torus_genus4,4,dirichlet,126,109
quad_torus_genus4,4,dirichlet,127,106
quad_torus_genus4,4,dirichlet,128,98
quad_torus_genus4,4,dirichlet,129,108
quad_torus_genus4,4,dirichlet,130,82
quad_torus_genus4,4,dirichlet,131,98
quad_torus_genus4,4,dirichlet,132,112
quad_torus_genus4,4,dirichlet,133,114
quad_torus_genus4,4,dirichlet,134,108
quad_torus_genus4,4,dirichlet,135,120
quad_torus_genus4,4,dirichlet,136,137
quad_torus_genus4,4,dirichlet,137,96
quad_torus_genus4,4,dirichlet,138,116
quad_torus_genus4,4,dirichlet,139,130
quad_torus_genus4,4,dirichlet,140,104
quad_torus_genus4,4,dirichlet,141,107
quad_torus_genus4,4,dirichlet,142,128
quad_torus_genus4,4,dirichlet,143,120
quad_torus_genus4,4,dirichlet,144,92
quad_torus_genus4,4,dirichlet,145,99
quad_torus_genus4,4,dirichlet,146,95
quad_torus_genus4,4,dirichlet,147,97
quad_torus_genus4,4,dirichlet,148,106
quad_torus_genus4,4,dirichlet,149,114
quad_torus_genus4,4,dirichlet,150,119
quad_torus_genus4,4,dirichlet,151,120
quad_torus_genus4,4,dirichlet,152,81
quad_torus_genus4,4,dirichlet,153,113
quad_torus_genus4,4,dirichlet,154,89
quad_torus_genus4,4,dirichlet,155,88
quad_torus_genus4,4,dirichlet,156,102
quad_torus_genus4,4,dirichlet,157,108
quad_torus_genus4,4,dirichlet,158,102
quad_torus_genus4,4,dirichlet,159,118
quad_torus_genus4,4,dirichlet,160,91
quad_torus_genus4,4,dirichlet,161,117
quad_torus_genus4,4,dirichlet,162,107
quad_torus_genus4,4,dirichlet,163,79
quad_torus_genus4,4,dirichlet,164,125
quad_torus_genus4,4,dirichlet,165,111
quad_torus_genus4,4,dirichlet,166,75
quad_torus_genus4,4,dirichlet,167,112
quad_torus_genus4,4,dirichlet,168,111
quad_torus_genus4,4,dirichlet,169,110
quad_torus_genus4,4,dirichlet,170,93
quad_torus_genus4,4,dirichlet,171,126
quad_torus_genus4,4,dirichlet,172,92
quad_torus_genus4,4,dirichlet,173,92
quad_torus_genus4,4,dirichlet,174,95
quad_torus_genus4,4,dirichlet,175,106
quad_torus_genus4,4,dirichlet,176,102
quad_torus_genus4,4,dirichlet,177,98
quad_torus_genus4,4,dirichlet,178,120
quad_torus_genus4,4,dirichlet,179,95
quad_torus_genus4,4,dirichlet,180,98
quad_torus_genus4,4,dirichlet,181,95
quad_torus_genus4,4,dirichlet,182,92
quad_torus_genus4,4,dirichlet,183,110
quad_torus_genus4,4,dirichlet,184,94
quad_torus_genus4,4,dirichlet,185,93
quad_torus_genus4,4,dirichlet,186,111
quad_torus_genus4,4,dirichlet,187,110
quad_torus_genus4,4,dirichlet,188,99
quad_torus_genus4,4,dirichlet,189,106
quad_torus_genus4,4,dirichlet,190,105
quad_torus_genus4,4,dirichlet,191,99
quad_torus_genus4,4,dirichlet,192,90
quad_torus_genus4,4,dirichlet,193,127
quad_torus_genus4,4,dirichlet,194,110
quad_torus_genus4,4,dirichlet,195,126
quad_torus_genus4,4,dirichlet,196,79
quad_torus_genus4,4,dirichlet,197,99
quad_torus_genus4,4,dirichlet,198,113
quad_torus_genus4,4,dirichlet,199,78
quad_torus_genus4,4,dirichlet,200,114
quad_torus_genus4,4,dirichlet,201,95
quad_torus_genus4,4,dirichlet,202,110
quad_torus_genus4,4,dirichlet,203,110
quad_torus_genus4,4,dirichlet,204,120
quad_torus_genus4,4,dirichlet,205,89
quad_torus_genus4,4,dirichlet,206,106
quad_torus_genus4,4,dirichlet,207,98
quad_torus_genus4,4,dirichlet,208,96
quad_torus_genus4,4,dirichlet,209,93
quad_torus_genus4,4,dirichlet,210,112
quad_torus_genus4,4,dirichlet,211,104
quad_torus_genus4,4,dirichlet,212,128
quad_torus_genus4,4,dirichlet,213,110
quad_torus_genus4,4,dirichlet,214,105
quad_torus_genus4,4,dirichlet,215,111
quad_torus_genus4,4,dirichlet,216,116
quad_torus_genus4,4,dirichlet,217,125
quad_torus_genus4,4,dirichlet,218,107
quad_torus_genus4,4,dirichlet,219,99
quad_torus_genus4,4,dirichlet,220,109
quad_torus_genus4,4,dirichlet,221,92
quad_torus_genus4,4,dirichlet,222,85
quad_torus_genus4,4,dirichlet,223,79
quad_torus_genus4,4,dirichlet,224,119
quad_torus_genus4,4,dirichlet,225,102
quad_torus_genus4,4,dirichlet,226,112
quad_torus_genus4,4,dirichlet,227,93
quad_torus_genus4,4,dirichlet,228,85
quad_torus_genus4,4,dirichlet,229,115
quad_torus_genus4,4,dirichlet,230,103
quad_torus_genus4,4,dirichlet,231,113
quad_torus_genus4,4,dirichlet,232,101
quad_torus_genus4,4,dirichlet,233,119
quad_torus_genus4,4,dirichlet,234,104
quad_torus_genus4,4,dirichlet,235,119
quad_torus_genus4,4,dirichlet,236,93
quad_torus_genus4,4,dirichlet,237,90
quad_torus_genus4,4,dirichlet,238,67
quad_torus_genus4,4,dirichlet,239,99
quad_torus_genus4,4,dirichlet,240,102
quad_torus_genus4,4,dirichlet,241,108
quad_torus_genus4,4,dirichlet,242,81
quad_torus_genus4,4,dirichlet,243,100
quad_torus_genus4,4,dirichlet,244,123
quad_torus_genus4,4,dirichlet,245,114
quad_torus_genus4,4,dirichlet,246,122
quad_torus_genus4,4,dirichlet,247,85
quad_torus_genus4,4,dirichlet,248,83
quad_torus_genus4,4,dirichlet,249,109
quad_torus_genus4,4,dirichlet,250,112
quad_torus_genus4,4,dirichlet,251,115
quad_torus_genus4,4,dirichlet,252,124
quad_torus_genus4,4,dirichlet,253,100
quad_torus_genus4,4,dirichlet,254,98
quad_torus_genus4,4,dirichlet,255,113
quad_torus_genus4,4,dirichlet,256,100
quad_torus_genus4,4,dirichlet,257,103
quad_torus_genus4,4,dirichlet,258,116
quad_torus_genus4,4,dirichlet,259,98
quad_torus_genus4,4,dirichlet,260,86
quad_torus_genus4,4,dirichlet,261,103
quad_torus_genus4,4,dirichlet,262,112
quad_torus_genus4,4,dirichlet,263,115
quad_torus_genus4,4,dirichlet,264,105
quad_torus_genus4,4,dirichlet,265,105
quad_torus_genus4,4,dirichlet,266,117
quad_torus_genus4,4,dirichlet,267,116
quad_torus_genus4,4,dirichlet,268,89
quad_torus_genus4,4,dirichlet,269,129
quad_torus_genus4,4,dirichlet,270,114
quad_torus_genus4,4,dirichlet,271,93
quad_torus_genus4,4,dirichlet,272,108
quad_torus_genus4,4,dirichlet,273,113
quad_torus_genus4,4,dirichlet,274,119
quad_torus_genus4,4,dirichlet,275,103
quad_torus_genus4,4,dirichlet,276,124
quad_torus_genus4,4,dirichlet,277,100
quad_torus_genus4,4,dirichlet,278,123
quad_torus_genus4,4,dirichlet,279,88
quad_torus_genus4,4,dirichlet,280,105
quad_torus_genus4,4,dirichlet,281,118
quad_torus_genus4,4,dirichlet,282,117
quad_torus_genus4,4,dirichlet,283,113
quad_torus_genus4,4,dirichlet,284,84
quad_torus_genus4,4,dirichlet,285,106
quad_torus_genus4,4,dirichlet,286,100
quad_torus_genus4,4,dirichlet,287,96
quad_torus_genus4,4,dirichlet,288,85
quad_torus_genus4,4,dirichlet,289,87
quad_torus_genus4,4,dirichlet,290,104
quad_torus_genus4,4,dirichlet,291,88
quad_torus_genus4,4,dirichlet,292,123
quad_torus_genus4,4,dirichlet,293,86
quad_torus_genus4,4,dirichlet,294,114
quad_torus_genus4,4,dirichlet,295,129
quad_torus_genus4,4,dirichlet,296,98
quad_torus_genus4,4,dirichlet,297,94
quad_torus_genus4,4,dirichlet,298,114
quad_torus_genus4,4,dirichlet,299,118
quad_torus_genus4,4,dirichlet,300,99
quad_torus_genus4,4,dirichlet,301,102
quad_torus_genus4,4,dirichlet,302,98
quad_torus_genus4,4,dirichlet,303,103
quad_torus_genus4,4,dirichlet,304,124
quad_torus_genus4,4,dirichlet,305,97
quad_torus_genus4,4,dirichlet,306,106
quad_torus_genus4,4,dirichlet,307,104
quad_torus_genus4,4,dirichlet,308,103
quad_torus_genus4,4,dirichlet,309,107
quad_torus_genus4,4,dirichlet,310,114
quad_torus_genus4,4,dirichlet,311,129
quad_torus_genus4,4,dirichlet,312,118
quad_torus_genus4,4,dirichlet,313,99
quad_torus_genus4,4,dirichlet,314,97
quad_torus_genus4,4,dirichlet,315,90
quad_torus_genus4,4,dirichlet,316,107
quad_torus_genus4,4,dirichlet,317,105
quad_torus_genus4,4,dirichlet,318,97
quad_torus_genus4,4,dirichlet,319,118
quad_torus_genus4,4,dirichlet,320,89
quad_torus_genus4,4,dirichlet,321,114
quad_torus_genus4,4,dirichlet,322,114
quad_torus_genus4,4,dirichlet,323,111
quad_torus_genus4,4,dirichlet,324,129
quad_torus_genus4,4,dirichlet,325,127
quad_torus_genus4,4,dirichlet,326,116
quad_torus_genus4,4,dirichlet,327,118
quad_torus_genus4,4,dirichlet,328,108
quad_torus_genus4,4,dirichlet,329,121
quad_torus_genus4,4,dirichlet,330,122
quad_torus_genus4,4,dirichlet,331,125
quad_torus_genus4,4,dirichlet,332,110
quad_torus_genus4,4,dirichlet,333,96
quad_torus_genus4,4,dirichlet,334,105
quad_torus_genus4,4,dirichlet,335,106
quad_torus_genus4,4,dirichlet,336,123
quad_torus_genus4,4,dirichlet,337,114
quad_torus_genus4,4,dirichlet,338,110
quad_torus_genus4,4,dirichlet,339,113
quad_torus_genus4,4,dirichlet,340,121
quad_torus_genus4,4,dirichlet,341,100
quad_torus_genus4,4,dirichlet,342,94
quad_torus_genus4,4,dirichlet,343,86
quad_torus_genus4,4,dirichlet,344,105
quad_torus_genus4,4,dirichlet,345,80
quad_torus_genus4,4,dirichlet,346,102
quad_torus_genus4,4,dirichlet,347,74
quad_torus_genus4,4,dirichlet,348,108
quad_torus_genus4,4,dirichlet,349,108
quad_torus_genus4,4,dirichlet,350,101
quad_torus_genus4,4,dirichlet,351,111
quad_torus_genus4,4,dirichlet,352,90
quad_torus_genus4,4,dirichlet,353,105
quad_torus_genus4,4,dirichlet,354,78
quad_torus_genus4,4,dirichlet,355,87
quad_torus_genus4,4,dirichlet,356,121
quad_torus_genus4,4,dirichlet,357,87
quad_torus_genus4,4,dirichlet,358,86
quad_torus_genus4,4,dirichlet,359,98
quad_torus_genus4,4,dirichlet,360,105
quad_torus_genus4,4,dirichlet,361,100
quad_torus_genus4,4,dirichlet,362,118
quad_torus_genus4,4,dirichlet,363,109
quad_torus_genus4,4,dirichlet,364,86
quad_torus_genus4,4,dirichlet,365,101
quad_torus_genus4,4,dirichlet,366,111
quad_torus_genus4,4,dirichlet,367,105
quad_torus_genus4,4,dirichlet,368,97
quad_torus_genus4,4,dirichlet,369,113
quad_torus_genus4,4,dirichlet,370,100
quad_torus_genus4,4,dirichlet,371,90
quad_torus_genus4,4,dirichlet,372,84
quad_torus_genus4,4,dirichlet,373,101
quad_torus_genus4,4,dirichlet,374,111
quad_torus_genus4,4,dirichlet,375,98
quad_torus_genus4,4,dirichlet,376,100
quad_torus_genus4,4,dirichlet,377,103
quad_torus_genus4,4,dirichlet,378,98
quad_torus_genus4,4,dirichlet,379,116
quad_torus_genus4,4,dirichlet,380,109
quad_torus_genus4,4,dirichlet,381,84
quad_torus_genus4,4,dirichlet,382,114
quad_torus_genus4,4,dirichlet,383,76
quad_torus_genus4,4,dirichlet,384,116
quad_torus_genus4,4,dirichlet,385,108
quad_torus_genus4,4,dirichlet,386,127
quad_torus_genus4,4,dirichlet,387,101
quad_torus_genus4,4,dirichlet,388,115
quad_torus_genus4,4,dirichlet,389,125
quad_torus_genus4,4,dirichlet,390,117
quad_torus_genus4,4,dirichlet,391,115
quad_torus_genus4,4,dirichlet,392,82
quad_torus_genus4,4,dirichlet,393,104
quad_torus_genus4,4,dirichlet,394,111
quad_torus_genus4,4,dirichlet,395,108
quad_torus_genus4,4,dirichlet,396,81
quad_torus_genus4,4,dirichlet,397,123
quad_torus_genus4,4,dirichlet,398,120
quad_torus_genus4,4,dirichlet,399,93
quad_torus_genus4,4,dirichlet,400,118
quad_torus_genus4,4,dirichlet,401,121
quad_torus_genus4,4,dirichlet,402,124
quad_torus_genus4,4,dirichlet,403,99
quad_torus_genus4,4,dirichlet,404,97
quad_torus_genus4,4,dirichlet,405,84
quad_torus_genus4,4,dirichlet,406,99
quad_torus_genus4,4,dirichlet,407,114
quad_torus_genus4,4,dirichlet,408,106
quad_torus_genus4,4,dirichlet,409,99
quad_torus_genus4,4,dirichlet,410,89
quad_torus_genus4,4,dirichlet,411,89
quad_torus_genus4,4,dirichlet,412,115
quad_torus_genus4,4,dirichlet,413,110
quad_torus_genus4,4,dirichlet,414,102
quad_torus_genus4,4,dirichlet,415,123
quad_torus_genus4,4,dirichlet,416,113
quad_torus_genus4,4,dirichlet,417,103
quad_torus_genus4,4,dirichlet,418,116
quad_torus_genus4,4,dirichlet,419,117
quad_torus_genus4,4,dirichlet,420,115
quad_torus_genus4,4,dirichlet,421,96
quad_torus_genus4,4,dirichlet,422,106
quad_torus_genus4,4,dirichlet,423,83
quad_torus_genus4,4,dirichlet,424,101
quad_torus_genus4,4,dirichlet,425,115
quad_torus_genus4,4,dirichlet,426,90
quad_torus_genus4,4,dirichlet,427,98
quad_torus_genus4,4,dirichlet,428,102
quad_torus_genus4,4,dirichlet,429,106
quad_torus_genus4,4,dirichlet,430,117
quad_torus_genus4,4,dirichlet,431,89
quad_torus_genus4,4,dirichlet,432,115
quad_torus_genus4,4,dirichlet,433,108
quad_torus_genus4,4,dirichlet,434,102
quad_torus_genus4,4,dirichlet,435,129
quad_torus_genus4,4,dirichlet,436,84
quad_torus_genus4,4,dirichlet,437,92
quad_torus_genus4,4,dirichlet,438,111
quad_torus_genus4,4,dirichlet,439,89
quad_torus_genus4,4,dirichlet,440,111
quad_torus_genus4,4,dirichlet,441,123
quad_torus_genus4,4,dirichlet,442,90
quad_torus_genus4,4,dirichlet,443,110
quad_torus_genus4,4,dirichlet,444,113
quad_torus_genus4,4,dirichlet,445,110
quad_torus_genus4,4,dirichlet,446,107
quad_torus_genus4,4,dirichlet,447,94
quad_torus_genus4,4,dirichlet,448,118
quad_torus_genus4,4,dirichlet,449,102
quad_torus_genus4,4,dirichlet,450,98
quad_torus_genus4,4,dirichlet,451,87
quad_torus_genus4,4,dirichlet,452,138
quad_torus_genus4,4,dirichlet,453,80
quad_torus_genus4,4,dirichlet,454,98
quad_torus_genus4,4,dirichlet,455,102
quad_torus_genus4,4,dirichlet,456,100
quad_torus_genus4,4,dirichlet,457,86
quad_torus_genus4,4,dirichlet,458,112
quad_torus_genus4,4,dirichlet,459,123
quad_torus_genus4,4,dirichlet,460,121
quad_torus_genus4,4,dirichlet,461,113
quad_torus_genus4,4,dirichlet,462,95
quad_torus_genus4,4,dirichlet,463,94
quad_torus_genus4,4,dirichlet,464,102
quad_torus_genus4,4,dirichlet,465,105
quad_torus_genus4,4,dirichlet,466,93
quad_torus_genus4,4,dirichlet,467,102
quad_torus_genus4,4,dirichlet,468,114
quad_torus_genus4,4,dirichlet,469,96
quad_torus_genus4,4,dirichlet,470,100
quad_torus_genus4,4,dirichlet,471,97
quad_torus_genus4,4,dirichlet,472,105
quad_torus_genus4,4,dirichlet,473,127
quad_torus_genus4,4,dirichlet,474,123
quad_torus_genus4,4,dirichlet,475,103
quad_torus_genus4,4,dirichlet,476,90
quad_torus_genus4,4,dirichlet,477,100
quad_torus_genus4,4,dirichlet,478,100
quad_torus_genus4,4,dirichlet,479,104
quad_torus_genus4,4,dirichlet,480,94
quad_torus_genus4,4,dirichlet,481,122
quad_torus_genus4,4,dirichlet,482,88
quad_torus_genus4,4,dirichlet,483,97
quad_torus_genus4,4,dirichlet,484,124
quad_torus_genus4,4,dirichlet,485,126
quad_torus_genus4,4,dirichlet,486,108
quad_torus_genus4,4,dirichlet,487,123
quad_torus_genus4,4,dirichlet,488,82
quad_torus_genus4,4,dirichlet,489,112
quad_torus_genus4,4,dirichlet,490,112
quad_torus_genus4,4,dirichlet,491,107
quad_torus_genus4,4,dirichlet,492,122
quad_torus_genus4,4,dirichlet,493,100
quad_torus_genus4,4,dirichlet,494,101
quad_torus_genus4,4,dirichlet,495,102
quad_torus_genus4,4,dirichlet,496,120
quad_torus_genus4,4,dirichlet,497,104
quad_torus_genus4,4,dirichlet,498,101
quad_torus_genus4,4,dirichlet,499,89
quad_torus_genus4,4,dirichlet,500,108
quad_torus_genus4,4,dirichlet,501,106
quad_torus_genus4,4,dirichlet,502,94
quad_torus_genus4,4,dirichlet,503,114
quad_torus_genus4,4,dirichlet,504,110
quad_torus_genus4,4,dirichlet,505,119
quad_torus_genus4,4,dirichlet,506,89
quad_torus_genus4,4,dirichlet,507,114
quad_torus_genus4,4,dirichlet,508,101
quad_torus_genus4,4,dirichlet,509,81
quad_torus_genus4,4,dirichlet,510,98
quad_torus_genus4,4,dirichlet,511,114
quad_torus_genus4,4,dirichlet,512,108
quad_torus_genus4,4,dirichlet,513,103
quad_torus_genus4,4,dirichlet,514,105
quad_torus_genus4,4,dirichlet,515,108
quad_torus_genus4,4,dirichlet,516,115
quad_torus_genus4,4,dirichlet,517,92
quad_torus_genus4,4,dirichlet,518,115
quad_torus_genus4,4,dirichlet,519,97
quad_torus_genus4,4,dirichlet,520,99
quad_torus_genus4,4,dirichlet,521,97
quad_torus_genus4,4,dirichlet,522,116
quad_torus_genus4,4,dirichlet,523,102
quad_torus_genus4,4,dirichlet,524,126
quad_torus_genus4,4,dirichlet,525,95
quad_torus_genus4,4,dirichlet,526,95
quad_torus_genus4,4,dirichlet,527,108
quad_torus_genus4,4,dirichlet,528,130
quad_torus_genus4,4,dirichlet,529,95
quad_torus_genus4,4,dirichlet,530,103
quad_torus_genus4,4,dirichlet,531,107
quad_torus_genus4,4,dirichlet,532,119
quad_torus_genus4,4,dirichlet,533,104
quad_torus_genus4,4,dirichlet,534,113
quad_torus_genus4,4,dirichlet,535,105
quad_torus_genus4,4,dirichlet,536,114
quad_torus_genus4,4,dirichlet,537,104
quad_torus_genus4,4,dirichlet,538,87
quad_torus_genus4,4,dirichlet,539,116
quad_torus_genus4,4,dirichlet,540,93
quad_torus_genus4,4,dirichlet,541,105
quad_torus_genus4,4,dirichlet,542,114
quad_torus_genus4,4,dirichlet,543,109
quad_torus_genus4,4,dirichlet,544,106
quad_torus_genus4,4,dirichlet,545,105
quad_torus_genus4,4,dirichlet,546,106
quad_torus_genus4,4,dirichlet,547,127
quad_torus_genus4,4,dirichlet,548,113
quad_torus_genus4,4,dirichlet,549,89
quad_torus_genus4,4,dirichlet,550,94
quad_torus_genus4,4,dirichlet,551,137
quad_torus_genus4,4,dirichlet,552,97
quad_torus_genus4,4,dirichlet,553,109
quad_torus_genus4,4,dirichlet,554,100
quad_torus_genus4,4,dirichlet,555,104
quad_torus_genus4,4,dirichlet,556,102
quad_torus_genus4,4,dirichlet,557,100
quad_torus_genus4,4,dirichlet,558,135
quad_torus_genus4,4,dirichlet,559,105
quad_torus_genus4,4,dirichlet,560,89
quad_torus_genus4,4,dirichlet,561,102
quad_torus_genus4,4,dirichlet,562,109
quad_torus_genus4,4,dirichlet,563,123
quad_torus_genus4,4,dirichlet,564,109
quad_torus_genus4,4,dirichlet,565,115
quad_torus_genus4,4,dirichlet,566,112
quad_torus_genus4,4,dirichlet,567,117
quad_torus_genus4,4,dirichlet,568,118
quad_torus_genus4,4,dirichlet,569,105
quad_torus_genus4,4,dirichlet,570,132
quad_torus_genus4,4,dirichlet,571,123
quad_torus_genus4,4,dirichlet,572,117
quad_torus_genus4,4,dirichlet,573,96
quad_torus_genus4,4,dirichlet,574,94
quad_torus_genus4,4,dirichlet,575,100
quad_torus_genus4,4,dirichlet,576,107
quad_torus_genus4,4,dirichlet,577,119
quad_torus_genus4,4,dirichlet,578,93
quad_torus_genus4,4,dirichlet,579,108
quad_torus_genus4,4,dirichlet,580,119
quad_torus_genus4,4,dirichlet,581,120
quad_torus_genus4,4,dirichlet,582,112
quad_torus_genus4,4,dirichlet,583,108
quad_torus_genus4,4,dirichlet,584,121
quad_torus_genus4,4,dirichlet,585,116
quad_torus_genus4,4,dirichlet,586,103
quad_torus_genus4,4,dirichlet,587,98
quad_torus_genus4,4,dirichlet,588,117
quad_torus_genus4,4,dirichlet,589,118
quad_torus_genus4,4,dirichlet,590,121
quad_torus_genus4,4,dirichlet,591,105
quad_torus_genus4,4,dirichlet,592,104
quad_torus_genus4,4,dirichlet,593,106
quad_torus_genus4,4,dirichlet,594,102
quad_torus_genus4,4,dirichlet,595,93
quad_torus_genus4,4,dirichlet,596,109
quad_torus_genus4,4,dirichlet,597,84
quad_torus_genus4,4,dirichlet,598,88
quad_torus_genus4,4,dirichlet,599,126
quad_torus_genus4,4,dirichlet,600,103
quad_torus_genus4,4,dirichlet,601,104
quad_torus_genus4,4,dirichlet,602,83
quad_torus_genus4,4,dirichlet,603,98
quad_torus_genus4,4,dirichlet,604,103
quad_torus_genus4,4,dirichlet,605,83
quad_torus_genus4,4,dirichlet,606,115
quad_torus_genus4,4,dirichlet,607,110
quad_torus_genus4,4,dirichlet,608,104
quad_torus_genus4,4,dirichlet,609,106
quad_torus_genus4,4,dirichlet,610,107
quad_torus_genus4,4,dirichlet,611,116
quad_torus_genus4,4,dirichlet,612,125
quad_torus_genus4,4,dirichlet,613,118
quad_torus_genus4,4,dirichlet,614,125
quad_torus_genus4,4,dirichlet,615,105
quad_torus_genus4,4,dirichlet,616,121
quad_torus_genus4,4,dirichlet,617,83
quad_torus_genus4,4,dirichlet,618,98
quad_torus_genus4,4,dirichlet,619,99
quad_torus_genus4,4,dirichlet,620,108
quad_torus_genus4,4,dirichlet,621,105
quad_torus_genus4,4,dirichlet,622,112
quad_torus_genus4,4,dirichlet,623,110
quad_torus_genus4,4,dirichlet,624,93
quad_torus_genus4,4,dirichlet,625,106
quad_torus_genus4,4,dirichlet,626,86
quad_torus_genus4,4,dirichlet,627,122
quad_torus_genus4,4,dirichlet,628,99
quad_torus_genus4,4,dirichlet,629,101
quad_torus_genus4,4,dirichlet,630,108
quad_torus_genus4,4,dirichlet,631,84
quad_torus_genus4,4,dirichlet,632,105
quad_torus_genus4,4,dirichlet,633,122
quad_torus_genus4,4,dirichlet,634,113
quad_torus_genus4,4,dirichlet,635,92
quad_torus_genus4,4,dirichlet,636,107
quad_torus_genus4,4,dirichlet,637,87
quad_torus_genus4,4,dirichlet,638,102
quad_torus_genus4,4,dirichlet,639,104
quad_torus_genus4,4,dirichlet,640,129
quad_torus_genus4,4,dirichlet,641,104
quad_torus_genus4,4,dirichlet,642,102
quad_torus_genus4,4,dirichlet,643,117
quad_torus_genus4,4,dirichlet,644,130
quad_torus_genus4,4,dirichlet,645,111
quad_torus_genus4,4,dirichlet,646,121
quad_torus_genus4,4,dirichlet,647,120
quad_torus_genus4,4,dirichlet,648,108
quad_torus_genus4,4,dirichlet,649,101
quad_torus_genus4,4,dirichlet,650,96
quad_torus_genus4,4,dirichlet,651,104
quad_torus_genus4,4,dirichlet,652,110
quad_torus_genus4,4,dirichlet,653,88
quad_torus_genus4,4,dirichlet,654,76
quad_torus_genus4,4,dirichlet,655,110
quad_torus_genus4,4,dirichlet,656,95
quad_torus_genus4,4,dirichlet,657,107
quad_torus_genus4,4,dirichlet,658,103
quad_torus_genus4,4,dirichlet,659,88
quad_torus_genus4,4,dirichlet,660,89
quad_torus_genus4,4,dirichlet,661,122
quad_torus_genus4,4,dirichlet,662,87
quad_torus_genus4,4,dirichlet,663,111
quad_torus_genus4,4,dirichlet,664,116
quad_torus_genus4,4,dirichlet,665,103
quad_torus_genus4,4,dirichlet,666,115
quad_torus_genus4,4,dirichlet,667,97
quad_torus_genus4,4,dirichlet,668,114
quad_torus_genus4,4,dirichlet,669,87
quad_torus_genus4,4,dirichlet,670,118
quad_torus_genus4,4,dirichlet,671,121
quad_torus_genus4,4,dirichlet,672,113
quad_torus_genus4,4,dirichlet,673,106
quad_torus_genus4,4,dirichlet,674,94
quad_torus_genus4,4,dirichlet,675,99
quad_torus_genus4,4,dirichlet,676,113
quad_torus_genus4,4,dirichlet,677,104
quad_torus_genus4,4,dirichlet,678,103
quad_torus_genus4,4,dirichlet,679,130
quad_torus_genus4,4,dirichlet,680,108
quad_torus_genus4,4,dirichlet,681,110
quad_torus_genus4,4,dirichlet,682,89
quad_torus_genus4,4,dirichlet,683,112
quad_torus_genus4,4,dirichlet,684,105
quad_torus_genus4,4,dirichlet,685,103
quad_torus_genus4,4,dirichlet,686,61
quad_torus_genus4,4,dirichlet,687,84
quad_torus_genus4,4,dirichlet,688,109
quad_torus_genus4,4,dirichlet,689,100
quad_torus_genus4,4,dirichlet,690,119
quad_torus_genus4,4,dirichlet,691,114
quad_torus_genus4,4,dirichlet,692,101
quad_torus_genus4,4,dirichlet,693,114
quad_torus_genus4,4,dirichlet,694,120
quad_torus_genus4,4,dirichlet,695,102
quad_torus_genus4,4,dirichlet,696,105
quad_torus_genus4,4,dirichlet,697,108
quad_torus_genus4,4,dirichlet,698,91
quad_torus_genus4,4,dirichlet,699,114
quad_torus_genus4,4,dirichlet,700,123
quad_torus_genus4,4,dirichlet,701,92
quad_torus_genus4,4,dirichlet,702,118
quad_torus_genus4,4,dirichlet,703,109
quad_torus_genus4,4,dirichlet,704,120
quad_torus_genus4,4,dirichlet,705,106
quad_torus_genus4,4,dirichlet,706,111
quad_torus_genus4,4,dirichlet,707,112
quad_torus_genus4,4,dirichlet,708,102
quad_torus_genus4,4,dirichlet,709,103
quad_torus_genus4,4,dirichlet,710,108
quad_torus_genus4,4,dirichlet,711,114
quad_torus_genus4,4,dirichlet,712,97
quad_torus_genus4,4,dirichlet,713,115
quad_torus_genus4,4,dirichlet,714,83
quad_torus_genus4,4,dirichlet,715,109
quad_torus_genus4,4,dirichlet,716,116
quad_torus_genus4,4,dirichlet,717,118
quad_torus_genus4,4,dirichlet,718,83
quad_torus_genus4,4,dirichlet,719,112
quad_torus_genus4,4,dirichlet,720,96
quad_torus_genus4,4,dirichlet,721,91
quad_torus_genus4,4,dirichlet,722,114
quad_torus_genus4,4,dirichlet,723,100
quad_torus_genus4,4,dirichlet,724,85
quad_torus_genus4,4,dirichlet,725,98
quad_torus_genus4,4,dirichlet,726,104
quad_torus_genus4,4,dirichlet,727,117
quad_torus_genus4,4,dirichlet,728,113
quad_torus_genus4,4,dirichlet,729,89
quad_torus_genus4,4,dirichlet,730,93
quad_torus_genus4,4,dirichlet,731,117
quad_torus_genus4,4,dirichlet,732,83
quad_torus_genus4,4,dirichlet,733,123
quad_torus_genus4,4,dirichlet,734,126
quad_torus_genus4,4,dirichlet,735,118
quad_torus_genus4,4,dirichlet,736,90
quad_torus_genus4,4,dirichlet,737,81
quad_torus_genus4,4,dirichlet,738,88
quad_torus_genus4,4,dirichlet,739,116
quad_torus_genus4,4,dirichlet,740,97
quad_torus_genus4,4,dirichlet,741,100
quad_torus_genus4,4,dirichlet,742,112
quad_torus_genus4,4,dirichlet,743,109
quad_torus_genus4,4,dirichlet,744,113
quad_torus_genus4,4,dirichlet,745,111
quad_torus_genus4,4,dirichlet,746,113
quad_torus_genus4,4,dirichlet,747,109
quad_torus_genus4,4,dirichlet,748,86
quad_torus_genus4,4,dirichlet,749,99
quad_torus_genus4,4,dirichlet,750,105
quad_torus_genus4,4,dirichlet,751,105
quad_torus_genus4,4,dirichlet,752,103
quad_torus_genus4,4,dirichlet,753,115
quad_torus_genus4,4,dirichlet,754,129
quad_torus_genus4,4,dirichlet,755,94
quad_torus_genus4,4,dirichlet,756,112
quad_torus_genus4,4,dirichlet,757,113
quad_torus_genus4,4,dirichlet,758,69
quad_torus_genus4,4,dirichlet,759,117
quad_torus_genus4,4,dirichlet,760,101
quad_torus_genus4,4,dirichlet,761,114
quad_torus_genus4,4,dirichlet,762,94
quad_torus_genus4,4,dirichlet,763,95
quad_torus_genus4,4,dirichlet,764,108
quad_torus_genus4,4,dirichlet,765,102
quad_torus_genus4,4,dirichlet,766,118
quad_torus_genus4,4,dirichlet,767,118
quad_torus_genus4,4,dirichlet,768,99
quad_torus_genus4,4,dirichlet,769,105
quad_torus_genus4,4,dirichlet,770,98
quad_torus_genus4,4,dirichlet,771,85
quad_torus_genus4,4,dirichlet,772,123
quad_torus_genus4,4,dirichlet,773,96
quad_torus_genus4,4,dirichlet,774,105
quad_torus_genus4,4,dirichlet,775,122
quad_torus_genus4,4,dirichlet,776,115
quad_torus_genus4,4,dirichlet,777,93
quad_torus_genus4,4,dirichlet,778,108
quad_torus_genus4,4,dirichlet,779,106
quad_torus_genus4,4,dirichlet,780,109
quad_torus_genus4,4,dirichlet,781,112
quad_torus_genus4,4,dirichlet,782,86
quad_torus_genus4,4,dirichlet,783,97
quad_torus_genus4,4,dirichlet,784,97
quad_torus_genus4,4,dirichlet,785,113
quad_torus_genus4,4,dirichlet,786,113
quad_torus_genus4,4,dirichlet,787,122
quad_torus_genus4,4,dirichlet,788,81
quad_torus_genus4,4,dirichlet,789,117
quad_torus_genus4,4,dirichlet,790,117
quad_torus_genus4,4,dirichlet,791,127
quad_torus_genus4,4,dirichlet,792,104
quad_torus_genus4,4,dirichlet,793,94
quad_torus_genus4,4,dirichlet,794,109
quad_torus_genus4,4,dirichlet,795,97
quad_torus_genus4,4,dirichlet,796,95
quad_torus_genus4,4,dirichlet,797,103
quad_torus_genus4,4,dirichlet,798,110
quad_torus_genus4,4,dirichlet,799,98
quad_torus_genus4,4,dirichlet,800,107
quad_torus_genus4,4,dirichlet,801,104
quad_torus_genus4,4,dirichlet,802,103
quad_torus_genus4,4,dirichlet,803,99
quad_torus_genus4,4,dirichlet,804,101
quad_torus_genus4,4,dirichlet,805,107
quad_torus_genus4,4,dirichlet,806,107
quad_torus_genus4,4,dirichlet,807,89
quad_torus_genus4,4,dirichlet,808,112
quad_torus_genus4,4,dirichlet,809,105
quad_torus_genus4,4,dirichlet,810,116
quad_torus_genus4,4,dirichlet,811,114
quad_torus_genus4,4,dirichlet,812,94
quad_torus_genus4,4,dirichlet,813,95
quad_torus_genus4,4,dirichlet,814,96
quad_torus_genus4,4,dirichlet,815,125
quad_torus_genus4,4,dirichlet,816,110
quad_torus_genus4,4,dirichlet,817,115
quad_torus_genus4,4,dirichlet,818,88
quad_torus_genus4,4,dirichlet,819,101
quad_torus_genus4,4,dirichlet,820,124
quad_torus_genus4,4,dirichlet,821,101
quad_torus_genus4,4,dirichlet,822,114
quad_torus_genus4,4,dirichlet,823,81
quad_torus_genus4,4,dirichlet,824,77
quad_torus_genus4,4,dirichlet,825,121
quad_torus_genus4,4,dirichlet,826,104
quad_torus_genus4,4,dirichlet,827,82
quad_torus_genus4,4,dirichlet,828,114
quad_torus_genus4,4,dirichlet,829,108
quad_torus_genus4,4,dirichlet,830,136
quad_torus_genus4,4,dirichlet,831,86
quad_torus_genus4,4,dirichlet,832,122
quad_torus_genus4,4,dirichlet,833,104
quad_torus_genus4,4,dirichlet,834,101
quad_torus_genus4,4,dirichlet,835,117
quad_torus_genus4,4,dirichlet,836,123
quad_torus_genus4,4,dirichlet,837,107
quad_torus_genus4,4,dirichlet,838,108
quad_torus_genus4,4,dirichlet,839,92
quad_torus_genus4,4,dirichlet,840,97
quad_torus_genus4,4,dirichlet,841,100
quad_torus_genus4,4,dirichlet,842,101
quad_torus_genus4,4,dirichlet,843,92
quad_torus_genus4,4,dirichlet,844,92
quad_torus_genus4,4,dirichlet,845,90
quad_torus_genus4,4,dirichlet,846,91
quad_torus_genus4,4,dirichlet,847,102
quad_torus_genus4,4,dirichlet,848,113
quad_torus_genus4,4,dirichlet,849,92
quad_torus_genus4,4,dirichlet,850,106
quad_torus_genus4,4,dirichlet,851,114
quad_torus_genus4,4,dirichlet,852,102
quad_torus_genus4,4,dirichlet,853,113
quad_torus_genus4,4,dirichlet,854,131
quad_torus_genus4,4,dirichlet,855,110
quad_torus_genus4,4,dirichlet,856,97
quad_torus_genus4,4,dirichlet,857,124
quad_torus_genus4,4,dirichlet,858,115
quad_torus_genus4,4,dirichlet,859,99
quad_torus_genus4,4,dirichlet,860,97
quad_torus_genus4,4,dirichlet,861,107
quad_torus_genus4,4,dirichlet,862,127
quad_torus_genus4,4,dirichlet,863,125
quad_torus_genus4,4,dirichlet,864,114
quad_torus_genus4,4,dirichlet,865,118
quad_torus_genus4,4,dirichlet,866,114
quad_torus_genus4,4,dirichlet,867,109
quad_torus_genus4,4,dirichlet,868,128
quad_torus_genus4,4,dirichlet,869,107
quad_torus_genus4,4,dirichlet,870,124
quad_torus_genus4,4,dirichlet,871,105
quad_torus_genus4,4,dirichlet,872,119
quad_torus_genus4,4,dirichlet,873,130
quad_torus_genus4,4,dirichlet,874,103
quad_torus_genus4,4,dirichlet,875,125
quad_torus_genus4,4,dirichlet,876,108
quad_torus_genus4,4,dirichlet,877,79
quad_torus_genus4,4,dirichlet,878,88
quad_torus_genus4,4,dirichlet,879,103
quad_torus_genus4,4,dirichlet,880,105
quad_torus_genus4,4,dirichlet,881,123
quad_torus_genus4,4,dirichlet,882,123
quad_torus_genus4,4,dirichlet,883,118
quad_torus_genus4,4,dirichlet,884,114
quad_torus_genus4,4,dirichlet,885,89
quad_torus_genus4,4,dirichlet,886,90
quad_torus_genus4,4,dirichlet,887,104
quad_torus_genus4,4,dirichlet,888,122
quad_torus_genus4,4,dirichlet,889,94
quad_torus_genus4,4,dirichlet,890,115
quad_torus_genus4,4,dirichlet,891,102
quad_torus_genus4,4,dirichlet,892,85
quad_torus_genus4,4,dirichlet,893,120
quad_torus_genus4,4,dirichlet,894,109
quad_torus_genus4,4,dirichlet,895,125
quad_torus_genus4,4,dirichlet,896,116
quad_torus_genus4,4,dirichlet,897,115
quad_torus_genus4,4,dirichlet,898,98
quad_torus_genus4,4,dirichlet,899,104
quad_torus_genus4,4,dirichlet,900,93
quad_torus_genus4,4,dirichlet,901,114
quad_torus_genus4,4,dirichlet,902,114
quad_torus_genus4,4,dirichlet,903,95
quad_torus_genus4,4,dirichlet,904,110
quad_torus_genus4,4,dirichlet,905,100
quad_torus_genus4,4,dirichlet,906,90
quad_torus_genus4,4,dirichlet,907,114
quad_torus_genus4,4,dirichlet,908,103
quad_torus_genus4,4,dirichlet,909,89
quad_torus_genus4,4,dirichlet,910,103
quad_torus_genus4,4,dirichlet,911,117
quad_torus_genus4,4,dirichlet,912,115
quad_torus_genus4,4,dirichlet,913,114
quad_torus_genus4,4,dirichlet,914,116
quad_torus_genus4,4,dirichlet,915,122
quad_torus_genus4,4,dirichlet,916,105
quad_torus_genus4,4,dirichlet,917,107
quad_torus_genus4,4,dirichlet,918,132
quad_torus_genus4,4,dirichlet,919,114
quad_torus_genus4,4,dirichlet,920,123
quad_torus_genus4,4,dirichlet,921,106
quad_torus_genus4,4,dirichlet,922,103
quad_torus_genus4,4,dirichlet,923,106
quad_torus_genus4,4,dirichlet,924,109
quad_torus_genus4,4,dirichlet,925,113
quad_torus_genus4,4,dirichlet,926,104
quad_torus_genus4,4,dirichlet,927,109
quad_torus_genus4,4,dirichlet,928,115
quad_torus_genus4,4,dirichlet,929,108
quad_torus_genus4,4,dirichlet,930,105
quad_torus_genus4,4,dirichlet,931,91
quad_torus_genus4,4,dirichlet,932,109
quad_torus_genus4,4,dirichlet,933,93
quad_torus_genus4,4,dirichlet,934,104
quad_torus_genus4,4,dirichlet,935,105
quad_torus_genus4,4,dirichlet,936,94
quad_torus_genus4,4,dirichlet,937,64
quad_torus_genus4,4,dirichlet,938,90
quad_torus_genus4,4,dirichlet,939,110
quad_torus_genus4,4,dirichlet,940,100
quad_torus_genus4,4,dirichlet,941,111
quad_torus_genus4,4,dirichlet,942,116
quad_torus_genus4,4,dirichlet,943,124
quad_torus_genus4,4,dirichlet,944,76
quad_torus_genus4,4,dirichlet,945,115
quad_torus_genus4,4,dirichlet,946,98
quad_torus_genus4,4,dirichlet,947,106
quad_torus_genus4,4,dirichlet,948,127
quad_torus_genus4,4,dirichlet,949,105
quad_torus_genus4,4,dirichlet,950,102
quad_torus_genus4,4,dirichlet,951,68
quad_torus_genus4,4,dirichlet,952,103
quad_torus_genus4,4,dirichlet,953,102
quad_torus_genus4,4,dirichlet,954,96
quad_torus_genus4,4,dirichlet,955,117
quad_torus_genus4,4,dirichlet,956,106
quad_torus_genus4,4,dirichlet,957,131
quad_torus_genus4,4,dirichlet,958,117
quad_torus_genus4,4,dirichlet,959,98
quad_torus_genus4,4,dirichlet,960,122
quad_torus_genus4,4,dirichlet,961,113
quad_torus_genus4,4,dirichlet,962,115
quad_torus_genus4,4,dirichlet,963,102
quad_torus_genus4,4,dirichlet,964,120
quad_torus_genus4,4,dirichlet,965,85
quad_torus_genus4,4,dirichlet,966,85
quad_torus_genus4,4,dirichlet,967,86
quad_torus_genus4,4,dirichlet,968,111
quad_torus_genus4,4,dirichlet,969,136
quad_torus_genus4,4,dirichlet,970,110
quad_torus_genus4,4,dirichlet,971,116
quad_torus_genus4,4,dirichlet,972,87
quad_torus_genus4,4,dirichlet,973,97
quad_torus_genus4,4,dirichlet,974,98
quad_torus_genus4,4,dirichlet,975,108
quad_torus_genus4,4,dirichlet,976,121
quad_torus_genus4,4,dirichlet,977,110
quad_torus_genus4,4,dirichlet,978,113
quad_torus_genus4,4,dirichlet,979,103
quad_torus_genus4,4,dirichlet,980,86
quad_torus_genus4,4,dirichlet,981,114
quad_torus_genus4,4,dirichlet,982,111
quad_torus_genus4,4,dirichlet,983,125
quad_torus_genus4,4,dirichlet,984,104
quad_torus_genus4,4,dirichlet,985,105
quad_torus_genus4,4,dirichlet,986,106
quad_torus_genus4,4,dirichlet,987,115
quad_torus_genus4,4,dirichlet,988,102
quad_torus_genus4,4,dirichlet,989,113
quad_torus_genus4,4,dirichlet,990,102
quad_torus_genus4,4,dirichlet,991,96
quad_torus_genus4,4,dirichlet,992,111
quad_torus_genus4,4,dirichlet,993,93
quad_torus_genus4,4,dirichlet,994,114
quad_torus_genus4,4,dirichlet,995,92
quad_torus_genus4,4,dirichlet,996,94
quad_torus_genus4,4,dirichlet,997,122
quad_torus_genus4,4,dirichlet,998,107
quad_torus_genus4,4,dirichlet,999,110
quad_torus_genus4,4,normal_L2,0,112
quad_torus_genus4,4,normal_L2,1,116
quad_torus_genus4,4,normal_L2,2,128
quad_torus_genus4,4,normal_L2,3,116
quad_torus_genus4,4,normal_L2,4,127
quad_torus_genus4,4,normal_L2,5,113
quad_torus_genus4,4,normal_L2,6,106
quad_torus_genus4,4,normal_L2,7,112
quad_torus_genus4,4,normal_L2,8,112
quad_torus_genus4,4,normal_L2,9,94
quad_torus_genus4,4,normal_L2,10,122
quad_torus_genus4,4,normal_L2,11,97
quad_torus_genus4,4,normal_L2,12,101
quad_torus_genus4,4,normal_L2,13,95
quad_torus_genus4,4,normal_L2,14,98
quad_torus_genus4,4,normal_L2,15,114
quad_torus_genus4,4,normal_L2,16,108
quad_torus_genus4,4,normal_L2,17,116
quad_torus_genus4,4,normal_L2,18,91
quad_torus_genus4,4,normal_L2,19,123
quad_torus_genus4,4,normal_L2,20,108
quad_torus_genus4,4,normal_L2,21,90
quad_torus_genus4,4,normal_L2,22,128
quad_torus_genus4,4,normal_L2,23,96
quad_torus_genus4,4,normal_L2,24,140
quad_torus_genus4,4,normal_L2,25,110
quad_torus_genus4,4,normal_L2,26,99
quad_torus_genus4,4,normal_L2,27,105
quad_torus_genus4,4,normal_L2,28,119
quad_torus_genus4,4,normal_L2,29,96
quad_torus_genus4,4,normal_L2,30,106
quad_torus_genus4,4,normal_L2,31,105
quad_torus_genus4,4,normal_L2,32,108
quad_torus_genus4,4,normal_L2,33,95
quad_torus_genus4,4,normal_L2,34,115
quad_torus_genus4,4,normal_L2,35,87
quad_torus_genus4,4,normal_L2,36,97
quad_torus_genus4,4,normal_L2,37,97
quad_torus_genus4,4,normal_L2,38,107
quad_torus_genus4,4,normal_L2,39,101
quad_torus_genus4,4,normal_L2,40,107
quad_torus_genus4,4,normal_L2,41,97
quad_torus_genus4,4,normal_L2,42,110
quad_torus_genus4,4,normal_L2,43,121
quad_torus_genus4,4,normal_L2,44,104
quad_torus_genus4,4,normal_L2,45,105
quad_torus_genus4,4,normal_L2,46,113
quad_torus_genus4,4,normal_L2,47,116
quad_torus_genus4,4,normal_L2,48,80
quad_torus_genus4,4,normal_L2,49,101
quad_torus_genus4,4,normal_L2,50,104
quad_torus_genus4,4,normal_L2,51,114
quad_torus_genus4,4,normal_L2,52,101
quad_torus_genus4,4,normal_L2,53,125
quad_torus_genus4,4,normal_L2,54,110
quad_torus_genus4,4,normal_L2,55,110
quad_torus_genus4,4,normal_L2,56,108
quad_torus_genus4,4,normal_L2,57,81
quad_torus_genus4,4,normal_L2,58,116
quad_torus_genus4,4,normal_L2,59,98
quad_torus_genus4,4,normal_L2,60,113
quad_torus_genus4,4,normal_L2,61,87
quad_torus_genus4,4,normal_L2,62,119
quad_torus_genus4,4,normal_L2,63,95
quad_torus_genus4,4,normal_L2,64,94
quad_torus_genus4,4,normal_L2,65,98
quad_torus_genus4,4,normal_L2,66,95
quad_torus_genus4,4,normal_L2,67,78
quad_torus_genus4,4,normal_L2,68,101
quad_torus_genus4,4,normal_L2,69,114
quad_torus_genus4,4,normal_L2,70,111
quad_torus_genus4,4,normal_L2,71,100
quad_torus_genus4,4,normal_L2,72,96
quad_torus_genus4,4,normal_L2,73,103
quad_torus_genus4,4,normal_L2,74,95
quad_torus_genus4,4,normal_L2,75,103
quad_torus_genus4,4,normal_L2,76,102
quad_torus_genus4,4,normal_L2,77,105
quad_torus_genus4,4,normal_L2,78,116
quad_torus_genus4,4,normal_L2,79,108
quad_torus_genus4,4,normal_L2,80,118
quad_torus_genus4,4,normal_L2,81,112
quad_torus_genus4,4,normal_L2,82,115
quad_torus_genus4,4,normal_L2,83,126
quad_torus_genus4,4,normal_L2,84,100
quad_torus_genus4,4,normal_L2,85,113
quad_torus_genus4,4,normal_L2,86,128
quad_torus_genus4,4,normal_L2,87,97
quad_torus_genus4,4,normal_L2,88,106
quad_torus_genus4,4,normal_L2,89,94
quad_torus_genus4,4,normal_L2,90,133
quad_torus_genus4,4,normal_L2,91,108
quad_torus_genus4,4,normal_L2,92,111
quad_torus_genus4,4,normal_L2,93,97
quad_torus_genus4,4,normal_L2,94,100
quad_torus_genus4,4,normal_L2,95,116
quad_torus_genus4,4,normal_L2,96,103
quad_torus_genus4,4,normal_L2,97,88
quad_torus_genus4,4,normal_L2,98,106
quad_torus_genus4,4,normal_L2,99,126
quad_torus_genus4,4,normal_L2,100,101
quad_torus_genus4,4,normal_L2,101,111
quad_torus_genus4,4,normal_L2,102,111
quad_torus_genus4,4,normal_L2,103,102
quad_torus_genus4,4,normal_L2,104,85
quad_torus_genus4,4,normal_L2,105,99
quad_torus_genus4,4,normal_L2,106,122
quad_torus_genus4,4,normal_L2,107,106
quad_torus_genus4,4,normal_L2,108,105
quad_torus_genus4,4,normal_L2,109,86
quad_torus_genus4,4,normal_L2,110,100
quad_torus_genus4,4,normal_L2,111,85
quad_torus_genus4,4,normal_L2,112,100
quad_torus_genus4,4,normal_L2,113,99
quad_torus_genus4,4,normal_L2,114,109
quad_torus_genus4,4,normal_L2,115,107
quad_torus_genus4,4,normal_L2,116,115
quad_torus_genus4,4,normal_L2,117,109
quad_torus_genus4,4,normal_L2,118,107
quad_torus_genus4,4,normal_L2,119,122
quad_torus_genus4,4,normal_L2,120,107
quad_torus_genus4,4,normal_L2,121,113
quad_torus_genus4,4,normal_L2,122,86
quad_torus_genus4,4,normal_L2,123,109
quad_torus_genus4,4,normal_L2,124,95
quad_torus_genus4,4,normal_L2,125,106
quad_torus_genus4,4,normal_L2,126,100
quad_torus_genus4,4,normal_L2,127,106
quad_torus_genus4,4,normal_L2,128,113
quad_torus_genus4,4,normal_L2,129,85
quad_torus_genus4,4,normal_L2,130,102
quad_torus_genus4,4,normal_L2,131,110
quad_torus_genus4,4,normal_L2,132,107
quad_torus_genus4,4,normal_L2,133,99
quad_torus_genus4,4,normal_L2,134,119
quad_torus_genus4,4,normal_L2,135,113
quad_torus_genus4,4,normal_L2,136,117
quad_torus_genus4,4,normal_L2,137,117
quad_torus_genus4,4,normal_L2,138,105
quad_torus_genus4,4,normal_L2,139,110
quad_torus_genus4,4,normal_L2,140,112
quad_torus_genus4,4,normal_L2,141,92
quad_torus_genus4,4,normal_L2,142,103
quad_torus_genus4,4,normal_L2,143,117
quad_torus_genus4,4,normal_L2,144,99
quad_torus_genus4,4,normal_L2,145,106
quad_torus_genus4,4,normal_L2,146,101
quad_torus_genus4,4,normal_L2,147,131
quad_torus_genus4,4,normal_L2,148,115
quad_torus_genus4,4,normal_L2,149,112
quad_torus_genus4,4,normal_L2,150,106
quad_torus_genus4,4,normal_L2,151,116
quad_torus_genus4,4,normal_L2,152,101
quad_torus_genus4,4,normal_L2,153,109
quad_torus_genus4,4,normal_L2,154,118
quad_torus_genus4,4,normal_L2,155,110
quad_torus_genus4,4,normal_L2,156,122
quad_torus_genus4,4,normal_L2,157,99
quad_torus_genus4,4,normal_L2,158,79
quad_torus_genus4,4,normal_L2,159,92
quad_torus_genus4,4,normal_L2,160,119
quad_torus_genus4,4,normal_L2,161,97
quad_torus_genus4,4,normal_L2,162,105
quad_torus_genus4,4,normal_L2,163,108
quad_torus_genus4,4,normal_L2,164,105
quad_torus_genus4,4,normal_L2,165,114
quad_torus_genus4,4,normal_L2,166,120
quad_torus_genus4,4,normal_L2,167,110
quad_torus_genus4,4,normal_L2,168,103
quad_torus_genus4,4,normal_L2,169,102
quad_torus_genus4,4,normal_L2,170,107
quad_torus_genus4,4,normal_L2,171,94
quad_torus_genus4,4,normal_L2,172,111
quad_torus_genus4,4,normal_L2,173,98
quad_torus_genus4,4,normal_L2,174,111
quad_torus_genus4,4,normal_L2,175,109
quad_torus_genus4,4,normal_L2,176,103
quad_torus_genus4,4,normal_L2,177,101
quad_torus_genus4,4,normal_L2,178,110
quad_torus_genus4,4,normal_L2,179,116
quad_torus_genus4,4,normal_L2,180,103
quad_torus_genus4,4,normal_L2,181,122
quad_torus_genus4,4,normal_L2,182,106
quad_torus_genus4,4,normal_L2,183,87
quad_torus_genus4,4,normal_L2,184,126
quad_torus_genus4,4,normal_L2,185,120
quad_torus_genus4,4,normal_L2,186,115
quad_torus_genus4,4,normal_L2,187,94
quad_torus_genus4,4,normal_L2,188,109
quad_torus_genus4,4,normal_L2,189,106
quad_torus_genus4,4,normal_L2,190,104
quad_torus_genus4,4,normal_L2,191,95
quad_torus_genus4,4,normal_L2,192,92
quad_torus_genus4,4,normal_L2,193,100
quad_torus_genus4,4,normal_L2,194,127
quad_torus_genus4,4,normal_L2,195,133
quad_torus_genus4,4,normal_L2,196,119
quad_torus_genus4,4,normal_L2,197,117
quad_torus_genus4,4,normal_L2,198,120
quad_torus_genus4,4,normal_L2,199,86
quad_torus_genus4,4,normal_L2,200,76
quad_torus_genus4,4,normal_L2,201,108
quad_torus_genus4,4,normal_L2,202,100
quad_torus_genus4,4,normal_L2,203,108
quad_torus_genus4,4,normal_L2,204,105
quad_torus_genus4,4,normal_L2,205,110
quad_torus_genus4,4,normal_L2,206,118
quad_torus_genus4,4,normal_L2,207,114
quad_torus_genus4,4,normal_L2,208,99
quad_torus_genus4,4,normal_L2,209,91
quad_torus_genus4,4,normal_L2,210,83
quad_torus_genus4,4,normal_L2,211,120
quad_torus_genus4,4,normal_L2,212,105
quad_torus_genus4,4,normal_L2,213,91
quad_torus_genus4,4,normal_L2,214,106
quad_torus_genus4,4,normal_L2,215,113
quad_torus_genus4,4,normal_L2,216,90
quad_torus_genus4,4,normal_L2,217,109
quad_torus_genus4,4,normal_L2,218,88
quad_torus_genus4,4,normal_L2,219,92
quad_torus_genus4,4,normal_L2,220,107
quad_torus_genus4,4,normal_L2,221,103
quad_torus_genus4,4,normal_L2,222,120
quad_torus_genus4,4,normal_L2,223,85
quad_torus_genus4,4,normal_L2,224,109
quad_torus_genus4,4,normal_L2,225,98
quad_torus_genus4,4,normal_L2,226,90
quad_torus_genus4,4,normal_L2,227,100
quad_torus_genus4,4,normal_L2,228,95
quad_torus_genus4,4,normal_L2,229,110
quad_torus_genus4,4,normal_L2,230,100
quad_torus_genus4,4,normal_L2,231,107
quad_torus_genus4,4,normal_L2,232,97
quad_torus_genus4,4,normal_L2,233,111
quad_torus_genus4,4,normal_L2,234,110
quad_torus_genus4,4,normal_L2,235,111
quad_torus_genus4,4,normal_L2,236,111
quad_torus_genus4,4,normal_L2,237,114
quad_torus_genus4,4,normal_L2,238,108
quad_torus_genus4,4,normal_L2,239,110
quad_torus_genus4,4,normal_L2,240,85
quad_torus_genus4,4,normal_L2,241,100
quad_torus_genus4,4,normal_L2,242,87
quad_torus_genus4,4,normal_L2,243,97
quad_torus_genus4,4,normal_L2,244,102
quad_torus_genus4,4,normal_L2,245,120
quad_torus_genus4,4,normal_L2,246,97
quad_torus_genus4,4,normal_L2,247,105
quad_torus_genus4,4,normal_L2,248,102
quad_torus_genus4,4,normal_L2,249,119
quad_torus_genus4,4,normal_L2,250,110
quad_torus_genus4,4,normal_L2,251,100
quad_torus_genus4,4,normal_L2,252,88
quad_torus_genus4,4,normal_L2,253,103
quad_torus_genus4,4,normal_L2,254,119
quad_torus_genus4,4,normal_L2,255,110
quad_torus_genus4,4,normal_L2,256,98
quad_torus_genus4,4,normal_L2,257,100
quad_torus_genus4,4,normal_L2,258,111
quad_torus_genus4,4,normal_L2,259,106
quad_torus_genus4,4,normal_L2,260,115
quad_torus_genus4,4,normal_L2,261,95
quad_torus_genus4,4,normal_L2,262,101
quad_torus_genus4,4,normal_L2,263,118
quad_torus_genus4,4,normal_L2,264,118
quad_torus_genus4,4,normal_L2,265,128
quad_torus_genus4,4,normal_L2,266,96
quad_torus_genus4,4,normal_L2,267,118
quad_torus_genus4,4,normal_L2,268,97
quad_torus_genus4,4,normal_L2,269,114
quad_torus_genus4,4,normal_L2,270,110
quad_torus_genus4,4,normal_L2,271,113
quad_torus_genus4,4,normal_L2,272,102
quad_torus_genus4,4,normal_L2,273,106
quad_torus_genus4,4,normal_L2,274,107
quad_torus_genus4,4,normal_L2,275,124
quad_torus_genus4,4,normal_L2,276,112
quad_torus_genus4,4,normal_L2,277,93
quad_torus_genus4,4,normal_L2,278,122
quad_torus_genus4,4,normal_L2,279,103
quad_torus_genus4,4,normal_L2,280,83
quad_torus_genus4,4,normal_L2,281,92
quad_torus_genus4,4,normal_L2,282,102
quad_torus_genus4,4,normal_L2,283,97
quad_torus_genus4,4,normal_L2,284,128
quad_torus_genus4,4,normal_L2,285,112
quad_torus_genus4,4,normal_L2,286,116
quad_torus_genus4,4,normal_L2,287,101
quad_torus_genus4,4,normal_L2,288,113
quad_torus_genus4,4,normal_L2,289,99
quad_torus_genus4,4,normal_L2,290,101
quad_torus_genus4,4,normal_L2,291,85
quad_torus_genus4,4,normal_L2,292,97
quad_torus_genus4,4,normal_L2,293,110
quad_torus_genus4,4,normal_L2,294,122
quad_torus_genus4,4,normal_L2,295,110
quad_torus_genus4,4,normal_L2,296,101
quad_torus_genus4,4,normal_L2,297,93
quad_torus_genus4,4,normal_L2,298,117
quad_torus_genus4,4,normal_L2,299,87
quad_torus_genus4,4,normal_L2,300,113
quad_torus_genus4,4,normal_L2,301,117
quad_torus_genus4,4,normal_L2,302,110
quad_torus_genus4,4,normal_L2,303,129
quad_torus_genus4,4,normal_L2,304,108
quad_torus_genus4,4,normal_L2,305,124
quad_torus_genus4,4,normal_L2,306,100
quad_torus_genus4,4,normal_L2,307,130
quad_torus_genus4,4,normal_L2,308,102
quad_torus_genus4,4,normal_L2,309,107
quad_torus_genus4,4,normal_L2,310,110
quad_torus_genus4,4,normal_L2,311,119
quad_torus_genus4,4,normal_L2,312,117
quad_torus_genus4,4,normal_L2,313,100
quad_torus_genus4,4,normal_L2,314,99
quad_torus_genus4,4,normal_L2,315,127
quad_torus_genus4,4,normal_L2,316,99
quad_torus_genus4,4,normal_L2,317,123
quad_torus_genus4,4,normal_L2,318,114
quad_torus_genus4,4,normal_L2,319,105
quad_torus_genus4,4,normal_L2,320,113
quad_torus_genus4,4,normal_L2,321,124
quad_torus_genus4,4,normal_L2,322,124
quad_torus_genus4,4,normal_L2,323,132
quad_torus_genus4,4,normal_L2,324,126
quad_torus_genus4,4,normal_L2,325,106
quad_torus_genus4,4,normal_L2,326,122
quad_torus_genus4,4,normal_L2,327,96
quad_torus_genus4,4,normal_L2,328,86
quad_torus_genus4,4,normal_L2,329,120
quad_torus_genus4,4,normal_L2,330,103
quad_torus_genus4,4,normal_L2,331,111
quad_torus_genus4,4,normal_L2,332,109
quad_torus_genus4,4,normal_L2,333,104
quad_torus_genus4,4,normal_L2,334,98
quad_torus_genus4,4,normal_L2,335,109
quad_torus_genus4,4,normal_L2,336,94
quad_torus_genus4,4,normal_L2,337,105
quad_torus_genus4,4,normal_L2,338,121
quad_torus_genus4,4,normal_L2,339,91
quad_torus_genus4,4,normal_L2,340,95
quad_torus_genus4,4,normal_L2,341,117
quad_torus_genus4,4,normal_L2,342,96
quad_torus_genus4,4,normal_L2,343,105
quad_torus_genus4,4,normal_L2,344,121
quad_torus_genus4,4,normal_L2,345,100
quad_torus_genus4,4,normal_L2,346,114
quad_torus_genus4,4,normal_L2,347,103
quad_torus_genus4,4,normal_L2,348,119
quad_torus_genus4,4,normal_L2,349,86
quad_torus_genus4,4,normal_L2,350,87
quad_torus_genus4,4,normal_L2,351,107
quad_torus_genus4,4,normal_L2,352,118
quad_torus_genus4,4,normal_L2,353,138
quad_torus_genus4,4,normal_L2,354,90
quad_torus_genus4,4,normal_L2,355,89
quad_torus_genus4,4,normal_L2,356,108
quad_torus_genus4,4,normal_L2,357,120
quad_torus_genus4,4,normal_L2,358,99
quad_torus_genus4,4,normal_L2,359,103
quad_torus_genus4,4,normal_L2,360,121
quad_torus_genus4,4,normal_L2,361,96
quad_torus_genus4,4,normal_L2,362,108
quad_torus_genus4,4,normal_L2,363,97
quad_torus_genus4,4,normal_L2,364,114
quad_torus_genus4,4,normal_L2,365,92
quad_torus_genus4,4,normal_L2,366,98
quad_torus_genus4,4,normal_L2,367,89
quad_torus_genus4,4,normal_L2,368,115
quad_torus_genus4,4,normal_L2,369,110
quad_torus_genus4,4,normal_L2,370,115
quad_torus_genus4,4,normal_L2,371,113
quad_torus_genus4,4,normal_L2,372,103
quad_torus_genus4,4,normal_L2,373,102
quad_torus_genus4,4,normal_L2,374,130
quad_torus_genus4,4,normal_L2,375,125
quad_torus_genus4,4,normal_L2,376,110
quad_torus_genus4,4,normal_L2,377,103
quad_torus_genus4,4,normal_L2,378,72
quad_torus_genus4,4,normal_L2,379,97
quad_torus_genus4,4,normal_L2,380,101
quad_torus_genus4,4,normal_L2,381,110
quad_torus_genus4,4,normal_L2,382,107
quad_torus_genus4,4,normal_L2,383,122
quad_torus_genus4,4,normal_L2,384,102
quad_torus_genus4,4,normal_L2,385,104
quad_torus_genus4,4,normal_L2,386,105
quad_torus_genus4,4,normal_L2,387,107
quad_torus_genus4,4,normal_L2,388,108
quad_torus_genus4,4,normal_L2,389,104
quad_torus_genus4,4,normal_L2,390,107
quad_torus_genus4,4,normal_L2,391,127
quad_torus_genus4,4,normal_L2,392,108
quad_torus_genus4,4,normal_L2,393,121
quad_torus_genus4,4,normal_L2,394,118
quad_torus_genus4,4,normal_L2,395,92
quad_torus_genus4,4,normal_L2,396,102
quad_torus_genus4,4,normal_L2,397,100
quad_torus_genus4,4,normal_L2,398,90
quad_torus_genus4,4,normal_L2,399,112
quad_torus_genus4,4,normal_L2,400,95
quad_torus_genus4,4,normal_L2,401,106
quad_torus_genus4,4,normal_L2,402,124
quad_torus_genus4,4,normal_L2,403,97
quad_torus_genus4,4,normal_L2,404,109
quad_torus_genus4,4,normal_L2,405,98
quad_torus_genus4,4,normal_L2,406,97
quad_torus_genus4,4,normal_L2,407,116
quad_torus_genus4,4,normal_L2,408,108
quad_torus_genus4,4,normal_L2,409,105
quad_torus_genus4,4,normal_L2,410,96
quad_torus_genus4,4,normal_L2,411,110
quad_torus_genus4,4,normal_L2,412,104
quad_torus_genus4,4,normal_L2,413,101
quad_torus_genus4,4,normal_L2,414,85
quad_torus_genus4,4,normal_L2,415,101
quad_torus_genus4,4,normal_L2,416,110
quad_torus_genus4,4,normal_L2,417,104
quad_torus_genus4,4,normal_L2,418,98
quad_torus_genus4,4,normal_L2,419,112
quad_torus_genus4,4,normal_L2,420,114
quad_torus_genus4,4,normal_L2,421,109
quad_torus_genus4,4,normal_L2,422,117
quad_torus_genus4,4,normal_L2,423,138
quad_torus_genus4,4,normal_L2,424,110
quad_torus_genus4,4,normal_L2,425,94
quad_torus_genus4,4,normal_L2,426,104
quad_torus_genus4,4,normal_L2,427,129
quad_torus_genus4,4,normal_L2,428,124
quad_torus_genus4,4,normal_L2,429,123
quad_torus_genus4,4,normal_L2,430,121
quad_torus_genus4,4,normal_L2,431,101
quad_torus_genus4,4,normal_L2,432,102
quad_torus_genus4,4,normal_L2,433,111
quad_torus_genus4,4,normal_L2,434,91
quad_torus_genus4,4,normal_L2,435,123
quad_torus_genus4,4,normal_L2,436,134
quad_torus_genus4,4,normal_L2,437,125
quad_torus_genus4,4,normal_L2,438,103
quad_torus_genus4,4,normal_L2,439,113
quad_torus_genus4,4,normal_L2,440,104
quad_torus_genus4,4,normal_L2,441,95
quad_torus_genus4,4,normal_L2,442,105
quad_torus_genus4,4,normal_L2,443,107
quad_torus_genus4,4,normal_L2,444,119
quad_torus_genus4,4,normal_L2,445,125
quad_torus_genus4,4,normal_L2,446,96
quad_torus_genus4,4,normal_L2,447,86
quad_torus_genus4,4,normal_L2,448,88
quad_torus_genus4,4,normal_L2,449,125
quad_torus_genus4,4,normal_L2,450,126
quad_torus_genus4,4,normal_L2,451,110
quad_torus_genus4,4,normal_L2,452,139
quad_torus_genus4,4,normal_L2,453,92
quad_torus_genus4,4,normal_L2,454,81
quad_torus_genus4,4,normal_L2,455,103
quad_torus_genus4,4,normal_L2,456,108
quad_torus_genus4,4,normal_L2,457,95
quad_torus_genus4,4,normal_L2,458,132
quad_torus_genus4,4,normal_L2,459,118
quad_torus_genus4,4,normal_L2,460,99
quad_torus_genus4,4,normal_L2,461,106
quad_torus_genus4,4,normal_L2,462,109
quad_torus_genus4,4,normal_L2,463,107
quad_torus_genus4,4,normal_L2,464,138
quad_torus_genus4,4,normal_L2,465,90
quad_torus_genus4,4,normal_L2,466,101
quad_torus_genus4,4,normal_L2,467,101
quad_torus_genus4,4,normal_L2,468,113
quad_torus_genus4,4,normal_L2,469,100
quad_torus_genus4,4,normal_L2,470,98
quad_torus_genus4,4,normal_L2,471,87
quad_torus_genus4,4,normal_L2,472,111
quad_torus_genus4,4,normal_L2,473,99
quad_torus_genus4,4,normal_L2,474,130
quad_torus_genus4,4,normal_L2,475,107
quad_torus_genus4,4,normal_L2,476,126
quad_torus_genus4,4,normal_L2,477,94
quad_torus_genus4,4,normal_L2,478,116
quad_torus_genus4,4,normal_L2,479,110
quad_torus_genus4,4,normal_L2,480,116
quad_torus_genus4,4,normal_L2,481,105
quad_torus_genus4,4,normal_L2,482,118
quad_torus_genus4,4,normal_L2,483,127
quad_torus_genus4,4,normal_L2,484,95
quad_torus_genus4,4,normal_L2,485,108
quad_torus_genus4,4,normal_L2,486,89
quad_torus_genus4,4,normal_L2,487,99
quad_torus_genus4,4,normal_L2,488,88
quad_torus_genus4,4,normal_L2,489,109
quad_torus_genus4,4,normal_L2,490,106
quad_torus_genus4,4,normal_L2,491,108
quad_torus_genus4,4,normal_L2,492,122
quad_torus_genus4,4,normal_L2,493,120
quad_torus_genus4,4,normal_L2,494,126
quad_torus_genus4,4,normal_L2,495,93
quad_torus_genus4,4,normal_L2,496,115
quad_torus_genus4,4,normal_L2,497,105
quad_torus_genus4,4,normal_L2,498,99
quad_torus_genus4,4,normal_L2,499,121
quad_torus_genus4,4,normal_L2,500,107
quad_torus_genus4,4,normal_L2,501,112
quad_torus_genus4,4,normal_L2,502,84
quad_torus_genus4,4,normal_L2,503,100
quad_torus_genus4,4,normal_L2,504,88
quad_torus_genus4,4,normal_L2,505,103
quad_torus_genus4,4,normal_L2,506,93
quad_torus_genus4,4,normal_L2,507,105
quad_torus_genus4,4,normal_L2,508,126
quad_torus_genus4,4,normal_L2,509,85
quad_torus_genus4,4,normal_L2,510,115
quad_torus_genus4,4,normal_L2,511,122
quad_torus_genus4,4,normal_L2,512,106
quad_torus_genus4,4,normal_L2,513,101
quad_torus_genus4,4,normal_L2,514,104
quad_torus_genus4,4,normal_L2,515,103
quad_torus_genus4,4,normal_L2,516,96
quad_torus_genus4,4,normal_L2,517,95
quad_torus_genus4,4,normal_L2,518,72
quad_torus_genus4,4,normal_L2,519,127
quad_torus_genus4,4,normal_L2,520,105
quad_torus_genus4,4,normal_L2,521,98
quad_torus_genus4,4,normal_L2,522,116
quad_torus_genus4,4,normal_L2,523,122
quad_torus_genus4,4,normal_L2,524,83
quad_torus_genus4,4,normal_L2,525,102
quad_torus_genus4,4,normal_L2,526,115
quad_torus_genus4,4,normal_L2,527,104
quad_torus_genus4,4,normal_L2,528,119
quad_torus_genus4,4,normal_L2,529,100
quad_torus_genus4,4,normal_L2,530,96
quad_torus_genus4,4,normal_L2,531,123
quad_torus_genus4,4,normal_L2,532,108
quad_torus_genus4,4,normal_L2,533,137
quad_torus_genus4,4,normal_L2,534,107
quad_torus_genus4,4,normal_L2,535,109
quad_torus_genus4,4,normal_L2,536,99
quad_torus_genus4,4,normal_L2,537,113
quad_torus_genus4,4,normal_L2,538,129
quad_torus_genus4,4,normal_L2,539,98
quad_torus_genus4,4,normal_L2,540,103
quad_torus_genus4,4,normal_L2,541,119
quad_torus_genus4,4,normal_L2,542,121
quad_torus_genus4,4,normal_L2,543,116
quad_torus_genus4,4,normal_L2,544,120
quad_torus_genus4,4,normal_L2,545,109
quad_torus_genus4,4,normal_L2,546,87
quad_torus_genus4,4,normal_L2,547,113
quad_torus_genus4,4,normal_L2,548,95
quad_torus_genus4,4,normal_L2,549,138
quad_torus_genus4,4,normal_L2,550,92
quad_torus_genus4,4,normal_L2,551,102
quad_torus_genus4,4,normal_L2,552,100
quad_torus_genus4,4,normal_L2,553,94
quad_torus_genus4,4,normal_L2,554,118
quad_torus_genus4,4,normal_L2,555,114
quad_torus_genus4,4,normal_L2,556,106
quad_torus_genus4,4,normal_L2,557,117
quad_torus_genus4,4,normal_L2,558,117
quad_torus_genus4,4,normal_L2,559,129
quad_torus_genus4,4,normal_L2,560,120
quad_torus_genus4,4,normal_L2,561,120
quad_torus_genus4,4,normal_L2,562,96
quad_torus_genus4,4,normal_L2,563,107
quad_torus_genus4,4,normal_L2,564,109
quad_torus_genus4,4,normal_L2,565,104
quad_torus_genus4,4,normal_L2,566,128
quad_torus_genus4,4,normal_L2,567,104
quad_torus_genus4,4,normal_L2,568,123
quad_torus_genus4,4,normal_L2,569,114
quad_torus_genus4,4,normal_L2,570,106
quad_torus_genus4,4,normal_L2,571,129
quad_torus_genus4,4,normal_L2,572,117
quad_torus_genus4,4,normal_L2,573,108
quad_torus_genus4,4,normal_L2,574,105
quad_torus_genus4,4,normal_L2,575,99
quad_torus_genus4,4,normal_L2,576,118
quad_torus_genus4,4,normal_L2,577,116
quad_torus_genus4,4,normal_L2,578,117
quad_torus_genus4,4,normal_L2,579,88
quad_torus_genus4,4,normal_L2,580,95
quad_torus_genus4,4,normal_L2,581,87
quad_torus_genus4,4,normal_L2,582,115
quad_torus_genus4,4,normal_L2,583,108
quad_torus_genus4,4,normal_L2,584,106
quad_torus_genus4,4,normal_L2,585,100
quad_torus_genus4,4,normal_L2,586,93
quad_torus_genus4,4,normal_L2,587,125
quad_torus_genus4,4,normal_L2,588,97
quad_torus_genus4,4,normal_L2,589,101
quad_torus_genus4,4,normal_L2,590,107
quad_torus_genus4,4,normal_L2,591,88
quad_torus_genus4,4,normal_L2,592,110
quad_torus_genus4,4,normal_L2,593,112
quad_torus_genus4,4,normal_L2,594,125
quad_torus_genus4,4,normal_L2,595,116
quad_torus_genus4,4,normal_L2,596,86
quad_torus_genus4,4,normal_L2,597,92
quad_torus_genus4,4,normal_L2,598,100
quad_torus_genus4,4,normal_L2,599,104
quad_torus_genus4,4,normal_L2,600,110
quad_torus_genus4,4,normal_L2,601,107
quad_torus_genus4,4,normal_L2,602,128
quad_torus_genus4,4,normal_L2,603,99
quad_torus_genus4,4,normal_L2,604,120
quad_torus_genus4,4,normal_L2,605,118
quad_torus_genus4,4,normal_L2,606,109
quad_torus_genus4,4,normal_L2,607,94
quad_torus_genus4,4,normal_L2,608,147
quad_torus_genus4,4,normal_L2,609,87
quad_torus_genus4,4,normal_L2,610,107
quad_torus_genus4,4,normal_L2,611,90
quad_torus_genus4,4,normal_L2,612,109
quad_torus_genus4,4,normal_L2,613,97
quad_torus_genus4,4,normal_L2,614,102
quad_torus_genus4,4,normal_L2,615,95
quad_torus_genus4,4,normal_L2,616,114
quad_torus_genus4,4,normal_L2,617,100
quad_torus_genus4,4,normal_L2,618,103
quad_torus_genus4,4,normal_L2,619,98
quad_torus_genus4,4,normal_L2,620,122
quad_torus_genus4,4,normal_L2,621,96
quad_torus_genus4,4,normal_L2,622,125
quad_torus_genus4,4,normal_L2,623,121
quad_torus_genus4,4,normal_L2,624,115
quad_torus_genus4,4,normal_L2,625,104
quad_torus_genus4,4,normal_L2,626,105
quad_torus_genus4,4,normal_L2,627,98
quad_torus_genus4,4,normal_L2,628,126
quad_torus_genus4,4,normal_L2,629,107
quad_torus_genus4,4,normal_L2,630,111
quad_torus_genus4,4,normal_L2,631,103
quad_torus_genus4,4,normal_L2,632,113
quad_torus_genus4,4,normal_L2,633,102
quad_torus_genus4,4,normal_L2,634,94
quad_torus_genus4,4,normal_L2,635,99
quad_torus_genus4,4,normal_L2,636,125
quad_torus_genus4,4,normal_L2,637,113
quad_torus_genus4,4,normal_L2,638,113
quad_torus_genus4,4,normal_L2,639,107
quad_torus_genus4,4,normal_L2,640,111
quad_torus_genus4,4,normal_L2,641,122
quad_torus_genus4,4,normal_L2,642,104
quad_torus_genus4,4,normal_L2,643,98
quad_torus_genus4,4,normal_L2,644,118
quad_torus_genus4,4,normal_L2,645,127
quad_torus_genus4,4,normal_L2,646,86
quad_torus_genus4,4,normal_L2,647,91
quad_torus_genus4,4,normal_L2,648,95
quad_torus_genus4,4,normal_L2,649,110
quad_torus_genus4,4,normal_L2,650,95
quad_torus_genus4,4,normal_L2,651,106
quad_torus_genus4,4,normal_L2,652,107
quad_torus_genus4,4,normal_L2,653,108
quad_torus_genus4,4,normal_L2,654,90
quad_torus_genus4,4,normal_L2,655,122
quad_torus_genus4,4,normal_L2,656,99
quad_torus_genus4,4,normal_L2,657,107
quad_torus_genus4,4,normal_L2,658,132
quad_torus_genus4,4,normal_L2,659,92
quad_torus_genus4,4,normal_L2,660,121
quad_torus_genus4,4,normal_L2,661,117
quad_torus_genus4,4,normal_L2,662,107
quad_torus_genus4,4,normal_L2,663,86
quad_torus_genus4,4,normal_L2,664,94
quad_torus_genus4,4,normal_L2,665,119
quad_torus_genus4,4,normal_L2,666,98
quad_torus_genus4,4,normal_L2,667,97
quad_torus_genus4,4,normal_L2,668,91
quad_torus_genus4,4,normal_L2,669,97
quad_torus_genus4,4,normal_L2,670,115
quad_torus_genus4,4,normal_L2,671,104
quad_torus_genus4,4,normal_L2,672,119
quad_torus_genus4,4,normal_L2,673,98
quad_torus_genus4,4,normal_L2,674,107
quad_torus_genus4,4,normal_L2,675,120
quad_torus_genus4,4,normal_L2,676,97
quad_torus_genus4,4,normal_L2,677,110
quad_torus_genus4,4,normal_L2,678,100
quad_torus_genus4,4,normal_L2,679,92
quad_torus_genus4,4,normal_L2,680,117
quad_torus_genus4,4,normal_L2,681,99
quad_torus_genus4,4,normal_L2,682,96
quad_torus_genus4,4,normal_L2,683,94
quad_torus_genus4,4,normal_L2,684,104
quad_torus_genus4,4,normal_L2,685,108
quad_torus_genus4,4,normal_L2,686,91
quad_torus_genus4,4,normal_L2,687,90
quad_torus_genus4,4,normal_L2,688,93
quad_torus_genus4,4,normal_L2,689,86
quad_torus_genus4,4,normal_L2,690,96
quad_torus_genus4,4,normal_L2,691,122
quad_torus_genus4,4,normal_L2,692,103
quad_torus_genus4,4,normal_L2,693,116
quad_torus_genus4,4,normal_L2,694,101
quad_torus_genus4,4,normal_L2,695,111
quad_torus_genus4,4,normal_L2,696,143
quad_torus_genus4,4,normal_L2,697,114
quad_torus_genus4,4,normal_L2,698,101
quad_torus_genus4,4,normal_L2,699,131
quad_torus_genus4,4,normal_L2,700,104
quad_torus_genus4,4,normal_L2,701,102
quad_torus_genus4,4,normal_L2,702,107
quad_torus_genus4,4,normal_L2,703,89
quad_torus_genus4,4,normal_L2,704,107
quad_torus_genus4,4,normal_L2,705,119
quad_torus_genus4,4,normal_L2,706,104
quad_torus_genus4,4,normal_L2,707,120
quad_torus_genus4,4,normal_L2,708,101
quad_torus_genus4,4,normal_L2,709,108
quad_torus_genus4,4,normal_L2,710,123
quad_torus_genus4,4,normal_L2,711,94
quad_torus_genus4,4,normal_L2,712,97
quad_torus_genus4,4,normal_L2,713,121
quad_torus_genus4,4,normal_L2,714,100
quad_torus_genus4,4,normal_L2,715,111
quad_torus_genus4,4,normal_L2,716,93
quad_torus_genus4,4,normal_L2,717,109
quad_torus_genus4,4,normal_L2,718,111
quad_torus_genus4,4,normal_L2,719,110
quad_torus_genus4,4,normal_L2,720,103
quad_torus_genus4,4,normal_L2,721,130
quad_torus_genus4,4,normal_L2,722,101
quad_torus_genus4,4,normal_L2,723,123
quad_torus_genus4,4,normal_L2,724,109
quad_torus_genus4,4,normal_L2,725,104
quad_torus_genus4,4,normal_L2,726,99
quad_torus_genus4,4,normal_L2,727,102
quad_torus_genus4,4,normal_L2,728,116
quad_torus_genus4,4,normal_L2,729,110
quad_torus_genus4,4,normal_L2,730,96
quad_torus_genus4,4,normal_L2,731,107
quad_torus_genus4,4,normal_L2,732,110
quad_torus_genus4,4,normal_L2,733,114
quad_torus_genus4,4,normal_L2,734,100
quad_torus_genus4,4,normal_L2,735,97
quad_torus_genus4,4,normal_L2,736,113
quad_torus_genus4,4,normal_L2,737,116
quad_torus_genus4,4,normal_L2,738,115
quad_torus_genus4,4,normal_L2,739,111
quad_torus_genus4,4,normal_L2,740,102
quad_torus_genus4,4,normal_L2,741,108
quad_torus_genus4,4,normal_L2,742,119
quad_torus_genus4,4,normal_L2,743,94
quad_torus_genus4,4,normal_L2,744,96
quad_torus_genus4,4,normal_L2,745,105
quad_torus_genus4,4,normal_L2,746,101
quad_torus_genus4,4,normal_L2,747,95
quad_torus_genus4,4,normal_L2,748,122
quad_torus_genus4,4,normal_L2,749,110
quad_torus_genus4,4,normal_L2,750,111
quad_torus_genus4,4,normal_L2,751,104
quad_torus_genus4,4,normal_L2,752,102
quad_torus_genus4,4,normal_L2,753,110
quad_torus_genus4,4,normal_L2,754,100
quad_torus_genus4,4,normal_L2,755,87
quad_torus_genus4,4,normal_L2,756,112
quad_torus_genus4,4,normal_L2,757,118
quad_torus_genus4,4,normal_L2,758,93
quad_torus_genus4,4,normal_L2,759,98
quad_torus_genus4,4,normal_L2,760,134
quad_torus_genus4,4,normal_L2,761,106
quad_torus_genus4,4,normal_L2,762,89
quad_torus_genus4,4,normal_L2,763,119
quad_torus_genus4,4,normal_L2,764,110
quad_torus_genus4,4,normal_L2,765,97
quad_torus_genus4,4,normal_L2,766,102
quad_torus_genus4,4,normal_L2,767,119
quad_torus_genus4,4,normal_L2,768,105
quad_torus_genus4,4,normal_L2,769,113
quad_torus_genus4,4,normal_L2,770,90
quad_torus_genus4,4,normal_L2,771,102
quad_torus_genus4,4,normal_L2,772,123
quad_torus_genus4,4,normal_L2,773,114
quad_torus_genus4,4,normal_L2,774,114
quad_torus_genus4,4,normal_L2,775,81
quad_torus_genus4,4,normal_L2,776,98
quad_torus_genus4,4,normal_L2,777,96
quad_torus_genus4,4,normal_L2,778,109
quad_torus_genus4,4,normal_L2,779,101
quad_torus_genus4,4,normal_L2,780,88
quad_torus_genus4,4,normal_L2,781,79
quad_torus_genus4,4,normal_L2,782,91
quad_torus_genus4,4,normal_L2,783,104
quad_torus_genus4,4,normal_L2,784,103
quad_torus_genus4,4,normal_L2,785,94
quad_torus_genus4,4,normal_L2,786,86
quad_torus_genus4,4,normal_L2,787,107
quad_torus_genus4,4,normal_L2,788,81
quad_torus_genus4,4,normal_L2,789,91
quad_torus_genus4,4,normal_L2,790,123
quad_torus_genus4,4,normal_L2,791,92
quad_torus_genus4,4,normal_L2,792,97
quad_torus_genus4,4,normal_L2,793,110
quad_torus_genus4,4,normal_L2,794,103
quad_torus_genus4,4,normal_L2,795,120
quad_torus_genus4,4,normal_L2,796,109
quad_torus_genus4,4,normal_L2,797,106
quad_torus_genus4,4,normal_L2,798,96
quad_torus_genus4,4,normal_L2,799,112
quad_torus_genus4,4,normal_L2,800,100
quad_torus_genus4,4,normal_L2,801,88
quad_torus_genus4,4,normal_L2,802,93
quad_torus_genus4,4,normal_L2,803,122
quad_torus_genus4,4,normal_L2,804,104
quad_torus_genus4,4,normal_L2,805,92
quad_torus_genus4,4,normal_L2,806,99
quad_torus_genus4,4,normal_L2,807,106
quad_torus_genus4,4,normal_L2,808,107
quad_torus_genus4,4,normal_L2,809,121
quad_torus_genus4,4,normal_L2,810,101
quad_torus_genus4,4,normal_L2,811,127
quad_torus_genus4,4,normal_L2,812,101
quad_torus_genus4,4,normal_L2,813,99
quad_torus_genus4,4,normal_L2,814,93
quad_torus_genus4,4,normal_L2,815,102
quad_torus_genus4,4,normal_L2,816,114
quad_torus_genus4,4,normal_L2,817,113
quad_torus_genus4,4,normal_L2,818,116
quad_torus_genus4,4,normal_L2,819,90
quad_torus_genus4,4,normal_L2,820,128
quad_torus_genus4,4,normal_L2,821,111
quad_torus_genus4,4,normal_L2,822,129
quad_torus_genus4,4,normal_L2,823,118
quad_torus_genus4,4,normal_L2,824,109
quad_torus_genus4,4,normal_L2,825,125
quad_torus_genus4,4,normal_L2,826,115
quad_torus_genus4,4,normal_L2,827,107
quad_torus_genus4,4,normal_L2,828,111
quad_torus_genus4,4,normal_L2,829,102
quad_torus_genus4,4,normal_L2,830,116
quad_torus_genus4,4,normal_L2,831,112
quad_torus_genus4,4,normal_L2,832,121
quad_torus_genus4,4,normal_L2,833,116
quad_torus_genus4,4,normal_L2,834,106
quad_torus_genus4,4,normal_L2,835,104
quad_torus_genus4,4,normal_L2,836,122
quad_torus_genus4,4,normal_L2,837,113
quad_torus_genus4,4,normal_L2,838,105
quad_torus_genus4,4,normal_L2,839,116
quad_torus_genus4,4,normal_L2,840,119
quad_torus_genus4,4,normal_L2,841,100
quad_torus_genus4,4,normal_L2,842,101
quad_torus_genus4,4,normal_L2,843,105
quad_torus_genus4,4,normal_L2,844,92
quad_torus_genus4,4,normal_L2,845,95
quad_torus_genus4,4,normal_L2,846,116
quad_torus_genus4,4,normal_L2,847,111
quad_torus_genus4,4,normal_L2,848,110
quad_torus_genus4,4,normal_L2,849,102
quad_torus_genus4,4,normal_L2,850,123
quad_torus_genus4,4,normal_L2,851,100
quad_torus_genus4,4,normal_L2,852,89
quad_torus_genus4,4,normal_L2,853,108
quad_torus_genus4,4,normal_L2,854,112
quad_torus_genus4,4,normal_L2,855,94
quad_torus_genus4,4,normal_L2,856,100
quad_torus_genus4,4,normal_L2,857,112
quad_torus_genus4,4,normal_L2,858,115
quad_torus_genus4,4,normal_L2,859,97
quad_torus_genus4,4,normal_L2,860,89
quad_torus_genus4,4,normal_L2,861,95
quad_torus_genus4,4,normal_L2,862,98
quad_torus_genus4,4,normal_L2,863,106
quad_torus_genus4,4,normal_L2,864,121
quad_torus_genus4,4,normal_L2,865,131
quad_torus_genus4,4,normal_L2,866,133
quad_torus_genus4,4,normal_L2,867,110
quad_torus_genus4,4,normal_L2,868,111
quad_torus_genus4,4,normal_L2,869,96
quad_torus_genus4,4,normal_L2,870,111
quad_torus_genus4,4,normal_L2,871,110
quad_torus_genus4,4,normal_L2,872,83
quad_torus_genus4,4,normal_L2,873,99
quad_torus_genus4,4,normal_L2,874,106
quad_torus_genus4,4,normal_L2,875,83
quad_torus_genus4,4,normal_L2,876,106
quad_torus_genus4,4,normal_L2,877,89
quad_torus_genus4,4,normal_L2,878,123
quad_torus_genus4,4,normal_L2,879,128
quad_torus_genus4,4,normal_L2,880,113
quad_torus_genus4,4,normal_L2,881,108
quad_torus_genus4,4,normal_L2,882,109
quad_torus_genus4,4,normal_L2,883,102
quad_torus_genus4,4,normal_L2,884,104
quad_torus_genus4,4,normal_L2,885,107
quad_torus_genus4,4,normal_L2,886,117
quad_torus_genus4,4,normal_L2,887,129
quad_torus_genus4,4,normal_L2,888,116
quad_torus_genus4,4,normal_L2,889,115
quad_torus_genus4,4,normal_L2,890,113
quad_torus_genus4,4,normal_L2,891,127
quad_torus_genus4,4,normal_L2,892,117
quad_torus_genus4,4,normal_L2,893,108
quad_torus_genus4,4,normal_L2,894,106
quad_torus_genus4,4,normal_L2,895,112
quad_torus_genus4,4,normal_L2,896,141
quad_torus_genus4,4,normal_L2,897,111
quad_torus_genus4,4,normal_L2,898,119
quad_torus_genus4,4,normal_L2,899,110
quad_torus_genus4,4,normal_L2,900,115
quad_torus_genus4,4,normal_L2,901,119
quad_torus_genus4,4,normal_L2,902,111
quad_torus_genus4,4,normal_L2,903,124
quad_torus_genus4,4,normal_L2,904,106
quad_torus_genus4,4,normal_L2,905,115
quad_torus_genus4,4,normal_L2,906,100
quad_torus_genus4,4,normal_L2,907,102
quad_torus_genus4,4,normal_L2,908,95
quad_torus_genus4,4,normal_L2,909,97
quad_torus_genus4,4,normal_L2,910,87
quad_torus_genus4,4,normal_L2,911,107
quad_torus_genus4,4,normal_L2,912,94
quad_torus_genus4,4,normal_L2,913,102
quad_torus_genus4,4,normal_L2,914,108
quad_torus_genus4,4,normal_L2,915,119
quad_torus_genus4,4,normal_L2,916,122
quad_torus_genus4,4,normal_L2,917,90
quad_torus_genus4,4,normal_L2,918,114
quad_torus_genus4,4,normal_L2,919,113
quad_torus_genus4,4,normal_L2,920,83
quad_torus_genus4,4,normal_L2,921,101
quad_torus_genus4,4,normal_L2,922,133
quad_torus_genus4,4,normal_L2,923,99
quad_torus_genus4,4,normal_L2,924,121
quad_torus_genus4,4,normal_L2,925,98
quad_torus_genus4,4,normal_L2,926,99
quad_torus_genus4,4,normal_L2,927,108
quad_torus_genus4,4,normal_L2,928,115
quad_torus_genus4,4,normal_L2,929,117
quad_torus_genus4,4,normal_L2,930,109
quad_torus_genus4,4,normal_L2,931,135
quad_torus_genus4,4,normal_L2,932,89
quad_torus_genus4,4,normal_L2,933,108
quad_torus_genus4,4,normal_L2,934,98
quad_torus_genus4,4,normal_L2,935,117
quad_torus_genus4,4,normal_L2,936,112
quad_torus_genus4,4,normal_L2,937,99
quad_torus_genus4,4,normal_L2,938,111
quad_torus_genus4,4,normal_L2,939,94
quad_torus_genus4,4,normal_L2,940,88
quad_torus_genus4,4,normal_L2,941,98
quad_torus_genus4,4,normal_L2,942,95
quad_torus_genus4,4,normal_L2,943,128
quad_torus_genus4,4,normal_L2,944,112
quad_torus_genus4,4,normal_L2,945,104
quad_torus_genus4,4,normal_L2,946,97
quad_torus_genus4,4,normal_L2,947,97
quad_torus_genus4,4,normal_L2,948,108
quad_torus_genus4,4,normal_L2,949,114
quad_torus_genus4,4,normal_L2,950,89
quad_torus_genus4,4,normal_L2,951,85
quad_torus_genus4,4,normal_L2,952,91
quad_torus_genus4,4,normal_L2,953,112
quad_torus_genus4,4,normal_L2,954,99
quad_torus_genus4,4,normal_L2,955,112
quad_torus_genus4,4,normal_L2,956,113
quad_torus_genus4,4,normal_L2,957,91
quad_torus_genus4,4,normal_L2,958,107
quad_torus_genus4,4,normal_L2,959,112
quad_torus_genus4,4,normal_L2,960,110
quad_torus_genus4,4,normal_L2,961,121
quad_torus_genus4,4,normal_L2,962,88
quad_torus_genus4,4,normal_L2,963,121
quad_torus_genus4,4,normal_L2,964,121
quad_torus_genus4,4,normal_L2,965,108
quad_torus_genus4,4,normal_L2,966,97
quad_torus_genus4,4,normal_L2,967,82
quad_torus_genus4,4,normal_L2,968,95
quad_torus_genus4,4,normal_L2,969,102
quad_torus_genus4,4,normal_L2,970,100
quad_torus_genus4,4,normal_L2,971,119
quad_torus_genus4,4,normal_L2,972,109
quad_torus_genus4,4,normal_L2,973,94
quad_torus_genus4,4,normal_L2,974,115
quad_torus_genus4,4,normal_L2,975,100
quad_torus_genus4,4,normal_L2,976,98
quad_torus_genus4,4,normal_L2,977,121
quad_torus_genus4,4,normal_L2,978,110
quad_torus_genus4,4,normal_L2,979,93
quad_torus_genus4,4,normal_L2,980,109
quad_torus_genus4,4,normal_L2,981,90
quad_torus_genus4,4,normal_L2,982,100
quad_torus_genus4,4,normal_L2,983,114
quad_torus_genus4,4,normal_L2,984,102
quad_torus_genus4,4,normal_L2,985,102
quad_torus_genus4,4,normal_L2,986,114
quad_torus_genus4,4,normal_L2,987,109
quad_torus_genus4,4,normal_L2,988,127
quad_torus_genus4,4,normal_L2,989,100
quad_torus_genus4,4,normal_L2,990,89
quad_torus_genus4,4,normal_L2,991,134
quad_torus_genus4,4,normal_L2,992,115
quad_torus_genus4,4,normal_L2,993,138
quad_torus_genus4,4,normal_L2,994,103
quad_torus_genus4,4,normal_L2,995,115
quad_torus_genus4,4,normal_L2,996,85
quad_torus_genus4,4,normal_L2,997,111
quad_torus_genus4,4,normal_L2,998,110
quad_torus_genus4,4,normal_L2,999,96
