audio_id,mesh_id,frame,t_sec,beta0,A_ratio
A3,sphere_genus0,0,0.0,74,0.03642253244203637
A3,sphere_genus0,1,0.0116,74,0.03910540190713344
A3,sphere_genus0,2,0.0232,74,0.035831276748030376
A3,sphere_genus0,3,0.0348,81,0.03904740000202951
A3,sphere_genus0,4,0.0464,84,0.039025351977783715
A3,sphere_genus0,5,0.058,78,0.04322008238437089
A3,sphere_genus0,6,0.0697,76,0.03687120435974307
A3,sphere_genus0,7,0.0813,89,0.048783943959064345
A3,sphere_genus0,8,0.0929,82,0.062379635484186596
A3,sphere_genus0,9,0.1045,82,0.05909244672417984
A3,sphere_genus0,10,0.1161,82,0.05362783580065085
A3,sphere_genus0,11,0.1277,66,0.05140992119112979
A3,sphere_genus0,12,0.1393,68,0.05990614884529054
A3,sphere_genus0,13,0.1509,74,0.05131277671197733
A3,sphere_genus0,14,0.1625,75,0.05424072202345698
A3,sphere_genus0,15,0.1741,84,0.0450506608028792
A3,sphere_genus0,16,0.1858,83,0.0494319066027412
A3,sphere_genus0,17,0.1974,82,0.04183136511192502
A3,sphere_genus0,18,0.209,89,0.04657100997943927
A3,sphere_genus0,19,0.2206,92,0.05052417445195032
A3,sphere_genus0,20,0.2322,81,0.054094403122308295
A3,sphere_genus0,21,0.2438,79,0.04880629137048427
A3,sphere_genus0,22,0.2554,81,0.04518519179265271
A3,sphere_genus0,23,0.267,86,0.04171277293304475
A3,sphere_genus0,24,0.2786,86,0.04408028172349893
A3,sphere_genus0,25,0.2902,69,0.042111790851369804
A3,sphere_genus0,26,0.3019,72,0.04136973442785742
A3,sphere_genus0,27,0.3135,72,0.039862534376556395
A3,sphere_genus0,28,0.3251,59,0.03420531829373642
A3,sphere_genus0,29,0.3367,63,0.033062870233758056
A3,sphere_genus0,30,0.3483,67,0.034925661960033876
A3,sphere_genus0,31,0.3599,57,0.03306079790960769
A3,sphere_genus0,32,0.3715,75,0.03658693004329426
A3,sphere_genus0,33,0.3831,76,0.03666472852423526
A3,sphere_genus0,34,0.3947,75,0.041945759925783616
A3,sphere_genus0,35,0.4063,78,0.04251233337919627
A3,sphere_genus0,36,0.418,82,0.04738397628187686
A3,sphere_genus0,37,0.4296,93,0.04490431195055249
A3,sphere_genus0,38,0.4412,88,0.04355469593161542
A3,sphere_genus0,39,0.4528,82,0.04117975649978758
A3,sphere_genus0,40,0.4644,85,0.044032597563722804
A3,sphere_genus0,41,0.476,76,0.0415929227771873
A3,sphere_genus0,42,0.4876,71,0.03800037747016384
A3,sphere_genus0,43,0.4992,68,0.042518400098149764
A3,sphere_genus0,44,0.5108,69,0.0441229591608118
A3,sphere_genus0,45,0.5224,60,0.04400522122854638
A3,sphere_genus0,46,0.5341,62,0.040219845855931836
A3,sphere_genus0,47,0.5457,68,0.03992339925689911
A3,sphere_genus0,48,0.5573,63,0.03735906256658876
A3,sphere_genus0,49,0.5689,57,0.03517388828125511
A3,sphere_genus0,50,0.5805,65,0.03470852269398849
A3,sphere_genus0,51,0.5921,58,0.033594777763871604
A3,sphere_genus0,52,0.6037,64,0.03347689773198212
A3,sphere_genus0,53,0.6153,64,0.03542602919131737
A3,sphere_genus0,54,0.6269,57,0.032487598608637286
A3,sphere_genus0,55,0.6385,64,0.03538501743471493
A3,sphere_genus0,56,0.6502,70,0.036657338220205234
A3,sphere_genus0,57,0.6618,68,0.03451363009171878
A3,sphere_genus0,58,0.6734,71,0.04179172062666047
A3,sphere_genus0,59,0.685,73,0.03783126579609503
A3,sphere_genus0,60,0.6966,75,0.036736666933708174
A3,sphere_genus0,61,0.7082,77,0.0325512964241976
A3,sphere_genus0,62,0.7198,86,0.03167900344825385
A3,sphere_genus0,63,0.7314,85,0.030718577720252698
A3,sphere_genus0,64,0.743,82,0.031762687026196376
A3,sphere_genus0,65,0.7546,79,0.03176241992667113
A3,sphere_genus0,66,0.7663,77,0.028620405278609398
A3,sphere_genus0,67,0.7779,81,0.031490387772133754
A3,sphere_genus0,68,0.7895,80,0.03185319018957221
A3,sphere_genus0,69,0.8011,85,0.030777942301056807
A3,sphere_genus0,70,0.8127,85,0.03361077293138581
A3,sphere_genus0,71,0.8243,82,0.033996718476879725
A3,sphere_genus0,72,0.8359,75,0.032329964330840025
A3,sphere_genus0,73,0.8475,73,0.03639494569701891
A3,sphere_genus0,74,0.8591,75,0.03452909705855782
A3,sphere_genus0,75,0.8707,78,0.034193374949819576
A3,sphere_genus0,76,0.8824,74,0.034172870486402884
A3,sphere_genus0,77,0.894,66,0.033024339994796
A3,sphere_genus0,78,0.9056,68,0.03412112047168251
A3,sphere_genus0,79,0.9172,69,0.030702756025933135
A3,sphere_genus0,80,0.9288,77,0.03503726353605281
A3,sphere_genus0,81,0.9404,78,0.039242968925835967
A3,sphere_genus0,82,0.952,93,0.04172687343241436
A3,sphere_genus0,83,0.9636,75,0.0357142286673241
A3,sphere_genus0,84,0.9752,75,0.03309313136086778
A3,sphere_genus0,85,0.9868,74,0.03272817766603165
A3,sphere_genus0,86,0.9985,82,0.034022915590237394
A3,sphere_genus0,87,1.0101,77,0.0378301037046711
A3,sphere_genus0,88,1.0217,72,0.036709232221033256
A3,sphere_genus0,89,1.0333,82,0.040040798873231025
A3,sphere_genus0,90,1.0449,84,0.0394633913020301
A3,sphere_genus0,91,1.0565,81,0.04061486508541156
A3,sphere_genus0,92,1.0681,74,0.03514196209278224
A3,sphere_genus0,93,1.0797,87,0.049338920455995375
A3,sphere_genus0,94,1.0913,83,0.05764082495888126
A3,sphere_genus0,95,1.1029,75,0.05937769534067276
A3,sphere_genus0,96,1.1146,91,0.05335903452443069
A3,sphere_genus0,97,1.1262,67,0.05303319526178823
A3,sphere_genus0,98,1.1378,68,0.05846430238031985
A3,sphere_genus0,99,1.1494,73,0.054479711795693116
A3,sphere_genus0,100,1.161,72,0.05074169691604978
A3,sphere_genus0,101,1.1726,91,0.04847543396899984
A3,sphere_genus0,102,1.1842,92,0.04886989639411656
A3,sphere_genus0,103,1.1958,85,0.04366187256597819
A3,sphere_genus0,104,1.2074,85,0.048436570390157245
A3,sphere_genus0,105,1.219,91,0.049524729310239345
A3,sphere_genus0,106,1.2307,84,0.05254557859485891
A3,sphere_genus0,107,1.2423,83,0.04975714143379967
A3,sphere_genus0,108,1.2539,77,0.04594924721594213
A3,sphere_genus0,109,1.2655,81,0.04024532350067275
A3,sphere_genus0,110,1.2771,82,0.044185290582833006
A3,sphere_genus0,111,1.2887,82,0.04321325167246959
A3,sphere_genus0,112,1.3003,79,0.041571060222753316
A3,sphere_genus0,113,1.3119,69,0.037685559834268086
A3,sphere_genus0,114,1.3235,71,0.03896991646887776
A3,sphere_genus0,115,1.3351,64,0.03142132297707979
A3,sphere_genus0,116,1.3468,71,0.03513592703764836
A3,sphere_genus0,117,1.3584,64,0.03433795253607601
A3,sphere_genus0,118,1.37,71,0.03660373412400756
A3,sphere_genus0,119,1.3816,72,0.035865153747575616
A3,sphere_genus0,120,1.3932,72,0.04152032883941608
A3,sphere_genus0,121,1.4048,72,0.0434878502283741
A3,sphere_genus0,122,1.4164,84,0.047609484946401416
A3,sphere_genus0,123,1.428,86,0.04195924974551835
A3,sphere_genus0,124,1.4396,88,0.044271740137017304
A3,sphere_genus0,125,1.4512,91,0.04144737972266517
A3,sphere_genus0,126,1.4629,86,0.04397441111180943
A3,sphere_genus0,127,1.4745,75,0.04389000702921161
A3,sphere_genus0,128,1.4861,80,0.04126558216281314
A3,sphere_genus0,129,1.4977,65,0.0389059838766801
A3,sphere_genus0,130,1.5093,73,0.04514774570136491
A3,sphere_genus0,131,1.5209,62,0.04396205245372942
A3,sphere_genus0,132,1.5325,66,0.04294087424742632
A3,sphere_genus0,133,1.5441,67,0.04093870613802096
A3,sphere_genus0,134,1.5557,65,0.037138883159972914
A3,sphere_genus0,135,1.5673,57,0.034434804938947725
A3,sphere_genus0,136,1.579,64,0.03493284659052393
A3,sphere_genus0,137,1.5906,57,0.034223711079594224
A3,sphere_genus0,138,1.6022,68,0.0342661021001477
A3,sphere_genus0,139,1.6138,66,0.03505153436705664
A3,sphere_genus0,140,1.6254,60,0.032685873909472314
A3,sphere_genus0,141,1.637,61,0.03485443376511975
A3,sphere_genus0,142,1.6486,68,0.03525399616021566
A3,sphere_genus0,143,1.6602,68,0.0336132611524457
A3,sphere_genus0,144,1.6718,73,0.042926157532222724
A3,sphere_genus0,145,1.6834,73,0.040593293513251215
A3,sphere_genus0,146,1.6951,73,0.03461431357926956
A3,sphere_genus0,147,1.7067,71,0.034290374242992736
A3,sphere_genus0,148,1.7183,80,0.03165011273597628
A3,sphere_genus0,149,1.7299,84,0.02889132232445421
A3,sphere_genus0,150,1.7415,81,0.0309950909332829
A3,sphere_genus0,151,1.7531,74,0.02957425641778879
A3,sphere_genus0,152,1.7647,78,0.030697784821246615
A3,sphere_genus0,153,1.7763,77,0.030069011285374526
A3,sphere_genus0,154,1.7879,80,0.031141786620851594
A3,sphere_genus0,155,1.7995,78,0.031458801040721796
A3,sphere_genus0,156,1.8112,83,0.03407536108659504
A3,sphere_genus0,157,1.8228,87,0.03392778990746802
A3,sphere_genus0,158,1.8344,80,0.031015892999491413
A3,sphere_genus0,159,1.846,78,0.034651148997620576
A3,sphere_genus0,160,1.8576,68,0.03549113453903954
A3,sphere_genus0,161,1.8692,78,0.03535037833971147
A3,sphere_genus0,162,1.8808,73,0.03457500036536597
A3,sphere_genus0,163,1.8924,71,0.033445237715018505
A3,sphere_genus0,164,1.904,66,0.03303351450365826
A3,sphere_genus0,165,1.9156,71,0.03072650247183038
A3,sphere_genus0,166,1.9273,74,0.03372595349569262
A3,sphere_genus0,167,1.9389,74,0.03727537641343985
A3,sphere_genus0,168,1.9505,84,0.04208469888686446
A3,sphere_genus0,169,1.9621,80,0.03724806880903799
A3,sphere_genus0,170,1.9737,72,0.03368183363167421
A3,sphere_genus0,171,1.9853,75,0.03334814437717109
A3,sphere_genus0,172,1.9969,78,0.035255928973100065
A3,sphere_genus0,173,2.0085,77,0.038313274669662556
A3,sphere_genus0,174,2.0201,75,0.03758406048656512
A3,sphere_genus0,175,2.0317,78,0.04020612205271407
A3,sphere_genus0,176,2.0434,88,0.039911228327519414
A3,sphere_genus0,177,2.055,80,0.03812619270985117
A3,sphere_genus0,178,2.0666,76,0.03627140421345912
A3,sphere_genus0,179,2.0782,85,0.043277685715103084
A3,sphere_genus0,180,2.0898,84,0.05081313017973816
A3,sphere_genus0,181,2.1014,77,0.061021027594583596
A3,sphere_genus0,182,2.113,90,0.05518605100117809
A3,sphere_genus0,183,2.1246,71,0.05649982274640947
A3,sphere_genus0,184,2.1362,65,0.05478505181382456
A3,sphere_genus0,185,2.1478,72,0.05787437609233656
A3,sphere_genus0,186,2.1595,78,0.0515888836080987
A3,sphere_genus0,187,2.1711,84,0.047316514419683514
A3,sphere_genus0,188,2.1827,92,0.048701131388985845
A3,sphere_genus0,189,2.1943,91,0.04772139123567139
A3,sphere_genus0,190,2.2059,84,0.04932074464311037
A3,sphere_genus0,191,2.2175,92,0.04873553367227422
A3,sphere_genus0,192,2.2291,92,0.05173090592729048
A3,sphere_genus0,193,2.2407,86,0.05146187155870843
A3,sphere_genus0,194,2.2523,81,0.048028561813650124
A3,sphere_genus0,195,2.2639,87,0.04240537086296301
A3,sphere_genus0,196,2.2756,82,0.04330838903002682
A3,sphere_genus0,197,2.2872,80,0.043037491517632934
A3,sphere_genus0,198,2.2988,76,0.0391452939638763
A3,sphere_genus0,199,2.3104,73,0.038975179144212335
A3,sphere_genus0,200,2.322,63,0.03610483619161495
A3,sphere_genus0,201,2.3336,64,0.03283789225677323
A3,sphere_genus0,202,2.3452,65,0.03545545513882668
A3,sphere_genus0,203,2.3568,65,0.03466635535562072
A3,sphere_genus0,204,2.3684,67,0.034076192197265376
A3,sphere_genus0,205,2.38,70,0.03729395568427275
A3,sphere_genus0,206,2.3917,76,0.040155585218542525
A3,sphere_genus0,207,2.4033,70,0.04116873961799634
A3,sphere_genus0,208,2.4149,82,0.047315031760226015
A3,sphere_genus0,209,2.4265,77,0.043862918847850825
A3,sphere_genus0,210,2.4381,87,0.04537750985507173
A3,sphere_genus0,211,2.4497,95,0.04178792820604117
A3,sphere_genus0,212,2.4613,94,0.044000885527203826
A3,sphere_genus0,213,2.4729,74,0.04309342447697911
A3,sphere_genus0,214,2.4845,75,0.04069608629523657
A3,sphere_genus0,215,2.4961,73,0.03954071125790056
A3,sphere_genus0,216,2.5078,70,0.044530048194928645
A3,sphere_genus0,217,2.5194,68,0.044044463156604124
A3,sphere_genus0,218,2.531,69,0.04528151069237822
A3,sphere_genus0,219,2.5426,68,0.04069288101656935
A3,sphere_genus0,220,2.5542,64,0.03547876606689372
A3,sphere_genus0,221,2.5658,55,0.03464684010305882
A3,sphere_genus0,222,2.5774,63,0.03464753112693232
A3,sphere_genus0,223,2.589,56,0.034100581913119564
A3,sphere_genus0,224,2.6006,67,0.034166889758860314
A3,sphere_genus0,225,2.6122,64,0.034892417413374927
A3,sphere_genus0,226,2.6239,63,0.03410472952278143
A3,sphere_genus0,227,2.6355,65,0.03441184072613754
A3,sphere_genus0,228,2.6471,66,0.03472503495145796
A3,sphere_genus0,229,2.6587,66,0.035135598893612334
A3,sphere_genus0,230,2.6703,75,0.04109664643246588
A3,sphere_genus0,231,2.6819,70,0.04116532115831429
A3,sphere_genus0,232,2.6935,75,0.0364215260911049
A3,sphere_genus0,233,2.7051,75,0.03309160174085213
A3,sphere_genus0,234,2.7167,82,0.0339682123805549
A3,sphere_genus0,235,2.7283,84,0.03146966541513326
A3,sphere_genus0,236,2.74,84,0.032084405102168714
A3,sphere_genus0,237,2.7516,82,0.03103103322277815
A3,sphere_genus0,238,2.7632,83,0.03130983528033106
A3,sphere_genus0,239,2.7748,75,0.027077553181446626
A3,sphere_genus0,240,2.7864,77,0.03130369369329927
A3,sphere_genus0,241,2.798,78,0.031693087096026716
A3,sphere_genus0,242,2.8096,82,0.0343313407130437
A3,sphere_genus0,243,2.8212,82,0.0331791348919202
A3,sphere_genus0,244,2.8328,76,0.032465570554085735
A3,sphere_genus0,245,2.8444,76,0.0348253911174164
A3,sphere_genus0,246,2.8561,72,0.034907966283830597
A3,sphere_genus0,247,2.8677,80,0.0361755808666544
A3,sphere_genus0,248,2.8793,66,0.032373444567311394
A3,sphere_genus0,249,2.8909,74,0.0342360836523786
A3,sphere_genus0,250,2.9025,68,0.03098179201233679
A3,sphere_genus0,251,2.9141,70,0.03216291833718285
A3,sphere_genus0,252,2.9257,73,0.033508956263790864
A3,sphere_genus0,253,2.9373,74,0.03732205344396062
A3,sphere_genus0,254,2.9489,91,0.0405916175587897
A3,sphere_genus0,255,2.9605,88,0.03798087641171382
A3,sphere_genus0,256,2.9722,76,0.03482713392407612
A3,sphere_genus0,257,2.9838,75,0.032701641465749894
A3,sphere_genus0,258,2.9954,76,0.033753962095581125
A3,sphere_genus0,259,3.007,77,0.03650448889985041
A3,sphere_genus0,260,3.0186,79,0.037176507561254096
A3,sphere_genus0,261,3.0302,77,0.03959931444107776
A3,sphere_genus0,262,3.0418,83,0.041830554227563696
A3,sphere_genus0,263,3.0534,82,0.040875970038819126
A3,sphere_genus0,264,3.065,80,0.040114077156005554
A3,sphere_genus0,265,3.0766,84,0.04069018518698952
A3,sphere_genus0,266,3.0883,84,0.050619528972011545
A3,sphere_genus0,267,3.0999,81,0.05905402378683003
A3,sphere_genus0,268,3.1115,91,0.05676279311508159
A3,sphere_genus0,269,3.1231,74,0.05435296447283451
A3,sphere_genus0,270,3.1347,63,0.05628250665597363
A3,sphere_genus0,271,3.1463,69,0.0586751739043449
A3,sphere_genus0,272,3.1579,78,0.05176308928945107
A3,sphere_genus0,273,3.1695,86,0.050203953593813605
A3,sphere_genus0,274,3.1811,90,0.046153465584462455
A3,sphere_genus0,275,3.1927,95,0.04713648031923346
A3,sphere_genus0,276,3.2044,88,0.046798277796375104
A3,sphere_genus0,277,3.216,85,0.0500896881277356
A3,sphere_genus0,278,3.2276,86,0.04640647984135826
A3,sphere_genus0,279,3.2392,87,0.051359028965006714
A3,sphere_genus0,280,3.2508,79,0.04842566013373776
A3,sphere_genus0,281,3.2624,87,0.0436245823670521
A3,sphere_genus0,282,3.274,85,0.04449325933168813
A3,sphere_genus0,283,3.2856,75,0.042298475600608954
A3,sphere_genus0,284,3.2972,75,0.03790750543919291
A3,sphere_genus0,285,3.3088,71,0.03856005619963439
A3,sphere_genus0,286,3.3205,69,0.034966338066724854
A3,sphere_genus0,287,3.3321,66,0.03360990620758155
A3,sphere_genus0,288,3.3437,62,0.0371801898835848
A3,sphere_genus0,289,3.3553,66,0.035212896920898316
A3,sphere_genus0,290,3.3669,72,0.038172906052675384
A3,sphere_genus0,291,3.3785,73,0.03894912808493211
A3,sphere_genus0,292,3.3901,72,0.03807853127486489
A3,sphere_genus0,293,3.4017,74,0.04220059140422841
A3,sphere_genus0,294,3.4133,85,0.046418741969120145
A3,sphere_genus0,295,3.4249,86,0.045006037988301925
A3,sphere_genus0,296,3.4366,85,0.04392618554621255
A3,sphere_genus0,297,3.4482,88,0.044271492712798136
A3,sphere_genus0,298,3.4598,90,0.042799039497529466
A3,sphere_genus0,299,3.4714,79,0.0448113514224764
A3,sphere_genus0,300,3.483,81,0.04269805243575388
A3,sphere_genus0,301,3.4946,72,0.040072890873871204
A3,sphere_genus0,302,3.5062,71,0.04519819740748282
A3,sphere_genus0,303,3.5178,68,0.042854097580938104
A3,sphere_genus0,304,3.5294,66,0.04653811786797954
A3,sphere_genus0,305,3.541,65,0.04097168310520713
A3,sphere_genus0,306,3.5527,61,0.03607423635140996
A3,sphere_genus0,307,3.5643,58,0.03548330088722493
A3,sphere_genus0,308,3.5759,61,0.03501715058952429
A3,sphere_genus0,309,3.5875,58,0.03369413598116152
A3,sphere_genus0,310,3.5991,64,0.03341910516738721
A3,sphere_genus0,311,3.6107,66,0.03499785718329877
A3,sphere_genus0,312,3.6223,62,0.033975071874364764
A3,sphere_genus0,313,3.6339,61,0.03518443607441221
A3,sphere_genus0,314,3.6455,61,0.0337993874608089
A3,sphere_genus0,315,3.6571,65,0.03575640619749369
A3,sphere_genus0,316,3.6688,73,0.03835867566676171
A3,sphere_genus0,317,3.6804,74,0.04212110110091603
A3,sphere_genus0,318,3.692,77,0.03667041934840965
A3,sphere_genus0,319,3.7036,71,0.036996066498250484
A3,sphere_genus0,320,3.7152,79,0.03192083339634988
A3,sphere_genus0,321,3.7268,79,0.03047760200501736
A3,sphere_genus0,322,3.7384,81,0.03060636150209085
A3,sphere_genus0,323,3.75,77,0.028742365848691453
A3,sphere_genus0,324,3.7616,86,0.03412593627524179
A3,sphere_genus0,325,3.7732,81,0.03018857403816166
A3,sphere_genus0,326,3.7849,83,0.032434348631086136
A3,sphere_genus0,327,3.7965,88,0.03303236358571612
A3,sphere_genus0,328,3.8081,80,0.03359566874755561
A3,sphere_genus0,329,3.8197,74,0.03221067846940753
A3,sphere_genus0,330,3.8313,86,0.033955651970406085
A3,sphere_genus0,331,3.8429,73,0.0331468811442084
A3,sphere_genus0,332,3.8545,75,0.03757067887582858
A3,sphere_genus0,333,3.8661,76,0.0345119075181652
A3,sphere_genus0,334,3.8777,69,0.033461642643789834
A3,sphere_genus0,335,3.8893,75,0.034128874514962194
A3,sphere_genus0,336,3.901,66,0.030092770853420776
A3,sphere_genus0,337,3.9126,68,0.03402783167506529
A3,sphere_genus0,338,3.9242,74,0.03320456697650246
A3,sphere_genus0,339,3.9358,80,0.037864803740881414
A3,sphere_genus0,340,3.9474,89,0.04048144521001653
A3,sphere_genus0,341,3.959,112,0.05221479607386686
A3,sphere_genus0,342,3.9706,77,0.0352196873415144
A3,sphere_genus0,343,3.9822,68,0.029871971197998805
A3,sphere_genus0,344,3.9938,76,0.03413447912100417
A3,sphere_genus0,345,4.0054,77,0.03732588832414941
A3,sphere_genus0,346,4.0171,75,0.03696433549471976
A3,sphere_genus0,347,4.0287,74,0.03710319668900679
A3,sphere_genus0,348,4.0403,82,0.03976203408345026
A3,sphere_genus0,349,4.0519,78,0.03896544511203751
A3,sphere_genus0,350,4.0635,80,0.038520678552707355
A3,sphere_genus0,351,4.0751,76,0.039645901472474605
A3,sphere_genus0,352,4.0867,89,0.049748636480423235
A3,sphere_genus0,353,4.0983,80,0.06147180261851257
A3,sphere_genus0,354,4.1099,80,0.056827388229002455
A3,sphere_genus0,355,4.1215,78,0.053035554997919315
A3,sphere_genus0,356,4.1332,67,0.059110451017853956
A3,sphere_genus0,357,4.1448,71,0.05777117212920452
A3,sphere_genus0,358,4.1564,74,0.050560733437646936
A3,sphere_genus0,359,4.168,83,0.051019075449802616
A3,sphere_genus0,360,4.1796,90,0.046471148001379504
A3,sphere_genus0,361,4.1912,89,0.04664964605464507
A3,sphere_genus0,362,4.2028,85,0.04688768534982567
A3,sphere_genus0,363,4.2144,89,0.0468713465934191
A3,sphere_genus0,364,4.226,91,0.048252184957611334
A3,sphere_genus0,365,4.2376,89,0.05242665125053579
A3,sphere_genus0,366,4.2493,86,0.0497610925950528
A3,sphere_genus0,367,4.2609,93,0.04686103325301694
A3,sphere_genus0,368,4.2725,81,0.043459879959361306
A3,sphere_genus0,369,4.2841,77,0.04013282407195482
A3,sphere_genus0,370,4.2957,69,0.036419480466747554
A3,sphere_genus0,371,4.3073,72,0.038834972562814596
A3,sphere_genus0,372,4.3189,64,0.03540912960570579
A3,sphere_genus0,373,4.3305,67,0.03466480656985617
A3,sphere_genus0,374,4.3421,67,0.034670606599011
A3,sphere_genus0,375,4.3537,67,0.035380449784943445
A3,sphere_genus0,376,4.3654,69,0.036529232676181966
A3,sphere_genus0,377,4.377,66,0.037628090742565755
A3,sphere_genus0,378,4.3886,72,0.03861606366264267
A3,sphere_genus0,379,4.4002,75,0.043676292305241955
A3,sphere_genus0,380,4.4118,80,0.04616511020119066
A3,sphere_genus0,381,4.4234,82,0.04617251609780373
A3,sphere_genus0,382,4.435,81,0.043352838889898694
A3,sphere_genus0,383,4.4466,84,0.04137434715211527
A3,sphere_genus0,384,4.4582,83,0.0427157101390726
A3,sphere_genus0,385,4.4698,85,0.046219473074698744
A3,sphere_genus0,386,4.4815,77,0.0450708282632026
A3,sphere_genus0,387,4.4931,61,0.03858718416101297
A3,sphere_genus0,388,4.5047,71,0.04441931714334409
A3,sphere_genus0,389,4.5163,67,0.0428711124804154
A3,sphere_genus0,390,4.5279,63,0.046208373587727544
A3,sphere_genus0,391,4.5395,67,0.041300370282728045
A3,sphere_genus0,392,4.5511,61,0.036825823708479116
A3,sphere_genus0,393,4.5627,58,0.03495893357290534
A3,sphere_genus0,394,4.5743,58,0.03540610512894892
A3,sphere_genus0,395,4.5859,57,0.033536151472350124
A3,sphere_genus0,396,4.5976,64,0.032819125917587226
A3,sphere_genus0,397,4.6092,67,0.03522382251697567
A3,sphere_genus0,398,4.6208,63,0.03541588332952348
A3,sphere_genus0,399,4.6324,63,0.03537085971260175
A3,sphere_genus0,400,4.644,58,0.033009949978552
A3,sphere_genus0,401,4.6556,66,0.03585366150768079
A3,sphere_genus0,402,4.6672,71,0.03785759736979048
A3,sphere_genus0,403,4.6788,73,0.04333790034281491
A3,sphere_genus0,404,4.6904,77,0.03737148776427
A3,sphere_genus0,405,4.702,73,0.04056514178782463
A3,sphere_genus0,406,4.7137,80,0.03141825211931309
A3,sphere_genus0,407,4.7253,79,0.031064441151609085
A3,sphere_genus0,408,4.7369,81,0.03160257028096396
A3,sphere_genus0,409,4.7485,77,0.029349844967626396
A3,sphere_genus0,410,4.7601,78,0.032519651127317674
A3,sphere_genus0,411,4.7717,80,0.031251524431474685
A3,sphere_genus0,412,4.7833,84,0.032760330701060214
A3,sphere_genus0,413,4.7949,80,0.03174236453516287
A3,sphere_genus0,414,4.8065,76,0.03221865276570514
A3,sphere_genus0,415,4.8181,79,0.03306437108059845
A3,sphere_genus0,416,4.8298,82,0.03279418828081048
A3,sphere_genus0,417,4.8414,78,0.034340860266004344
A3,sphere_genus0,418,4.853,73,0.037764258700788735
A3,sphere_genus0,419,4.8646,69,0.030344634586259092
A3,sphere_genus0,420,4.8762,71,0.0338918659039483
A3,sphere_genus0,421,4.8878,73,0.033737425067673056
A3,sphere_genus0,422,4.8994,63,0.029975712654464914
A3,sphere_genus0,423,4.911,72,0.0362041772483844
A3,sphere_genus0,424,4.9226,70,0.03187821953911271
A3,sphere_genus0,425,4.9342,78,0.035448181110155415
A3,sphere_genus0,426,4.9459,83,0.037988232348691114
A3,sphere_genus0,427,4.9575,118,0.055615524636631664
A3,sphere_genus0,428,4.9691,66,0.03007761048509064
A3,sphere_genus0,429,4.9807,70,0.033354146683647445
A3,sphere_genus0,430,4.9923,74,0.03645909706323033
A3,sphere_genus0,431,5.0039,73,0.04007541188809456
A3,sphere_genus0,432,5.0155,82,0.035920190512638624
A3,sphere_genus0,433,5.0271,75,0.03692774802186618
A3,sphere_genus0,434,5.0387,81,0.04075066983300731
A3,sphere_genus0,435,5.0503,80,0.038647338868083726
A3,sphere_genus0,436,5.062,80,0.03896878664005865
A3,sphere_genus0,437,5.0736,81,0.03551513125889416
A3,sphere_genus0,438,5.0852,87,0.05147411876214541
A3,sphere_genus0,439,5.0968,82,0.05774516266029659
A3,sphere_genus0,440,5.1084,79,0.058961708860272535
A3,sphere_genus0,441,5.12,82,0.0554699057805397
A3,sphere_genus0,442,5.1316,72,0.053843372037082046
A3,sphere_genus0,443,5.1432,72,0.057452186563402105
A3,sphere_genus0,444,5.1548,77,0.048815164040612584
A3,sphere_genus0,445,5.1664,86,0.048530786976763975
A3,sphere_genus0,446,5.178,84,0.0430285288889699
A3,sphere_genus0,447,5.1897,86,0.04303338306514319
A3,sphere_genus0,448,5.2013,88,0.04811912245073261
A3,sphere_genus0,449,5.2129,89,0.045192007910362895
A3,sphere_genus0,450,5.2245,92,0.04882071589185481
A3,sphere_genus0,451,5.2361,79,0.052663308677805866
A3,sphere_genus0,452,5.2477,87,0.04905505272869841
A3,sphere_genus0,453,5.2593,85,0.048071273433839976
A3,sphere_genus0,454,5.2709,78,0.04012144367991288
A3,sphere_genus0,455,5.2825,81,0.04105839139856249
A3,sphere_genus0,456,5.2941,79,0.04034196429334112
A3,sphere_genus0,457,5.3058,73,0.038481211389218
A3,sphere_genus0,458,5.3174,70,0.03768231452042474
A3,sphere_genus0,459,5.329,69,0.033743900163810465
A3,sphere_genus0,460,5.3406,72,0.03491981575330267
A3,sphere_genus0,461,5.3522,67,0.03774677678285061
A3,sphere_genus0,462,5.3638,65,0.03611907782323235
A3,sphere_genus0,463,5.3754,75,0.03800041236441791
A3,sphere_genus0,464,5.387,70,0.039791046455007736
A3,sphere_genus0,465,5.3986,77,0.04603404430089251
A3,sphere_genus0,466,5.4102,77,0.04527287946164997
A3,sphere_genus0,467,5.4219,80,0.04576585514714111
A3,sphere_genus0,468,5.4335,94,0.0443345755116158
A3,sphere_genus0,469,5.4451,90,0.04349133853545781
A3,sphere_genus0,470,5.4567,86,0.042431645675951264
A3,sphere_genus0,471,5.4683,88,0.045903842641973586
A3,sphere_genus0,472,5.4799,77,0.044400298588099574
A3,sphere_genus0,473,5.4915,62,0.03786818338636477
A3,sphere_genus0,474,5.5031,66,0.04204650123790604
A3,sphere_genus0,475,5.5147,65,0.041795649127095325
A3,sphere_genus0,476,5.5263,58,0.04449960293581119
A3,sphere_genus0,477,5.538,64,0.03944395743872602
A3,sphere_genus0,478,5.5496,67,0.03863533207621959
A3,sphere_genus0,479,5.5612,58,0.035475899518017745
A3,sphere_genus0,480,5.5728,60,0.03536498579907322
A3,sphere_genus0,481,5.5844,60,0.03287177291499328
A3,sphere_genus0,482,5.596,63,0.03236643484229042
A3,sphere_genus0,483,5.6076,64,0.03433573902494307
A3,sphere_genus0,484,5.6192,64,0.035334996298199556
A3,sphere_genus0,485,5.6308,62,0.03510203539485533
A3,sphere_genus0,486,5.6424,58,0.03268370389112401
A3,sphere_genus0,487,5.6541,64,0.03557789863646702
A3,sphere_genus0,488,5.6657,67,0.03609952303657026
A3,sphere_genus0,489,5.6773,73,0.04347674219698066
A3,sphere_genus0,490,5.6889,73,0.03777973671686629
A3,sphere_genus0,491,5.7005,74,0.04433591462167621
A3,sphere_genus0,492,5.7121,77,0.034651135592002294
A3,sphere_genus0,493,5.7237,77,0.030967122411909152
A3,sphere_genus0,494,5.7353,81,0.030832634401621685
A3,sphere_genus0,495,5.7469,78,0.028543379116872585
A3,sphere_genus0,496,5.7585,75,0.03151778742493385
A3,sphere_genus0,497,5.7702,79,0.02897035786378028
A3,sphere_genus0,498,5.7818,79,0.031101216412081106
A3,sphere_genus0,499,5.7934,83,0.032328956034165295
A3,sphere_genus0,500,5.805,76,0.030275331585632805
A3,sphere_genus0,501,5.8166,79,0.032857815233590965
A3,sphere_genus0,502,5.8282,75,0.032564217080991754
A3,sphere_genus0,503,5.8398,77,0.03312992165695483
A3,sphere_genus0,504,5.8514,71,0.03728789935753533
A3,sphere_genus0,505,5.863,67,0.030348934629458257
A3,sphere_genus0,506,5.8746,70,0.03499625887864274
A3,sphere_genus0,507,5.8863,70,0.03357390151326901
A3,sphere_genus0,508,5.8979,65,0.030353910639682003
A3,sphere_genus0,509,5.9095,68,0.03656155730829526
A3,sphere_genus0,510,5.9211,74,0.032672004165350904
A3,sphere_genus0,511,5.9327,80,0.03583402106905358
A3,sphere_genus0,512,5.9443,85,0.04114524978897481
A3,sphere_genus0,513,5.9559,109,0.05088055788993356
A3,sphere_genus0,514,5.9675,62,0.029442656047012895
A3,sphere_genus0,515,5.9791,82,0.03625026696480007
A3,sphere_genus0,516,5.9907,68,0.03319780651375649
A3,sphere_genus0,517,6.0024,69,0.03861119474366234
A3,sphere_genus0,518,6.014,76,0.035533054417767065
A3,sphere_genus0,519,6.0256,76,0.03716995397025016
A3,sphere_genus0,520,6.0372,75,0.03894353214098132
A3,sphere_genus0,521,6.0488,82,0.038479046817605785
A3,sphere_genus0,522,6.0604,76,0.04374328661148187
A3,sphere_genus0,523,6.072,80,0.03942610940233674
A3,sphere_genus0,524,6.0836,87,0.046618644295404923
A3,sphere_genus0,525,6.0952,75,0.06088158449225202
A3,sphere_genus0,526,6.1068,86,0.05872984480007627
A3,sphere_genus0,527,6.1185,84,0.05574129995682881
A3,sphere_genus0,528,6.1301,64,0.0543721915540343
A3,sphere_genus0,529,6.1417,70,0.06000514913453972
A3,sphere_genus0,530,6.1533,78,0.05049777712173836
A3,sphere_genus0,531,6.1649,78,0.05475628562903181
A3,sphere_genus0,532,6.1765,85,0.04689333957346408
A3,sphere_genus0,533,6.1881,80,0.04529531135441948
A3,sphere_genus0,534,6.1997,91,0.04704381033983425
A3,sphere_genus0,535,6.2113,86,0.044255130239932404
A3,sphere_genus0,536,6.2229,94,0.04921731644338366
A3,sphere_genus0,537,6.2346,78,0.05472870471229693
A3,sphere_genus0,538,6.2462,84,0.051760090647688085
A3,sphere_genus0,539,6.2578,84,0.04755430169352429
A3,sphere_genus0,540,6.2694,87,0.04353415118548205
A3,sphere_genus0,541,6.281,77,0.044118782151501314
A3,sphere_genus0,542,6.2926,76,0.042450056292643236
A3,sphere_genus0,543,6.3042,72,0.03663931851103051
A3,sphere_genus0,544,6.3158,68,0.03950471758405374
A3,sphere_genus0,545,6.3274,67,0.033377312555043795
A3,sphere_genus0,546,6.339,64,0.033686458546774066
A3,sphere_genus0,547,6.3507,64,0.03817041692591122
A3,sphere_genus0,548,6.3623,64,0.033642177192008696
A3,sphere_genus0,549,6.3739,72,0.03739996800291585
A3,sphere_genus0,550,6.3855,71,0.03592697884869577
A3,sphere_genus0,551,6.3971,76,0.04541528072108862
A3,sphere_genus0,552,6.4087,76,0.042820574033750766
A3,sphere_genus0,553,6.4203,83,0.045057098994988665
A3,sphere_genus0,554,6.4319,93,0.04542034155164024
A3,sphere_genus0,555,6.4435,96,0.04584038189442412
A3,sphere_genus0,556,6.4551,86,0.041942302663977166
A3,sphere_genus0,557,6.4668,82,0.04399545262775247
A3,sphere_genus0,558,6.4784,73,0.0442220946154285
A3,sphere_genus0,559,6.49,68,0.037974860676533086
A3,sphere_genus0,560,6.5016,66,0.042200391075404714
A3,sphere_genus0,561,6.5132,67,0.04220150738958959
A3,sphere_genus0,562,6.5248,55,0.043943152861464815
A3,sphere_genus0,563,6.5364,59,0.037941528592681864
A3,sphere_genus0,564,6.548,67,0.03877778737758302
A3,sphere_genus0,565,6.5596,61,0.03709957728670057
A3,sphere_genus0,566,6.5712,59,0.035288040876839996
A3,sphere_genus0,567,6.5829,65,0.03530241517754222
A3,sphere_genus0,568,6.5945,63,0.03455767109556588
A3,sphere_genus0,569,6.6061,65,0.034549046651220744
A3,sphere_genus0,570,6.6177,64,0.034360724291883186
A3,sphere_genus0,571,6.6293,60,0.0348060546543506
A3,sphere_genus0,572,6.6409,62,0.034721047049552915
A3,sphere_genus0,573,6.6525,64,0.03434487786075469
A3,sphere_genus0,574,6.6641,65,0.03662421205366048
A3,sphere_genus0,575,6.6757,78,0.04294156415739699
A3,sphere_genus0,576,6.6873,74,0.035682363342037476
A3,sphere_genus0,577,6.699,75,0.040676982693123594
A3,sphere_genus0,578,6.7106,75,0.03362243579429724
A3,sphere_genus0,579,6.7222,76,0.030710815638569894
A3,sphere_genus0,580,6.7338,86,0.03234150396193944
A3,sphere_genus0,581,6.7454,79,0.02953496078007416
A3,sphere_genus0,582,6.757,82,0.03326988452104026
A3,sphere_genus0,583,6.7686,86,0.03170138801891269
A3,sphere_genus0,584,6.7802,86,0.034288481209024814
A3,sphere_genus0,585,6.7918,80,0.0311643722898819
A3,sphere_genus0,586,6.8034,84,0.03093268841653572
A3,sphere_genus0,587,6.8151,75,0.03253449940973659
A3,sphere_genus0,588,6.8267,77,0.03202242614095756
A3,sphere_genus0,589,6.8383,75,0.03237605729951032
A3,sphere_genus0,590,6.8499,75,0.03701900961622796
A3,sphere_genus0,591,6.8615,74,0.032410212021023836
A3,sphere_genus0,592,6.8731,73,0.03543408591926117
A3,sphere_genus0,593,6.8847,72,0.033934327675874516
A3,sphere_genus0,594,6.8963,64,0.030956070771255412
A3,sphere_genus0,595,6.9079,70,0.03493015074173563
A3,sphere_genus0,596,6.9195,76,0.03223893140634847
A3,sphere_genus0,597,6.9312,78,0.03622149048444343
A3,sphere_genus0,598,6.9428,79,0.040734711982849094
A3,sphere_genus0,599,6.9544,103,0.050329740086283055
A3,sphere_genus0,600,6.966,69,0.030870441867866905
A3,sphere_genus0,601,6.9776,79,0.033266307144269015
A3,sphere_genus0,602,6.9892,75,0.03404809116191331
A3,sphere_genus0,603,7.0008,70,0.03696696745007433
A3,sphere_genus0,604,7.0124,78,0.03663778776886522
A3,sphere_genus0,605,7.024,77,0.03577260428670195
A3,sphere_genus0,606,7.0356,82,0.03729869130216722
A3,sphere_genus0,607,7.0473,87,0.040268144798741516
A3,sphere_genus0,608,7.0589,78,0.04455041110593345
A3,sphere_genus0,609,7.0705,80,0.03899102675649401
A3,sphere_genus0,610,7.0821,93,0.04750702683052715
A3,sphere_genus0,611,7.0937,78,0.06256484062683058
A3,sphere_genus0,612,7.1053,86,0.05734923359851749
A3,sphere_genus0,613,7.1169,85,0.055416033058656826
A3,sphere_genus0,614,7.1285,64,0.05004168190616445
A3,sphere_genus0,615,7.1401,69,0.05952715862504088
A3,sphere_genus0,616,7.1517,77,0.05012091715620548
A3,sphere_genus0,617,7.1634,76,0.053905136581967106
A3,sphere_genus0,618,7.175,84,0.04649408418332621
A3,sphere_genus0,619,7.1866,80,0.04714087487190864
A3,sphere_genus0,620,7.1982,84,0.04348822682087968
A3,sphere_genus0,621,7.2098,91,0.046021065594823836
A3,sphere_genus0,622,7.2214,91,0.05057021739076153
A3,sphere_genus0,623,7.233,79,0.055314657801651616
A3,sphere_genus0,624,7.2446,85,0.04918336435522881
A3,sphere_genus0,625,7.2562,79,0.04465569594388962
A3,sphere_genus0,626,7.2678,89,0.0423319252499151
A3,sphere_genus0,627,7.2795,84,0.0447031259526317
A3,sphere_genus0,628,7.2911,74,0.042045586157069284
A3,sphere_genus0,629,7.3027,69,0.04030349033271454
A3,sphere_genus0,630,7.3143,72,0.04114073345353297
A3,sphere_genus0,631,7.3259,63,0.032919988677194804
A3,sphere_genus0,632,7.3375,60,0.03346946304952721
A3,sphere_genus0,633,7.3491,69,0.0368193383109034
A3,sphere_genus0,634,7.3607,62,0.03239536246562557
A3,sphere_genus0,635,7.3723,73,0.03780293065266058
A3,sphere_genus0,636,7.3839,74,0.035333872863023565
A3,sphere_genus0,637,7.3956,76,0.04144656745677873
A3,sphere_genus0,638,7.4072,77,0.04302205284706386
A3,sphere_genus0,639,7.4188,83,0.04600502642739782
A3,sphere_genus0,640,7.4304,91,0.044759467918954556
A3,sphere_genus0,641,7.442,92,0.04336236248968556
A3,sphere_genus0,642,7.4536,86,0.04369671744326743
A3,sphere_genus0,643,7.4652,88,0.04477328065023096
A3,sphere_genus0,644,7.4768,71,0.04225574596024373
A3,sphere_genus0,645,7.4884,69,0.03751912829684825
A3,sphere_genus0,646,7.5,71,0.04139148350294364
A3,sphere_genus0,647,7.5117,70,0.04420095030381495
A3,sphere_genus0,648,7.5233,60,0.044537992005949885
A3,sphere_genus0,649,7.5349,60,0.03932342093211086
A3,sphere_genus0,650,7.5465,67,0.04015425707473146
A3,sphere_genus0,651,7.5581,62,0.03717732670653603
A3,sphere_genus0,652,7.5697,58,0.03490552633483454
A3,sphere_genus0,653,7.5813,65,0.034794778695816715
A3,sphere_genus0,654,7.5929,59,0.03364449446225944
A3,sphere_genus0,655,7.6045,63,0.0342759761567692
A3,sphere_genus0,656,7.6161,64,0.034583031087736665
A3,sphere_genus0,657,7.6278,61,0.03292849736842704
A3,sphere_genus0,658,7.6394,60,0.035650327158579416
A3,sphere_genus0,659,7.651,66,0.03493036924209288
A3,sphere_genus0,660,7.6626,67,0.03539818677379281
A3,sphere_genus0,661,7.6742,70,0.0425447604146733
A3,sphere_genus0,662,7.6858,74,0.0377251343574613
A3,sphere_genus0,663,7.6974,77,0.036494233764366744
A3,sphere_genus0,664,7.709,76,0.03046391039384436
A3,sphere_genus0,665,7.7206,86,0.031150895958124362
A3,sphere_genus0,666,7.7322,84,0.029752955170758506
A3,sphere_genus0,667,7.7439,82,0.0314823375744611
A3,sphere_genus0,668,7.7555,83,0.03382876817789053
A3,sphere_genus0,669,7.7671,79,0.02981723861895537
A3,sphere_genus0,670,7.7787,84,0.03108951161928999
A3,sphere_genus0,671,7.7903,80,0.03202468042571308
A3,sphere_genus0,672,7.8019,79,0.030967601617157656
A3,sphere_genus0,673,7.8135,80,0.03185917741151287
A3,sphere_genus0,674,7.8251,79,0.032611556606569274
A3,sphere_genus0,675,7.8367,75,0.03283838803942572
A3,sphere_genus0,676,7.8483,77,0.03667523662300725
A3,sphere_genus0,677,7.86,74,0.03399114225330293
A3,sphere_genus0,678,7.8716,75,0.03512310539589875
A3,sphere_genus0,679,7.8832,73,0.034054114798138795
A3,sphere_genus0,680,7.8948,65,0.032058491351407994
A3,sphere_genus0,681,7.9064,70,0.03491422876661787
A3,sphere_genus0,682,7.918,76,0.032442193329380524
A3,sphere_genus0,683,7.9296,77,0.03551687407824586
A3,sphere_genus0,684,7.9412,83,0.0414590142826554
A3,sphere_genus0,685,7.9528,91,0.04477608457265846
A3,sphere_genus0,686,7.9644,75,0.03183332514767266
A3,sphere_genus0,687,7.9761,71,0.03191306647675034
A3,sphere_genus0,688,7.9877,67,0.031191378834083495
A3,sphere_genus0,689,7.9993,78,0.03510639575398196
A3,sphere_genus0,690,8.0109,79,0.03918608795620345
A3,sphere_genus0,691,8.0225,74,0.03658829358393012
A3,sphere_genus0,692,8.0341,82,0.038548801215030314
A3,sphere_genus0,693,8.0457,80,0.03721234932074923
A3,sphere_genus0,694,8.0573,79,0.04024435097071184
A3,sphere_genus0,695,8.0689,72,0.03384897986134448
A3,sphere_genus0,696,8.0805,91,0.04712662916228448
A3,sphere_genus0,697,8.0922,79,0.05954524800308578
A3,sphere_genus0,698,8.1038,79,0.059341923717156554
A3,sphere_genus0,699,8.1154,83,0.05447298099328352
A3,sphere_genus0,700,8.127,66,0.052589158033275296
A3,sphere_genus0,701,8.1386,74,0.06027640395142454
A3,sphere_genus0,702,8.1502,73,0.053751391828136874
A3,sphere_genus0,703,8.1618,72,0.05423460601509003
A3,sphere_genus0,704,8.1734,87,0.04397588646790014
A3,sphere_genus0,705,8.185,84,0.04849206582234828
A3,sphere_genus0,706,8.1966,82,0.0435907190841377
A3,sphere_genus0,707,8.2083,86,0.046115984977621656
A3,sphere_genus0,708,8.2199,93,0.049915597373951424
A3,sphere_genus0,709,8.2315,80,0.05473121388627544
A3,sphere_genus0,710,8.2431,78,0.04880204436132151
A3,sphere_genus0,711,8.2547,78,0.04698282451257406
A3,sphere_genus0,712,8.2663,80,0.0399102765894608
A3,sphere_genus0,713,8.2779,83,0.04413681003366605
A3,sphere_genus0,714,8.2895,74,0.04120010704452639
A3,sphere_genus0,715,8.3011,72,0.03971987983500249
A3,sphere_genus0,716,8.3127,71,0.038098882397439436
A3,sphere_genus0,717,8.3244,64,0.03661585345261579
A3,sphere_genus0,718,8.336,69,0.0325583970845965
A3,sphere_genus0,719,8.3476,71,0.03566825495197805
A3,sphere_genus0,720,8.3592,59,0.03323481539369466
A3,sphere_genus0,721,8.3708,73,0.03684161358538092
A3,sphere_genus0,722,8.3824,77,0.03720097410131677
A3,sphere_genus0,723,8.394,74,0.041149582519348006
A3,sphere_genus0,724,8.4056,73,0.04334139220940273
A3,sphere_genus0,725,8.4172,83,0.04742338492015406
A3,sphere_genus0,726,8.4288,89,0.04321828083609692
A3,sphere_genus0,727,8.4405,86,0.043723748304947074
A3,sphere_genus0,728,8.4521,88,0.042050586796538274
A3,sphere_genus0,729,8.4637,87,0.04460429631310465
A3,sphere_genus0,730,8.4753,74,0.04220496579837353
A3,sphere_genus0,731,8.4869,77,0.04040130407767944
A3,sphere_genus0,732,8.4985,68,0.04147777634006971
A3,sphere_genus0,733,8.5101,72,0.044829991880821964
A3,sphere_genus0,734,8.5217,61,0.04444303556692856
A3,sphere_genus0,735,8.5333,63,0.040681858681944884
A3,sphere_genus0,736,8.5449,68,0.040497497719057786
A3,sphere_genus0,737,8.5566,64,0.03609011912929679
A3,sphere_genus0,738,8.5682,59,0.035655227418933094
A3,sphere_genus0,739,8.5798,65,0.035236585353487726
A3,sphere_genus0,740,8.5914,58,0.034960709546822344
A3,sphere_genus0,741,8.603,66,0.034236341103815814
A3,sphere_genus0,742,8.6146,65,0.03516993926484625
A3,sphere_genus0,743,8.6262,59,0.03371852085243927
A3,sphere_genus0,744,8.6378,61,0.03477980953414519
A3,sphere_genus0,745,8.6494,69,0.036422190793820426
A3,sphere_genus0,746,8.661,70,0.03353855354633342
A3,sphere_genus0,747,8.6727,72,0.04203247090607908
A3,sphere_genus0,748,8.6843,74,0.03832870789779308
A3,sphere_genus0,749,8.6959,71,0.03477679836274182
A3,sphere_genus0,750,8.7075,79,0.033823882231034275
A3,sphere_genus0,751,8.7191,79,0.03118192180408171
A3,sphere_genus0,752,8.7307,81,0.028038238450897646
A3,sphere_genus0,753,8.7423,80,0.03208298650362082
A3,sphere_genus0,754,8.7539,78,0.03194275487376901
A3,sphere_genus0,755,8.7655,77,0.03031481943044776
A3,sphere_genus0,756,8.7771,79,0.03032154445450175
A3,sphere_genus0,757,8.7888,85,0.03243827902828298
A3,sphere_genus0,758,8.8004,84,0.03272115441935196
A3,sphere_genus0,759,8.812,83,0.03393161207039237
A3,sphere_genus0,760,8.8236,84,0.034053189492158846
A3,sphere_genus0,761,8.8352,77,0.03273817000338973
A3,sphere_genus0,762,8.8468,73,0.03587856149292392
A3,sphere_genus0,763,8.8584,73,0.035469058145464465
A3,sphere_genus0,764,8.87,79,0.03527057210459237
A3,sphere_genus0,765,8.8816,74,0.034441893904161316
A3,sphere_genus0,766,8.8932,67,0.03279257743568293
A3,sphere_genus0,767,8.9049,67,0.033115019706313344
A3,sphere_genus0,768,8.9165,68,0.030231121728541324
A3,sphere_genus0,769,8.9281,73,0.033735109974680176
A3,sphere_genus0,770,8.9397,77,0.039227905690116825
A3,sphere_genus0,771,8.9513,87,0.04109613128008636
A3,sphere_genus0,772,8.9629,76,0.03442271431369709
A3,sphere_genus0,773,8.9745,76,0.03290040102488935
A3,sphere_genus0,774,8.9861,74,0.03322105991266363
A3,sphere_genus0,775,8.9977,83,0.034830764700760526
A3,sphere_genus0,776,9.0093,83,0.03852520232478095
A3,sphere_genus0,777,9.021,73,0.03754303238428063
A3,sphere_genus0,778,9.0326,83,0.040779408289275794
A3,sphere_genus0,779,9.0442,82,0.03824710823988613
A3,sphere_genus0,780,9.0558,78,0.038413437648345684
A3,sphere_genus0,781,9.0674,72,0.034966668023818544
A3,sphere_genus0,782,9.079,91,0.04504860249163838
A3,sphere_genus0,783,9.0906,80,0.054025081840930765
A3,sphere_genus0,784,9.1022,72,0.06041616354303124
A3,sphere_genus0,785,9.1138,90,0.05486035093344722
A3,sphere_genus0,786,9.1254,67,0.05371395344322075
A3,sphere_genus0,787,9.1371,65,0.05733008867248219
A3,sphere_genus0,788,9.1487,73,0.05658392918773137
A3,sphere_genus0,789,9.1603,74,0.05209393398053444
A3,sphere_genus0,790,9.1719,87,0.048130306502822205
A3,sphere_genus0,791,9.1835,91,0.04974941927252755
A3,sphere_genus0,792,9.1951,90,0.046529943043722106
A3,sphere_genus0,793,9.2067,91,0.050158848273046695
A3,sphere_genus0,794,9.2183,88,0.048159285368034564
A3,sphere_genus0,795,9.2299,95,0.05342573409520986
A3,sphere_genus0,796,9.2415,85,0.048920109579488516
A3,sphere_genus0,797,9.2532,82,0.04780004202153962
A3,sphere_genus0,798,9.2648,86,0.040753808974832544
A3,sphere_genus0,799,9.2764,82,0.044514056082436075
A3,sphere_genus0,800,9.288,77,0.04349625147770712
A3,sphere_genus0,801,9.2996,79,0.04115669640731737
A3,sphere_genus0,802,9.3112,68,0.03948157958999538
A3,sphere_genus0,803,9.3228,71,0.03762567508145384
A3,sphere_genus0,804,9.3344,65,0.03306291292335719
A3,sphere_genus0,805,9.346,67,0.035766557894691416
A3,sphere_genus0,806,9.3576,62,0.03504320013062068
A3,sphere_genus0,807,9.3693,70,0.0360734971365694
A3,sphere_genus0,808,9.3809,71,0.03607328375403207
A3,sphere_genus0,809,9.3925,79,0.04066908941192298
A3,sphere_genus0,810,9.4041,69,0.04244694433101666
A3,sphere_genus0,811,9.4157,81,0.04694243019885907
A3,sphere_genus0,812,9.4273,80,0.04259354417485904
A3,sphere_genus0,813,9.4389,85,0.04544948949626601
A3,sphere_genus0,814,9.4505,95,0.040703524441291376
A3,sphere_genus0,815,9.4621,89,0.04331907346834104
A3,sphere_genus0,816,9.4737,71,0.044520660233326084
A3,sphere_genus0,817,9.4854,83,0.04187296417686695
A3,sphere_genus0,818,9.497,70,0.03947262120248114
A3,sphere_genus0,819,9.5086,71,0.0449063866983046
A3,sphere_genus0,820,9.5202,65,0.043235753334105655
A3,sphere_genus0,821,9.5318,67,0.0430329205939659
A3,sphere_genus0,822,9.5434,68,0.04110695241466426
A3,sphere_genus0,823,9.555,66,0.036341761821352674
A3,sphere_genus0,824,9.5666,57,0.034750376047728876
A3,sphere_genus0,825,9.5782,65,0.03539338690108992
A3,sphere_genus0,826,9.5898,57,0.03393178019637374
A3,sphere_genus0,827,9.6015,67,0.034606848075423184
A3,sphere_genus0,828,9.6131,65,0.03484862456397011
A3,sphere_genus0,829,9.6247,63,0.034304337482191805
A3,sphere_genus0,830,9.6363,61,0.03474982861993652
A3,sphere_genus0,831,9.6479,66,0.03527497392921571
A3,sphere_genus0,832,9.6595,67,0.035651744624150786
A3,sphere_genus0,833,9.6711,72,0.04154515137904034
A3,sphere_genus0,834,9.6827,70,0.0399727921173739
A3,sphere_genus0,835,9.6943,73,0.03633366413913368
A3,sphere_genus0,836,9.7059,75,0.03263784696266436
A3,sphere_genus0,837,9.7176,80,0.03148846784973926
A3,sphere_genus0,838,9.7292,81,0.02996463282230787
A3,sphere_genus0,839,9.7408,83,0.031211512612362605
A3,sphere_genus0,840,9.7524,81,0.030255714050549776
A3,sphere_genus0,841,9.764,81,0.03162524571545224
A3,sphere_genus0,842,9.7756,78,0.028625240948391806
A3,sphere_genus0,843,9.7872,76,0.02916890548049325
A3,sphere_genus0,844,9.7988,74,0.030329612972973652
A3,sphere_genus0,845,9.8104,83,0.03551203552529706
A3,sphere_genus0,846,9.822,84,0.03399675214758164
A3,sphere_genus0,847,9.8337,78,0.03173949370880413
A3,sphere_genus0,848,9.8453,75,0.033748490207696
A3,sphere_genus0,849,9.8569,71,0.034517695989816875
A3,sphere_genus0,850,9.8685,79,0.034746400282454265
A3,sphere_genus0,851,9.8801,70,0.03297909597665383
A3,sphere_genus0,852,9.8917,72,0.03357888427597228
A3,sphere_genus0,853,9.9033,68,0.03213718217976926
A3,sphere_genus0,854,9.9149,71,0.031219135426318843
A3,sphere_genus0,855,9.9265,73,0.034459916470936144
A3,sphere_genus0,856,9.9381,78,0.03741844348036919
A3,sphere_genus0,857,9.9498,93,0.040834738515296724
A3,torus_genus1,0,0.0,62,0.04843386972642546
A3,torus_genus1,1,0.0116,60,0.04889625234697327
A3,torus_genus1,2,0.0232,57,0.04234044342184958
A3,torus_genus1,3,0.0348,62,0.049013114104877444
A3,torus_genus1,4,0.0464,58,0.04389403818990364
A3,torus_genus1,5,0.058,56,0.05182839221971367
A3,torus_genus1,6,0.0697,51,0.04253687714966718
A3,torus_genus1,7,0.0813,56,0.051309951361373576
A3,torus_genus1,8,0.0929,55,0.04086716353904191
A3,torus_genus1,9,0.1045,47,0.0364289179882902
A3,torus_genus1,10,0.1161,50,0.037451779540190674
A3,torus_genus1,11,0.1277,57,0.04280950020103435
A3,torus_genus1,12,0.1393,56,0.0380781859383162
A3,torus_genus1,13,0.1509,63,0.05034756996295415
A3,torus_genus1,14,0.1625,56,0.04255763660249764
A3,torus_genus1,15,0.1741,66,0.05387310751940024
A3,torus_genus1,16,0.1858,51,0.03605625154663603
A3,torus_genus1,17,0.1974,55,0.04334955235325921
A3,torus_genus1,18,0.209,59,0.04827163658115629
A3,torus_genus1,19,0.2206,65,0.052125683154913
A3,torus_genus1,20,0.2322,66,0.05294605065252913
A3,torus_genus1,21,0.2438,67,0.05126014082314157
A3,torus_genus1,22,0.2554,57,0.04496443297600586
A3,torus_genus1,23,0.267,68,0.04809090354359718
A3,torus_genus1,24,0.2786,61,0.04630024033691685
A3,torus_genus1,25,0.2902,55,0.042681952829092464
A3,torus_genus1,26,0.3019,67,0.04632467981753318
A3,torus_genus1,27,0.3135,62,0.046854235121572635
A3,torus_genus1,28,0.3251,69,0.0484180820520337
A3,torus_genus1,29,0.3367,70,0.05336663608155277
A3,torus_genus1,30,0.3483,69,0.04732695963810636
A3,torus_genus1,31,0.3599,67,0.04997038628892326
A3,torus_genus1,32,0.3715,60,0.053237114496251466
A3,torus_genus1,33,0.3831,66,0.05370083302742215
A3,torus_genus1,34,0.3947,57,0.03917699248997631
A3,torus_genus1,35,0.4063,56,0.04304852543455141
A3,torus_genus1,36,0.418,54,0.040135608683671734
A3,torus_genus1,37,0.4296,57,0.03969093485504033
A3,torus_genus1,38,0.4412,57,0.04188181277868597
A3,torus_genus1,39,0.4528,65,0.04998172581960401
A3,torus_genus1,40,0.4644,62,0.048163206106688845
A3,torus_genus1,41,0.476,63,0.05288390088169423
A3,torus_genus1,42,0.4876,66,0.048320522337832045
A3,torus_genus1,43,0.4992,52,0.04592795677692756
A3,torus_genus1,44,0.5108,59,0.05079910671289573
A3,torus_genus1,45,0.5224,64,0.05400645279331145
A3,torus_genus1,46,0.5341,59,0.052140950827117394
A3,torus_genus1,47,0.5457,60,0.047000061842274364
A3,torus_genus1,48,0.5573,48,0.039353752133022356
A3,torus_genus1,49,0.5689,50,0.04066286036154229
A3,torus_genus1,50,0.5805,46,0.03509608395444281
A3,torus_genus1,51,0.5921,47,0.03621620201308783
A3,torus_genus1,52,0.6037,45,0.03312344891419861
A3,torus_genus1,53,0.6153,44,0.03309359228950253
A3,torus_genus1,54,0.6269,45,0.03961966937962321
A3,torus_genus1,55,0.6385,42,0.033497149572452825
A3,torus_genus1,56,0.6502,45,0.04101420640581598
A3,torus_genus1,57,0.6618,42,0.03447028707553172
A3,torus_genus1,58,0.6734,38,0.030271683207523773
A3,torus_genus1,59,0.685,35,0.02716674639782155
A3,torus_genus1,60,0.6966,48,0.036743652016357216
A3,torus_genus1,61,0.7082,43,0.034084624692202234
A3,torus_genus1,62,0.7198,47,0.034173765036622186
A3,torus_genus1,63,0.7314,56,0.04429405875098734
A3,torus_genus1,64,0.743,51,0.03938390594302095
A3,torus_genus1,65,0.7546,61,0.044919581748813844
A3,torus_genus1,66,0.7663,56,0.045664589948356184
A3,torus_genus1,67,0.7779,55,0.040069253859940236
A3,torus_genus1,68,0.7895,44,0.03705734565825617
A3,torus_genus1,69,0.8011,40,0.027467031247047725
A3,torus_genus1,70,0.8127,35,0.028011698409548848
A3,torus_genus1,71,0.8243,30,0.029457594844465716
A3,torus_genus1,72,0.8359,24,0.019452707868284708
A3,torus_genus1,73,0.8475,24,0.030175527808276953
A3,torus_genus1,74,0.8591,22,0.025155772994304253
A3,torus_genus1,75,0.8707,21,0.021086592536868613
A3,torus_genus1,76,0.8824,23,0.0282826136365598
A3,torus_genus1,77,0.894,21,0.021169263478507717
A3,torus_genus1,78,0.9056,21,0.024643199747247397
A3,torus_genus1,79,0.9172,24,0.023219267278385785
A3,torus_genus1,80,0.9288,23,0.021093094641751207
A3,torus_genus1,81,0.9404,32,0.031979092306021834
A3,torus_genus1,82,0.952,47,0.039064410877237485
A3,torus_genus1,83,0.9636,69,0.04998448011336588
A3,torus_genus1,84,0.9752,49,0.04614634592310576
A3,torus_genus1,85,0.9868,64,0.04692095006626976
A3,torus_genus1,86,0.9985,63,0.04441037746930015
A3,torus_genus1,87,1.0101,58,0.048453084414841856
A3,torus_genus1,88,1.0217,62,0.04540793671774231
A3,torus_genus1,89,1.0333,68,0.05235640930460554
A3,torus_genus1,90,1.0449,67,0.048644053867734426
A3,torus_genus1,91,1.0565,53,0.05136281632291856
A3,torus_genus1,92,1.0681,61,0.046829458300002146
A3,torus_genus1,93,1.0797,53,0.047567340124028676
A3,torus_genus1,94,1.0913,53,0.03934310155672489
A3,torus_genus1,95,1.1029,46,0.03600141271000591
A3,torus_genus1,96,1.1146,48,0.04156567165560608
A3,torus_genus1,97,1.1262,51,0.0438510294585195
A3,torus_genus1,98,1.1378,56,0.039035016916843586
A3,torus_genus1,99,1.1494,60,0.045381672947978596
A3,torus_genus1,100,1.161,59,0.04034662241882846
A3,torus_genus1,101,1.1726,64,0.05210102961388474
A3,torus_genus1,102,1.1842,57,0.03844514597496215
A3,torus_genus1,103,1.1958,60,0.04336567529453178
A3,torus_genus1,104,1.2074,54,0.0451416297183647
A3,torus_genus1,105,1.219,65,0.04930722287768476
A3,torus_genus1,106,1.2307,58,0.05009288171888031
A3,torus_genus1,107,1.2423,61,0.04269022897079039
A3,torus_genus1,108,1.2539,56,0.046839900806155355
A3,torus_genus1,109,1.2655,63,0.04389609213578443
A3,torus_genus1,110,1.2771,56,0.04139880171029534
A3,torus_genus1,111,1.2887,65,0.04633223272294352
A3,torus_genus1,112,1.3003,68,0.04653871798613028
A3,torus_genus1,113,1.3119,64,0.04986435191832741
A3,torus_genus1,114,1.3235,68,0.05147110845323333
A3,torus_genus1,115,1.3351,66,0.048068336986013774
A3,torus_genus1,116,1.3468,62,0.044457703844308256
A3,torus_genus1,117,1.3584,66,0.051201087710179734
A3,torus_genus1,118,1.37,61,0.05014637567050738
A3,torus_genus1,119,1.3816,67,0.05384039826706328
A3,torus_genus1,120,1.3932,55,0.040159854950232804
A3,torus_genus1,121,1.4048,58,0.04494313866924084
A3,torus_genus1,122,1.4164,50,0.038884257280652396
A3,torus_genus1,123,1.428,59,0.04040088344080629
A3,torus_genus1,124,1.4396,58,0.0420961181006026
A3,torus_genus1,125,1.4512,67,0.05032148478493809
A3,torus_genus1,126,1.4629,62,0.046631833196313366
A3,torus_genus1,127,1.4745,63,0.05472757833002027
A3,torus_genus1,128,1.4861,62,0.047688484120313755
A3,torus_genus1,129,1.4977,53,0.04708242822787714
A3,torus_genus1,130,1.5093,60,0.05119961966751266
A3,torus_genus1,131,1.5209,65,0.05268328130395569
A3,torus_genus1,132,1.5325,57,0.05092608212454517
A3,torus_genus1,133,1.5441,57,0.04609506977441985
A3,torus_genus1,134,1.5557,51,0.04053329163917103
A3,torus_genus1,135,1.5673,53,0.041607940094491154
A3,torus_genus1,136,1.579,45,0.034527912948278165
A3,torus_genus1,137,1.5906,48,0.037641190659251096
A3,torus_genus1,138,1.6022,46,0.03355023969467225
A3,torus_genus1,139,1.6138,46,0.035702306083399256
A3,torus_genus1,140,1.6254,40,0.03700137139077338
A3,torus_genus1,141,1.637,44,0.03389022230022183
A3,torus_genus1,142,1.6486,48,0.04478035388519009
A3,torus_genus1,143,1.6602,42,0.03592136640458558
A3,torus_genus1,144,1.6718,41,0.03340978773390119
A3,torus_genus1,145,1.6834,41,0.03076338149262806
A3,torus_genus1,146,1.6951,45,0.039370655189445346
A3,torus_genus1,147,1.7067,46,0.036038994985914764
A3,torus_genus1,148,1.7183,49,0.036704961237947135
A3,torus_genus1,149,1.7299,57,0.04174754505974216
A3,torus_genus1,150,1.7415,58,0.04271882830071266
A3,torus_genus1,151,1.7531,56,0.04663368439340954
A3,torus_genus1,152,1.7647,60,0.04997505277331365
A3,torus_genus1,153,1.7763,52,0.03909435225192808
A3,torus_genus1,154,1.7879,46,0.03871651260055013
A3,torus_genus1,155,1.7995,40,0.024498213323271886
A3,torus_genus1,156,1.8112,35,0.02997183831925732
A3,torus_genus1,157,1.8228,30,0.03293374539393248
A3,torus_genus1,158,1.8344,25,0.024573085092689205
A3,torus_genus1,159,1.846,24,0.02839697257502441
A3,torus_genus1,160,1.8576,21,0.028507667176790662
A3,torus_genus1,161,1.8692,21,0.022100938135594876
A3,torus_genus1,162,1.8808,23,0.028010908263597523
A3,torus_genus1,163,1.8924,20,0.02000377689625428
A3,torus_genus1,164,1.904,22,0.02187083891556822
A3,torus_genus1,165,1.9156,23,0.024171378779528054
A3,torus_genus1,166,1.9273,22,0.020680530006663235
A3,torus_genus1,167,1.9389,27,0.028220550684876302
A3,torus_genus1,168,1.9505,37,0.0324756326571709
A3,torus_genus1,169,1.9621,64,0.04919185204435715
A3,torus_genus1,170,1.9737,48,0.04382849690776692
A3,torus_genus1,171,1.9853,60,0.045221981413508236
A3,torus_genus1,172,1.9969,63,0.04291907256024672
A3,torus_genus1,173,2.0085,54,0.04449826649376947
A3,torus_genus1,174,2.0201,65,0.04774395074436383
A3,torus_genus1,175,2.0317,68,0.051436494326759896
A3,torus_genus1,176,2.0434,67,0.04910349908409265
A3,torus_genus1,177,2.055,54,0.04307383052676745
A3,torus_genus1,178,2.0666,54,0.04697002606465111
A3,torus_genus1,179,2.0782,54,0.04246769128449405
A3,torus_genus1,180,2.0898,57,0.04224017190109388
A3,torus_genus1,181,2.1014,43,0.03396841677079811
A3,torus_genus1,182,2.113,47,0.04213888008904873
A3,torus_genus1,183,2.1246,50,0.044003846420128126
A3,torus_genus1,184,2.1362,59,0.04030722366427297
A3,torus_genus1,185,2.1478,61,0.04583088302532239
A3,torus_genus1,186,2.1595,56,0.03701696700083412
A3,torus_genus1,187,2.1711,54,0.05151582630847419
A3,torus_genus1,188,2.1827,59,0.04237442222774067
A3,torus_genus1,189,2.1943,56,0.04526393274810772
A3,torus_genus1,190,2.2059,58,0.047058037690182256
A3,torus_genus1,191,2.2175,58,0.04844029069817284
A3,torus_genus1,192,2.2291,59,0.04690258843029723
A3,torus_genus1,193,2.2407,65,0.04873150635999074
A3,torus_genus1,194,2.2523,61,0.045019278076534525
A3,torus_genus1,195,2.2639,61,0.04590794572212223
A3,torus_genus1,196,2.2756,59,0.043017193704863975
A3,torus_genus1,197,2.2872,53,0.04251558289209518
A3,torus_genus1,198,2.2988,62,0.044190160248015746
A3,torus_genus1,199,2.3104,63,0.05029202606123953
A3,torus_genus1,200,2.322,72,0.05401527456345041
A3,torus_genus1,201,2.3336,68,0.05118613209072619
A3,torus_genus1,202,2.3452,67,0.04620876887350964
A3,torus_genus1,203,2.3568,71,0.05367251134600436
A3,torus_genus1,204,2.3684,61,0.048213940159734264
A3,torus_genus1,205,2.38,65,0.05366550533554953
A3,torus_genus1,206,2.3917,51,0.038744610162531
A3,torus_genus1,207,2.4033,58,0.043453533945157184
A3,torus_genus1,208,2.4149,55,0.043974688476835465
A3,torus_genus1,209,2.4265,54,0.0370463729881674
A3,torus_genus1,210,2.4381,60,0.04344569976285791
A3,torus_genus1,211,2.4497,65,0.04913114027291152
A3,torus_genus1,212,2.4613,64,0.048628450465526905
A3,torus_genus1,213,2.4729,65,0.05349636457596913
A3,torus_genus1,214,2.4845,63,0.04877610263359656
A3,torus_genus1,215,2.4961,52,0.04680510125986218
A3,torus_genus1,216,2.5078,58,0.0500946105994546
A3,torus_genus1,217,2.5194,61,0.05040420753442241
A3,torus_genus1,218,2.531,61,0.0514243487105
A3,torus_genus1,219,2.5426,55,0.04567309674256368
A3,torus_genus1,220,2.5542,49,0.03934954966840404
A3,torus_genus1,221,2.5658,50,0.04114659154451462
A3,torus_genus1,222,2.5774,47,0.037593125485361985
A3,torus_genus1,223,2.589,49,0.036983266345626986
A3,torus_genus1,224,2.6006,46,0.03327399227277586
A3,torus_genus1,225,2.6122,48,0.03636155692002465
A3,torus_genus1,226,2.6239,44,0.0391397585710375
A3,torus_genus1,227,2.6355,44,0.033750457652245894
A3,torus_genus1,228,2.6471,46,0.04378171503950157
A3,torus_genus1,229,2.6587,43,0.03415649392315025
A3,torus_genus1,230,2.6703,42,0.03307232156488715
A3,torus_genus1,231,2.6819,42,0.03386126208189104
A3,torus_genus1,232,2.6935,42,0.04077991272093646
A3,torus_genus1,233,2.7051,48,0.03742561304461289
A3,torus_genus1,234,2.7167,51,0.041575376615382215
A3,torus_genus1,235,2.7283,50,0.036479511576463425
A3,torus_genus1,236,2.74,60,0.04497136690696436
A3,torus_genus1,237,2.7516,59,0.043991041162926445
A3,torus_genus1,238,2.7632,59,0.046844435510183344
A3,torus_genus1,239,2.7748,52,0.038299516756786146
A3,torus_genus1,240,2.7864,52,0.04080357469445864
A3,torus_genus1,241,2.798,40,0.026412408348515763
A3,torus_genus1,242,2.8096,34,0.030406788617370166
A3,torus_genus1,243,2.8212,31,0.029958433489698986
A3,torus_genus1,244,2.8328,27,0.02916631346089041
A3,torus_genus1,245,2.8444,24,0.026279105082750977
A3,torus_genus1,246,2.8561,22,0.029152720983723193
A3,torus_genus1,247,2.8677,21,0.021302588510421643
A3,torus_genus1,248,2.8793,22,0.026977265950242926
A3,torus_genus1,249,2.8909,20,0.019910292209806123
A3,torus_genus1,250,2.9025,21,0.020507432527513636
A3,torus_genus1,251,2.9141,23,0.02455963381545837
A3,torus_genus1,252,2.9257,22,0.018480283477211316
A3,torus_genus1,253,2.9373,28,0.0277544667382272
A3,torus_genus1,254,2.9489,38,0.03137954135725551
A3,torus_genus1,255,2.9605,63,0.050943691584747514
A3,torus_genus1,256,2.9722,58,0.052255138588103316
A3,torus_genus1,257,2.9838,54,0.04072111104740784
A3,torus_genus1,258,2.9954,59,0.04109170073101901
A3,torus_genus1,259,3.007,58,0.04586645891871375
A3,torus_genus1,260,3.0186,65,0.05024118538666955
A3,torus_genus1,261,3.0302,66,0.05198911773263168
A3,torus_genus1,262,3.0418,65,0.05055021087300879
A3,torus_genus1,263,3.0534,56,0.04616519592585914
A3,torus_genus1,264,3.065,57,0.04502231239797331
A3,torus_genus1,265,3.0766,43,0.04014790754211087
A3,torus_genus1,266,3.0883,60,0.04375615180963812
A3,torus_genus1,267,3.0999,37,0.03305963873628046
A3,torus_genus1,268,3.1115,47,0.040501246836657546
A3,torus_genus1,269,3.1231,48,0.036181762952469124
A3,torus_genus1,270,3.1347,58,0.04129072093725993
A3,torus_genus1,271,3.1463,64,0.0502677510838248
A3,torus_genus1,272,3.1579,57,0.03746061578019467
A3,torus_genus1,273,3.1695,53,0.04971661541703914
A3,torus_genus1,274,3.1811,57,0.045158978651694125
A3,torus_genus1,275,3.1927,54,0.04324503683488495
A3,torus_genus1,276,3.2044,61,0.04822717595597072
A3,torus_genus1,277,3.216,49,0.04446312632196371
A3,torus_genus1,278,3.2276,65,0.05267145283306965
A3,torus_genus1,279,3.2392,61,0.04898999683155178
A3,torus_genus1,280,3.2508,59,0.04788341026988507
A3,torus_genus1,281,3.2624,66,0.049941627213781294
A3,torus_genus1,282,3.274,60,0.044239531276188786
A3,torus_genus1,283,3.2856,61,0.04481945596820488
A3,torus_genus1,284,3.2972,60,0.04321920778880367
A3,torus_genus1,285,3.3088,74,0.05453383970343667
A3,torus_genus1,286,3.3205,68,0.05040679675053767
A3,torus_genus1,287,3.3321,65,0.05214713608210024
A3,torus_genus1,288,3.3437,67,0.045464593370847434
A3,torus_genus1,289,3.3553,69,0.051777578830188124
A3,torus_genus1,290,3.3669,61,0.04895978645456787
A3,torus_genus1,291,3.3785,66,0.05355429752134266
A3,torus_genus1,292,3.3901,51,0.0399744200052572
A3,torus_genus1,293,3.4017,55,0.041526964584094814
A3,torus_genus1,294,3.4133,49,0.03703323570368544
A3,torus_genus1,295,3.4249,56,0.03676481197618415
A3,torus_genus1,296,3.4366,59,0.04477733770886857
A3,torus_genus1,297,3.4482,61,0.046195208096379184
A3,torus_genus1,298,3.4598,62,0.04700254059717908
A3,torus_genus1,299,3.4714,60,0.05087457807692241
A3,torus_genus1,300,3.483,61,0.04947098974388251
A3,torus_genus1,301,3.4946,58,0.04812373774129288
A3,torus_genus1,302,3.5062,56,0.04834768496194471
A3,torus_genus1,303,3.5178,63,0.052411725809991774
A3,torus_genus1,304,3.5294,60,0.04958631025802455
A3,torus_genus1,305,3.541,56,0.04686792262943082
A3,torus_genus1,306,3.5527,53,0.04199854697811724
A3,torus_genus1,307,3.5643,50,0.04208703514610985
A3,torus_genus1,308,3.5759,44,0.0355092165395797
A3,torus_genus1,309,3.5875,45,0.035003164198147675
A3,torus_genus1,310,3.5991,47,0.03484011881344902
A3,torus_genus1,311,3.6107,48,0.03470451503939798
A3,torus_genus1,312,3.6223,48,0.03954567136650098
A3,torus_genus1,313,3.6339,46,0.03608618745726377
A3,torus_genus1,314,3.6455,45,0.045403457036393195
A3,torus_genus1,315,3.6571,43,0.03641772638242959
A3,torus_genus1,316,3.6688,41,0.03421170990391868
A3,torus_genus1,317,3.6804,41,0.03431007757269149
A3,torus_genus1,318,3.692,42,0.04036700630762711
A3,torus_genus1,319,3.7036,48,0.036012050121475875
A3,torus_genus1,320,3.7152,47,0.03965212209274526
A3,torus_genus1,321,3.7268,46,0.030842587968892346
A3,torus_genus1,322,3.7384,52,0.040150081526120665
A3,torus_genus1,323,3.75,56,0.037200494675442376
A3,torus_genus1,324,3.7616,57,0.044025090345568264
A3,torus_genus1,325,3.7732,47,0.03433427375754477
A3,torus_genus1,326,3.7849,47,0.038331537900617496
A3,torus_genus1,327,3.7965,41,0.029110276252206604
A3,torus_genus1,328,3.8081,37,0.031049572491852136
A3,torus_genus1,329,3.8197,32,0.029116001380813616
A3,torus_genus1,330,3.8313,28,0.029532464104018954
A3,torus_genus1,331,3.8429,24,0.027150219887448663
A3,torus_genus1,332,3.8545,23,0.02921059094375069
A3,torus_genus1,333,3.8661,21,0.02204684756853727
A3,torus_genus1,334,3.8777,22,0.026954693380431625
A3,torus_genus1,335,3.8893,21,0.019842656423327592
A3,torus_genus1,336,3.901,21,0.021964534243855686
A3,torus_genus1,337,3.9126,24,0.024954807192504237
A3,torus_genus1,338,3.9242,23,0.019092790056928363
A3,torus_genus1,339,3.9358,27,0.02697636217019256
A3,torus_genus1,340,3.9474,38,0.030530783015248905
A3,torus_genus1,341,3.959,46,0.034058637696863035
A3,torus_genus1,342,3.9706,56,0.04682573079332156
A3,torus_genus1,343,3.9822,60,0.04611986771473343
A3,torus_genus1,344,3.9938,58,0.0435096552097699
A3,torus_genus1,345,4.0054,55,0.03854874941873995
A3,torus_genus1,346,4.0171,63,0.049775712851819386
A3,torus_genus1,347,4.0287,64,0.05044861244139491
A3,torus_genus1,348,4.0403,59,0.04910623500666426
A3,torus_genus1,349,4.0519,55,0.04265444753053539
A3,torus_genus1,350,4.0635,54,0.0442346319760244
A3,torus_genus1,351,4.0751,53,0.04519623649639448
A3,torus_genus1,352,4.0867,56,0.03671767087396054
A3,torus_genus1,353,4.0983,41,0.032902410734109155
A3,torus_genus1,354,4.1099,43,0.03868250798298163
A3,torus_genus1,355,4.1215,47,0.03303562833135357
A3,torus_genus1,356,4.1332,58,0.042388199141666576
A3,torus_genus1,357,4.1448,64,0.04271278289168464
A3,torus_genus1,358,4.1564,60,0.03980834406279053
A3,torus_genus1,359,4.168,52,0.046629344400784624
A3,torus_genus1,360,4.1796,59,0.046494513089853355
A3,torus_genus1,361,4.1912,57,0.04407827723533681
A3,torus_genus1,362,4.2028,58,0.047549612282241624
A3,torus_genus1,363,4.2144,53,0.04353659713323349
A3,torus_genus1,364,4.226,61,0.05368630833671738
A3,torus_genus1,365,4.2376,63,0.05257667567994259
A3,torus_genus1,366,4.2493,61,0.04714587870116593
A3,torus_genus1,367,4.2609,60,0.04671071418837888
A3,torus_genus1,368,4.2725,62,0.044305542594922274
A3,torus_genus1,369,4.2841,58,0.043540592404782565
A3,torus_genus1,370,4.2957,60,0.04654213823334575
A3,torus_genus1,371,4.3073,60,0.04523098361667522
A3,torus_genus1,372,4.3189,61,0.04721590270250119
A3,torus_genus1,373,4.3305,70,0.052713745090904325
A3,torus_genus1,374,4.3421,72,0.05173574037331921
A3,torus_genus1,375,4.3537,71,0.05063535020018898
A3,torus_genus1,376,4.3654,58,0.04780858257100637
A3,torus_genus1,377,4.377,64,0.05202134447933464
A3,torus_genus1,378,4.3886,52,0.04578745592082376
A3,torus_genus1,379,4.4002,49,0.03795668244119913
A3,torus_genus1,380,4.4118,49,0.0364570101480038
A3,torus_genus1,381,4.4234,57,0.03945082986799477
A3,torus_genus1,382,4.435,57,0.04318928693454419
A3,torus_genus1,383,4.4466,62,0.048810642383267065
A3,torus_genus1,384,4.4582,61,0.047168720381929576
A3,torus_genus1,385,4.4698,65,0.05237546027138835
A3,torus_genus1,386,4.4815,62,0.04831695731526122
A3,torus_genus1,387,4.4931,59,0.04623151537246995
A3,torus_genus1,388,4.5047,55,0.04780457539382318
A3,torus_genus1,389,4.5163,61,0.05151003229042223
A3,torus_genus1,390,4.5279,61,0.05110572321072083
A3,torus_genus1,391,4.5395,54,0.04567996839501434
A3,torus_genus1,392,4.5511,56,0.042815454374002936
A3,torus_genus1,393,4.5627,50,0.043606575441757035
A3,torus_genus1,394,4.5743,46,0.037635137815806505
A3,torus_genus1,395,4.5859,47,0.0359030495592806
A3,torus_genus1,396,4.5976,44,0.03483850704923427
A3,torus_genus1,397,4.6092,44,0.03252883618377807
A3,torus_genus1,398,4.6208,46,0.03712756397470235
A3,torus_genus1,399,4.6324,47,0.03655899556604592
A3,torus_genus1,400,4.644,43,0.04257538412590503
A3,torus_genus1,401,4.6556,44,0.03765889439340473
A3,torus_genus1,402,4.6672,43,0.035603910186709026
A3,torus_genus1,403,4.6788,39,0.030864082796585816
A3,torus_genus1,404,4.6904,39,0.031662945853454603
A3,torus_genus1,405,4.702,44,0.03228239315832081
A3,torus_genus1,406,4.7137,46,0.040980013768654615
A3,torus_genus1,407,4.7253,51,0.03390822690042408
A3,torus_genus1,408,4.7369,54,0.0423843717984918
A3,torus_genus1,409,4.7485,55,0.03762473425659709
A3,torus_genus1,410,4.7601,62,0.04546785259836225
A3,torus_genus1,411,4.7717,45,0.03197206870101452
A3,torus_genus1,412,4.7833,50,0.04085314666892411
A3,torus_genus1,413,4.7949,43,0.030246050427429644
A3,torus_genus1,414,4.8065,39,0.0331955089705626
A3,torus_genus1,415,4.8181,32,0.027065853740080376
A3,torus_genus1,416,4.8298,28,0.026846012995887007
A3,torus_genus1,417,4.8414,24,0.02262158840607246
A3,torus_genus1,418,4.853,22,0.029942607405571003
A3,torus_genus1,419,4.8646,21,0.020482959837590457
A3,torus_genus1,420,4.8762,22,0.026220326526574515
A3,torus_genus1,421,4.8878,22,0.022901969442272428
A3,torus_genus1,422,4.8994,21,0.021132333381250458
A3,torus_genus1,423,4.911,23,0.02608470383078677
A3,torus_genus1,424,4.9226,23,0.021111826892881238
A3,torus_genus1,425,4.9342,26,0.02526440464645078
A3,torus_genus1,426,4.9459,36,0.031675534581988664
A3,torus_genus1,427,4.9575,45,0.03307896914076874
A3,torus_genus1,428,4.9691,51,0.044804232755814626
A3,torus_genus1,429,4.9807,61,0.0450752703518265
A3,torus_genus1,430,4.9923,57,0.04176855000546002
A3,torus_genus1,431,5.0039,56,0.037656311331268226
A3,torus_genus1,432,5.0155,62,0.047046805523804795
A3,torus_genus1,433,5.0271,61,0.046305322251219465
A3,torus_genus1,434,5.0387,64,0.04713932499047324
A3,torus_genus1,435,5.0503,58,0.042183688368870605
A3,torus_genus1,436,5.062,53,0.04724440285664686
A3,torus_genus1,437,5.0736,52,0.04191212233103184
A3,torus_genus1,438,5.0852,53,0.041358137564201175
A3,torus_genus1,439,5.0968,49,0.04617633206476687
A3,torus_genus1,440,5.1084,48,0.03807283944444032
A3,torus_genus1,441,5.12,49,0.03189036292739452
A3,torus_genus1,442,5.1316,54,0.03907304173158016
A3,torus_genus1,443,5.1432,62,0.042560066908857525
A3,torus_genus1,444,5.1548,58,0.039012147006123744
A3,torus_genus1,445,5.1664,48,0.04089956875292258
A3,torus_genus1,446,5.178,57,0.05184342815747269
A3,torus_genus1,447,5.1897,55,0.04360592872883552
A3,torus_genus1,448,5.2013,50,0.042512736284601386
A3,torus_genus1,449,5.2129,58,0.04933543927256605
A3,torus_genus1,450,5.2245,57,0.049982351549665724
A3,torus_genus1,451,5.2361,61,0.0482475517539858
A3,torus_genus1,452,5.2477,61,0.049136064792780855
A3,torus_genus1,453,5.2593,63,0.048543199506957145
A3,torus_genus1,454,5.2709,63,0.04829194189379003
A3,torus_genus1,455,5.2825,60,0.0439245956916895
A3,torus_genus1,456,5.2941,61,0.04704420758899733
A3,torus_genus1,457,5.3058,65,0.04987747359272469
A3,torus_genus1,458,5.3174,61,0.04771202207497021
A3,torus_genus1,459,5.329,71,0.052760972713378575
A3,torus_genus1,460,5.3406,67,0.0537259264828675
A3,torus_genus1,461,5.3522,63,0.046441747270836505
A3,torus_genus1,462,5.3638,57,0.046694352636159946
A3,torus_genus1,463,5.3754,67,0.052195461830208414
A3,torus_genus1,464,5.387,58,0.048386362783800714
A3,torus_genus1,465,5.3986,49,0.03793859161484891
A3,torus_genus1,466,5.4102,53,0.03925637182058596
A3,torus_genus1,467,5.4219,57,0.040236177766116266
A3,torus_genus1,468,5.4335,57,0.04231351037360849
A3,torus_genus1,469,5.4451,64,0.04739965108145224
A3,torus_genus1,470,5.4567,60,0.04614713300690628
A3,torus_genus1,471,5.4683,64,0.05202230745081246
A3,torus_genus1,472,5.4799,62,0.049169265279500926
A3,torus_genus1,473,5.4915,62,0.04838590977677629
A3,torus_genus1,474,5.5031,53,0.046951065513549196
A3,torus_genus1,475,5.5147,63,0.0520452257411011
A3,torus_genus1,476,5.5263,62,0.051060591905765035
A3,torus_genus1,477,5.538,55,0.04853393073079873
A3,torus_genus1,478,5.5496,56,0.04290572628438267
A3,torus_genus1,479,5.5612,52,0.042793700490897674
A3,torus_genus1,480,5.5728,47,0.03643690680718699
A3,torus_genus1,481,5.5844,49,0.0376120624731047
A3,torus_genus1,482,5.596,46,0.034043875912096774
A3,torus_genus1,483,5.6076,44,0.03272070909933243
A3,torus_genus1,484,5.6192,48,0.036826625410476724
A3,torus_genus1,485,5.6308,48,0.03736018594955755
A3,torus_genus1,486,5.6424,46,0.0421225159923428
A3,torus_genus1,487,5.6541,46,0.03969218326162314
A3,torus_genus1,488,5.6657,43,0.034803123468128236
A3,torus_genus1,489,5.6773,42,0.03310744857765258
A3,torus_genus1,490,5.6889,42,0.030989323703773355
A3,torus_genus1,491,5.7005,43,0.032657997263778396
A3,torus_genus1,492,5.7121,46,0.04532519555704915
A3,torus_genus1,493,5.7237,51,0.03231267485658736
A3,torus_genus1,494,5.7353,53,0.04095657773879214
A3,torus_genus1,495,5.7469,59,0.040789372397701223
A3,torus_genus1,496,5.7585,60,0.04350355620933812
A3,torus_genus1,497,5.7702,51,0.03473924311894157
A3,torus_genus1,498,5.7818,52,0.039837190693181194
A3,torus_genus1,499,5.7934,44,0.03510578984833435
A3,torus_genus1,500,5.805,38,0.032484143798931844
A3,torus_genus1,501,5.8166,31,0.025550715375723874
A3,torus_genus1,502,5.8282,29,0.02620328742523395
A3,torus_genus1,503,5.8398,24,0.020594205898680246
A3,torus_genus1,504,5.8514,22,0.030890460025094824
A3,torus_genus1,505,5.863,21,0.021992045482506287
A3,torus_genus1,506,5.8746,22,0.024231011064441844
A3,torus_genus1,507,5.8863,22,0.0252113285142943
A3,torus_genus1,508,5.8979,21,0.02038108276577225
A3,torus_genus1,509,5.9095,22,0.02704040103307302
A3,torus_genus1,510,5.9211,23,0.021093797637270963
A3,torus_genus1,511,5.9327,24,0.023212742322649527
A3,torus_genus1,512,5.9443,34,0.032883238055132775
A3,torus_genus1,513,5.9559,48,0.04103058893634956
A3,torus_genus1,514,5.9675,60,0.051471407103014725
A3,torus_genus1,515,5.9791,62,0.04933278815222033
A3,torus_genus1,516,5.9907,58,0.0445387737585405
A3,torus_genus1,517,6.0024,63,0.044216223180044596
A3,torus_genus1,518,6.014,59,0.043476653693994685
A3,torus_genus1,519,6.0256,67,0.048717704369326015
A3,torus_genus1,520,6.0372,62,0.04743998730454264
A3,torus_genus1,521,6.0488,63,0.047437586924302826
A3,torus_genus1,522,6.0604,54,0.04391613358405458
A3,torus_genus1,523,6.072,50,0.0433813221868559
A3,torus_genus1,524,6.0836,58,0.04936819146088709
A3,torus_genus1,525,6.0952,48,0.04529700338632292
A3,torus_genus1,526,6.1068,46,0.03658968213807728
A3,torus_genus1,527,6.1185,52,0.03611999760273767
A3,torus_genus1,528,6.1301,52,0.04118304454008612
A3,torus_genus1,529,6.1417,59,0.039914532012169636
A3,torus_genus1,530,6.1533,51,0.03962735272317975
A3,torus_genus1,531,6.1649,49,0.04675504039401945
A3,torus_genus1,532,6.1765,55,0.054113402088490546
A3,torus_genus1,533,6.1881,52,0.03787864393256373
A3,torus_genus1,534,6.1997,64,0.047475552280470665
A3,torus_genus1,535,6.2113,60,0.05260209322145616
A3,torus_genus1,536,6.2229,63,0.051208002077670296
A3,torus_genus1,537,6.2346,62,0.05306043714969492
A3,torus_genus1,538,6.2462,62,0.051824095606158964
A3,torus_genus1,539,6.2578,67,0.0499572576280738
A3,torus_genus1,540,6.2694,64,0.04945067468764722
A3,torus_genus1,541,6.281,61,0.04507863951311301
A3,torus_genus1,542,6.2926,57,0.04150697578813752
A3,torus_genus1,543,6.3042,63,0.04781428523260423
A3,torus_genus1,544,6.3158,65,0.047930509609265606
A3,torus_genus1,545,6.3274,72,0.05413245025288515
A3,torus_genus1,546,6.339,69,0.05337087623656939
A3,torus_genus1,547,6.3507,64,0.045630724788385243
A3,torus_genus1,548,6.3623,57,0.04576221369837577
A3,torus_genus1,549,6.3739,65,0.05382128387338016
A3,torus_genus1,550,6.3855,59,0.04846949398227884
A3,torus_genus1,551,6.3971,55,0.03988891012693314
A3,torus_genus1,552,6.4087,54,0.04066954687507619
A3,torus_genus1,553,6.4203,58,0.039775774088924465
A3,torus_genus1,554,6.4319,55,0.03861414641932081
A3,torus_genus1,555,6.4435,63,0.04422438184965742
A3,torus_genus1,556,6.4551,61,0.045639687385478696
A3,torus_genus1,557,6.4668,64,0.05017928373382742
A3,torus_genus1,558,6.4784,61,0.05061038779568518
A3,torus_genus1,559,6.49,64,0.04844661135259244
A3,torus_genus1,560,6.5016,55,0.04609550914204192
A3,torus_genus1,561,6.5132,64,0.052116015027955105
A3,torus_genus1,562,6.5248,64,0.054244849889229466
A3,torus_genus1,563,6.5364,57,0.052679788986669696
A3,torus_genus1,564,6.548,59,0.044409314135651634
A3,torus_genus1,565,6.5596,51,0.041467138168547746
A3,torus_genus1,566,6.5712,47,0.037676784848295355
A3,torus_genus1,567,6.5829,45,0.03619385840780786
A3,torus_genus1,568,6.5945,46,0.03429961562465259
A3,torus_genus1,569,6.6061,47,0.03295709216103542
A3,torus_genus1,570,6.6177,43,0.03438402181246361
A3,torus_genus1,571,6.6293,45,0.036899500496839814
A3,torus_genus1,572,6.6409,47,0.04171055525602397
A3,torus_genus1,573,6.6525,44,0.04072842472984712
A3,torus_genus1,574,6.6641,44,0.03560533937471424
A3,torus_genus1,575,6.6757,45,0.0346193059285303
A3,torus_genus1,576,6.6873,35,0.028682048614565983
A3,torus_genus1,577,6.699,45,0.032509763163348686
A3,torus_genus1,578,6.7106,45,0.03888113370194652
A3,torus_genus1,579,6.7222,51,0.03371870305246481
A3,torus_genus1,580,6.7338,59,0.045285678174202246
A3,torus_genus1,581,6.7454,57,0.040366850530295185
A3,torus_genus1,582,6.757,64,0.04410977141206498
A3,torus_genus1,583,6.7686,52,0.03546098901132522
A3,torus_genus1,584,6.7802,53,0.039416406847249855
A3,torus_genus1,585,6.7918,42,0.03406945775328165
A3,torus_genus1,586,6.8034,41,0.030393987824543483
A3,torus_genus1,587,6.8151,32,0.026967554111366716
A3,torus_genus1,588,6.8267,29,0.02587584210842145
A3,torus_genus1,589,6.8383,24,0.021224464171673747
A3,torus_genus1,590,6.8499,22,0.0312468930374587
A3,torus_genus1,591,6.8615,21,0.022227675084217035
A3,torus_genus1,592,6.8731,21,0.022026354758202207
A3,torus_genus1,593,6.8847,22,0.025954764841438653
A3,torus_genus1,594,6.8963,21,0.019890074504818642
A3,torus_genus1,595,6.9079,22,0.026522400194503196
A3,torus_genus1,596,6.9195,23,0.02073662397298952
A3,torus_genus1,597,6.9312,24,0.02194397924695654
A3,torus_genus1,598,6.9428,34,0.03258177100175409
A3,torus_genus1,599,6.9544,46,0.04284974627778405
A3,torus_genus1,600,6.966,61,0.04687057927670282
A3,torus_genus1,601,6.9776,57,0.0488004767581701
A3,torus_genus1,602,6.9892,58,0.04281951454186408
A3,torus_genus1,603,7.0008,56,0.04491701730442318
A3,torus_genus1,604,7.0124,63,0.04806494453833694
A3,torus_genus1,605,7.024,62,0.04389343509667493
A3,torus_genus1,606,7.0356,61,0.04530581293066083
A3,torus_genus1,607,7.0473,58,0.04309163433442117
A3,torus_genus1,608,7.0589,53,0.04928187531072223
A3,torus_genus1,609,7.0705,45,0.043114511021954745
A3,torus_genus1,610,7.0821,58,0.05039250716645231
A3,torus_genus1,611,7.0937,59,0.047397246551927806
A3,torus_genus1,612,7.1053,50,0.03893100562968505
A3,torus_genus1,613,7.1169,56,0.037531485015409045
A3,torus_genus1,614,7.1285,54,0.040545362342110584
A3,torus_genus1,615,7.1401,56,0.038593783114996255
A3,torus_genus1,616,7.1517,57,0.04814739420643011
A3,torus_genus1,617,7.1634,50,0.041611234468812916
A3,torus_genus1,618,7.175,64,0.05392171457730888
A3,torus_genus1,619,7.1866,52,0.03834520888450743
A3,torus_genus1,620,7.1982,58,0.04361989227636978
A3,torus_genus1,621,7.2098,60,0.05122756196703192
A3,torus_genus1,622,7.2214,62,0.04961040633732543
A3,torus_genus1,623,7.233,64,0.05210943244832124
A3,torus_genus1,624,7.2446,62,0.051304213771110455
A3,torus_genus1,625,7.2562,60,0.04719965505379397
A3,torus_genus1,626,7.2678,69,0.049816654444391095
A3,torus_genus1,627,7.2795,59,0.04477430605368575
A3,torus_genus1,628,7.2911,60,0.04237596447183961
A3,torus_genus1,629,7.3027,65,0.04614433523808263
A3,torus_genus1,630,7.3143,65,0.04744230983912838
A3,torus_genus1,631,7.3259,77,0.05491707336291062
A3,torus_genus1,632,7.3375,73,0.054800829128441204
A3,torus_genus1,633,7.3491,65,0.04701019537533894
A3,torus_genus1,634,7.3607,64,0.048198691583124315
A3,torus_genus1,635,7.3723,63,0.05459059239105029
A3,torus_genus1,636,7.3839,64,0.05159818558659916
A3,torus_genus1,637,7.3956,55,0.03939711422426715
A3,torus_genus1,638,7.4072,56,0.04254538347388077
A3,torus_genus1,639,7.4188,54,0.039717317203914866
A3,torus_genus1,640,7.4304,58,0.040568896610224954
A3,torus_genus1,641,7.442,60,0.04290953583051018
A3,torus_genus1,642,7.4536,64,0.04925284632283762
A3,torus_genus1,643,7.4652,60,0.04930869531733676
A3,torus_genus1,644,7.4768,65,0.05234465406072683
A3,torus_genus1,645,7.4884,65,0.04639358597655436
A3,torus_genus1,646,7.5,54,0.04699894386985202
A3,torus_genus1,647,7.5117,61,0.05154215923612394
A3,torus_genus1,648,7.5233,64,0.053956167835434256
A3,torus_genus1,649,7.5349,59,0.052305833207994146
A3,torus_genus1,650,7.5465,58,0.04386928724869709
A3,torus_genus1,651,7.5581,47,0.03912784070330485
A3,torus_genus1,652,7.5697,50,0.0396859282695945
A3,torus_genus1,653,7.5813,46,0.03472411430050622
A3,torus_genus1,654,7.5929,47,0.03595583312740226
A3,torus_genus1,655,7.6045,48,0.032632531435921125
A3,torus_genus1,656,7.6161,42,0.03244939840114824
A3,torus_genus1,657,7.6278,43,0.03722772644930203
A3,torus_genus1,658,7.6394,42,0.03497601025429983
A3,torus_genus1,659,7.651,45,0.039151820101353416
A3,torus_genus1,660,7.6626,41,0.03425862338846224
A3,torus_genus1,661,7.6742,40,0.033614811946097944
A3,torus_genus1,662,7.6858,32,0.026587458334924603
A3,torus_genus1,663,7.6974,48,0.03528301685286914
A3,torus_genus1,664,7.709,46,0.03425521845737321
A3,torus_genus1,665,7.7206,49,0.03474686283313062
A3,torus_genus1,666,7.7322,56,0.046362541328756925
A3,torus_genus1,667,7.7439,53,0.03926801193001743
A3,torus_genus1,668,7.7555,63,0.04544325524581579
A3,torus_genus1,669,7.7671,59,0.04423846265197372
A3,torus_genus1,670,7.7787,52,0.040174850895830935
A3,torus_genus1,671,7.7903,45,0.03612524641673613
A3,torus_genus1,672,7.8019,40,0.029634504215060527
A3,torus_genus1,673,7.8135,31,0.025446356774137036
A3,torus_genus1,674,7.8251,30,0.029128588556146886
A3,torus_genus1,675,7.8367,24,0.020252815323496494
A3,torus_genus1,676,7.8483,22,0.030726466605340865
A3,torus_genus1,677,7.86,21,0.022901692194202586
A3,torus_genus1,678,7.8716,21,0.0207581962531786
A3,torus_genus1,679,7.8832,22,0.028180371043257994
A3,torus_genus1,680,7.8948,21,0.020738025915381115
A3,torus_genus1,681,7.9064,20,0.024257068324279412
A3,torus_genus1,682,7.918,24,0.02189270685245372
A3,torus_genus1,683,7.9296,24,0.022449359212989604
A3,torus_genus1,684,7.9412,33,0.03315300327881894
A3,torus_genus1,685,7.9528,43,0.03521710106380078
A3,torus_genus1,686,7.9644,69,0.05974816948352195
A3,torus_genus1,687,7.9761,54,0.04799722593426803
A3,torus_genus1,688,7.9877,61,0.04320875967422398
A3,torus_genus1,689,7.9993,67,0.04681874985637229
A3,torus_genus1,690,8.0109,58,0.049214691854796745
A3,torus_genus1,691,8.0225,63,0.042859923224211095
A3,torus_genus1,692,8.0341,70,0.053518197257799514
A3,torus_genus1,693,8.0457,62,0.0464849106244409
A3,torus_genus1,694,8.0573,60,0.05540418641344227
A3,torus_genus1,695,8.0689,53,0.04087503902541098
A3,torus_genus1,696,8.0805,53,0.05323768937691361
A3,torus_genus1,697,8.0922,50,0.04080690523960022
A3,torus_genus1,698,8.1038,43,0.035096992569581036
A3,torus_genus1,699,8.1154,46,0.03765299854142593
A3,torus_genus1,700,8.127,55,0.042191988131331376
A3,torus_genus1,701,8.1386,57,0.039079483702568626
A3,torus_genus1,702,8.1502,61,0.05004341331549627
A3,torus_genus1,703,8.1618,56,0.04172228095769031
A3,torus_genus1,704,8.1734,65,0.05135321089996747
A3,torus_genus1,705,8.185,56,0.03876623657478708
A3,torus_genus1,706,8.1966,54,0.040826740785804214
A3,torus_genus1,707,8.2083,55,0.04506926298871226
A3,torus_genus1,708,8.2199,66,0.05005885512954373
A3,torus_genus1,709,8.2315,59,0.05135527051721908
A3,torus_genus1,710,8.2431,64,0.0461475071964871
A3,torus_genus1,711,8.2547,52,0.043511695930976826
A3,torus_genus1,712,8.2663,67,0.04839634206795249
A3,torus_genus1,713,8.2779,63,0.045835250103176614
A3,torus_genus1,714,8.2895,60,0.045598093212828046
A3,torus_genus1,715,8.3011,62,0.04332943542385333
A3,torus_genus1,716,8.3127,63,0.049087269558068386
A3,torus_genus1,717,8.3244,70,0.05051922696299041
A3,torus_genus1,718,8.336,70,0.05169891866792378
A3,torus_genus1,719,8.3476,70,0.04760583709498426
A3,torus_genus1,720,8.3592,67,0.05277240540215154
A3,torus_genus1,721,8.3708,60,0.052000589796099055
A3,torus_genus1,722,8.3824,67,0.05405073981199734
A3,torus_genus1,723,8.394,56,0.039266457158979855
A3,torus_genus1,724,8.4056,56,0.04390187564922742
A3,torus_genus1,725,8.4172,52,0.04010437965998713
A3,torus_genus1,726,8.4288,59,0.041582536849654295
A3,torus_genus1,727,8.4405,57,0.04120727902380397
A3,torus_genus1,728,8.4521,66,0.049607160559029674
A3,torus_genus1,729,8.4637,62,0.04938892612541041
A3,torus_genus1,730,8.4753,63,0.054539246350058
A3,torus_genus1,731,8.4869,65,0.04743218322103701
A3,torus_genus1,732,8.4985,54,0.04784649659141854
A3,torus_genus1,733,8.5101,61,0.052773020333098344
A3,torus_genus1,734,8.5217,63,0.052441241111754494
A3,torus_genus1,735,8.5333,58,0.05175979135233118
A3,torus_genus1,736,8.5449,60,0.046225024189796404
A3,torus_genus1,737,8.5566,49,0.039736986252410934
A3,torus_genus1,738,8.5682,51,0.04027861491145778
A3,torus_genus1,739,8.5798,46,0.035176134449160665
A3,torus_genus1,740,8.5914,47,0.036824634773948255
A3,torus_genus1,741,8.603,45,0.03215385226361794
A3,torus_genus1,742,8.6146,46,0.03457222488809119
A3,torus_genus1,743,8.6262,45,0.039653953388087027
A3,torus_genus1,744,8.6378,43,0.03388143391274918
A3,torus_genus1,745,8.6494,45,0.04259687057081762
A3,torus_genus1,746,8.661,42,0.03597891322272751
A3,torus_genus1,747,8.6727,42,0.03313942282601858
A3,torus_genus1,748,8.6843,39,0.028757404259805035
A3,torus_genus1,749,8.6959,48,0.0372830728105206
A3,torus_genus1,750,8.7075,45,0.03548352455521083
A3,torus_genus1,751,8.7191,50,0.03695593990369205
A3,torus_genus1,752,8.7307,55,0.044022557039519405
A3,torus_genus1,753,8.7423,52,0.03799821279573982
A3,torus_genus1,754,8.7539,59,0.04573392626435581
A3,torus_genus1,755,8.7655,58,0.049082463119207206
A3,torus_genus1,756,8.7771,53,0.039178578671199345
A3,torus_genus1,757,8.7888,44,0.03628222021335141
A3,torus_genus1,758,8.8004,40,0.0267545633619848
A3,torus_genus1,759,8.812,34,0.02792257850503391
A3,torus_genus1,760,8.8236,29,0.02972955934424437
A3,torus_genus1,761,8.8352,25,0.0215927798550769
A3,torus_genus1,762,8.8468,24,0.02955059619200437
A3,torus_genus1,763,8.8584,22,0.028708736436017533
A3,torus_genus1,764,8.87,21,0.0220964090615975
A3,torus_genus1,765,8.8816,23,0.027810125993507507
A3,torus_genus1,766,8.8932,21,0.021014214588601237
A3,torus_genus1,767,8.9049,21,0.02400523132647222
A3,torus_genus1,768,8.9165,23,0.023981552698064453
A3,torus_genus1,769,8.9281,23,0.02180402116937573
A3,torus_genus1,770,8.9397,31,0.02948628407430682
A3,torus_genus1,771,8.9513,40,0.03746801525795796
A3,torus_genus1,772,8.9629,65,0.048599342673014585
A3,torus_genus1,773,8.9745,46,0.04452612842340878
A3,torus_genus1,774,8.9861,63,0.04598312459389757
A3,torus_genus1,775,8.9977,61,0.0413923627156597
A3,torus_genus1,776,9.0093,56,0.04713990400544287
A3,torus_genus1,777,9.021,69,0.048947733945612935
A3,torus_genus1,778,9.0326,66,0.051415568121515376
A3,torus_genus1,779,9.0442,67,0.04824304294229594
A3,torus_genus1,780,9.0558,54,0.04760795082101909
A3,torus_genus1,781,9.0674,57,0.04767361257771153
A3,torus_genus1,782,9.079,56,0.04330591844617996
A3,torus_genus1,783,9.0906,63,0.04541750383648463
A3,torus_genus1,784,9.1022,52,0.03896425165101422
A3,torus_genus1,785,9.1138,48,0.04030599283891266
A3,torus_genus1,786,9.1254,58,0.04956049827804779
A3,torus_genus1,787,9.1371,60,0.03961674341301196
A3,torus_genus1,788,9.1487,60,0.04128980598273446
A3,torus_genus1,789,9.1603,56,0.03697260557544807
A3,torus_genus1,790,9.1719,60,0.05404030868734271
A3,torus_genus1,791,9.1835,56,0.039990550418790016
A3,torus_genus1,792,9.1951,63,0.045007922081296746
A3,torus_genus1,793,9.2067,53,0.045876575369827595
A3,torus_genus1,794,9.2183,61,0.04947990848571287
A3,torus_genus1,795,9.2299,61,0.05091945445199525
A3,torus_genus1,796,9.2415,63,0.04565294570274193
A3,torus_genus1,797,9.2532,59,0.046072819582011794
A3,torus_genus1,798,9.2648,57,0.043634798490398516
A3,torus_genus1,799,9.2764,52,0.03951822504659022
A3,torus_genus1,800,9.288,62,0.04590348418855953
A3,torus_genus1,801,9.2996,68,0.04942445374684078
A3,torus_genus1,802,9.3112,64,0.049285136607787244
A3,torus_genus1,803,9.3228,68,0.05291776881814202
A3,torus_genus1,804,9.3344,67,0.047633403966634666
A3,torus_genus1,805,9.346,64,0.04473354123194405
A3,torus_genus1,806,9.3576,68,0.05318924047175839
A3,torus_genus1,807,9.3693,60,0.049953129658687354
A3,torus_genus1,808,9.3809,65,0.05205951468859434
A3,torus_genus1,809,9.3925,55,0.03964404648379103
A3,torus_genus1,810,9.4041,57,0.043324767519510664
A3,torus_genus1,811,9.4157,53,0.04247856719372529
A3,torus_genus1,812,9.4273,57,0.038355539299699204
A3,torus_genus1,813,9.4389,60,0.04306357017013938
A3,torus_genus1,814,9.4505,67,0.04996204956630646
A3,torus_genus1,815,9.4621,63,0.04724113599191857
A3,torus_genus1,816,9.4737,64,0.05472846869780165
A3,torus_genus1,817,9.4854,63,0.04801475744426929
A3,torus_genus1,818,9.497,53,0.047581545209226035
A3,torus_genus1,819,9.5086,60,0.0509388199433783
A3,torus_genus1,820,9.5202,63,0.052753260486576366
A3,torus_genus1,821,9.5318,60,0.04916934407989744
A3,torus_genus1,822,9.5434,56,0.04676263780593726
A3,torus_genus1,823,9.555,50,0.03942002363339186
A3,torus_genus1,824,9.5666,53,0.04164284130527083
A3,torus_genus1,825,9.5782,47,0.036640940188305875
A3,torus_genus1,826,9.5898,47,0.036757173259012656
A3,torus_genus1,827,9.6015,46,0.03338062532927907
A3,torus_genus1,828,9.6131,45,0.035528953153138296
A3,torus_genus1,829,9.6247,42,0.04047054911943283
A3,torus_genus1,830,9.6363,42,0.031838251226087355
A3,torus_genus1,831,9.6479,48,0.043478943293056085
A3,torus_genus1,832,9.6595,43,0.03600618588337643
A3,torus_genus1,833,9.6711,41,0.032512646111084155
A3,torus_genus1,834,9.6827,43,0.032396987640043194
A3,torus_genus1,835,9.6943,42,0.03914356909981077
A3,torus_genus1,836,9.7059,44,0.03623325051222837
A3,torus_genus1,837,9.7176,49,0.03773351061793214
A3,torus_genus1,838,9.7292,54,0.039078825908756915
A3,torus_genus1,839,9.7408,59,0.044124063347866276
A3,torus_genus1,840,9.7524,55,0.04542512027876733
A3,torus_genus1,841,9.764,58,0.04797255621551659
A3,torus_genus1,842,9.7756,51,0.037969400824281595
A3,torus_genus1,843,9.7872,49,0.037957660514347104
A3,torus_genus1,844,9.7988,39,0.026513916444885342
A3,torus_genus1,845,9.8104,35,0.03050813422946372
A3,torus_genus1,846,9.822,30,0.03115286209828908
A3,torus_genus1,847,9.8337,26,0.027743099688566378
A3,torus_genus1,848,9.8453,25,0.02708879142123036
A3,torus_genus1,849,9.8569,22,0.029160757723959128
A3,torus_genus1,850,9.8685,21,0.021975621013912046
A3,torus_genus1,851,9.8801,22,0.028915142935454743
A3,torus_genus1,852,9.8917,20,0.019725091939357293
A3,torus_genus1,853,9.9033,21,0.020304129407615897
A3,torus_genus1,854,9.9149,23,0.024394856097904014
A3,torus_genus1,855,9.9265,22,0.020531508517273915
A3,torus_genus1,856,9.9381,28,0.02887022775818686
A3,torus_genus1,857,9.9498,33,0.028181623388206293
A7,sphere_genus0,0,0.0,34,0.02356332706576032
A7,sphere_genus0,1,0.0116,34,0.022262152971326065
A7,sphere_genus0,2,0.0232,34,0.02153738156698698
A7,sphere_genus0,3,0.0348,35,0.022736098697260076
A7,sphere_genus0,4,0.0464,33,0.022225739924347947
A7,sphere_genus0,5,0.058,34,0.02278414894164403
A7,sphere_genus0,6,0.0697,40,0.021383474400465095
A7,sphere_genus0,7,0.0813,37,0.02104459659085674
A7,sphere_genus0,8,0.0929,31,0.02259998075885404
A7,sphere_genus0,9,0.1045,39,0.021301866005848394
A7,sphere_genus0,10,0.1161,61,0.026274715283869515
A7,sphere_genus0,11,0.1277,52,0.028832340409954825
A7,sphere_genus0,12,0.1393,49,0.029354858576016604
A7,sphere_genus0,13,0.1509,47,0.02853476038511176
A7,sphere_genus0,14,0.1625,43,0.029033033230643813
A7,sphere_genus0,15,0.1741,46,0.03013185751475793
A7,sphere_genus0,16,0.1858,46,0.030248168883335234
A7,sphere_genus0,17,0.1974,54,0.0292394762282064
A7,sphere_genus0,18,0.209,53,0.02892206215167358
A7,sphere_genus0,19,0.2206,59,0.02799665450665677
A7,sphere_genus0,20,0.2322,56,0.02849684155354113
A7,sphere_genus0,21,0.2438,57,0.028720535270537514
A7,sphere_genus0,22,0.2554,59,0.028228053430764177
A7,sphere_genus0,23,0.267,60,0.02781193819168236
A7,sphere_genus0,24,0.2786,56,0.02804666416818257
A7,sphere_genus0,25,0.2902,57,0.0275061012173537
A7,sphere_genus0,26,0.3019,57,0.0274800560268866
A7,sphere_genus0,27,0.3135,58,0.026762346181174044
A7,sphere_genus0,28,0.3251,57,0.026558108289608414
A7,sphere_genus0,29,0.3367,55,0.026482838646172194
A7,sphere_genus0,30,0.3483,57,0.02683602696088819
A7,sphere_genus0,31,0.3599,53,0.02791873965220992
A7,sphere_genus0,32,0.3715,55,0.027907464972870055
A7,sphere_genus0,33,0.3831,52,0.026750588172463848
A7,sphere_genus0,34,0.3947,53,0.026500999547297895
A7,sphere_genus0,35,0.4063,53,0.026014511096049978
A7,sphere_genus0,36,0.418,52,0.025051365019469606
A7,sphere_genus0,37,0.4296,48,0.025199710877292572
A7,sphere_genus0,38,0.4412,44,0.025129651439435092
A7,sphere_genus0,39,0.4528,41,0.024677786049060818
A7,sphere_genus0,40,0.4644,38,0.023361012672176926
A7,sphere_genus0,41,0.476,35,0.024242201650487086
A7,sphere_genus0,42,0.4876,34,0.021424286399618006
A7,sphere_genus0,43,0.4992,34,0.021148731682180275
A7,sphere_genus0,44,0.5108,34,0.02053260089455528
A7,sphere_genus0,45,0.5224,34,0.02068255233541432
A7,sphere_genus0,46,0.5341,35,0.021746917708372525
A7,sphere_genus0,47,0.5457,34,0.0213350501443437
A7,sphere_genus0,48,0.5573,33,0.01965302977080397
A7,sphere_genus0,49,0.5689,36,0.026716505229528256
A7,sphere_genus0,50,0.5805,35,0.025169433238325132
A7,sphere_genus0,51,0.5921,33,0.022409518576354807
A7,sphere_genus0,52,0.6037,30,0.024011593469060642
A7,sphere_genus0,53,0.6153,29,0.025372688383654415
A7,sphere_genus0,54,0.6269,29,0.025601772001330587
A7,sphere_genus0,55,0.6385,28,0.026299535327918674
A7,sphere_genus0,56,0.6502,30,0.02530308463356554
A7,sphere_genus0,57,0.6618,30,0.025710120063557322
A7,sphere_genus0,58,0.6734,30,0.024081722717412185
A7,sphere_genus0,59,0.685,30,0.022152264992360882
A7,sphere_genus0,60,0.6966,29,0.020520385320795614
A7,sphere_genus0,61,0.7082,29,0.019239085965570227
A7,sphere_genus0,62,0.7198,30,0.021021607360894836
A7,sphere_genus0,63,0.7314,29,0.019329201652160403
A7,sphere_genus0,64,0.743,29,0.018939180718071068
A7,sphere_genus0,65,0.7546,29,0.019721808961143422
A7,sphere_genus0,66,0.7663,29,0.020521072006611532
A7,sphere_genus0,67,0.7779,29,0.020154333989990725
A7,sphere_genus0,68,0.7895,29,0.020493382967438283
A7,sphere_genus0,69,0.8011,28,0.02128553066065359
A7,sphere_genus0,70,0.8127,28,0.02222463357547987
A7,sphere_genus0,71,0.8243,29,0.020942505507579395
A7,sphere_genus0,72,0.8359,29,0.0209333468833498
A7,sphere_genus0,73,0.8475,28,0.02106151618855561
A7,sphere_genus0,74,0.8591,28,0.0229119802897714
A7,sphere_genus0,75,0.8707,28,0.02299305810489631
A7,sphere_genus0,76,0.8824,28,0.022158799997454712
A7,sphere_genus0,77,0.894,28,0.02150742529909025
A7,sphere_genus0,78,0.9056,29,0.020323181047802494
A7,sphere_genus0,79,0.9172,35,0.024401292055701986
A7,sphere_genus0,80,0.9288,55,0.026249848850011165
A7,sphere_genus0,81,0.9404,59,0.027759623562851124
A7,sphere_genus0,82,0.952,54,0.02513694380566046
A7,sphere_genus0,83,0.9636,34,0.023301808678479707
A7,sphere_genus0,84,0.9752,45,0.02404821556589999
A7,sphere_genus0,85,0.9868,53,0.023581269429397998
A7,sphere_genus0,86,0.9985,34,0.023960295885420067
A7,sphere_genus0,87,1.0101,34,0.022806377074430933
A7,sphere_genus0,88,1.0217,34,0.021536767963372068
A7,sphere_genus0,89,1.0333,34,0.021917075356434442
A7,sphere_genus0,90,1.0449,33,0.021630010900037317
A7,sphere_genus0,91,1.0565,33,0.023538846054585855
A7,sphere_genus0,92,1.0681,40,0.02066488702178162
A7,sphere_genus0,93,1.0797,37,0.021908571688730873
A7,sphere_genus0,94,1.0913,33,0.023244062331516234
A7,sphere_genus0,95,1.1029,37,0.021897925385569433
A7,sphere_genus0,96,1.1146,57,0.026946668325562948
A7,sphere_genus0,97,1.1262,49,0.02911148671687909
A7,sphere_genus0,98,1.1378,53,0.02910443930627966
A7,sphere_genus0,99,1.1494,49,0.028931520985663147
A7,sphere_genus0,100,1.161,48,0.028682263072796876
A7,sphere_genus0,101,1.1726,47,0.028639308053873307
A7,sphere_genus0,102,1.1842,42,0.03089802870388234
A7,sphere_genus0,103,1.1958,53,0.02867628397306186
A7,sphere_genus0,104,1.2074,50,0.02821365969946162
A7,sphere_genus0,105,1.219,52,0.028828973610680316
A7,sphere_genus0,106,1.2307,55,0.026590544367516403
A7,sphere_genus0,107,1.2423,61,0.02753663162003713
A7,sphere_genus0,108,1.2539,60,0.028260947232255012
A7,sphere_genus0,109,1.2655,58,0.02860271244677963
A7,sphere_genus0,110,1.2771,60,0.02789544362791033
A7,sphere_genus0,111,1.2887,56,0.028433748518243363
A7,sphere_genus0,112,1.3003,55,0.027064158607640068
A7,sphere_genus0,113,1.3119,58,0.027173117681388168
A7,sphere_genus0,114,1.3235,57,0.02692210785278043
A7,sphere_genus0,115,1.3351,57,0.02613276100754819
A7,sphere_genus0,116,1.3468,57,0.02622365589789838
A7,sphere_genus0,117,1.3584,55,0.028042162289718654
A7,sphere_genus0,118,1.37,55,0.02753803034146005
A7,sphere_genus0,119,1.3816,52,0.026804455280955167
A7,sphere_genus0,120,1.3932,53,0.025941235187737742
A7,sphere_genus0,121,1.4048,53,0.026602208750504
A7,sphere_genus0,122,1.4164,52,0.025700626475927045
A7,sphere_genus0,123,1.428,47,0.02317013885804761
A7,sphere_genus0,124,1.4396,43,0.02631929058610289
A7,sphere_genus0,125,1.4512,41,0.024315758594302503
A7,sphere_genus0,126,1.4629,38,0.023737640427042093
A7,sphere_genus0,127,1.4745,34,0.02432720487984049
A7,sphere_genus0,128,1.4861,34,0.021471274806598193
A7,sphere_genus0,129,1.4977,34,0.0210909685574744
A7,sphere_genus0,130,1.5093,34,0.020927446550690763
A7,sphere_genus0,131,1.5209,34,0.020677338425304725
A7,sphere_genus0,132,1.5325,34,0.021286370691556047
A7,sphere_genus0,133,1.5441,34,0.02110919977003923
A7,sphere_genus0,134,1.5557,33,0.02086672162065689
A7,sphere_genus0,135,1.5673,34,0.02655251483557246
A7,sphere_genus0,136,1.579,35,0.026244046006779518
A7,sphere_genus0,137,1.5906,33,0.021618377834181458
A7,sphere_genus0,138,1.6022,31,0.022983578779059845
A7,sphere_genus0,139,1.6138,29,0.024953430125299745
A7,sphere_genus0,140,1.6254,30,0.025720839950696014
A7,sphere_genus0,141,1.637,28,0.02607886877537018
A7,sphere_genus0,142,1.6486,30,0.02548746995473892
A7,sphere_genus0,143,1.6602,30,0.025691101326610052
A7,sphere_genus0,144,1.6718,30,0.02487945710602555
A7,sphere_genus0,145,1.6834,30,0.022382460821975952
A7,sphere_genus0,146,1.6951,29,0.02113917742245836
A7,sphere_genus0,147,1.7067,29,0.019050652063358
A7,sphere_genus0,148,1.7183,30,0.021021607360894836
A7,sphere_genus0,149,1.7299,29,0.019754111467647065
A7,sphere_genus0,150,1.7415,29,0.019373929347771737
A7,sphere_genus0,151,1.7531,29,0.019944841199415326
A7,sphere_genus0,152,1.7647,29,0.020345544919590387
A7,sphere_genus0,153,1.7763,29,0.020154333989990725
A7,sphere_genus0,154,1.7879,29,0.020493382967438283
A7,sphere_genus0,155,1.7995,29,0.021341036793052024
A7,sphere_genus0,156,1.8112,28,0.02222463357547987
A7,sphere_genus0,157,1.8228,29,0.020899146688650828
A7,sphere_genus0,158,1.8344,29,0.020713303713557663
A7,sphere_genus0,159,1.846,28,0.020841960703981848
A7,sphere_genus0,160,1.8576,28,0.022493173972464336
A7,sphere_genus0,161,1.8692,28,0.02296016401944946
A7,sphere_genus0,162,1.8808,28,0.0221927973167803
A7,sphere_genus0,163,1.8924,28,0.02172809184308392
A7,sphere_genus0,164,1.904,29,0.020952128066819623
A7,sphere_genus0,165,1.9156,33,0.02111706328549496
A7,sphere_genus0,166,1.9273,51,0.025960597847963646
A7,sphere_genus0,167,1.9389,58,0.026205402302265427
A7,sphere_genus0,168,1.9505,58,0.026304819187603395
A7,sphere_genus0,169,1.9621,33,0.024064710735400965
A7,sphere_genus0,170,1.9737,44,0.023146597885842495
A7,sphere_genus0,171,1.9853,52,0.026088410146425392
A7,sphere_genus0,172,1.9969,35,0.0239037866278383
A7,sphere_genus0,173,2.0085,34,0.023054681690272683
A7,sphere_genus0,174,2.0201,34,0.021709948920185903
A7,sphere_genus0,175,2.0317,34,0.02115575126996911
A7,sphere_genus0,176,2.0434,35,0.02200966694790352
A7,sphere_genus0,177,2.055,33,0.024709781469863037
A7,sphere_genus0,178,2.0666,40,0.020077659949825518
A7,sphere_genus0,179,2.0782,36,0.022917004484010666
A7,sphere_genus0,180,2.0898,33,0.02244544269347724
A7,sphere_genus0,181,2.1014,34,0.020848511891395825
A7,sphere_genus0,182,2.113,54,0.026263145288856978
A7,sphere_genus0,183,2.1246,52,0.02976556214375863
A7,sphere_genus0,184,2.1362,51,0.03038048258790151
A7,sphere_genus0,185,2.1478,50,0.029271199628019932
A7,sphere_genus0,186,2.1595,45,0.030175317885590754
A7,sphere_genus0,187,2.1711,43,0.02929770329419768
A7,sphere_genus0,188,2.1827,44,0.029539259328101267
A7,sphere_genus0,189,2.1943,53,0.029529663764822293
A7,sphere_genus0,190,2.2059,50,0.028780047486013906
A7,sphere_genus0,191,2.2175,52,0.028868920586720546
A7,sphere_genus0,192,2.2291,57,0.028021183500218552
A7,sphere_genus0,193,2.2407,57,0.027395295547004376
A7,sphere_genus0,194,2.2523,60,0.02834102767556391
A7,sphere_genus0,195,2.2639,57,0.02852008439182983
A7,sphere_genus0,196,2.2756,59,0.029029113029947214
A7,sphere_genus0,197,2.2872,58,0.02826615589042761
A7,sphere_genus0,198,2.2988,58,0.028034222216409232
A7,sphere_genus0,199,2.3104,58,0.027548790032043757
A7,sphere_genus0,200,2.322,55,0.02729019231129573
A7,sphere_genus0,201,2.3336,57,0.02687753773604005
A7,sphere_genus0,202,2.3452,54,0.02672007664730548
A7,sphere_genus0,203,2.3568,55,0.027284346339021878
A7,sphere_genus0,204,2.3684,55,0.028089578521813634
A7,sphere_genus0,205,2.38,54,0.026550943338671733
A7,sphere_genus0,206,2.3917,53,0.025752695363525365
A7,sphere_genus0,207,2.4033,53,0.025980818721468932
A7,sphere_genus0,208,2.4149,52,0.025491682722950063
A7,sphere_genus0,209,2.4265,48,0.023574827102904206
A7,sphere_genus0,210,2.4381,45,0.025222274295910195
A7,sphere_genus0,211,2.4497,42,0.025080338638640738
A7,sphere_genus0,212,2.4613,39,0.022079914089773976
A7,sphere_genus0,213,2.4729,35,0.024179032172531305
A7,sphere_genus0,214,2.4845,34,0.022249725016296396
A7,sphere_genus0,215,2.4961,34,0.021298493280883592
A7,sphere_genus0,216,2.5078,34,0.020928470845865663
A7,sphere_genus0,217,2.5194,34,0.020861585776427764
A7,sphere_genus0,218,2.531,34,0.020907699715009498
A7,sphere_genus0,219,2.5426,33,0.020201446751303236
A7,sphere_genus0,220,2.5542,33,0.02053571400358306
A7,sphere_genus0,221,2.5658,34,0.025859889434212364
A7,sphere_genus0,222,2.5774,36,0.026552730529982044
A7,sphere_genus0,223,2.589,34,0.02149441662550942
A7,sphere_genus0,224,2.6006,32,0.023025329106524398
A7,sphere_genus0,225,2.6122,28,0.025449515149811565
A7,sphere_genus0,226,2.6239,30,0.025529237057033305
A7,sphere_genus0,227,2.6355,28,0.02628028057433963
A7,sphere_genus0,228,2.6471,30,0.026041734331665952
A7,sphere_genus0,229,2.6587,30,0.025691101327478115
A7,sphere_genus0,230,2.6703,30,0.02487945710602555
A7,sphere_genus0,231,2.6819,30,0.02257444336582299
A7,sphere_genus0,232,2.6935,29,0.02113917742245836
A7,sphere_genus0,233,2.7051,29,0.019460480028418114
A7,sphere_genus0,234,2.7167,30,0.021021607360894836
A7,sphere_genus0,235,2.7283,29,0.020129953373058965
A7,sphere_genus0,236,2.74,29,0.019373929347771737
A7,sphere_genus0,237,2.7516,29,0.019942068448033888
A7,sphere_genus0,238,2.7632,29,0.01990391104140905
A7,sphere_genus0,239,2.7748,29,0.02034616784474914
A7,sphere_genus0,240,2.7864,29,0.020528256571777332
A7,sphere_genus0,241,2.798,29,0.02096932192472628
A7,sphere_genus0,242,2.8096,28,0.021448678821673738
A7,sphere_genus0,243,2.8212,29,0.021163449570043482
A7,sphere_genus0,244,2.8328,29,0.020915181218342023
A7,sphere_genus0,245,2.8444,28,0.020841960703981848
A7,sphere_genus0,246,2.8561,28,0.022493173972464336
A7,sphere_genus0,247,2.8677,28,0.023328095741259935
A7,sphere_genus0,248,2.8793,28,0.021972543731587354
A7,sphere_genus0,249,2.8909,28,0.02106070244097474
A7,sphere_genus0,250,2.9025,30,0.021823104394268898
A7,sphere_genus0,251,2.9141,33,0.02270074163199381
A7,sphere_genus0,252,2.9257,48,0.025370270263757367
A7,sphere_genus0,253,2.9373,58,0.027637569849188463
A7,sphere_genus0,254,2.9489,56,0.028483446197231203
A7,sphere_genus0,255,2.9605,33,0.024016184068144947
A7,sphere_genus0,256,2.9722,42,0.022958877964984515
A7,sphere_genus0,257,2.9838,54,0.025067907377400448
A7,sphere_genus0,258,2.9954,35,0.023624597571569712
A7,sphere_genus0,259,3.007,34,0.023470337304921107
A7,sphere_genus0,260,3.0186,34,0.021480985037768883
A7,sphere_genus0,261,3.0302,34,0.02174431586671373
A7,sphere_genus0,262,3.0418,35,0.022591191472886397
A7,sphere_genus0,263,3.0534,32,0.023959188695998182
A7,sphere_genus0,264,3.065,39,0.021001713388604997
A7,sphere_genus0,265,3.0766,35,0.022816731583171962
A7,sphere_genus0,266,3.0883,33,0.022411417458625897
A7,sphere_genus0,267,3.0999,33,0.023012997176496984
A7,sphere_genus0,268,3.1115,50,0.024417407035646346
A7,sphere_genus0,269,3.1231,55,0.028113015267863972
A7,sphere_genus0,270,3.1347,51,0.030229713835696052
A7,sphere_genus0,271,3.1463,49,0.030141359005027644
A7,sphere_genus0,272,3.1579,48,0.02961028089070147
A7,sphere_genus0,273,3.1695,46,0.029680299790920107
A7,sphere_genus0,274,3.1811,42,0.028802354405057167
A7,sphere_genus0,275,3.1927,49,0.027508988630977702
A7,sphere_genus0,276,3.2044,50,0.029393820807535543
A7,sphere_genus0,277,3.216,54,0.028338356547901896
A7,sphere_genus0,278,3.2276,57,0.028724800159959794
A7,sphere_genus0,279,3.2392,58,0.02745352742317213
A7,sphere_genus0,280,3.2508,58,0.028181717474064255
A7,sphere_genus0,281,3.2624,55,0.027014701999499225
A7,sphere_genus0,282,3.274,58,0.028719072826947193
A7,sphere_genus0,283,3.2856,58,0.028246793741009236
A7,sphere_genus0,284,3.2972,55,0.02793920075306023
A7,sphere_genus0,285,3.3088,58,0.02775076322849438
A7,sphere_genus0,286,3.3205,55,0.02862980246930466
A7,sphere_genus0,287,3.3321,57,0.027092137762132925
A7,sphere_genus0,288,3.3437,54,0.026763760541923212
A7,sphere_genus0,289,3.3553,55,0.02750313360118167
A7,sphere_genus0,290,3.3669,56,0.02723057159524615
A7,sphere_genus0,291,3.3785,55,0.02686314621676816
A7,sphere_genus0,292,3.3901,53,0.02627980227637633
A7,sphere_genus0,293,3.4017,52,0.02658510143724383
A7,sphere_genus0,294,3.4133,52,0.02500874118165656
A7,sphere_genus0,295,3.4249,49,0.023531122688168305
A7,sphere_genus0,296,3.4366,45,0.024407685862432547
A7,sphere_genus0,297,3.4482,43,0.023587907369187464
A7,sphere_genus0,298,3.4598,38,0.02204420718537541
A7,sphere_genus0,299,3.4714,36,0.024586845667771345
A7,sphere_genus0,300,3.483,34,0.023308571763395323
A7,sphere_genus0,301,3.4946,34,0.021725762632103095
A7,sphere_genus0,302,3.5062,34,0.020938560573809977
A7,sphere_genus0,303,3.5178,34,0.020866799686537364
A7,sphere_genus0,304,3.5294,34,0.021062082699437195
A7,sphere_genus0,305,3.541,33,0.020051060261344955
A7,sphere_genus0,306,3.5527,33,0.020529833525354077
A7,sphere_genus0,307,3.5643,36,0.025347980729033364
A7,sphere_genus0,308,3.5759,36,0.02535212946570374
A7,sphere_genus0,309,3.5875,34,0.02087569360985137
A7,sphere_genus0,310,3.5991,32,0.02346834578427227
A7,sphere_genus0,311,3.6107,30,0.025825255818537826
A7,sphere_genus0,312,3.6223,30,0.025347195158413372
A7,sphere_genus0,313,3.6339,28,0.02609631274600314
A7,sphere_genus0,314,3.6455,30,0.026077645452685316
A7,sphere_genus0,315,3.6571,30,0.02528549344123972
A7,sphere_genus0,316,3.6688,30,0.0249143223341951
A7,sphere_genus0,317,3.6804,30,0.022932891581525616
A7,sphere_genus0,318,3.692,29,0.021140268837126427
A7,sphere_genus0,319,3.7036,29,0.01927613166254702
A7,sphere_genus0,320,3.7152,30,0.02064542514026533
A7,sphere_genus0,321,3.7268,30,0.0206073801800339
A7,sphere_genus0,322,3.7384,30,0.019428816519770884
A7,sphere_genus0,323,3.75,29,0.020166114257309093
A7,sphere_genus0,324,3.7616,29,0.019718642907146238
A7,sphere_genus0,325,3.7732,29,0.02012269695075572
A7,sphere_genus0,326,3.7849,29,0.020528256571777332
A7,sphere_genus0,327,3.7965,29,0.021108509024593474
A7,sphere_genus0,328,3.8081,28,0.021024809422947936
A7,sphere_genus0,329,3.8197,28,0.0213036725041883
A7,sphere_genus0,330,3.8313,29,0.02035528340406336
A7,sphere_genus0,331,3.8429,28,0.020851969314444198
A7,sphere_genus0,332,3.8545,28,0.022087346355306306
A7,sphere_genus0,333,3.8661,28,0.023328095741259935
A7,sphere_genus0,334,3.8777,28,0.022172793652193327
A7,sphere_genus0,335,3.8893,28,0.021687564068138907
A7,sphere_genus0,336,3.901,30,0.021114534783870285
A7,sphere_genus0,337,3.9126,31,0.022358401870894242
A7,sphere_genus0,338,3.9242,44,0.02426216674693718
A7,sphere_genus0,339,3.9358,59,0.02731165714459091
A7,sphere_genus0,340,3.9474,55,0.027553287279124008
A7,sphere_genus0,341,3.959,31,0.02348359369073352
A7,sphere_genus0,342,3.9706,39,0.024120296191328924
A7,sphere_genus0,343,3.9822,54,0.024767494359417153
A7,sphere_genus0,344,3.9938,35,0.023390404837214492
A7,sphere_genus0,345,4.0054,34,0.023745749183146515
A7,sphere_genus0,346,4.0171,34,0.022074622818450726
A7,sphere_genus0,347,4.0287,34,0.022000932241083467
A7,sphere_genus0,348,4.0403,34,0.02238818649532249
A7,sphere_genus0,349,4.0519,32,0.023313183402176602
A7,sphere_genus0,350,4.0635,39,0.023075479050042046
A7,sphere_genus0,351,4.0751,36,0.02308313849451135
A7,sphere_genus0,352,4.0867,34,0.02246284614147884
A7,sphere_genus0,353,4.0983,32,0.022829638068988342
A7,sphere_genus0,354,4.1099,49,0.02436650864973325
A7,sphere_genus0,355,4.1215,51,0.029613951361151903
A7,sphere_genus0,356,4.1332,50,0.02962769436129273
A7,sphere_genus0,357,4.1448,50,0.029254579537836518
A7,sphere_genus0,358,4.1564,49,0.029569895427906466
A7,sphere_genus0,359,4.168,43,0.0297916589667175
A7,sphere_genus0,360,4.1796,47,0.02784445487336025
A7,sphere_genus0,361,4.1912,50,0.028543889610083816
A7,sphere_genus0,362,4.2028,51,0.028712381868625375
A7,sphere_genus0,363,4.2144,54,0.02711700925976776
A7,sphere_genus0,364,4.226,56,0.02892726540075525
A7,sphere_genus0,365,4.2376,59,0.02832001551481474
A7,sphere_genus0,366,4.2493,58,0.029240823324176858
A7,sphere_genus0,367,4.2609,57,0.028051795541643314
A7,sphere_genus0,368,4.2725,56,0.027730224071136744
A7,sphere_genus0,369,4.2841,58,0.028628509425284897
A7,sphere_genus0,370,4.2957,58,0.028158555600778717
A7,sphere_genus0,371,4.3073,57,0.027688287061962476
A7,sphere_genus0,372,4.3189,56,0.02693980964645573
A7,sphere_genus0,373,4.3305,57,0.02743966740875256
A7,sphere_genus0,374,4.3421,54,0.02729150773488136
A7,sphere_genus0,375,4.3537,55,0.027332559515925486
A7,sphere_genus0,376,4.3654,54,0.026592713685606912
A7,sphere_genus0,377,4.377,54,0.026588321692891284
A7,sphere_genus0,378,4.3886,53,0.026662823444678567
A7,sphere_genus0,379,4.4002,52,0.026669972208601886
A7,sphere_genus0,380,4.4118,52,0.026287806583531522
A7,sphere_genus0,381,4.4234,50,0.022957888550042396
A7,sphere_genus0,382,4.435,46,0.025314006769347135
A7,sphere_genus0,383,4.4466,43,0.02400973180666073
A7,sphere_genus0,384,4.4582,38,0.02326846384496634
A7,sphere_genus0,385,4.4698,35,0.025646854336730657
A7,sphere_genus0,386,4.4815,34,0.023317747373029295
A7,sphere_genus0,387,4.4931,34,0.021603454769724
A7,sphere_genus0,388,4.5047,34,0.020754687216955527
A7,sphere_genus0,389,4.5163,34,0.020641332152003092
A7,sphere_genus0,390,4.5279,34,0.020643744378752635
A7,sphere_genus0,391,4.5395,34,0.02053310270692853
A7,sphere_genus0,392,4.5511,33,0.02049383748436997
A7,sphere_genus0,393,4.5627,35,0.02428867730878586
A7,sphere_genus0,394,4.5743,36,0.025532007916796162
A7,sphere_genus0,395,4.5859,33,0.020860436230611942
A7,sphere_genus0,396,4.5976,32,0.022847684337940672
A7,sphere_genus0,397,4.6092,30,0.025633806355242917
A7,sphere_genus0,398,4.6208,30,0.025347195158413372
A7,sphere_genus0,399,4.6324,28,0.025885557037836567
A7,sphere_genus0,400,4.644,29,0.025976608409120684
A7,sphere_genus0,401,4.6556,30,0.025093756470020403
A7,sphere_genus0,402,4.6672,30,0.025120704128584855
A7,sphere_genus0,403,4.6788,30,0.023375088346658402
A7,sphere_genus0,404,4.6904,30,0.021694306903225553
A7,sphere_genus0,405,4.702,29,0.019703238261696943
A7,sphere_genus0,406,4.7137,29,0.02047880416577201
A7,sphere_genus0,407,4.7253,30,0.02105081653679176
A7,sphere_genus0,408,4.7369,30,0.019428816519770884
A7,sphere_genus0,409,4.7485,29,0.01976157437963532
A7,sphere_genus0,410,4.7601,29,0.02035022068505614
A7,sphere_genus0,411,4.7717,29,0.02012269695075572
A7,sphere_genus0,412,4.7833,29,0.020528256571777332
A7,sphere_genus0,413,4.7949,29,0.020906261294667307
A7,sphere_genus0,414,4.8065,28,0.02061207941543977
A7,sphere_genus0,415,4.8181,28,0.021459287093303154
A7,sphere_genus0,416,4.8298,29,0.020324021917148938
A7,sphere_genus0,417,4.8414,28,0.021092812158745766
A7,sphere_genus0,418,4.853,28,0.0218521033949107
A7,sphere_genus0,419,4.8646,28,0.023328095741259935
A7,sphere_genus0,420,4.8762,28,0.022576915089128426
A7,sphere_genus0,421,4.8878,28,0.022120162322747258
A7,sphere_genus0,422,4.8994,30,0.020968644721582472
A7,sphere_genus0,423,4.911,30,0.021899127043928834
A7,sphere_genus0,424,4.9226,45,0.024682264059915505
A7,sphere_genus0,425,4.9342,60,0.0270453124781745
A7,sphere_genus0,426,4.9459,52,0.02805453672716791
A7,sphere_genus0,427,4.9575,32,0.022977580058330477
A7,sphere_genus0,428,4.9691,38,0.024081486618197503
A7,sphere_genus0,429,4.9807,51,0.02659977621016635
A7,sphere_genus0,430,4.9923,37,0.024157033669926914
A7,sphere_genus0,431,5.0039,35,0.023878997728241952
A7,sphere_genus0,432,5.0155,34,0.022024572763508443
A7,sphere_genus0,433,5.0271,35,0.02121338430000423
A7,sphere_genus0,434,5.0387,34,0.02230302365381146
A7,sphere_genus0,435,5.0503,33,0.023008866796746123
A7,sphere_genus0,436,5.062,38,0.02365130836476477
A7,sphere_genus0,437,5.0736,36,0.023104765866514537
A7,sphere_genus0,438,5.0852,35,0.02251427289410399
A7,sphere_genus0,439,5.0968,31,0.0222153967117557
A7,sphere_genus0,440,5.1084,45,0.02343263580579516
A7,sphere_genus0,441,5.12,52,0.028745515069284366
A7,sphere_genus0,442,5.1316,49,0.030774090346089508
A7,sphere_genus0,443,5.1432,48,0.029019711218313524
A7,sphere_genus0,444,5.1548,46,0.02707611044167092
A7,sphere_genus0,445,5.1664,43,0.029503645810457974
A7,sphere_genus0,446,5.178,46,0.03012385103595815
A7,sphere_genus0,447,5.1897,48,0.029895703373958055
A7,sphere_genus0,448,5.2013,54,0.0286914006637568
A7,sphere_genus0,449,5.2129,57,0.029170652150163297
A7,sphere_genus0,450,5.2245,56,0.028665678317852845
A7,sphere_genus0,451,5.2361,58,0.029045277431537456
A7,sphere_genus0,452,5.2477,57,0.027124521705119916
A7,sphere_genus0,453,5.2593,60,0.028467456244306445
A7,sphere_genus0,454,5.2709,56,0.026516882705541325
A7,sphere_genus0,455,5.2825,58,0.028269348244777483
A7,sphere_genus0,456,5.2941,58,0.02768481968866201
A7,sphere_genus0,457,5.3058,57,0.028410826580631644
A7,sphere_genus0,458,5.3174,56,0.027006011165082715
A7,sphere_genus0,459,5.329,57,0.027485142504394967
A7,sphere_genus0,460,5.3406,54,0.027710986792761485
A7,sphere_genus0,461,5.3522,56,0.027170267440325153
A7,sphere_genus0,462,5.3638,54,0.02800385948147591
A7,sphere_genus0,463,5.3754,54,0.026655961732943087
A7,sphere_genus0,464,5.387,52,0.026366456979868898
A7,sphere_genus0,465,5.3986,51,0.026954006679135393
A7,sphere_genus0,466,5.4102,52,0.026628790619898864
A7,sphere_genus0,467,5.4219,50,0.024126524801339668
A7,sphere_genus0,468,5.4335,45,0.026099798407840023
A7,sphere_genus0,469,5.4451,42,0.024574801257013747
A7,sphere_genus0,470,5.4567,40,0.023437425443486412
A7,sphere_genus0,471,5.4683,35,0.023809681218106737
A7,sphere_genus0,472,5.4799,34,0.023550482581495925
A7,sphere_genus0,473,5.4915,35,0.021288932671777953
A7,sphere_genus0,474,5.5031,34,0.020531654906253218
A7,sphere_genus0,475,5.5147,34,0.020724196906795313
A7,sphere_genus0,476,5.5263,34,0.021332805359383256
A7,sphere_genus0,477,5.538,34,0.020367627684927843
A7,sphere_genus0,478,5.5496,33,0.020532221941420802
A7,sphere_genus0,479,5.5612,35,0.022482320611033765
A7,sphere_genus0,480,5.5728,36,0.025529954870504457
A7,sphere_genus0,481,5.5844,34,0.022691679021276504
A7,sphere_genus0,482,5.596,32,0.023019994404297136
A7,sphere_genus0,483,5.6076,30,0.025237949643367823
A7,sphere_genus0,484,5.6192,30,0.024903745036404624
A7,sphere_genus0,485,5.6308,28,0.025885557037836567
A7,sphere_genus0,486,5.6424,28,0.02629824950044552
A7,sphere_genus0,487,5.6541,30,0.024463578829264945
A7,sphere_genus0,488,5.6657,30,0.025304367978338675
A7,sphere_genus0,489,5.6773,30,0.0227655129698329
A7,sphere_genus0,490,5.6889,30,0.022290799387191588
A7,sphere_genus0,491,5.7005,29,0.020065659042450973
A7,sphere_genus0,492,5.7121,29,0.02029371648961637
A7,sphere_genus0,493,5.7237,30,0.020645900181388382
A7,sphere_genus0,494,5.7353,30,0.019844627946554335
A7,sphere_genus0,495,5.7469,29,0.019937086080464395
A7,sphere_genus0,496,5.7585,29,0.019944427961035533
A7,sphere_genus0,497,5.7702,29,0.02033780622083017
A7,sphere_genus0,498,5.7818,29,0.02034616784474914
A7,sphere_genus0,499,5.7934,29,0.020493382967438283
A7,sphere_genus0,500,5.805,28,0.02063746639969824
A7,sphere_genus0,501,5.8166,28,0.021246407966433904
A7,sphere_genus0,502,5.8282,29,0.020695291684402914
A7,sphere_genus0,503,5.8398,29,0.02116626260482204
A7,sphere_genus0,504,5.8514,28,0.021255339400693452
A7,sphere_genus0,505,5.863,28,0.023328095741259935
A7,sphere_genus0,506,5.8746,28,0.022621849117380854
A7,sphere_genus0,507,5.8863,28,0.022340415907940205
A7,sphere_genus0,508,5.8979,29,0.02131361202190175
A7,sphere_genus0,509,5.9095,29,0.02068667612981978
A7,sphere_genus0,510,5.9211,40,0.02409103339748528
A7,sphere_genus0,511,5.9327,58,0.025781326137554714
A7,sphere_genus0,512,5.9443,54,0.028413264178135788
A7,sphere_genus0,513,5.9559,34,0.02194586922486198
A7,sphere_genus0,514,5.9675,37,0.023838430935000512
A7,sphere_genus0,515,5.9791,52,0.024563221359405776
A7,sphere_genus0,516,5.9907,40,0.02415199716069495
A7,sphere_genus0,517,6.0024,34,0.024606566711203023
A7,sphere_genus0,518,6.014,34,0.022500363986265707
A7,sphere_genus0,519,6.0256,34,0.021341142288185032
A7,sphere_genus0,520,6.0372,34,0.022662405632250943
A7,sphere_genus0,521,6.0488,33,0.023501434197908646
A7,sphere_genus0,522,6.0604,35,0.022215848430897602
A7,sphere_genus0,523,6.072,37,0.021644376147986876
A7,sphere_genus0,524,6.0836,36,0.02243012347544482
A7,sphere_genus0,525,6.0952,31,0.02281529963825158
A7,sphere_genus0,526,6.1068,42,0.023331356886261066
A7,sphere_genus0,527,6.1185,56,0.029798210363776542
A7,sphere_genus0,528,6.1301,49,0.030026388606769025
A7,sphere_genus0,529,6.1417,49,0.02901362888359983
A7,sphere_genus0,530,6.1533,44,0.029391344778296143
A7,sphere_genus0,531,6.1649,44,0.029166582985648577
A7,sphere_genus0,532,6.1765,46,0.02941833010927024
A7,sphere_genus0,533,6.1881,47,0.0292535644257329
A7,sphere_genus0,534,6.1997,54,0.028389589638334708
A7,sphere_genus0,535,6.2113,52,0.028861529469735817
A7,sphere_genus0,536,6.2229,50,0.02843301433874704
A7,sphere_genus0,537,6.2346,60,0.02830799310921751
A7,sphere_genus0,538,6.2462,56,0.027672290183296862
A7,sphere_genus0,539,6.2578,59,0.0288421660705161
A7,sphere_genus0,540,6.2694,60,0.02808221233252857
A7,sphere_genus0,541,6.281,58,0.027952739868998357
A7,sphere_genus0,542,6.2926,58,0.028341949857590355
A7,sphere_genus0,543,6.3042,57,0.028245762846379318
A7,sphere_genus0,544,6.3158,57,0.026911566663567026
A7,sphere_genus0,545,6.3274,58,0.02680312424806273
A7,sphere_genus0,546,6.339,54,0.026735213605546607
A7,sphere_genus0,547,6.3507,56,0.027565628823924004
A7,sphere_genus0,548,6.3623,54,0.02803298663068195
A7,sphere_genus0,549,6.3739,56,0.027464322445126962
A7,sphere_genus0,550,6.3855,53,0.025735518997313512
A7,sphere_genus0,551,6.3971,52,0.026702684288027065
A7,sphere_genus0,552,6.4087,51,0.025965529225224975
A7,sphere_genus0,553,6.4203,51,0.024079495197351516
A7,sphere_genus0,554,6.4319,47,0.025133976481715538
A7,sphere_genus0,555,6.4435,43,0.025111205829609143
A7,sphere_genus0,556,6.4551,40,0.023922108303680387
A7,sphere_genus0,557,6.4668,37,0.023853741852279845
A7,sphere_genus0,558,6.4784,35,0.02329973046614592
A7,sphere_genus0,559,6.49,34,0.021236194735775923
A7,sphere_genus0,560,6.5016,34,0.02096870765952303
A7,sphere_genus0,561,6.5132,34,0.0204965197952125
A7,sphere_genus0,562,6.5248,34,0.02132351339652532
A7,sphere_genus0,563,6.5364,34,0.02036730961116998
A7,sphere_genus0,564,6.548,34,0.02118094088716908
A7,sphere_genus0,565,6.5596,34,0.021742965379206034
A7,sphere_genus0,566,6.5712,36,0.0259830776903368
A7,sphere_genus0,567,6.5829,35,0.023727277991365325
A7,sphere_genus0,568,6.5945,33,0.022718599954941507
A7,sphere_genus0,569,6.6061,30,0.02457980954976654
A7,sphere_genus0,570,6.6177,30,0.024490138024016072
A7,sphere_genus0,571,6.6293,28,0.025701358755818814
A7,sphere_genus0,572,6.6409,28,0.026334985336003418
A7,sphere_genus0,573,6.6525,30,0.02531413786003287
A7,sphere_genus0,574,6.6641,30,0.025524771664209397
A7,sphere_genus0,575,6.6757,30,0.02300060571793433
A7,sphere_genus0,576,6.6873,29,0.021646217839900016
A7,sphere_genus0,577,6.699,29,0.019882060078802794
A7,sphere_genus0,578,6.7106,29,0.020556524573253243
A7,sphere_genus0,579,6.7222,29,0.020370350879197807
A7,sphere_genus0,580,6.7338,29,0.019320274502340872
A7,sphere_genus0,581,6.7454,29,0.019899125319066863
A7,sphere_genus0,582,6.757,29,0.019905682285891464
A7,sphere_genus0,583,6.7686,29,0.02034397000864949
A7,sphere_genus0,584,6.7802,29,0.020154333989990725
A7,sphere_genus0,585,6.7918,29,0.020493382967438283
A7,sphere_genus0,586,6.8034,28,0.021246488438613237
A7,sphere_genus0,587,6.8151,28,0.021854409494661612
A7,sphere_genus0,588,6.8267,29,0.020879180395343037
A7,sphere_genus0,589,6.8383,29,0.02111827854767808
A7,sphere_genus0,590,6.8499,28,0.021255339400693452
A7,sphere_genus0,591,6.8615,28,0.023328095741259935
A7,sphere_genus0,592,6.8731,28,0.022437885210521275
A7,sphere_genus0,593,6.8847,28,0.021520490253363684
A7,sphere_genus0,594,6.8963,29,0.02136242767880707
A7,sphere_genus0,595,6.9079,29,0.021518787618574352
A7,sphere_genus0,596,6.9195,38,0.024708414806410662
A7,sphere_genus0,597,6.9312,54,0.025710614420899367
A7,sphere_genus0,598,6.9428,56,0.026769304038213114
A7,sphere_genus0,599,6.9544,36,0.022338300584532334
A7,sphere_genus0,600,6.966,35,0.024349777918374
A7,sphere_genus0,601,6.9776,48,0.02262690255388487
A7,sphere_genus0,602,6.9892,44,0.023436585741843236
A7,sphere_genus0,603,7.0008,34,0.0239785152364289
A7,sphere_genus0,604,7.0124,34,0.022078222455879225
A7,sphere_genus0,605,7.024,35,0.021225167224477003
A7,sphere_genus0,606,7.0356,34,0.022412696559267364
A7,sphere_genus0,607,7.0473,33,0.02240984748195749
A7,sphere_genus0,608,7.0589,35,0.02308721909675976
A7,sphere_genus0,609,7.0705,39,0.020972380241703302
A7,sphere_genus0,610,7.0821,36,0.02193008794654808
A7,sphere_genus0,611,7.0937,31,0.02278494959241187
A7,sphere_genus0,612,7.1053,40,0.022392303584205218
A7,sphere_genus0,613,7.1169,60,0.02788896336202728
A7,sphere_genus0,614,7.1285,50,0.028259671308431048
A7,sphere_genus0,615,7.1401,48,0.029691919327809443
A7,sphere_genus0,616,7.1517,47,0.02859833994874312
A7,sphere_genus0,617,7.1634,48,0.028876210076804146
A7,sphere_genus0,618,7.175,46,0.029467919042609852
A7,sphere_genus0,619,7.1866,49,0.029188785849570822
A7,sphere_genus0,620,7.1982,52,0.029727560532002578
A7,sphere_genus0,621,7.2098,54,0.02918088961214406
A7,sphere_genus0,622,7.2214,59,0.02745357852548337
A7,sphere_genus0,623,7.233,58,0.027773401833213928
A7,sphere_genus0,624,7.2446,60,0.0276268384323267
A7,sphere_genus0,625,7.2562,58,0.02888780225408393
A7,sphere_genus0,626,7.2678,58,0.02799461082367138
A7,sphere_genus0,627,7.2795,56,0.028095268915028757
A7,sphere_genus0,628,7.2911,58,0.027597083816771797
A7,sphere_genus0,629,7.3027,56,0.027922272900767403
A7,sphere_genus0,630,7.3143,58,0.02730710459441489
A7,sphere_genus0,631,7.3259,57,0.02632874590211032
A7,sphere_genus0,632,7.3375,55,0.026891036870297806
A7,sphere_genus0,633,7.3491,56,0.02675697563244536
A7,sphere_genus0,634,7.3607,54,0.02781604413450156
A7,sphere_genus0,635,7.3723,54,0.027817492074295687
A7,sphere_genus0,636,7.3839,52,0.026564613138653343
A7,sphere_genus0,637,7.3956,52,0.026600166919302212
A7,sphere_genus0,638,7.4072,52,0.025497587525359355
A7,sphere_genus0,639,7.4188,51,0.024487451181404746
A7,sphere_genus0,640,7.4304,47,0.025523748643849754
A7,sphere_genus0,641,7.442,44,0.025532211506823825
A7,sphere_genus0,642,7.4536,40,0.023389757280962688
A7,sphere_genus0,643,7.4652,38,0.023718020048685593
A7,sphere_genus0,644,7.4768,35,0.023855224920976015
A7,sphere_genus0,645,7.4884,34,0.021800309923303944
A7,sphere_genus0,646,7.5,34,0.021521520179795396
A7,sphere_genus0,647,7.5117,34,0.020741243849831895
A7,sphere_genus0,648,7.5233,34,0.02068255233541432
A7,sphere_genus0,649,7.5349,34,0.021309186437423085
A7,sphere_genus0,650,7.5465,34,0.02138409825023336
A7,sphere_genus0,651,7.5581,33,0.0206723393492965
A7,sphere_genus0,652,7.5697,36,0.026503301546401185
A7,sphere_genus0,653,7.5813,35,0.025230609929666376
A7,sphere_genus0,654,7.5929,33,0.02267071656693285
A7,sphere_genus0,655,7.6045,30,0.024152171756193636
A7,sphere_genus0,656,7.6161,29,0.0251511328286111
A7,sphere_genus0,657,7.6278,29,0.025601772001330587
A7,sphere_genus0,658,7.6394,28,0.026299535327918674
A7,sphere_genus0,659,7.651,30,0.02571663053941877
A7,sphere_genus0,660,7.6626,30,0.025710120063557322
A7,sphere_genus0,661,7.6742,30,0.02300060571793433
A7,sphere_genus0,662,7.6858,30,0.021921482187762666
A7,sphere_genus0,663,7.6974,29,0.020067028912360615
A7,sphere_genus0,664,7.709,29,0.019461294741150534
A7,sphere_genus0,665,7.7206,30,0.020829773506136434
A7,sphere_genus0,666,7.7322,29,0.01914560268851222
A7,sphere_genus0,667,7.7439,29,0.019325344785983266
A7,sphere_genus0,668,7.7555,29,0.019905682285891464
A7,sphere_genus0,669,7.7671,29,0.02034397000864949
A7,sphere_genus0,670,7.7787,29,0.020154333989990725
A7,sphere_genus0,671,7.7903,29,0.020493382967438283
A7,sphere_genus0,672,7.8019,28,0.02128553066065359
A7,sphere_genus0,673,7.8135,28,0.02222463357547987
A7,sphere_genus0,674,7.8251,29,0.020721232449685618
A7,sphere_genus0,675,7.8367,29,0.020898235377885946
A7,sphere_genus0,676,7.8483,28,0.021295374016302066
A7,sphere_genus0,677,7.86,28,0.0229119802897714
A7,sphere_genus0,678,7.8716,28,0.02299305810489631
A7,sphere_genus0,679,7.8832,28,0.022158799997454712
A7,sphere_genus0,680,7.8948,28,0.021138459810818275
A7,sphere_genus0,681,7.9064,28,0.020805017891907543
A7,sphere_genus0,682,7.918,36,0.024039266613119722
A7,sphere_genus0,683,7.9296,53,0.025411469366930246
A7,sphere_genus0,684,7.9412,55,0.02632290720328182
A7,sphere_genus0,685,7.9528,44,0.024670607986193905
A7,sphere_genus0,686,7.9644,35,0.024063338934037167
A7,sphere_genus0,687,7.9761,46,0.02348053502000893
A7,sphere_genus0,688,7.9877,52,0.022791965182855287
A7,sphere_genus0,689,7.9993,34,0.024144428014921976
A7,sphere_genus0,690,8.0109,34,0.022443726077141662
A7,sphere_genus0,691,8.0225,34,0.02190624177395315
A7,sphere_genus0,692,8.0341,34,0.021983110765464626
A7,sphere_genus0,693,8.0457,33,0.021852159909154196
A7,sphere_genus0,694,8.0573,33,0.023722917848808964
A7,sphere_genus0,695,8.0689,40,0.02041093605876575
A7,sphere_genus0,696,8.0805,37,0.021650260173270187
A7,sphere_genus0,697,8.0922,33,0.022836999268164102
A7,sphere_genus0,698,8.1038,37,0.021779453596122465
A7,sphere_genus0,699,8.1154,58,0.029191472980504528
A7,sphere_genus0,700,8.127,49,0.02946779111690898
A7,sphere_genus0,701,8.1386,53,0.028861026701367073
A7,sphere_genus0,702,8.1502,52,0.02865820589449471
A7,sphere_genus0,703,8.1618,42,0.0291592546841603
A7,sphere_genus0,704,8.1734,46,0.029805753529502044
A7,sphere_genus0,705,8.185,42,0.030791288277441268
A7,sphere_genus0,706,8.1966,56,0.027885207369036942
A7,sphere_genus0,707,8.2083,52,0.02877933411751174
A7,sphere_genus0,708,8.2199,57,0.027526233893801197
A7,sphere_genus0,709,8.2315,54,0.026559722727259306
A7,sphere_genus0,710,8.2431,60,0.028441390019944283
A7,sphere_genus0,711,8.2547,59,0.02838351352004233
A7,sphere_genus0,712,8.2663,59,0.028695271797162015
A7,sphere_genus0,713,8.2779,59,0.02866257269829762
A7,sphere_genus0,714,8.2895,55,0.027873966593536626
A7,sphere_genus0,715,8.3011,56,0.027048573542315442
A7,sphere_genus0,716,8.3127,58,0.027167053135217775
A7,sphere_genus0,717,8.3244,57,0.02655437617553683
A7,sphere_genus0,718,8.336,57,0.025923438012270126
A7,sphere_genus0,719,8.3476,57,0.026399646852213538
A7,sphere_genus0,720,8.3592,54,0.027802379740834507
A7,sphere_genus0,721,8.3708,55,0.02772329374259305
A7,sphere_genus0,722,8.3824,52,0.026754485983052075
A7,sphere_genus0,723,8.394,53,0.02631653862263159
A7,sphere_genus0,724,8.4056,53,0.026602208750504
A7,sphere_genus0,725,8.4172,52,0.025095210204956406
A7,sphere_genus0,726,8.4288,48,0.025159476983179472
A7,sphere_genus0,727,8.4405,44,0.025676921090408637
A7,sphere_genus0,728,8.4521,41,0.02518898316548446
A7,sphere_genus0,729,8.4637,38,0.02408704991237547
A7,sphere_genus0,730,8.4753,34,0.024155266598891726
A7,sphere_genus0,731,8.4869,34,0.02165814398431339
A7,sphere_genus0,732,8.4985,34,0.020932386805964192
A7,sphere_genus0,733,8.5101,34,0.020927446550690763
A7,sphere_genus0,734,8.5217,34,0.02068255233541432
A7,sphere_genus0,735,8.5333,35,0.021751163195035124
A7,sphere_genus0,736,8.5449,34,0.020923923595245426
A7,sphere_genus0,737,8.5566,33,0.020251230603586922
A7,sphere_genus0,738,8.5682,35,0.026449452732960378
A7,sphere_genus0,739,8.5798,34,0.026230644396043737
A7,sphere_genus0,740,8.5914,33,0.02203411227987162
A7,sphere_genus0,741,8.603,30,0.0237832717654927
A7,sphere_genus0,742,8.6146,29,0.02536551757116848
A7,sphere_genus0,743,8.6262,29,0.025601772001330587
A7,sphere_genus0,744,8.6378,28,0.02607886877537018
A7,sphere_genus0,745,8.6494,30,0.02530308463356554
A7,sphere_genus0,746,8.661,30,0.02549936435539074
A7,sphere_genus0,747,8.6727,30,0.024266108038585567
A7,sphere_genus0,748,8.6843,30,0.022567408414171472
A7,sphere_genus0,749,8.6959,29,0.02093716584011738
A7,sphere_genus0,750,8.7075,29,0.01886107094317725
A7,sphere_genus0,751,8.7191,30,0.021021607360894836
A7,sphere_genus0,752,8.7307,29,0.019329201652160403
A7,sphere_genus0,753,8.7423,29,0.019373929347771737
A7,sphere_genus0,754,8.7539,29,0.019721808961143422
A7,sphere_genus0,755,8.7655,29,0.0205294336305305
A7,sphere_genus0,756,8.7771,29,0.020154333989990725
A7,sphere_genus0,757,8.7888,29,0.020493382967438283
A7,sphere_genus0,758,8.8004,28,0.021065487490861456
A7,sphere_genus0,759,8.812,28,0.02222463357547987
A7,sphere_genus0,760,8.8236,29,0.020713766707796923
A7,sphere_genus0,761,8.8352,29,0.020713303713557663
A7,sphere_genus0,762,8.8468,28,0.0210705585819881
A7,sphere_genus0,763,8.8584,28,0.022728016382911827
A7,sphere_genus0,764,8.87,28,0.022809094198036735
A7,sphere_genus0,765,8.8816,28,0.022158799997454712
A7,sphere_genus0,766,8.8932,28,0.021727684785980715
A7,sphere_genus0,767,8.9049,29,0.02107879539071968
A7,sphere_genus0,768,8.9165,35,0.02417059671943297
A7,sphere_genus0,769,8.9281,53,0.026272021731756752
A7,sphere_genus0,770,8.9397,56,0.02666400841430964
A7,sphere_genus0,771,8.9513,58,0.02711802122432099
A7,sphere_genus0,772,8.9629,33,0.023080848488820076
A7,sphere_genus0,773,8.9745,44,0.023960419548810813
A7,sphere_genus0,774,8.9861,52,0.02595716865834284
A7,sphere_genus0,775,8.9977,35,0.024440307796403615
A7,sphere_genus0,776,9.0093,34,0.02285606216973158
A7,sphere_genus0,777,9.021,34,0.021720735791708568
A7,sphere_genus0,778,9.0326,34,0.021339624595094395
A7,sphere_genus0,779,9.0442,34,0.022141593533643405
A7,sphere_genus0,780,9.0558,34,0.024344925675488047
A7,sphere_genus0,781,9.0674,40,0.020471607543763346
A7,sphere_genus0,782,9.079,36,0.02209328406770545
A7,sphere_genus0,783,9.0906,33,0.02303252393292446
A7,sphere_genus0,784,9.1022,36,0.021072125203061825
A7,sphere_genus0,785,9.1138,58,0.027226224119196528
A7,sphere_genus0,786,9.1254,51,0.029398315895427785
A7,sphere_genus0,787,9.1371,50,0.029104584625839557
A7,sphere_genus0,788,9.1487,51,0.029608031004224322
A7,sphere_genus0,789,9.1603,46,0.028779771910692156
A7,sphere_genus0,790,9.1719,46,0.028161021533437313
A7,sphere_genus0,791,9.1835,42,0.029915672603336645
A7,sphere_genus0,792,9.1951,49,0.029815928501507223
A7,sphere_genus0,793,9.2067,48,0.028888506646412473
A7,sphere_genus0,794,9.2183,53,0.02945865668054338
A7,sphere_genus0,795,9.2299,56,0.027702026063646565
A7,sphere_genus0,796,9.2415,59,0.02779246208692482
A7,sphere_genus0,797,9.2532,60,0.028250448607893594
A7,sphere_genus0,798,9.2648,59,0.028320601081725856
A7,sphere_genus0,799,9.2764,59,0.02878910874329731
A7,sphere_genus0,800,9.288,56,0.027424829919264322
A7,sphere_genus0,801,9.2996,56,0.027367363799807073
A7,sphere_genus0,802,9.3112,58,0.02681125102163222
A7,sphere_genus0,803,9.3228,56,0.026828660664635705
A7,sphere_genus0,804,9.3344,57,0.026502383296223304
A7,sphere_genus0,805,9.346,57,0.026030339005282857
A7,sphere_genus0,806,9.3576,55,0.028042551958845648
A7,sphere_genus0,807,9.3693,55,0.028091140085893102
A7,sphere_genus0,808,9.3809,53,0.02686484076171711
A7,sphere_genus0,809,9.3925,53,0.02593637249042001
A7,sphere_genus0,810,9.4041,53,0.02635814566772188
A7,sphere_genus0,811,9.4157,52,0.026134481933827246
A7,sphere_genus0,812,9.4273,47,0.022950155143836706
A7,sphere_genus0,813,9.4389,43,0.02616626307745393
A7,sphere_genus0,814,9.4505,41,0.02405733564234897
A7,sphere_genus0,815,9.4621,39,0.02365857207107556
A7,sphere_genus0,816,9.4737,35,0.024128713023736256
A7,sphere_genus0,817,9.4854,34,0.02202921547322847
A7,sphere_genus0,818,9.497,34,0.021271912553671456
A7,sphere_genus0,819,9.5086,34,0.020743502012307836
A7,sphere_genus0,820,9.5202,34,0.020677338425304725
A7,sphere_genus0,821,9.5318,34,0.021286370691556047
A7,sphere_genus0,822,9.5434,34,0.02110670111830249
A7,sphere_genus0,823,9.555,32,0.02045287756807131
A7,sphere_genus0,824,9.5666,34,0.026183127871666958
A7,sphere_genus0,825,9.5782,36,0.025955361785210972
A7,sphere_genus0,826,9.5898,34,0.022268172680858973
A7,sphere_genus0,827,9.6015,31,0.022988233510874943
A7,sphere_genus0,828,9.6131,29,0.024915015098659274
A7,sphere_genus0,829,9.6247,30,0.025529237057033305
A7,sphere_genus0,830,9.6363,28,0.026280880357711152
A7,sphere_genus0,831,9.6479,30,0.025857766503329462
A7,sphere_genus0,832,9.6595,30,0.025691101326610052
A7,sphere_genus0,833,9.6711,30,0.02487945710602555
A7,sphere_genus0,834,9.6827,30,0.02257444336582299
A7,sphere_genus0,835,9.6943,29,0.02113917742245836
A7,sphere_genus0,836,9.7059,29,0.019460480028418114
A7,sphere_genus0,837,9.7176,30,0.021021607360894836
A7,sphere_genus0,838,9.7292,29,0.020129953373058965
A7,sphere_genus0,839,9.7408,29,0.019373929347771737
A7,sphere_genus0,840,9.7524,29,0.019721808961143422
A7,sphere_genus0,841,9.764,29,0.019528703567962442
A7,sphere_genus0,842,9.7756,29,0.02034616784474914
A7,sphere_genus0,843,9.7872,29,0.020528256571777332
A7,sphere_genus0,844,9.7988,29,0.02096932192472628
A7,sphere_genus0,845,9.8104,28,0.021632506876316477
A7,sphere_genus0,846,9.822,29,0.020723397743987716
A7,sphere_genus0,847,9.8337,29,0.020713303713557663
A7,sphere_genus0,848,9.8453,28,0.020841960703981848
A7,sphere_genus0,849,9.8569,28,0.022493173972464336
A7,sphere_genus0,850,9.8685,28,0.02296016401944946
A7,sphere_genus0,851,9.8801,28,0.0221927973167803
A7,sphere_genus0,852,9.8917,28,0.021738114013761044
A7,sphere_genus0,853,9.9033,30,0.021406529320817602
A7,sphere_genus0,854,9.9149,33,0.022093005820719613
A7,sphere_genus0,855,9.9265,51,0.025675427001955325
A7,sphere_genus0,856,9.9381,55,0.027422086682990267
A7,sphere_genus0,857,9.9498,58,0.02734769936900026
A7,torus_genus1,0,0.0,5,0.013694481125627067
A7,torus_genus1,1,0.0116,4,0.009736737447729606
A7,torus_genus1,2,0.0232,5,0.014900164077790937
A7,torus_genus1,3,0.0348,5,0.01719816258406356
A7,torus_genus1,4,0.0464,4,0.015351575326416738
A7,torus_genus1,5,0.058,5,0.01712229414679329
A7,torus_genus1,6,0.0697,8,0.01674085780216229
A7,torus_genus1,7,0.0813,7,0.02202140052978758
A7,torus_genus1,8,0.0929,5,0.014324160757883453
A7,torus_genus1,9,0.1045,7,0.017585113629114114
A7,torus_genus1,10,0.1161,11,0.020845672666975987
A7,torus_genus1,11,0.1277,11,0.016038415231926215
A7,torus_genus1,12,0.1393,11,0.022041319216188293
A7,torus_genus1,13,0.1509,11,0.05190000689986675
A7,torus_genus1,14,0.1625,15,0.0590903712434078
A7,torus_genus1,15,0.1741,19,0.03873503765229213
A7,torus_genus1,16,0.1858,17,0.06091347198898077
A7,torus_genus1,17,0.1974,15,0.043280244591507415
A7,torus_genus1,18,0.209,14,0.0392769709422402
A7,torus_genus1,19,0.2206,11,0.027664291608023906
A7,torus_genus1,20,0.2322,8,0.022776204145498125
A7,torus_genus1,21,0.2438,7,0.01659606132116741
A7,torus_genus1,22,0.2554,6,0.023824432640295296
A7,torus_genus1,23,0.267,7,0.01899767631884592
A7,torus_genus1,24,0.2786,7,0.02125972794637144
A7,torus_genus1,25,0.2902,7,0.015801703490107986
A7,torus_genus1,26,0.3019,6,0.01447889321145682
A7,torus_genus1,27,0.3135,6,0.01590568747949504
A7,torus_genus1,28,0.3251,6,0.018507995746209635
A7,torus_genus1,29,0.3367,6,0.023489148295848677
A7,torus_genus1,30,0.3483,4,0.02076311427607069
A7,torus_genus1,31,0.3599,5,0.02339632903376265
A7,torus_genus1,32,0.3715,5,0.029227381131239075
A7,torus_genus1,33,0.3831,4,0.03139495793752378
A7,torus_genus1,34,0.3947,3,0.015653906225944633
A7,torus_genus1,35,0.4063,2,0.016444141002468056
A7,torus_genus1,36,0.418,1,0.006101385005579804
A7,torus_genus1,37,0.4296,0,0.0
A7,torus_genus1,38,0.4412,0,0.0
A7,torus_genus1,39,0.4528,1,0.028169014012111457
A7,torus_genus1,40,0.4644,1,0.026150746029623917
A7,torus_genus1,41,0.476,1,0.017206126553323698
A7,torus_genus1,42,0.4876,0,0.0
A7,torus_genus1,43,0.4992,0,0.0
A7,torus_genus1,44,0.5108,0,0.0
A7,torus_genus1,45,0.5224,0,0.0
A7,torus_genus1,46,0.5341,0,0.0
A7,torus_genus1,47,0.5457,0,0.0
A7,torus_genus1,48,0.5573,0,0.0
A7,torus_genus1,49,0.5689,1,0.02421918773153372
A7,torus_genus1,50,0.5805,1,0.015805621823167748
A7,torus_genus1,51,0.5921,0,0.0
A7,torus_genus1,52,0.6037,1,0.005369303514237129
A7,torus_genus1,53,0.6153,1,0.028169014148181622
A7,torus_genus1,54,0.6269,1,0.028169014148181622
A7,torus_genus1,55,0.6385,1,0.028169014148181622
A7,torus_genus1,56,0.6502,1,0.028169014148181622
A7,torus_genus1,57,0.6618,1,0.028169014148181622
A7,torus_genus1,58,0.6734,1,0.028169014148181622
A7,torus_genus1,59,0.685,1,0.023559617487159318
A7,torus_genus1,60,0.6966,1,0.02173603251888223
A7,torus_genus1,61,0.7082,1,0.010730109586436672
A7,torus_genus1,62,0.7198,1,0.009269661544238939
A7,torus_genus1,63,0.7314,2,0.015201243159839518
A7,torus_genus1,64,0.743,1,0.009585579644146617
A7,torus_genus1,65,0.7546,1,0.007254254463755278
A7,torus_genus1,66,0.7663,1,0.008745976434223292
A7,torus_genus1,67,0.7779,1,0.012156150153644985
A7,torus_genus1,68,0.7895,1,0.011144153352382993
A7,torus_genus1,69,0.8011,2,0.02115270779299396
A7,torus_genus1,70,0.8127,1,0.009585579644146617
A7,torus_genus1,71,0.8243,1,0.010730109586436672
A7,torus_genus1,72,0.8359,1,0.010629111839785122
A7,torus_genus1,73,0.8475,1,0.01154655120087186
A7,torus_genus1,74,0.8591,1,0.008219451917614036
A7,torus_genus1,75,0.8707,1,0.008116668899937033
A7,torus_genus1,76,0.8824,1,0.010109264754162267
A7,torus_genus1,77,0.894,2,0.012126210456649024
A7,torus_genus1,78,0.9056,1,0.028169014148181622
A7,torus_genus1,79,0.9172,2,0.009351771001992375
A7,torus_genus1,80,0.9288,7,0.01888027295171599
A7,torus_genus1,81,0.9404,10,0.0234510230182624
A7,torus_genus1,82,0.952,9,0.02959694859711475
A7,torus_genus1,83,0.9636,3,0.011129283676765911
A7,torus_genus1,84,0.9752,9,0.02308777024398444
A7,torus_genus1,85,0.9868,17,0.028534038907798716
A7,torus_genus1,86,0.9985,5,0.013051152987235479
A7,torus_genus1,87,1.0101,4,0.009311205673749188
A7,torus_genus1,88,1.0217,5,0.014422060520399925
A7,torus_genus1,89,1.0333,5,0.016989137211873603
A7,torus_genus1,90,1.0449,4,0.01548093832923312
A7,torus_genus1,91,1.0565,4,0.014288393270004088
A7,torus_genus1,92,1.0681,9,0.016029763260996317
A7,torus_genus1,93,1.0797,7,0.02533690562121378
A7,torus_genus1,94,1.0913,5,0.014497946115133352
A7,torus_genus1,95,1.1029,7,0.014474542657113395
A7,torus_genus1,96,1.1146,8,0.02324059383474647
A7,torus_genus1,97,1.1262,11,0.0173875667453325
A7,torus_genus1,98,1.1378,11,0.023859104432321337
A7,torus_genus1,99,1.1494,13,0.027524696896858842
A7,torus_genus1,100,1.161,18,0.06361105493937617
A7,torus_genus1,101,1.1726,18,0.036756902178900534
A7,torus_genus1,102,1.1842,17,0.06576743671910801
A7,torus_genus1,103,1.1958,15,0.04780182031270315
A7,torus_genus1,104,1.2074,15,0.04373043846956766
A7,torus_genus1,105,1.219,11,0.03008253159386472
A7,torus_genus1,106,1.2307,8,0.02064395089797335
A7,torus_genus1,107,1.2423,7,0.016446725907726695
A7,torus_genus1,108,1.2539,7,0.02137949591913574
A7,torus_genus1,109,1.2655,7,0.01776620999195222
A7,torus_genus1,110,1.2771,7,0.02067724155682594
A7,torus_genus1,111,1.2887,7,0.01948066425988542
A7,torus_genus1,112,1.3003,6,0.013982718054361727
A7,torus_genus1,113,1.3119,6,0.015432132467784002
A7,torus_genus1,114,1.3235,6,0.016386188962901883
A7,torus_genus1,115,1.3351,6,0.02310086675413606
A7,torus_genus1,116,1.3468,4,0.019447134014631655
A7,torus_genus1,117,1.3584,5,0.022305698032717695
A7,torus_genus1,118,1.37,6,0.028247518006358458
A7,torus_genus1,119,1.3816,4,0.03240695473601206
A7,torus_genus1,120,1.3932,4,0.020809109009255835
A7,torus_genus1,121,1.4048,2,0.016444141002468056
A7,torus_genus1,122,1.4164,1,0.006431133852277982
A7,torus_genus1,123,1.428,0,0.0
A7,torus_genus1,124,1.4396,0,0.0
A7,torus_genus1,125,1.4512,1,0.028169014012111457
A7,torus_genus1,126,1.4629,1,0.020740233490056742
A7,torus_genus1,127,1.4745,1,0.01962726586391273
A7,torus_genus1,128,1.4861,0,0.0
A7,torus_genus1,129,1.4977,0,0.0
A7,torus_genus1,130,1.5093,0,0.0
A7,torus_genus1,131,1.5209,0,0.0
A7,torus_genus1,132,1.5325,0,0.0
A7,torus_genus1,133,1.5441,0,0.0
A7,torus_genus1,134,1.5557,0,0.0
A7,torus_genus1,135,1.5673,1,0.02113149911718744
A7,torus_genus1,136,1.579,1,0.018644816916304402
A7,torus_genus1,137,1.5906,0,0.0
A7,torus_genus1,138,1.6022,1,0.0035418790132373925
A7,torus_genus1,139,1.6138,1,0.028169014148181622
A7,torus_genus1,140,1.6254,1,0.028169014148181622
A7,torus_genus1,141,1.637,1,0.028169014148181622
A7,torus_genus1,142,1.6486,1,0.028169014148181622
A7,torus_genus1,143,1.6602,1,0.028169014148181622
A7,torus_genus1,144,1.6718,1,0.028169014148181622
A7,torus_genus1,145,1.6834,1,0.02444571331306412
A7,torus_genus1,146,1.6951,1,0.0220099626725566
A7,torus_genus1,147,1.7067,1,0.01123941662954363
A7,torus_genus1,148,1.7183,1,0.009269661544238939
A7,torus_genus1,149,1.7299,2,0.014197602426201425
A7,torus_genus1,150,1.7415,1,0.010511662602651135
A7,torus_genus1,151,1.7531,1,0.007254254463755278
A7,torus_genus1,152,1.7647,1,0.008745976434223292
A7,torus_genus1,153,1.7763,1,0.011653460395489952
A7,torus_genus1,154,1.7879,1,0.011653460395489952
A7,torus_genus1,155,1.7995,2,0.019810532547817384
A7,torus_genus1,156,1.8112,1,0.010109264754162267
A7,torus_genus1,157,1.8228,1,0.0102150680738388
A7,torus_genus1,158,1.8344,1,0.010109264754162267
A7,torus_genus1,159,1.846,1,0.012055858243978819
A7,torus_genus1,160,1.8576,1,0.00864501136159104
A7,torus_genus1,161,1.8692,1,0.008116668899937033
A7,torus_genus1,162,1.8808,1,0.010109264754162267
A7,torus_genus1,163,1.8924,1,0.0102150680738388
A7,torus_genus1,164,1.904,1,0.02545073039896108
A7,torus_genus1,165,1.9156,2,0.011202986733994188
A7,torus_genus1,166,1.9273,7,0.019724730349912303
A7,torus_genus1,167,1.9389,11,0.025932227998581085
A7,torus_genus1,168,1.9505,10,0.015824384100755137
A7,torus_genus1,169,1.9621,3,0.012322340443475242
A7,torus_genus1,170,1.9737,7,0.023092929108787547
A7,torus_genus1,171,1.9853,16,0.01926866014280949
A7,torus_genus1,172,1.9969,5,0.013894013587274805
A7,torus_genus1,173,2.0085,4,0.008828559488648639
A7,torus_genus1,174,2.0201,5,0.013152710293310815
A7,torus_genus1,175,2.0317,5,0.016769039669015738
A7,torus_genus1,176,2.0434,4,0.01548093832923312
A7,torus_genus1,177,2.055,4,0.015464505883065086
A7,torus_genus1,178,2.0666,9,0.016107455473544086
A7,torus_genus1,179,2.0782,7,0.02563822540715731
A7,torus_genus1,180,2.0898,5,0.013969218190621727
A7,torus_genus1,181,2.1014,5,0.009632145814703676
A7,torus_genus1,182,2.113,10,0.019170327103101292
A7,torus_genus1,183,2.1246,12,0.023196022920399517
A7,torus_genus1,184,2.1362,13,0.024125621737037035
A7,torus_genus1,185,2.1478,12,0.02311584094124302
A7,torus_genus1,186,2.1595,16,0.06787415776093395
A7,torus_genus1,187,2.1711,17,0.03678567504098879
A7,torus_genus1,188,2.1827,19,0.057665712586189494
A7,torus_genus1,189,2.1943,14,0.050222475862628194
A7,torus_genus1,190,2.2059,14,0.044029475894136756
A7,torus_genus1,191,2.2175,11,0.03170124968067318
A7,torus_genus1,192,2.2291,9,0.020183606411321036
A7,torus_genus1,193,2.2407,8,0.018950995662237298
A7,torus_genus1,194,2.2523,7,0.019931170263273432
A7,torus_genus1,195,2.2639,7,0.018072654286069034
A7,torus_genus1,196,2.2756,7,0.0206951883593792
A7,torus_genus1,197,2.2872,7,0.020014233015926183
A7,torus_genus1,198,2.2988,6,0.014356176870356575
A7,torus_genus1,199,2.3104,6,0.015742506778414378
A7,torus_genus1,200,2.322,6,0.01700830243381405
A7,torus_genus1,201,2.3336,6,0.02186210406735892
A7,torus_genus1,202,2.3452,5,0.021637055022748552
A7,torus_genus1,203,2.3568,5,0.022777294272795925
A7,torus_genus1,204,2.3684,6,0.028426481607813525
A7,torus_genus1,205,2.38,4,0.03349140801756883
A7,torus_genus1,206,2.3917,4,0.02404887537796118
A7,torus_genus1,207,2.4033,2,0.017095411757982317
A7,torus_genus1,208,2.4149,2,0.010378021362106058
A7,torus_genus1,209,2.4265,0,0.0
A7,torus_genus1,210,2.4381,0,0.0
A7,torus_genus1,211,2.4497,1,0.028169014012111457
A7,torus_genus1,212,2.4613,1,0.012340063728592452
A7,torus_genus1,213,2.4729,1,0.028169014053024428
A7,torus_genus1,214,2.4845,0,0.0
A7,torus_genus1,215,2.4961,0,0.0
A7,torus_genus1,216,2.5078,0,0.0
A7,torus_genus1,217,2.5194,0,0.0
A7,torus_genus1,218,2.531,0,0.0
A7,torus_genus1,219,2.5426,0,0.0
A7,torus_genus1,220,2.5542,0,0.0
A7,torus_genus1,221,2.5658,1,0.018653395209082695
A7,torus_genus1,222,2.5774,1,0.02266217576702691
A7,torus_genus1,223,2.589,0,0.0
A7,torus_genus1,224,2.6006,1,0.0009815879839312233
A7,torus_genus1,225,2.6122,1,0.028169014148181622
A7,torus_genus1,226,2.6239,1,0.028169014148181622
A7,torus_genus1,227,2.6355,1,0.028169014148181622
A7,torus_genus1,228,2.6471,1,0.028169014148181622
A7,torus_genus1,229,2.6587,1,0.028169014148181622
A7,torus_genus1,230,2.6703,1,0.028169014148181622
A7,torus_genus1,231,2.6819,1,0.024791096520680633
A7,torus_genus1,232,2.6935,1,0.022280096753193285
A7,torus_genus1,233,2.7051,1,0.012156150153644985
A7,torus_genus1,234,2.7167,1,0.0102150680738388
A7,torus_genus1,235,2.7283,2,0.01454840897874331
A7,torus_genus1,236,2.74,1,0.01103150968827399
A7,torus_genus1,237,2.7516,1,0.0067251303979263075
A7,torus_genus1,238,2.7632,1,0.008219451917614036
A7,torus_genus1,239,2.7748,1,0.0102150680738388
A7,torus_genus1,240,2.7864,1,0.012558548002133855
A7,torus_genus1,241,2.798,2,0.017353914176866422
A7,torus_genus1,242,2.8096,2,0.01252860830513789
A7,torus_genus1,243,2.8212,1,0.0102150680738388
A7,torus_genus1,244,2.8328,1,0.009695220988215944
A7,torus_genus1,245,2.8444,1,0.01154655120087186
A7,torus_genus1,246,2.8561,1,0.00864501136159104
A7,torus_genus1,247,2.8677,1,0.008116668899937033
A7,torus_genus1,248,2.8793,1,0.010109264754162267
A7,torus_genus1,249,2.8909,2,0.01146010519765187
A7,torus_genus1,250,2.9025,1,0.023915943158949945
A7,torus_genus1,251,2.9141,3,0.01658189618309466
A7,torus_genus1,252,2.9257,7,0.026970629384191886
A7,torus_genus1,253,2.9373,11,0.028396928121982964
A7,torus_genus1,254,2.9489,12,0.025182931520749685
A7,torus_genus1,255,2.9605,3,0.012777240613154045
A7,torus_genus1,256,2.9722,6,0.02529731664457881
A7,torus_genus1,257,2.9838,16,0.02574058449941704
A7,torus_genus1,258,2.9954,5,0.014225177456467576
A7,torus_genus1,259,3.007,5,0.011049916686709106
A7,torus_genus1,260,3.0186,4,0.010953764425789
A7,torus_genus1,261,3.0302,5,0.01756894946144223
A7,torus_genus1,262,3.0418,5,0.017194291322741032
A7,torus_genus1,263,3.0534,5,0.015286147738636601
A7,torus_genus1,264,3.065,9,0.016197408355405753
A7,torus_genus1,265,3.0766,6,0.023781855826526654
A7,torus_genus1,266,3.0883,5,0.013260528415308144
A7,torus_genus1,267,3.0999,5,0.010543387441959621
A7,torus_genus1,268,3.1115,9,0.023984502009757228
A7,torus_genus1,269,3.1231,10,0.028504094954945963
A7,torus_genus1,270,3.1347,12,0.027834731246665134
A7,torus_genus1,271,3.1463,12,0.034116008276424005
A7,torus_genus1,272,3.1579,15,0.06928899659742689
A7,torus_genus1,273,3.1695,17,0.04160137575696902
A7,torus_genus1,274,3.1811,18,0.04833314425701965
A7,torus_genus1,275,3.1927,15,0.04917278013006313
A7,torus_genus1,276,3.2044,14,0.04392425343488314
A7,torus_genus1,277,3.216,13,0.02867656661689895
A7,torus_genus1,278,3.2276,10,0.019822413545011228
A7,torus_genus1,279,3.2392,8,0.02280594986066168
A7,torus_genus1,280,3.2508,7,0.01825428904780106
A7,torus_genus1,281,3.2624,7,0.018489618651903867
A7,torus_genus1,282,3.274,7,0.020131363907951488
A7,torus_genus1,283,3.2856,6,0.020384302711375746
A7,torus_genus1,284,3.2972,6,0.014483892399143817
A7,torus_genus1,285,3.3088,6,0.015422539953918644
A7,torus_genus1,286,3.3205,6,0.01653735557800309
A7,torus_genus1,287,3.3321,5,0.02121421461064304
A7,torus_genus1,288,3.3437,5,0.02351676472367863
A7,torus_genus1,289,3.3553,5,0.022404160737742172
A7,torus_genus1,290,3.3669,6,0.026286948828789104
A7,torus_genus1,291,3.3785,4,0.033964499630209775
A7,torus_genus1,292,3.3901,4,0.025550428840695843
A7,torus_genus1,293,3.4017,2,0.016954640964627878
A7,torus_genus1,294,3.4133,2,0.012246021868226984
A7,torus_genus1,295,3.4249,1,0.00228031294375726
A7,torus_genus1,296,3.4366,0,0.0
A7,torus_genus1,297,3.4482,1,0.028169014012111457
A7,torus_genus1,298,3.4598,0,0.0
A7,torus_genus1,299,3.4714,1,0.028169014053024428
A7,torus_genus1,300,3.483,1,0.004678441554947816
A7,torus_genus1,301,3.4946,0,0.0
A7,torus_genus1,302,3.5062,0,0.0
A7,torus_genus1,303,3.5178,0,0.0
A7,torus_genus1,304,3.5294,0,0.0
A7,torus_genus1,305,3.541,0,0.0
A7,torus_genus1,306,3.5527,0,0.0
A7,torus_genus1,307,3.5643,1,0.015815985106681068
A7,torus_genus1,308,3.5759,1,0.028169014053024428
A7,torus_genus1,309,3.5875,0,0.0
A7,torus_genus1,310,3.5991,0,0.0
A7,torus_genus1,311,3.6107,1,0.028169014148181622
A7,torus_genus1,312,3.6223,1,0.028169014148181622
A7,torus_genus1,313,3.6339,1,0.028169014148181622
A7,torus_genus1,314,3.6455,1,0.028169014148181622
A7,torus_genus1,315,3.6571,1,0.028169014148181622
A7,torus_genus1,316,3.6688,1,0.028169014148181622
A7,torus_genus1,317,3.6804,1,0.025392240502004223
A7,torus_genus1,318,3.692,1,0.022280096753193285
A7,torus_genus1,319,3.7036,1,0.01123941662954363
A7,torus_genus1,320,3.7152,1,0.010730109586436672
A7,torus_genus1,321,3.7268,1,0.012055858243978819
A7,torus_genus1,322,3.7384,1,0.011937263681077052
A7,torus_genus1,323,3.75,1,0.007691109455960029
A7,torus_genus1,324,3.7616,1,0.008745976434223292
A7,torus_genus1,325,3.7732,1,0.008745976434223292
A7,torus_genus1,326,3.7849,1,0.012558548002133855
A7,torus_genus1,327,3.7965,2,0.014250113634506921
A7,torus_genus1,328,3.8081,2,0.014476031966981448
A7,torus_genus1,329,3.8197,1,0.010629111839785122
A7,torus_genus1,330,3.8313,1,0.0102150680738388
A7,torus_genus1,331,3.8429,1,0.01154655120087186
A7,torus_genus1,332,3.8545,1,0.00864501136159104
A7,torus_genus1,333,3.8661,1,0.008116668899937033
A7,torus_genus1,334,3.8777,1,0.00905905512753736
A7,torus_genus1,335,3.8893,1,0.0102150680738388
A7,torus_genus1,336,3.901,1,0.0230267619420326
A7,torus_genus1,337,3.9126,2,0.0273614963381995
A7,torus_genus1,338,3.9242,5,0.02965469898780789
A7,torus_genus1,339,3.9358,9,0.02504702897222146
A7,torus_genus1,340,3.9474,12,0.022854693669501012
A7,torus_genus1,341,3.959,3,0.013262515140567064
A7,torus_genus1,342,3.9706,7,0.022256103635568153
A7,torus_genus1,343,3.9822,12,0.030000837976201
A7,torus_genus1,344,3.9938,5,0.014936286005047351
A7,torus_genus1,345,4.0054,5,0.01219179467943068
A7,torus_genus1,346,4.0171,4,0.010645730320762796
A7,torus_genus1,347,4.0287,5,0.015420304009222556
A7,torus_genus1,348,4.0403,5,0.018208059266389423
A7,torus_genus1,349,4.0519,5,0.015396217828583678
A7,torus_genus1,350,4.0635,8,0.01898747997733839
A7,torus_genus1,351,4.0751,6,0.024844431824235895
A7,torus_genus1,352,4.0867,5,0.013022644393496707
A7,torus_genus1,353,4.0983,5,0.011666825023952472
A7,torus_genus1,354,4.1099,10,0.023974130368674827
A7,torus_genus1,355,4.1215,10,0.032707046660222006
A7,torus_genus1,356,4.1332,12,0.02972651917199267
A7,torus_genus1,357,4.1448,12,0.03156463704863327
A7,torus_genus1,358,4.1564,15,0.07672494349674489
A7,torus_genus1,359,4.168,16,0.04698359871941341
A7,torus_genus1,360,4.1796,18,0.04193204148851259
A7,torus_genus1,361,4.1912,16,0.0542114374913398
A7,torus_genus1,362,4.2028,14,0.04152689840791954
A7,torus_genus1,363,4.2144,13,0.02734465513771169
A7,torus_genus1,364,4.226,10,0.020594551322945437
A7,torus_genus1,365,4.2376,8,0.024745309408822552
A7,torus_genus1,366,4.2493,7,0.018121003201809177
A7,torus_genus1,367,4.2609,7,0.019894059383898658
A7,torus_genus1,368,4.2725,7,0.020260103367983572
A7,torus_genus1,369,4.2841,6,0.021627180062801427
A7,torus_genus1,370,4.2957,6,0.014743873735548977
A7,torus_genus1,371,4.3073,6,0.015243666108029304
A7,torus_genus1,372,4.3189,6,0.016686726345274284
A7,torus_genus1,373,4.3305,6,0.01948148209185444
A7,torus_genus1,374,4.3421,5,0.024871704138182037
A7,torus_genus1,375,4.3537,5,0.02075895173344442
A7,torus_genus1,376,4.3654,5,0.02694269390621757
A7,torus_genus1,377,4.377,4,0.035455800435560576
A7,torus_genus1,378,4.3886,4,0.027452567150262695
A7,torus_genus1,379,4.4002,2,0.01764791421619146
A7,torus_genus1,380,4.4118,2,0.013105924326717052
A7,torus_genus1,381,4.4234,1,0.0036787593317027085
A7,torus_genus1,382,4.435,0,0.0
A7,torus_genus1,383,4.4466,1,0.019076609414166498
A7,torus_genus1,384,4.4582,0,0.0
A7,torus_genus1,385,4.4698,1,0.028169014053024428
A7,torus_genus1,386,4.4815,1,0.008846992250590277
A7,torus_genus1,387,4.4931,0,0.0
A7,torus_genus1,388,4.5047,0,0.0
A7,torus_genus1,389,4.5163,0,0.0
A7,torus_genus1,390,4.5279,0,0.0
A7,torus_genus1,391,4.5395,0,0.0
A7,torus_genus1,392,4.5511,0,0.0
A7,torus_genus1,393,4.5627,1,0.012755175225300265
A7,torus_genus1,394,4.5743,1,0.028169014053024428
A7,torus_genus1,395,4.5859,0,0.0
A7,torus_genus1,396,4.5976,0,0.0
A7,torus_genus1,397,4.6092,1,0.02284768206900559
A7,torus_genus1,398,4.6208,1,0.028169014148181622
A7,torus_genus1,399,4.6324,1,0.028169014148181622
A7,torus_genus1,400,4.644,1,0.028169014148181622
A7,torus_genus1,401,4.6556,1,0.028169014148181622
A7,torus_genus1,402,4.6672,1,0.028169014148181622
A7,torus_genus1,403,4.6788,1,0.02657284282052575
A7,torus_genus1,404,4.6904,1,0.022926501771781946
A7,torus_genus1,405,4.702,2,0.014321612021887935
A7,torus_genus1,406,4.7137,1,0.009789508629861795
A7,torus_genus1,407,4.7253,1,0.01154655120087186
A7,torus_genus1,408,4.7369,2,0.013688295383094466
A7,torus_genus1,409,4.7485,1,0.007691109455960029
A7,torus_genus1,410,4.7601,1,0.008219451917614036
A7,torus_genus1,411,4.7717,1,0.008745976434223292
A7,torus_genus1,412,4.7833,1,0.012558548002133855
A7,torus_genus1,413,4.7949,1,0.01154655120087186
A7,torus_genus1,414,4.8065,2,0.014476031966981448
A7,torus_genus1,415,4.8181,1,0.009695220988215944
A7,torus_genus1,416,4.8298,1,0.0102150680738388
A7,torus_genus1,417,4.8414,1,0.012055858243978819
A7,torus_genus1,418,4.853,1,0.009695220988215944
A7,torus_genus1,419,4.8646,1,0.008116668899937033
A7,torus_genus1,420,4.8762,1,0.008116668899937033
A7,torus_genus1,421,4.8878,1,0.009695220988215944
A7,torus_genus1,422,4.8994,1,0.02173603251888223
A7,torus_genus1,423,4.911,2,0.03318721666854556
A7,torus_genus1,424,4.9226,5,0.018273669684411863
A7,torus_genus1,425,4.9342,8,0.015437040543053204
A7,torus_genus1,426,4.9459,12,0.026102941902719893
A7,torus_genus1,427,4.9575,3,0.01531665435943069
A7,torus_genus1,428,4.9691,7,0.019874049451800883
A7,torus_genus1,429,4.9807,11,0.020686208021400188
A7,torus_genus1,430,4.9923,5,0.016441594444792984
A7,torus_genus1,431,5.0039,5,0.013654497819697202
A7,torus_genus1,432,5.0155,4,0.009945367698116313
A7,torus_genus1,433,5.0271,5,0.015775988455227274
A7,torus_genus1,434,5.0387,6,0.017503546020166058
A7,torus_genus1,435,5.0503,4,0.014127472243287675
A7,torus_genus1,436,5.062,7,0.02348516151056513
A7,torus_genus1,437,5.0736,8,0.02176001928219648
A7,torus_genus1,438,5.0852,6,0.010456747670629095
A7,torus_genus1,439,5.0968,5,0.013259012458818272
A7,torus_genus1,440,5.1084,9,0.021465279558842927
A7,torus_genus1,441,5.12,10,0.037802179799097786
A7,torus_genus1,442,5.1316,12,0.028641976888481274
A7,torus_genus1,443,5.1432,11,0.022623619736890806
A7,torus_genus1,444,5.1548,14,0.06248965532729948
A7,torus_genus1,445,5.1664,18,0.053650691056156684
A7,torus_genus1,446,5.178,18,0.039657280195867936
A7,torus_genus1,447,5.1897,16,0.06889573406294847
A7,torus_genus1,448,5.2013,14,0.03897767006323757
A7,torus_genus1,449,5.2129,14,0.027680408279760614
A7,torus_genus1,450,5.2245,10,0.021656774694557877
A7,torus_genus1,451,5.2361,8,0.02634405072289294
A7,torus_genus1,452,5.2477,7,0.017587603778286547
A7,torus_genus1,453,5.2593,7,0.01972142122645847
A7,torus_genus1,454,5.2709,7,0.018357342776740095
A7,torus_genus1,455,5.2825,6,0.022950080853530123
A7,torus_genus1,456,5.2941,6,0.015144689369218178
A7,torus_genus1,457,5.3058,6,0.014831990618378758
A7,torus_genus1,458,5.3174,6,0.016213328353312295
A7,torus_genus1,459,5.329,6,0.018677456849617132
A7,torus_genus1,460,5.3406,5,0.024866584801300426
A7,torus_genus1,461,5.3522,5,0.021304109292000262
A7,torus_genus1,462,5.3638,5,0.025464266168673814
A7,torus_genus1,463,5.3754,5,0.032465356534364116
A7,torus_genus1,464,5.387,4,0.027926471893641554
A7,torus_genus1,465,5.3986,2,0.018106348251376747
A7,torus_genus1,466,5.4102,2,0.014618898315364521
A7,torus_genus1,467,5.4219,1,0.004563068490299408
A7,torus_genus1,468,5.4335,0,0.0
A7,torus_genus1,469,5.4451,1,0.006901254163261646
A7,torus_genus1,470,5.4567,0,0.0
A7,torus_genus1,471,5.4683,1,0.028169014053024428
A7,torus_genus1,472,5.4799,1,0.010714456285036335
A7,torus_genus1,473,5.4915,0,0.0
A7,torus_genus1,474,5.5031,0,0.0
A7,torus_genus1,475,5.5147,0,0.0
A7,torus_genus1,476,5.5263,0,0.0
A7,torus_genus1,477,5.538,0,0.0
A7,torus_genus1,478,5.5496,0,0.0
A7,torus_genus1,479,5.5612,0,0.0
A7,torus_genus1,480,5.5728,1,0.028169014053024428
A7,torus_genus1,481,5.5844,0,0.0
A7,torus_genus1,482,5.596,0,0.0
A7,torus_genus1,483,5.6076,1,0.017907081415319288
A7,torus_genus1,484,5.6192,1,0.028169014148181622
A7,torus_genus1,485,5.6308,1,0.028169014148181622
A7,torus_genus1,486,5.6424,1,0.028169014148181622
A7,torus_genus1,487,5.6541,1,0.028169014148181622
A7,torus_genus1,488,5.6657,1,0.028169014148181622
A7,torus_genus1,489,5.6773,1,0.027453771122198392
A7,torus_genus1,490,5.6889,1,0.022926501771781946
A7,torus_genus1,491,5.7005,2,0.018756380045757564
A7,torus_genus1,492,5.7121,1,0.010730109586436672
A7,torus_genus1,493,5.7237,1,0.010629111839785122
A7,torus_genus1,494,5.7353,2,0.014039101935636351
A7,torus_genus1,495,5.7469,1,0.007691109455960029
A7,torus_genus1,496,5.7585,1,0.007782596925409287
A7,torus_genus1,497,5.7702,1,0.009695220988215944
A7,torus_genus1,498,5.7818,1,0.013540816252082238
A7,torus_genus1,499,5.7934,1,0.01154655120087186
A7,torus_genus1,500,5.805,2,0.016567756209468026
A7,torus_genus1,501,5.8166,1,0.009695220988215944
A7,torus_genus1,502,5.8282,1,0.009695220988215944
A7,torus_genus1,503,5.8398,1,0.01154655120087186
A7,torus_genus1,504,5.8514,1,0.010629111839785122
A7,torus_genus1,505,5.863,1,0.00864501136159104
A7,torus_genus1,506,5.8746,1,0.008116668899937033
A7,torus_genus1,507,5.8863,1,0.0102150680738388
A7,torus_genus1,508,5.8979,2,0.01846632490087264
A7,torus_genus1,509,5.9095,2,0.03779648098036833
A7,torus_genus1,510,5.9211,4,0.013196579339926306
A7,torus_genus1,511,5.9327,9,0.024091921941880087
A7,torus_genus1,512,5.9443,11,0.03420695502299145
A7,torus_genus1,513,5.9559,3,0.01810564617430233
A7,torus_genus1,514,5.9675,4,0.01370865544065824
A7,torus_genus1,515,5.9791,9,0.017295644203386026
A7,torus_genus1,516,5.9907,6,0.012105805300525173
A7,torus_genus1,517,6.0024,5,0.013957286737188348
A7,torus_genus1,518,6.014,4,0.009528435887639361
A7,torus_genus1,519,6.0256,5,0.015247125262784213
A7,torus_genus1,520,6.0372,6,0.01647759492843597
A7,torus_genus1,521,6.0488,4,0.015212514611123006
A7,torus_genus1,522,6.0604,6,0.020996147335946923
A7,torus_genus1,523,6.072,8,0.01971361871309881
A7,torus_genus1,524,6.0836,6,0.012644559646213794
A7,torus_genus1,525,6.0952,5,0.01348886456088204
A7,torus_genus1,526,6.1068,7,0.013769528403374334
A7,torus_genus1,527,6.1185,10,0.03401780397764207
A7,torus_genus1,528,6.1301,12,0.023168640817038882
A7,torus_genus1,529,6.1417,11,0.020979775577298517
A7,torus_genus1,530,6.1533,13,0.05529531436867351
A7,torus_genus1,531,6.1649,17,0.05090582440892295
A7,torus_genus1,532,6.1765,18,0.03980864841711042
A7,torus_genus1,533,6.1881,16,0.06291266738243793
A7,torus_genus1,534,6.1997,15,0.039484682668453716
A7,torus_genus1,535,6.2113,15,0.02734758929944444
A7,torus_genus1,536,6.2229,11,0.025012935897297663
A7,torus_genus1,537,6.2346,8,0.025382620111636785
A7,torus_genus1,538,6.2462,7,0.017802470315699117
A7,torus_genus1,539,6.2578,7,0.021122103041764154
A7,torus_genus1,540,6.2694,7,0.018699234931535535
A7,torus_genus1,541,6.281,7,0.02133616503552117
A7,torus_genus1,542,6.2926,6,0.014454149466801892
A7,torus_genus1,543,6.3042,6,0.013747349670998268
A7,torus_genus1,544,6.3158,6,0.016481932799992657
A7,torus_genus1,545,6.3274,6,0.01849326918890713
A7,torus_genus1,546,6.339,6,0.024172308619757273
A7,torus_genus1,547,6.3507,5,0.022355812994973388
A7,torus_genus1,548,6.3623,5,0.025095327008839513
A7,torus_genus1,549,6.3739,5,0.029692126028513895
A7,torus_genus1,550,6.3855,4,0.02973832634289952
A7,torus_genus1,551,6.3971,3,0.017702294576733536
A7,torus_genus1,552,6.4087,2,0.0156152308693106
A7,torus_genus1,553,6.4203,1,0.005168357365194483
A7,torus_genus1,554,6.4319,0,0.0
A7,torus_genus1,555,6.4435,0,0.0
A7,torus_genus1,556,6.4551,1,0.0113055531109843
A7,torus_genus1,557,6.4668,1,0.028169014053024428
A7,torus_genus1,558,6.4784,1,0.012732166240350055
A7,torus_genus1,559,6.49,0,0.0
A7,torus_genus1,560,6.5016,0,0.0
A7,torus_genus1,561,6.5132,0,0.0
A7,torus_genus1,562,6.5248,0,0.0
A7,torus_genus1,563,6.5364,0,0.0
A7,torus_genus1,564,6.548,0,0.0
A7,torus_genus1,565,6.5596,0,0.0
A7,torus_genus1,566,6.5712,1,0.028169014053024428
A7,torus_genus1,567,6.5829,2,0.005612814739876909
A7,torus_genus1,568,6.5945,0,0.0
A7,torus_genus1,569,6.6061,2,0.012184600012126281
A7,torus_genus1,570,6.6177,1,0.028169014148181622
A7,torus_genus1,571,6.6293,1,0.028169014148181622
A7,torus_genus1,572,6.6409,1,0.028169014148181622
A7,torus_genus1,573,6.6525,1,0.028169014148181622
A7,torus_genus1,574,6.6641,1,0.028169014148181622
A7,torus_genus1,575,6.6757,1,0.028169014148181622
A7,torus_genus1,576,6.6873,1,0.022926501771781946
A7,torus_genus1,577,6.699,1,0.02106663507482826
A7,torus_genus1,578,6.7106,1,0.010730109586436672
A7,torus_genus1,579,6.7222,1,0.009695220988215944
A7,torus_genus1,580,6.7338,2,0.01623798959935559
A7,torus_genus1,581,6.7454,1,0.00864501136159104
A7,torus_genus1,582,6.757,1,0.007254254463755278
A7,torus_genus1,583,6.7686,1,0.008745976434223292
A7,torus_genus1,584,6.7802,1,0.013540816252082238
A7,torus_genus1,585,6.7918,1,0.012055858243978819
A7,torus_genus1,586,6.8034,1,0.02183642614600158
A7,torus_genus1,587,6.8151,1,0.010109264754162267
A7,torus_genus1,588,6.8267,1,0.0102150680738388
A7,torus_genus1,589,6.8383,1,0.010629111839785122
A7,torus_genus1,590,6.8499,1,0.010629111839785122
A7,torus_genus1,591,6.8615,1,0.007691109455960029
A7,torus_genus1,592,6.8731,1,0.00905905512753736
A7,torus_genus1,593,6.8847,1,0.010629111839785122
A7,torus_genus1,594,6.8963,2,0.017160548963306904
A7,torus_genus1,595,6.9079,2,0.036693088992035466
A7,torus_genus1,596,6.9195,3,0.01866857194927519
A7,torus_genus1,597,6.9312,8,0.02317058989745008
A7,torus_genus1,598,6.9428,12,0.025851982119401595
A7,torus_genus1,599,6.9544,3,0.018756199924021694
A7,torus_genus1,600,6.966,2,0.008615735378262044
A7,torus_genus1,601,6.9776,9,0.017581393648139838
A7,torus_genus1,602,6.9892,6,0.009783182273636584
A7,torus_genus1,603,7.0008,5,0.013429724843003709
A7,torus_genus1,604,7.0124,4,0.010551947014386744
A7,torus_genus1,605,7.024,5,0.01566587455977786
A7,torus_genus1,606,7.0356,5,0.017456959124766008
A7,torus_genus1,607,7.0473,4,0.015351575326416738
A7,torus_genus1,608,7.0589,5,0.01864937317691423
A7,torus_genus1,609,7.0705,8,0.018587262464927375
A7,torus_genus1,610,7.0821,7,0.020396289513956035
A7,torus_genus1,611,7.0937,5,0.014596070056111276
A7,torus_genus1,612,7.1053,6,0.01683299276538584
A7,torus_genus1,613,7.1169,9,0.020753256683271163
A7,torus_genus1,614,7.1285,11,0.017797891558154415
A7,torus_genus1,615,7.1401,11,0.020924317671906393
A7,torus_genus1,616,7.1517,12,0.052552550453974944
A7,torus_genus1,617,7.1634,14,0.056176390248975534
A7,torus_genus1,618,7.175,18,0.04037945237526802
A7,torus_genus1,619,7.1866,16,0.06357847648263112
A7,torus_genus1,620,7.1982,15,0.04042637432710331
A7,torus_genus1,621,7.2098,16,0.035458494210001
A7,torus_genus1,622,7.2214,11,0.02787749231261891
A7,torus_genus1,623,7.233,8,0.0229501016143283
A7,torus_genus1,624,7.2446,7,0.016636691897266218
A7,torus_genus1,625,7.2562,7,0.022574161782950707
A7,torus_genus1,626,7.2678,7,0.01899767631884592
A7,torus_genus1,627,7.2795,7,0.02125972794637144
A7,torus_genus1,628,7.2911,6,0.014236517159016731
A7,torus_genus1,629,7.3027,6,0.014124683652443282
A7,torus_genus1,630,7.3143,6,0.016125002669865336
A7,torus_genus1,631,7.3259,6,0.01772585604718625
A7,torus_genus1,632,7.3375,6,0.023271576735253503
A7,torus_genus1,633,7.3491,4,0.02083649883117365
A7,torus_genus1,634,7.3607,5,0.0245353977726332
A7,torus_genus1,635,7.3723,5,0.029335673693971085
A7,torus_genus1,636,7.3839,4,0.030573472134348606
A7,torus_genus1,637,7.3956,3,0.0159448214481583
A7,torus_genus1,638,7.4072,2,0.016093334443262202
A7,torus_genus1,639,7.4188,1,0.00579059972623444
A7,torus_genus1,640,7.4304,0,0.0
A7,torus_genus1,641,7.442,0,0.0
A7,torus_genus1,642,7.4536,1,0.0215462289543232
A7,torus_genus1,643,7.4652,1,0.028169014053024428
A7,torus_genus1,644,7.4768,1,0.015805621823167748
A7,torus_genus1,645,7.4884,0,0.0
A7,torus_genus1,646,7.5,0,0.0
A7,torus_genus1,647,7.5117,0,0.0
A7,torus_genus1,648,7.5233,0,0.0
A7,torus_genus1,649,7.5349,0,0.0
A7,torus_genus1,650,7.5465,0,0.0
A7,torus_genus1,651,7.5581,0,0.0
A7,torus_genus1,652,7.5697,1,0.028169014053024428
A7,torus_genus1,653,7.5813,1,0.014014462044033331
A7,torus_genus1,654,7.5929,0,0.0
A7,torus_genus1,655,7.6045,1,0.006288820326525559
A7,torus_genus1,656,7.6161,1,0.028169014148181622
A7,torus_genus1,657,7.6278,1,0.028169014148181622
A7,torus_genus1,658,7.6394,1,0.028169014148181622
A7,torus_genus1,659,7.651,1,0.028169014148181622
A7,torus_genus1,660,7.6626,1,0.028169014148181622
A7,torus_genus1,661,7.6742,1,0.028169014148181622
A7,torus_genus1,662,7.6858,1,0.023192030889288125
A7,torus_genus1,663,7.6974,1,0.021345320038677038
A7,torus_genus1,664,7.709,1,0.010730109586436672
A7,torus_genus1,665,7.7206,1,0.009695220988215944
A7,torus_genus1,666,7.7322,2,0.016740679357510623
A7,torus_genus1,667,7.7439,1,0.009585579644146617
A7,torus_genus1,668,7.7555,1,0.007254254463755278
A7,torus_genus1,669,7.7671,1,0.008219451917614036
A7,torus_genus1,670,7.7787,1,0.012156150153644985
A7,torus_genus1,671,7.7903,1,0.011144153352382993
A7,torus_genus1,672,7.8019,1,0.02183642614600158
A7,torus_genus1,673,7.8135,1,0.010109264754162267
A7,torus_genus1,674,7.8251,1,0.010730109586436672
A7,torus_genus1,675,7.8367,1,0.010629111839785122
A7,torus_genus1,676,7.8483,1,0.011144153352382993
A7,torus_genus1,677,7.86,1,0.008219451917614036
A7,torus_genus1,678,7.8716,1,0.008116668899937033
A7,torus_genus1,679,7.8832,1,0.010109264754162267
A7,torus_genus1,680,7.8948,2,0.013981216982523779
A7,torus_genus1,681,7.9064,2,0.032104418663608005
A7,torus_genus1,682,7.918,2,0.008893336982647214
A7,torus_genus1,683,7.9296,7,0.02154039441889836
A7,torus_genus1,684,7.9412,11,0.02122361128878734
A7,torus_genus1,685,7.9528,8,0.017326278361640773
A7,torus_genus1,686,7.9644,3,0.010109032053185201
A7,torus_genus1,687,7.9761,9,0.023124538164296445
A7,torus_genus1,688,7.9877,12,0.014726380836956652
A7,torus_genus1,689,7.9993,5,0.013694481125627067
A7,torus_genus1,690,8.0109,4,0.009621990951251902
A7,torus_genus1,691,8.0225,5,0.014900164077790937
A7,torus_genus1,692,8.0341,5,0.01766606152574744
A7,torus_genus1,693,8.0457,4,0.015440401955012282
A7,torus_genus1,694,8.0573,5,0.01613878930763657
A7,torus_genus1,695,8.0689,8,0.0168700956906925
A7,torus_genus1,696,8.0805,7,0.022983309898820158
A7,torus_genus1,697,8.0922,5,0.014766550571052917
A7,torus_genus1,698,8.1038,7,0.016383499567329454
A7,torus_genus1,699,8.1154,10,0.02261304905027869
A7,torus_genus1,700,8.127,11,0.016300058143108778
A7,torus_genus1,701,8.1386,11,0.022579634171002883
A7,torus_genus1,702,8.1502,9,0.038938875640796025
A7,torus_genus1,703,8.1618,16,0.0628570372853633
A7,torus_genus1,704,8.1734,18,0.036107014897702044
A7,torus_genus1,705,8.185,18,0.06254194111637537
A7,torus_genus1,706,8.1966,15,0.04541455889528243
A7,torus_genus1,707,8.2083,14,0.04163597909479745
A7,torus_genus1,708,8.2199,11,0.02957024528839338
A7,torus_genus1,709,8.2315,8,0.021417456099791142
A7,torus_genus1,710,8.2431,7,0.017277415431811907
A7,torus_genus1,711,8.2547,7,0.023678908260888615
A7,torus_genus1,712,8.2663,7,0.01819314519345685
A7,torus_genus1,713,8.2779,7,0.020218807514871782
A7,torus_genus1,714,8.2895,7,0.017923542264690104
A7,torus_genus1,715,8.3011,6,0.0138922098600442
A7,torus_genus1,716,8.3127,6,0.01590568747949504
A7,torus_genus1,717,8.3244,6,0.017614373419659605
A7,torus_genus1,718,8.336,6,0.023282147535920044
A7,torus_genus1,719,8.3476,4,0.02020696294331632
A7,torus_genus1,720,8.3592,5,0.023166297234965112
A7,torus_genus1,721,8.3708,5,0.029979935755153012
A7,torus_genus1,722,8.3824,4,0.03189764769190607
A7,torus_genus1,723,8.394,4,0.019919331935388956
A7,torus_genus1,724,8.4056,2,0.016444141002468056
A7,torus_genus1,725,8.4172,1,0.006431133852277982
A7,torus_genus1,726,8.4288,0,0.0
A7,torus_genus1,727,8.4405,0,0.0
A7,torus_genus1,728,8.4521,1,0.028169014012111457
A7,torus_genus1,729,8.4637,1,0.02359629270850196
A7,torus_genus1,730,8.4753,1,0.018162170730837243
A7,torus_genus1,731,8.4869,0,0.0
A7,torus_genus1,732,8.4985,0,0.0
A7,torus_genus1,733,8.5101,0,0.0
A7,torus_genus1,734,8.5217,0,0.0
A7,torus_genus1,735,8.5333,0,0.0
A7,torus_genus1,736,8.5449,0,0.0
A7,torus_genus1,737,8.5566,0,0.0
A7,torus_genus1,738,8.5682,1,0.02266745130264032
A7,torus_genus1,739,8.5798,1,0.017679524561260464
A7,torus_genus1,740,8.5914,0,0.0
A7,torus_genus1,741,8.603,1,0.004746587667832281
A7,torus_genus1,742,8.6146,1,0.028169014148181622
A7,torus_genus1,743,8.6262,1,0.028169014148181622
A7,torus_genus1,744,8.6378,1,0.028169014148181622
A7,torus_genus1,745,8.6494,1,0.028169014148181622
A7,torus_genus1,746,8.661,1,0.028169014148181622
A7,torus_genus1,747,8.6727,1,0.028169014148181622
A7,torus_genus1,748,8.6843,1,0.02418069944157331
A7,torus_genus1,749,8.6959,1,0.0220099626725566
A7,torus_genus1,750,8.7075,1,0.01123941662954363
A7,torus_genus1,751,8.7191,1,0.009269661544238939
A7,torus_genus1,752,8.7307,2,0.014839324201919475
A7,torus_genus1,753,8.7423,1,0.010109264754162267
A7,torus_genus1,754,8.7539,1,0.007254254463755278
A7,torus_genus1,755,8.7655,1,0.008745976434223292
A7,torus_genus1,756,8.7771,1,0.011653460395489952
A7,torus_genus1,757,8.7888,1,0.011144153352382993
A7,torus_genus1,758,8.8004,2,0.02071031798741471
A7,torus_genus1,759,8.812,1,0.009585579644146617
A7,torus_genus1,760,8.8236,1,0.010730109586436672
A7,torus_genus1,761,8.8352,1,0.010629111839785122
A7,torus_genus1,762,8.8468,1,0.012055858243978819
A7,torus_genus1,763,8.8584,1,0.00864501136159104
A7,torus_genus1,764,8.87,1,0.008116668899937033
A7,torus_genus1,765,8.8816,1,0.010109264754162267
A7,torus_genus1,766,8.8932,1,0.0102150680738388
A7,torus_genus1,767,8.9049,1,0.027177582454198875
A7,torus_genus1,768,8.9165,2,0.00987700157370063
A7,torus_genus1,769,8.9281,7,0.017968780306357825
A7,torus_genus1,770,8.9397,10,0.025546548475420195
A7,torus_genus1,771,8.9513,10,0.021921123635864986
A7,torus_genus1,772,8.9629,3,0.011620508149289836
A7,torus_genus1,773,8.9745,7,0.021021908769519024
A7,torus_genus1,774,8.9861,18,0.023175845887508935
A7,torus_genus1,775,8.9977,5,0.013366451693090167
A7,torus_genus1,776,9.0093,4,0.008828559488648639
A7,torus_genus1,777,9.021,5,0.01417318359006406
A7,torus_genus1,778,9.0326,5,0.017039173749652425
A7,torus_genus1,779,9.0442,4,0.01548093832923312
A7,torus_genus1,780,9.0558,4,0.01497833790699665
A7,torus_genus1,781,9.0674,9,0.015980941766498967
A7,torus_genus1,782,9.079,7,0.02614262572750079
A7,torus_genus1,783,9.0906,5,0.013303416914758342
A7,torus_genus1,784,9.1022,6,0.011829730164149935
A7,torus_genus1,785,9.1138,9,0.018483974148672633
A7,torus_genus1,786,9.1254,12,0.019357776385607598
A7,torus_genus1,787,9.1371,12,0.02113209429988755
A7,torus_genus1,788,9.1487,12,0.020963289288178838
A7,torus_genus1,789,9.1603,16,0.06667963603025004
A7,torus_genus1,790,9.1719,18,0.03594038023439211
A7,torus_genus1,791,9.1835,20,0.06253991164528061
A7,torus_genus1,792,9.1951,15,0.04618787072612938
A7,torus_genus1,793,9.2067,15,0.043685025540653365
A7,torus_genus1,794,9.2183,11,0.03145301224457619
A7,torus_genus1,795,9.2299,8,0.019968360647635342
A7,torus_genus1,796,9.2415,7,0.01669653805941017
A7,torus_genus1,797,9.2532,7,0.020887617462032933
A7,torus_genus1,798,9.2648,7,0.01776620999195222
A7,torus_genus1,799,9.2764,7,0.020247346424508775
A7,torus_genus1,800,9.288,7,0.02000952745049319
A7,torus_genus1,801,9.2996,6,0.013537446264792826
A7,torus_genus1,802,9.3112,6,0.014968579085854052
A7,torus_genus1,803,9.3228,6,0.017114985062293687
A7,torus_genus1,804,9.3344,6,0.02237525730016365
A7,torus_genus1,805,9.346,4,0.01905058248014082
A7,torus_genus1,806,9.3576,5,0.02385175801146188
A7,torus_genus1,807,9.3693,6,0.02816146772553387
A7,torus_genus1,808,9.3809,4,0.033207939827794526
A7,torus_genus1,809,9.3925,4,0.021606128261201823
A7,torus_genus1,810,9.4041,2,0.016592722003600027
A7,torus_genus1,811,9.4157,2,0.008279622204501076
A7,torus_genus1,812,9.4273,0,0.0
A7,torus_genus1,813,9.4389,0,0.0
A7,torus_genus1,814,9.4505,1,0.028169014012111457
A7,torus_genus1,815,9.4621,1,0.01743999280398029
A7,torus_genus1,816,9.4737,1,0.02266217576702691
A7,torus_genus1,817,9.4854,0,0.0
A7,torus_genus1,818,9.497,0,0.0
A7,torus_genus1,819,9.5086,0,0.0
A7,torus_genus1,820,9.5202,0,0.0
A7,torus_genus1,821,9.5318,0,0.0
A7,torus_genus1,822,9.5434,0,0.0
A7,torus_genus1,823,9.555,0,0.0
A7,torus_genus1,824,9.5666,1,0.019635105993343182
A7,torus_genus1,825,9.5782,1,0.020625395073990152
A7,torus_genus1,826,9.5898,0,0.0
A7,torus_genus1,827,9.6015,1,0.00269214201089839
A7,torus_genus1,828,9.6131,1,0.028169014148181622
A7,torus_genus1,829,9.6247,1,0.028169014148181622
A7,torus_genus1,830,9.6363,1,0.028169014148181622
A7,torus_genus1,831,9.6479,1,0.028169014148181622
A7,torus_genus1,832,9.6595,1,0.028169014148181622
A7,torus_genus1,833,9.6711,1,0.028169014148181622
A7,torus_genus1,834,9.6827,1,0.024791096520680633
A7,torus_genus1,835,9.6943,1,0.022280096753193285
A7,torus_genus1,836,9.7059,1,0.011653460395489952
A7,torus_genus1,837,9.7176,1,0.0102150680738388
A7,torus_genus1,838,9.7292,2,0.014197602426201425
A7,torus_genus1,839,9.7408,1,0.010511662602651135
A7,torus_genus1,840,9.7524,1,0.0067251303979263075
A7,torus_genus1,841,9.764,1,0.008745976434223292
A7,torus_genus1,842,9.7756,1,0.011144153352382993
A7,torus_genus1,843,9.7872,1,0.012558548002133855
A7,torus_genus1,844,9.7988,2,0.01939071183467906
A7,torus_genus1,845,9.8104,1,0.010511662602651135
A7,torus_genus1,846,9.822,1,0.0102150680738388
A7,torus_genus1,847,9.8337,1,0.009695220988215944
A7,torus_genus1,848,9.8453,1,0.012055858243978819
A7,torus_genus1,849,9.8569,1,0.00864501136159104
A7,torus_genus1,850,9.8685,1,0.008116668899937033
A7,torus_genus1,851,9.8801,1,0.010109264754162267
A7,torus_genus1,852,9.8917,1,0.0102150680738388
A7,torus_genus1,853,9.9033,1,0.024860926665644375
A7,torus_genus1,854,9.9149,2,0.012236652650766485
A7,torus_genus1,855,9.9265,7,0.0216131977162512
A7,torus_genus1,856,9.9381,11,0.02557742173600842
A7,torus_genus1,857,9.9498,11,0.024083197472875288
