mesh_name,genus,frame_index,beta0,rms,spectral_flux
sphere_genus0,0,0,79,0.267747575527108,0.0
sphere_genus0,0,1,79,0.24681146511002505,656.7259048825316
sphere_genus0,0,2,79,0.17860505117564732,297.5925145940173
sphere_genus0,0,3,74,0.12563491401995003,202.02361949546912
sphere_genus0,0,4,71,0.08968425645270178,146.94310039545235
sphere_genus0,0,5,71,0.06341969879799021,98.6869359737644
sphere_genus0,0,6,78,0.04502514188294281,72.34361834083197
sphere_genus0,0,7,74,0.03338929929898718,53.99498724147293
sphere_genus0,0,8,89,0.026021536514209468,41.40214842253869
sphere_genus0,0,9,84,0.021986191666371422,25.59578623215978
sphere_genus0,0,10,90,0.020110462876722707,20.333359156735884
sphere_genus0,0,11,90,0.01841261239916377,21.70748481227175
sphere_genus0,0,12,89,0.017373153149557136,19.37783287615855
sphere_genus0,0,13,102,0.01608473054606502,13.94129036141427
sphere_genus0,0,14,104,0.014738228333786898,12.4339709028388
sphere_genus0,0,15,96,0.013960966303453231,14.27943905145772
sphere_genus0,0,16,98,0.012783519078466216,10.762511141941397
sphere_genus0,0,17,106,0.012111695677467295,10.473433390421143
sphere_genus0,0,18,99,0.011387728496064772,10.256651586143535
sphere_genus0,0,19,100,0.010700489470680793,8.282870188695107
sphere_genus0,0,20,103,0.010198015259484383,8.391429347895366
sphere_genus0,0,21,106,0.009549786784943117,7.36997575080446
sphere_genus0,0,22,96,0.008925278547154332,6.308848848287711
sphere_genus0,0,23,80,0.008387305485921705,6.575282566446017
sphere_genus0,0,24,77,0.00774496456803052,6.759646516549806
sphere_genus0,0,25,79,0.007275533290363308,6.130052339126277
sphere_genus0,0,26,78,0.006878350844651652,5.681434503885849
sphere_genus0,0,27,75,0.006485545701786004,4.404003246301367
sphere_genus0,0,28,79,0.006269360577399669,3.012973002580283
sphere_genus0,0,29,79,0.006082719412779428,3.1049249625800757
sphere_genus0,0,30,82,0.00586048248132912,3.085866736379479
sphere_genus0,0,31,75,0.005723181870989714,3.0877825870538103
sphere_genus0,0,32,79,0.005575887229057684,2.6633461421583347
sphere_genus0,0,33,80,0.005411473227962275,2.3563140414423387
sphere_genus0,0,34,89,0.005284246382271727,2.6137212365457403
sphere_genus0,0,35,91,0.00516171672997587,2.3660783377807815
sphere_genus0,0,36,85,0.00503750568397539,2.0107768981603034
sphere_genus0,0,37,80,0.004940666782021885,1.7917229286339516
sphere_genus0,0,38,79,0.004838999031729435,1.5303698846720524
sphere_genus0,0,39,87,0.0047521685216671055,1.5982135822043004
sphere_genus0,0,40,88,0.004649746065772542,1.430906014569141
sphere_genus0,0,41,95,0.004565543450877762,1.424990355598768
sphere_genus0,0,42,97,0.004474641905430066,1.4691720603097702
sphere_genus0,0,43,99,0.0043592264210221355,1.2233441502320257
sphere_genus0,0,44,98,0.004227518307532128,1.1008547391749786
sphere_genus0,0,45,98,0.004079762058270766,1.180060423397439
sphere_genus0,0,46,99,0.0039036926844205123,1.2180446938768066
sphere_genus0,0,47,97,0.0036980292250226644,1.3399182632609092
sphere_genus0,0,48,96,0.003493478873921454,1.3712389307965587
sphere_genus0,0,49,99,0.0032635152601467954,1.4348832566083887
sphere_genus0,0,50,88,0.003036229319189257,1.3836016998369438
sphere_genus0,0,51,97,0.0028100377487204438,1.363021452934205
sphere_genus0,0,52,93,0.0025708043376000416,1.3134710296430645
sphere_genus0,0,53,91,0.002337785891594617,1.2249633645737257
sphere_genus0,0,54,95,0.002124446107278009,1.1653155988571808
sphere_genus0,0,55,87,0.0019092927959061666,1.0947247508720415
sphere_genus0,0,56,94,0.0016996714300196666,0.940099867197669
sphere_genus0,0,57,78,0.0015213915248518557,0.8150989377237399
sphere_genus0,0,58,81,0.0013547422836199799,0.8029957051201497
sphere_genus0,0,59,84,0.001195545034714943,0.7063811033277915
sphere_genus0,0,60,74,0.0010569358960782875,0.7322697979096858
sphere_genus0,0,61,77,0.0009432518684891368,0.6718843976503754
sphere_genus0,0,62,89,0.0008423970858096938,0.6060890468563823
sphere_genus0,0,63,90,0.0007565796701146625,0.5589472627706373
sphere_genus0,0,64,86,0.0006956688107178321,0.5112390659996952
sphere_genus0,0,65,76,0.0006520768667879372,0.45122699543673317
sphere_genus0,0,66,81,0.0006129081631607892,0.3560495799580156
sphere_genus0,0,67,91,0.0005842003278243003,0.419141979681422
sphere_genus0,0,68,86,0.0005653081655656867,0.37547762101660065
sphere_genus0,0,69,88,0.0005486368132363537,0.3580515388631469
sphere_genus0,0,70,85,0.0005310909293121324,0.32654352851351487
sphere_genus0,0,71,91,0.0005138767420508284,0.28279574272811203
sphere_genus0,0,72,88,0.0004931140238899525,0.2623484644358935
sphere_genus0,0,73,83,0.0004639355737892983,0.23386322344734717
sphere_genus0,0,74,87,0.00043270507687648405,0.23005645141773262
sphere_genus0,0,75,86,0.000397292790581196,0.24638362001057648
sphere_genus0,0,76,77,0.0003545388009025903,0.21698294400243215
sphere_genus0,0,77,86,0.0003115784334146921,0.2129289190721575
sphere_genus0,0,78,82,0.00026966296999398286,0.20753298020147734
sphere_genus0,0,79,98,0.00022676281670903694,0.1935021132890141
sphere_genus0,0,80,89,0.00018423706280799006,0.19564917290947814
sphere_genus0,0,81,86,0.00015182788240346293,0.1834229991309726
sphere_genus0,0,82,88,0.00015224038787482337,0.19175944457944055
sphere_genus0,0,83,88,0.1059826000667117,50.88234772951712
sphere_genus0,0,84,83,0.20719382734590233,1277.995589016206
sphere_genus0,0,85,82,0.24798438195584352,1209.0469161521105
sphere_genus0,0,86,87,0.2666831859462461,1148.735970658851
sphere_genus0,0,87,78,0.2539187330557585,771.7740082122045
sphere_genus0,0,88,78,0.18712557533547702,315.5286735916061
sphere_genus0,0,89,73,0.13269417831952937,212.31652927691232
sphere_genus0,0,90,75,0.09258033282776891,153.908486413588
sphere_genus0,0,91,62,0.06541060494614231,104.87631625070165
sphere_genus0,0,92,80,0.04710964824551934,75.13659515667341
sphere_genus0,0,93,70,0.034490243283023345,55.9916450980892
sphere_genus0,0,94,83,0.026530311569599428,42.4588887844116
sphere_genus0,0,95,87,0.02244325344432474,28.00492297764355
sphere_genus0,0,96,87,0.020291261332798936,21.610240194859934
sphere_genus0,0,97,90,0.01855821484179634,22.12086609328346
sphere_genus0,0,98,90,0.017570488084945123,18.44694055721901
sphere_genus0,0,99,91,0.016278098657445225,14.202649597621434
sphere_genus0,0,100,102,0.014846133953922465,13.585171597574488
sphere_genus0,0,101,98,0.014099714044443212,14.732390526575156
sphere_genus0,0,102,98,0.012937505855448676,9.850846668753348
sphere_genus0,0,103,103,0.012127654247331265,9.988561762399064
sphere_genus0,0,104,93,0.01150685002849361,10.65384177362793
sphere_genus0,0,105,97,0.010804830254608171,8.176222511714903
sphere_genus0,0,106,95,0.010217648813180555,8.443223178854684
sphere_genus0,0,107,112,0.009626818966742227,7.764430442994394
sphere_genus0,0,108,97,0.009004786463160351,6.552134084943495
sphere_genus0,0,109,91,0.008423524278832558,6.559797316133192
sphere_genus0,0,110,85,0.007839327831270056,6.718667768227408
sphere_genus0,0,111,86,0.007316881169038938,6.342379794268854
sphere_genus0,0,112,79,0.006920535706848195,5.798882704757179
sphere_genus0,0,113,75,0.006586002271698689,4.530262994420797
sphere_genus0,0,114,80,0.006291412807905259,2.889688834921628
sphere_genus0,0,115,82,0.006116288726998476,3.1886174607790103
sphere_genus0,0,116,82,0.005915496264720348,3.2056651255481263
sphere_genus0,0,117,78,0.005711326273566037,3.1270577068774066
sphere_genus0,0,118,73,0.005586212199806031,2.6384718743595332
sphere_genus0,0,119,73,0.005440830296997324,2.3453920175750147
sphere_genus0,0,120,84,0.00527483281431498,2.6153542521746074
sphere_genus0,0,121,87,0.005169165134851685,2.330600370908631
sphere_genus0,0,122,87,0.005067095082694569,1.9903470820099205
sphere_genus0,0,123,86,0.004942114774825912,1.8911304250440213
sphere_genus0,0,124,79,0.0048432064092183095,1.6216276209941531
sphere_genus0,0,125,86,0.004767091781528931,1.5480027236026088
sphere_genus0,0,126,87,0.004670033772167534,1.4202540622286284
sphere_genus0,0,127,96,0.004573806991116557,1.3734759369529914
sphere_genus0,0,128,97,0.0044961333781635094,1.4840262427226862
sphere_genus0,0,129,99,0.004382919029952104,1.265851210468621
sphere_genus0,0,130,102,0.004244270807836699,1.1108145206293967
sphere_genus0,0,131,99,0.00410316431350038,1.1783217693992767
sphere_genus0,0,132,98,0.00393643847364267,1.2250650177936222
sphere_genus0,0,133,97,0.0037235814901865074,1.3380528058609074
sphere_genus0,0,134,95,0.0035147999532692416,1.360566775831125
sphere_genus0,0,135,94,0.003304269953802731,1.4084150904834927
sphere_genus0,0,136,97,0.0030649534357153818,1.4060308856563561
sphere_genus0,0,137,92,0.002831383357623423,1.387823295697126
sphere_genus0,0,138,95,0.0026048595225626634,1.335489829289475
sphere_genus0,0,139,96,0.0023735148043982973,1.2356232650576908
sphere_genus0,0,140,97,0.0021507426387069673,1.1589468312676965
sphere_genus0,0,141,90,0.0019405521467184986,1.1052788306905208
sphere_genus0,0,142,93,0.0017320950512160344,0.9565694051808129
sphere_genus0,0,143,79,0.001548323273762341,0.8333386831318402
sphere_genus0,0,144,78,0.0013760542314807825,0.8046101396070611
sphere_genus0,0,145,90,0.0012160895637506228,0.7139900359342614
sphere_genus0,0,146,76,0.001077162333465177,0.7314579411221257
sphere_genus0,0,147,85,0.0009587302858372051,0.6823564103460598
sphere_genus0,0,148,87,0.0008552409679770897,0.6241050613597013
sphere_genus0,0,149,87,0.0007655867086345719,0.5675553508241264
sphere_genus0,0,150,87,0.0007060380470642348,0.5188280724047164
sphere_genus0,0,151,82,0.000659509183154556,0.46016543870246945
sphere_genus0,0,152,79,0.0006168529866024214,0.348910786555384
sphere_genus0,0,153,84,0.0005899650597124376,0.4190749866250345
sphere_genus0,0,154,89,0.0005691687830266386,0.37813464316012374
sphere_genus0,0,155,88,0.0005497171757622993,0.3650078738660243
sphere_genus0,0,156,86,0.0005327706433524158,0.33349177269305996
sphere_genus0,0,157,93,0.0005169761223226495,0.28858664937024353
sphere_genus0,0,158,84,0.0004950112199804522,0.2643289310856751
sphere_genus0,0,159,73,0.0004679681846430707,0.233717406960072
sphere_genus0,0,160,87,0.00043836368644042256,0.22118655559121117
sphere_genus0,0,161,82,0.0004014686843309286,0.25340351870409067
sphere_genus0,0,162,80,0.00035916898819472645,0.21501558602967405
sphere_genus0,0,163,90,0.0003183090898694705,0.2119920679603175
sphere_genus0,0,164,79,0.0002758273180218814,0.20834670538217914
sphere_genus0,0,165,90,0.00023065093563212673,0.19682873785764796
sphere_genus0,0,166,90,0.00018963566709306366,0.19854236221108224
sphere_genus0,0,167,94,0.0001561913867683659,0.18427521154667742
sphere_genus0,0,168,85,0.00014772941878878434,0.1900034566239782
sphere_genus0,0,169,89,0.07826073793706272,16.331156053572187
sphere_genus0,0,170,83,0.19717382050384605,1073.8020002618432
sphere_genus0,0,171,81,0.24417173205508846,1398.2684594023933
sphere_genus0,0,172,81,0.26470418460875683,1093.1762848198618
sphere_genus0,0,173,76,0.2627828976287186,886.0723648683093
sphere_genus0,0,174,75,0.19700613393449365,335.6623708373245
sphere_genus0,0,175,76,0.13917903786910718,224.35340820971388
sphere_genus0,0,176,71,0.09776492526402901,160.9626566193129
sphere_genus0,0,177,66,0.06910322879093214,111.5836847457749
sphere_genus0,0,178,76,0.04957193709955047,78.0274744645917
sphere_genus0,0,179,73,0.03588492805868318,58.082301001599006
sphere_genus0,0,180,83,0.02750263999179934,43.7421160393214
sphere_genus0,0,181,93,0.02281114089380052,30.49740153279938
sphere_genus0,0,182,81,0.020466882905679537,22.068260073864842
sphere_genus0,0,183,91,0.01875004302440041,21.95630599552682
sphere_genus0,0,184,90,0.017679572456318102,17.317678812497306
sphere_genus0,0,185,87,0.016513851045912107,15.901044386551158
sphere_genus0,0,186,105,0.015003590559316386,14.60795614015877
sphere_genus0,0,187,90,0.014218649058036718,14.694717793500073
sphere_genus0,0,188,93,0.013065721979327477,9.463427460731996
sphere_genus0,0,189,101,0.012223824592116248,9.547946455794893
sphere_genus0,0,190,96,0.011634719262672209,10.976017285521067
sphere_genus0,0,191,103,0.010883926906013103,8.244547379228713
sphere_genus0,0,192,111,0.010304479292497292,8.345364657668906
sphere_genus0,0,193,107,0.009744965189669698,8.10715863855364
sphere_genus0,0,194,100,0.009099850105317272,6.821511671679677
sphere_genus0,0,195,92,0.008484793500150963,6.422418980000509
sphere_genus0,0,196,87,0.007951647383642116,6.601715533598953
sphere_genus0,0,197,85,0.007361122297352338,6.508460530496927
sphere_genus0,0,198,77,0.006943561120439881,5.84433191641664
sphere_genus0,0,199,74,0.00662255012415941,4.630606005709031
sphere_genus0,0,200,80,0.006327753977617414,2.9262527006752244
sphere_genus0,0,201,88,0.006101385874515864,3.244135569777051
sphere_genus0,0,202,74,0.005937918804074782,3.3859230859631326
sphere_genus0,0,203,75,0.005773920318995542,3.08372977395957
sphere_genus0,0,204,72,0.005594274514805802,2.5774841653621134
sphere_genus0,0,205,77,0.005465308637369911,2.377793432740612
sphere_genus0,0,206,88,0.005334830057206205,2.617370731384099
sphere_genus0,0,207,91,0.0051769465007835405,2.253835900168848
sphere_genus0,0,208,83,0.00507291049395856,2.0330350575400433
sphere_genus0,0,209,87,0.004970229622606684,1.9624081075716497
sphere_genus0,0,210,77,0.00484870665148106,1.7012393164240247
sphere_genus0,0,211,91,0.004763078678630482,1.4668946994909422
sphere_genus0,0,212,84,0.004687290898605778,1.4514647232495983
sphere_genus0,0,213,94,0.004591536599323822,1.3620942470918804
sphere_genus0,0,214,100,0.0044865518617441735,1.4843505503025425
sphere_genus0,0,215,101,0.004392953742861259,1.296196659418102
sphere_genus0,0,216,104,0.0042698737085803545,1.1330359267253238
sphere_genus0,0,217,97,0.004114471487616342,1.1738374474424018
sphere_genus0,0,218,92,0.0039512162789247345,1.2372198122415718
sphere_genus0,0,219,97,0.0037652819743236817,1.3226062499930484
sphere_genus0,0,220,100,0.003539836739541975,1.345502626232849
sphere_genus0,0,221,97,0.0033286913128166696,1.3771333583134404
sphere_genus0,0,222,99,0.00310672095928996,1.4392664370831756
sphere_genus0,0,223,95,0.002855295849692072,1.4126482748985578
sphere_genus0,0,224,94,0.002632189566668785,1.353975827672606
sphere_genus0,0,225,97,0.0024118479807931515,1.2414524035583971
sphere_genus0,0,226,99,0.002174650868298158,1.1504419815621065
sphere_genus0,0,227,90,0.0019598223782144337,1.108908285630261
sphere_genus0,0,228,91,0.0017632034990256833,0.9853902362272966
sphere_genus0,0,229,87,0.0015707885538347138,0.8618926311959416
sphere_genus0,0,230,84,0.0013912926512119157,0.8032948660534787
sphere_genus0,0,231,86,0.0012335715488113752,0.7221662819862812
sphere_genus0,0,232,74,0.0010982134882175786,0.7350902006879674
sphere_genus0,0,233,84,0.0009709982542009274,0.6967469644981725
sphere_genus0,0,234,90,0.0008608810618905806,0.6332525681140928
sphere_genus0,0,235,89,0.0007786278922318788,0.5714335686339485
sphere_genus0,0,236,81,0.0007125207286551342,0.5290943254061327
sphere_genus0,0,237,84,0.0006608493538533481,0.4747099291841805
sphere_genus0,0,238,81,0.0006210907092541799,0.36291327387681965
sphere_genus0,0,239,84,0.0005942241177283995,0.41204892398227266
sphere_genus0,0,240,83,0.0005713327428640197,0.3844303861161462
sphere_genus0,0,241,91,0.0005515983319175728,0.3705428420254244
sphere_genus0,0,242,92,0.0005361744265968989,0.3360907819310262
sphere_genus0,0,243,90,0.0005193385778088129,0.29235393393054826
sphere_genus0,0,244,84,0.0004984468611027062,0.2660197279236781
sphere_genus0,0,245,77,0.0004724012952814327,0.23663766298213323
sphere_genus0,0,246,84,0.0004426824980690718,0.21468508890750615
sphere_genus0,0,247,82,0.0004058023757398516,0.25740990267494207
sphere_genus0,0,248,81,0.0003651779096263694,0.21181597319774714
sphere_genus0,0,249,89,0.00032505718027157866,0.2101740412394953
sphere_genus0,0,250,78,0.0002810977209966176,0.20957429544994677
sphere_genus0,0,251,85,0.00023596968853128558,0.2002809234032696
sphere_genus0,0,252,91,0.00019522609102124615,0.19943976197746777
sphere_genus0,0,253,91,0.00016072488476782468,0.18507887261789274
sphere_genus0,0,254,85,0.00014468753406708676,0.18979550335412865
sphere_genus0,0,255,100,0.028578379564964177,2.7308427369426265
sphere_genus0,0,256,84,0.18899688156837402,856.7272418366018
sphere_genus0,0,257,88,0.24169221304656252,1539.4363132049607
sphere_genus0,0,258,82,0.2628428847446139,1016.2796579998685
sphere_genus0,0,259,80,0.2718094659655503,991.0577553602662
sphere_genus0,0,260,80,0.2044164415467727,358.7075766580618
sphere_genus0,0,261,76,0.14297257763459292,235.83906010231667
sphere_genus0,0,262,71,0.10235792331296234,167.92842371629945
sphere_genus0,0,263,65,0.07228990796734744,119.13027721145748
sphere_genus0,0,264,72,0.05116759592037907,80.95786428595287
sphere_genus0,0,265,78,0.03751688567473793,59.81713898488255
sphere_genus0,0,266,80,0.028428169622402015,44.8087647769801
sphere_genus0,0,267,85,0.02317204236316033,32.985403287067534
sphere_genus0,0,268,90,0.020810632051505205,22.10491149563792
sphere_genus0,0,269,83,0.018950165453148187,21.40032329869773
sphere_genus0,0,270,94,0.017760187231149988,16.649764508014663
sphere_genus0,0,271,89,0.016787969883989767,17.607429033972956
sphere_genus0,0,272,100,0.015121737669970098,15.601687015699053
sphere_genus0,0,273,95,0.014274020739937651,14.351590675221562
sphere_genus0,0,274,97,0.013215511779064196,9.25668777829955
sphere_genus0,0,275,99,0.012335875671524622,9.375938126967926
sphere_genus0,0,276,96,0.011671337914581427,11.149180822978003
sphere_genus0,0,277,95,0.010974594621137755,8.354058414992828
sphere_genus0,0,278,104,0.010392438499742699,8.282104295181343
sphere_genus0,0,279,113,0.009773074036071977,8.405820133651346
sphere_genus0,0,280,103,0.009192102905058855,7.032754870556662
sphere_genus0,0,281,97,0.008586130643270996,6.230325302698867
sphere_genus0,0,282,88,0.00798079935955733,6.522480859918404
sphere_genus0,0,283,88,0.007475297440236152,6.696441986623597
sphere_genus0,0,284,80,0.007007374727912956,5.812359492823162
sphere_genus0,0,285,71,0.0066409961865182094,4.664930559893935
sphere_genus0,0,286,84,0.006389729609606237,3.1126026579408506
sphere_genus0,0,287,85,0.006124866314677336,3.2715216655526387
sphere_genus0,0,288,81,0.005934256979768825,3.485205466932725
sphere_genus0,0,289,74,0.005801432209730197,3.0562949979576404
sphere_genus0,0,290,73,0.005607064955890973,2.6274222395056857
sphere_genus0,0,291,76,0.005453318510183942,2.474999479091882
sphere_genus0,0,292,89,0.005353198488865246,2.5922918764356684
sphere_genus0,0,293,87,0.0052031360772890846,2.155327363839924
sphere_genus0,0,294,83,0.005079618495963873,2.1040843528880533
sphere_genus0,0,295,83,0.004994131171080174,2.0390182361413354
sphere_genus0,0,296,73,0.004872723328445156,1.7484582778709847
sphere_genus0,0,297,86,0.004786581767271432,1.3717484002404978
sphere_genus0,0,298,81,0.004699297082522833,1.509784039129235
sphere_genus0,0,299,87,0.004610606227636089,1.410457369418374
sphere_genus0,0,300,104,0.004510682907839198,1.462113123927511
sphere_genus0,0,301,97,0.0044051369447814905,1.318226324349531
sphere_genus0,0,302,101,0.004291442926562795,1.1786606764684116
sphere_genus0,0,303,91,0.004144061503538728,1.1446803379907418
sphere_genus0,0,304,89,0.003963355445279777,1.2414056858100553
sphere_genus0,0,305,92,0.0037818188600611774,1.3054731666214932
sphere_genus0,0,306,95,0.003581875891801062,1.3401211479200006
sphere_genus0,0,307,97,0.0033453321131700292,1.3629517022844062
sphere_genus0,0,308,94,0.003130616357868761,1.4477705459460113
sphere_genus0,0,309,95,0.002895367599758521,1.414231007332258
sphere_genus0,0,310,97,0.0026603158878470154,1.3430502543940341
sphere_genus0,0,311,96,0.002439604253213237,1.246743666731812
sphere_genus0,0,312,95,0.002209871653710292,1.145620176096735
sphere_genus0,0,313,91,0.001989845752974921,1.118308032407448
sphere_genus0,0,314,93,0.0017918683459339656,1.0230894465562537
sphere_genus0,0,315,89,0.0015973141232950613,0.8780720188402202
sphere_genus0,0,316,83,0.0014132136792641458,0.7954526242438381
sphere_genus0,0,317,84,0.0012561506526949364,0.7383844205063018
sphere_genus0,0,318,80,0.001117666867500027,0.7400336764636752
sphere_genus0,0,319,84,0.0009873537632628922,0.7117705346172505
sphere_genus0,0,320,78,0.0008740058327988359,0.6378285977770535
sphere_genus0,0,321,90,0.0007932081794325977,0.5788955791288339
sphere_genus0,0,322,88,0.0007232972335975533,0.5390326728170194
sphere_genus0,0,323,80,0.0006641562579351658,0.48665039383359054
sphere_genus0,0,324,80,0.0006283663741920334,0.3866604893155302
sphere_genus0,0,325,80,0.0005975716338578325,0.4024015456248079
sphere_genus0,0,326,86,0.0005718061098016132,0.38960304621949654
sphere_genus0,0,327,91,0.0005540517005095597,0.37539020067433876
sphere_genus0,0,328,89,0.0005378456185556832,0.33637433060430766
sphere_genus0,0,329,92,0.0005212454106380893,0.294119582321555
sphere_genus0,0,330,89,0.0005012582325131132,0.2703435052702069
sphere_genus0,0,331,79,0.00047676330530418824,0.24463782485841923
sphere_genus0,0,332,79,0.00044554551983639983,0.21651702601183842
sphere_genus0,0,333,86,0.0004107120507146432,0.25989488175727005
sphere_genus0,0,334,78,0.00037197306962248253,0.21382450972698286
sphere_genus0,0,335,88,0.00033018040598351857,0.20912888611214692
sphere_genus0,0,336,78,0.00028594267513587914,0.208938944399462
sphere_genus0,0,337,83,0.00024219507895491816,0.2023396993718663
sphere_genus0,0,338,95,0.00020158025427771388,0.19746027181815706
sphere_genus0,0,339,89,0.00016455752884279824,0.1860479232956418
sphere_genus0,0,340,89,0.00014368271687084723,0.18856556337456343
sphere_genus0,0,341,120,0.0030448690330060926,0.22491601895371632
sphere_genus0,0,342,83,0.17704284376932905,645.0993073319083
sphere_genus0,0,343,87,0.23664131697146876,1623.9254886091862
sphere_genus0,0,344,74,0.2607725923801425,936.0268134973288
sphere_genus0,0,345,84,0.2721394927268119,1073.896728299691
sphere_genus0,0,346,78,0.2142283769621207,389.12017253696456
sphere_genus0,0,347,70,0.15083348228492904,248.23798895578614
sphere_genus0,0,348,79,0.1072362637100839,175.51739710068313
sphere_genus0,0,349,65,0.07628482855549,125.99994054103037
sphere_genus0,0,350,72,0.053542697328849274,83.51255592108834
sphere_genus0,0,351,78,0.03866499293746745,61.40128516772393
sphere_genus0,0,352,75,0.02926211710947433,45.901396887498834
sphere_genus0,0,353,87,0.023667744348933976,35.36814082105501
sphere_genus0,0,354,83,0.020966675698538138,21.3732720524707
sphere_genus0,0,355,90,0.019234796324256502,20.619642978228708
sphere_genus0,0,356,93,0.017871221001269606,17.741982381183313
sphere_genus0,0,357,95,0.01695261651843404,18.95290835177036
sphere_genus0,0,358,105,0.01532015362619625,16.31354575554564
sphere_genus0,0,359,89,0.014363896010296843,13.634004260909876
sphere_genus0,0,360,98,0.013420990158245006,10.326556938827498
sphere_genus0,0,361,101,0.012380414062571617,9.884199289595102
sphere_genus0,0,362,102,0.011808256367342573,11.24769967877256
sphere_genus0,0,363,98,0.011090730531932652,8.661713740944315
sphere_genus0,0,364,105,0.010466664967686336,8.228100809007712
sphere_genus0,0,365,111,0.009877910851904393,8.446005263023283
sphere_genus0,0,366,104,0.009264675970648029,7.0830276276866435
sphere_genus0,0,367,90,0.008660183683502545,6.097235999217675
sphere_genus0,0,368,84,0.008037674050926027,6.524808635966692
sphere_genus0,0,369,85,0.007517103882137831,6.8117127290400905
sphere_genus0,0,370,77,0.007064202101740304,5.793648608653916
sphere_genus0,0,371,78,0.006678483604214163,4.847072175443983
sphere_genus0,0,372,79,0.006399308569463375,3.4148063199199363
sphere_genus0,0,373,85,0.00621020749235908,3.3404247582424964
sphere_genus0,0,374,83,0.0059638028302165195,3.453251055066474
sphere_genus0,0,375,79,0.005803954818950473,3.0525682840792627
sphere_genus0,0,376,72,0.005670799846668744,2.7138193375303588
sphere_genus0,0,377,80,0.005471053229193052,2.581170517404483
sphere_genus0,0,378,88,0.005349658559078527,2.5564486548780065
sphere_genus0,0,379,91,0.0052383951409672065,2.165720871137281
sphere_genus0,0,380,81,0.005087943831147902,2.1734959793059128
sphere_genus0,0,381,78,0.004978703206962394,2.0913786841887347
sphere_genus0,0,382,78,0.004891038935475988,1.7478037222912552
sphere_genus0,0,383,84,0.004791386751241418,1.3030527192684167
sphere_genus0,0,384,86,0.004695095031333914,1.574738587919466
sphere_genus0,0,385,87,0.004611722090090227,1.4458823583609492
sphere_genus0,0,386,100,0.004534335210191751,1.4443045070459497
sphere_genus0,0,387,94,0.00441575890664711,1.3260405588531488
sphere_genus0,0,388,106,0.004300341941843748,1.2144864369168342
sphere_genus0,0,389,94,0.004174389716631495,1.1089687601126115
sphere_genus0,0,390,92,0.0039915543073975246,1.234501598635529
sphere_genus0,0,391,96,0.0038072274219727135,1.2826717992458936
sphere_genus0,0,392,94,0.003620809683728703,1.3194389789150722
sphere_genus0,0,393,92,0.0033839107948601898,1.3706557260276906
sphere_genus0,0,394,99,0.003152854752960904,1.421750430556851
sphere_genus0,0,395,95,0.0029363778878568688,1.4018063179656073
sphere_genus0,0,396,98,0.0026955678378935218,1.339380584210203
sphere_genus0,0,397,97,0.0024607215460324826,1.2451172858379718
sphere_genus0,0,398,97,0.0022399542788540594,1.1647121898325539
sphere_genus0,0,399,94,0.002022048605303992,1.1277646957844634
sphere_genus0,0,400,93,0.001815654946969077,1.0487833349249496
sphere_genus0,0,401,86,0.0016163157684035668,0.8927477872294536
sphere_genus0,0,402,80,0.001439499214132463,0.792689928263179
sphere_genus0,0,403,81,0.0012794502536088831,0.7469705094273374
sphere_genus0,0,404,78,0.0011300138692088616,0.736203644080124
sphere_genus0,0,405,82,0.001001442518511605,0.7205706589440801
sphere_genus0,0,406,75,0.0008907027829332305,0.6419915037032191
sphere_genus0,0,407,86,0.0008012478448441608,0.5804160721000233
sphere_genus0,0,408,89,0.000727843039746766,0.5390778273861309
sphere_genus0,0,409,81,0.0006715386589689517,0.49537165186017246
sphere_genus0,0,410,76,0.0006335684290518294,0.4104110529776638
sphere_genus0,0,411,85,0.0006018078395990015,0.39659489348513693
sphere_genus0,0,412,91,0.0005750487196603643,0.3973628705838229
sphere_genus0,0,413,89,0.0005578487811889782,0.3815921637300214
sphere_genus0,0,414,91,0.0005410328908733127,0.3414684321277246
sphere_genus0,0,415,92,0.0005227658346566033,0.29366003066652696
sphere_genus0,0,416,83,0.0005051063858485693,0.27361149859191797
sphere_genus0,0,417,81,0.0004801088877893274,0.2518151292390075
sphere_genus0,0,418,80,0.0004496310513223652,0.22055064239472494
sphere_genus0,0,419,86,0.00041594383252683187,0.2575343730315035
sphere_genus0,0,420,77,0.0003780201244609333,0.21911564682910145
sphere_genus0,0,421,82,0.00033546713082976753,0.20961322448246883
sphere_genus0,0,422,82,0.00029111795398996073,0.207529554037035
sphere_genus0,0,423,76,0.0002491086952918019,0.2044666001945022
sphere_genus0,0,424,95,0.00020711600527008846,0.19483288352708264
sphere_genus0,0,425,87,0.00016797084520728207,0.18695380349208623
sphere_genus0,0,426,86,0.00014385006824307135,0.18736385785858153
sphere_genus0,0,427,130,0.0002751870580947703,0.19795135081885606
sphere_genus0,0,428,89,0.16573468731103755,455.0603820424704
sphere_genus0,0,429,83,0.23113821461496725,1648.293726875473
sphere_genus0,0,430,81,0.258570945047004,848.5817336096584
sphere_genus0,0,431,82,0.2710305299859749,1129.4825074367157
sphere_genus0,0,432,75,0.22233773966955467,435.0942266814254
sphere_genus0,0,433,78,0.15863996189175059,260.09210106954697
sphere_genus0,0,434,73,0.1120456143333693,183.05501592151575
sphere_genus0,0,435,67,0.0799538929469964,132.09155827652853
sphere_genus0,0,436,74,0.056374848862778444,86.2963522783035
sphere_genus0,0,437,74,0.04042987448154787,64.4152664968072
sphere_genus0,0,438,74,0.030522206928965165,47.63436246471052
sphere_genus0,0,439,89,0.024253613541037815,37.58344267326065
sphere_genus0,0,440,80,0.021282770323378566,21.182859584499145
sphere_genus0,0,441,91,0.01950842030661948,19.71559195863551
sphere_genus0,0,442,87,0.01800417106057487,19.16440671273874
sphere_genus0,0,443,95,0.017062137533692345,19.78824763375688
sphere_genus0,0,444,100,0.015488622083695816,16.39006418493645
sphere_genus0,0,445,89,0.014478932647843243,13.166225788477426
sphere_genus0,0,446,96,0.01356613903027189,11.555020341146147
sphere_genus0,0,447,103,0.012493338055653095,10.458346973745842
sphere_genus0,0,448,103,0.011907476480145302,11.010606454454772
sphere_genus0,0,449,98,0.011151180704317436,9.147963797697734
sphere_genus0,0,450,103,0.010539542448563281,8.303155267282202
sphere_genus0,0,451,112,0.009955705373407618,8.442654932347871
sphere_genus0,0,452,111,0.009322255763640222,7.066445365976446
sphere_genus0,0,453,96,0.008752915230628232,5.97689386034917
sphere_genus0,0,454,84,0.008170947104368501,6.4973542238744475
sphere_genus0,0,455,85,0.007556087889490384,6.816869878024173
sphere_genus0,0,456,80,0.00714309446604274,5.836780345840636
sphere_genus0,0,457,77,0.006748993850672324,5.133026014024567
sphere_genus0,0,458,78,0.006390341985965571,3.7801098913679128
sphere_genus0,0,459,84,0.006222641090938834,3.2960686972019517
sphere_genus0,0,460,84,0.0059981176413932925,3.3318484382779188
sphere_genus0,0,461,80,0.005789036293741481,2.9899882492530128
sphere_genus0,0,462,73,0.005683684724897463,2.8116034900513274
sphere_genus0,0,463,77,0.005519214327761316,2.6631937269909653
sphere_genus0,0,464,85,0.00537140668571238,2.5194504747133744
sphere_genus0,0,465,87,0.005249911054684165,2.295458933863399
sphere_genus0,0,466,75,0.005124494580802733,2.250109409178842
sphere_genus0,0,467,81,0.005008144386383966,2.111804041848395
sphere_genus0,0,468,80,0.004904589338292425,1.697123394837164
sphere_genus0,0,469,85,0.0048107029149005555,1.3265784977179385
sphere_genus0,0,470,92,0.004724264534977941,1.5991303329670306
sphere_genus0,0,471,85,0.004619920627355154,1.4597048406740545
sphere_genus0,0,472,99,0.0045366376244588055,1.463321079222755
sphere_genus0,0,473,96,0.004448627935794816,1.3598469911261495
sphere_genus0,0,474,105,0.004303705798648771,1.2243137447663197
sphere_genus0,0,475,94,0.004173509598074239,1.093877774628965
sphere_genus0,0,476,94,0.00402611115747447,1.217715738317273
sphere_genus0,0,477,95,0.0038300067608460536,1.274170291494594
sphere_genus0,0,478,95,0.003626201548026247,1.3149598634701496
sphere_genus0,0,479,96,0.003421203337751109,1.3824247008072725
sphere_genus0,0,480,99,0.0031839942852823805,1.4468481208692912
sphere_genus0,0,481,85,0.002954856072210055,1.3892010926885923
sphere_genus0,0,482,94,0.002734263579944653,1.335029059845596
sphere_genus0,0,483,99,0.002488602525822619,1.2494040496603684
sphere_genus0,0,484,94,0.0022673723760440966,1.1721634102809428
sphere_genus0,0,485,93,0.0020542494161150874,1.1427626016976817
sphere_genus0,0,486,87,0.0018398135627093065,1.0660234620887545
sphere_genus0,0,487,87,0.001637064602580762,0.9140796883780093
sphere_genus0,0,488,81,0.0014638875706822392,0.7926066058413079
sphere_genus0,0,489,86,0.0013016409652217818,0.7650875636621999
sphere_genus0,0,490,82,0.001144112181090022,0.7324887094309558
sphere_genus0,0,491,76,0.0010181210929654802,0.7259306183002779
sphere_genus0,0,492,82,0.0009097352612240221,0.6494746050086803
sphere_genus0,0,493,82,0.0008108528931003284,0.5778324457329437
sphere_genus0,0,494,82,0.0007327328123089232,0.532839713907869
sphere_genus0,0,495,80,0.0006800707931909716,0.49884371110978376
sphere_genus0,0,496,77,0.0006382613012382785,0.42770403747456487
sphere_genus0,0,497,83,0.0006017407310322233,0.38945234921380784
sphere_genus0,0,498,91,0.0005780396781387148,0.40485799927579863
sphere_genus0,0,499,92,0.0005595070127055574,0.38106188359475685
sphere_genus0,0,500,88,0.000542548189880993,0.3471061748162346
sphere_genus0,0,501,86,0.0005252027012540316,0.29933133785338273
sphere_genus0,0,502,83,0.0005075335461760884,0.2775227765083075
sphere_genus0,0,503,88,0.0004839409049031635,0.25788518760913604
sphere_genus0,0,504,83,0.00045379274001894636,0.2259263383437703
sphere_genus0,0,505,87,0.0004214110323219379,0.25098308900940025
sphere_genus0,0,506,82,0.0003828546550539356,0.2248934157887442
sphere_genus0,0,507,78,0.00034047760004410387,0.2111044372804526
sphere_genus0,0,508,87,0.00029761173847033147,0.20569404508579897
sphere_genus0,0,509,78,0.00025560755910429404,0.20609942615424637
sphere_genus0,0,510,95,0.00021240015818758614,0.1945643902740057
sphere_genus0,0,511,86,0.00017192090429018938,0.18770088086638345
sphere_genus0,0,512,87,0.00014593212478302033,0.18543154290852504
sphere_genus0,0,513,118,0.0001880622363459834,0.19294516209950452
sphere_genus0,0,514,85,0.15466736153686703,295.4801197542877
sphere_genus0,0,515,79,0.22453759711824597,1612.1377724908402
sphere_genus0,0,516,90,0.25603632770247636,810.7255274147844
sphere_genus0,0,517,84,0.2702773646834687,1178.9853084823776
sphere_genus0,0,518,77,0.2295692601725561,504.69748740644513
sphere_genus0,0,519,81,0.16735676238814268,273.1859807771224
sphere_genus0,0,520,75,0.11746900283465443,190.3186913726966
sphere_genus0,0,521,70,0.08222086280543241,137.81582963914107
sphere_genus0,0,522,77,0.058579936484858895,89.82787312641884
sphere_genus0,0,523,77,0.042256990100191724,67.73645092792047
sphere_genus0,0,524,74,0.031255744320013074,50.179697817899914
sphere_genus0,0,525,83,0.024812415724775824,39.27068805230978
sphere_genus0,0,526,88,0.021584151343117423,22.0149319943697
sphere_genus0,0,527,93,0.019663304029815316,18.94132721909104
sphere_genus0,0,528,90,0.01815712994999333,20.392940310416602
sphere_genus0,0,529,87,0.017245438450967533,20.00495832473059
sphere_genus0,0,530,95,0.015702358145335767,15.702305075002855
sphere_genus0,0,531,90,0.014579709487150573,12.663994941967754
sphere_genus0,0,532,96,0.013743362169761143,12.724408063249145
sphere_genus0,0,533,95,0.012597375619964263,10.899415429349007
sphere_genus0,0,534,97,0.01195138474612393,10.847379552366446
sphere_genus0,0,535,100,0.011297806224533339,9.648523892136904
sphere_genus0,0,536,103,0.010583389980839008,8.307852137450526
sphere_genus0,0,537,109,0.010011464466382972,8.425740037063171
sphere_genus0,0,538,111,0.00943565084003518,7.106294249679484
sphere_genus0,0,539,94,0.008789846375606461,6.050190950677331
sphere_genus0,0,540,84,0.008235481269058681,6.517702187067215
sphere_genus0,0,541,82,0.007648852326690064,6.849562227148781
sphere_genus0,0,542,82,0.007147935072189135,5.873272206102645
sphere_genus0,0,543,80,0.006810913890567225,5.339940154716724
sphere_genus0,0,544,75,0.0064716208799549015,4.091425170410555
sphere_genus0,0,545,83,0.006213274313533914,3.191222350268898
sphere_genus0,0,546,84,0.006058560980811165,3.1678960463101755
sphere_genus0,0,547,82,0.005835380182841935,2.9469990317726062
sphere_genus0,0,548,76,0.005673178675962905,2.9613374315612435
sphere_genus0,0,549,80,0.005546874999124639,2.6812250414795584
sphere_genus0,0,550,82,0.005381935840997481,2.4316955622875276
sphere_genus0,0,551,87,0.00523532949236971,2.425455070883546
sphere_genus0,0,552,81,0.005133329034353221,2.3144956212918135
sphere_genus0,0,553,76,0.0050263599584047325,2.0969335859710223
sphere_genus0,0,554,79,0.004906448617810059,1.662490162990762
sphere_genus0,0,555,83,0.004817771413717063,1.3978533996642393
sphere_genus0,0,556,92,0.004732408031125439,1.6083112845487972
sphere_genus0,0,557,87,0.004636025330570637,1.4455723388723078
sphere_genus0,0,558,95,0.004545272237124782,1.4634248196761146
sphere_genus0,0,559,97,0.004461807678632516,1.3899955808669502
sphere_genus0,0,560,99,0.004338590233739328,1.2087764060228268
sphere_genus0,0,561,89,0.004197105328360233,1.0895998739718915
sphere_genus0,0,562,95,0.004054823193811412,1.2091540789020572
sphere_genus0,0,563,95,0.00386849437747635,1.2548372727013928
sphere_genus0,0,564,98,0.003656054084200025,1.3321711648669656
sphere_genus0,0,565,95,0.003446271762631904,1.3773941792227031
sphere_genus0,0,566,99,0.0032258093349635595,1.4566927839721526
sphere_genus0,0,567,90,0.002986215720381699,1.3686637194068103
sphere_genus0,0,568,95,0.0027569894774842445,1.3330159006995341
sphere_genus0,0,569,94,0.0025275670221585477,1.2691602452673028
sphere_genus0,0,570,98,0.002299930471918998,1.1984759030087797
sphere_genus0,0,571,94,0.002080578744187165,1.1633170500728764
sphere_genus0,0,572,88,0.0018662210840824157,1.0750946108971513
sphere_genus0,0,573,93,0.0016676982411055624,0.9237224069175296
sphere_genus0,0,574,81,0.001490338064805552,0.7988367558280602
sphere_genus0,0,575,86,0.0013181319135366688,0.7815517634051863
sphere_genus0,0,576,78,0.0011652029588257536,0.7226494664216407
sphere_genus0,0,577,73,0.0010358821701319646,0.7335350639591283
sphere_genus0,0,578,83,0.000921117242560769,0.660897117130606
sphere_genus0,0,579,93,0.0008220264541375793,0.5881320597260344
sphere_genus0,0,580,83,0.0007434239742328228,0.5428056303457724
sphere_genus0,0,581,84,0.000690080820499317,0.5032829180712907
sphere_genus0,0,582,76,0.0006433967881554268,0.4423876708102982
sphere_genus0,0,583,83,0.0006064757428388206,0.3784375607987482
sphere_genus0,0,584,90,0.000582881314101813,0.4092992778754601
sphere_genus0,0,585,86,0.0005620340192873116,0.3781760807300041
sphere_genus0,0,586,89,0.0005439227938253544,0.3501472042440509
sphere_genus0,0,587,91,0.0005278287640655416,0.31135762452926863
sphere_genus0,0,588,87,0.0005105602248198353,0.27953988914969513
sphere_genus0,0,589,87,0.000486998405888495,0.26060225436965173
sphere_genus0,0,590,88,0.0004583940991887238,0.2304942176478395
sphere_genus0,0,591,84,0.0004263393601875851,0.24294444316076297
sphere_genus0,0,592,82,0.00038724792525301696,0.23120628756528971
sphere_genus0,0,593,78,0.00034515259575691796,0.2130073208398096
sphere_genus0,0,594,88,0.0003045827866810284,0.20770125185147645
sphere_genus0,0,595,81,0.0002611502024737789,0.20763484001476512
sphere_genus0,0,596,95,0.00021651622902356258,0.19319682632216423
sphere_genus0,0,597,90,0.00017718684239768196,0.1901670148057633
sphere_genus0,0,598,87,0.0001487045312352759,0.1834984830199649
sphere_genus0,0,599,95,0.00016630410716925607,0.19153700592956058
sphere_genus0,0,600,90,0.13553526732351281,170.76560243849121
sphere_genus0,0,601,87,0.21777474002138417,1518.1237031003905
sphere_genus0,0,602,85,0.2527945542932388,898.9745418028334
sphere_genus0,0,603,86,0.26876251137280954,1189.8452175072525
sphere_genus0,0,604,80,0.24050648464757654,599.3608731516674
sphere_genus0,0,605,79,0.17549477636333832,288.4045571481001
sphere_genus0,0,606,74,0.123888274699265,197.71807046425053
sphere_genus0,0,607,69,0.08675510751576998,143.4672380626114
sphere_genus0,0,608,68,0.061788483439728585,95.33151307183184
sphere_genus0,0,609,74,0.04436859568397208,70.92482275099252
sphere_genus0,0,610,77,0.03260946375805373,52.6980791608397
sphere_genus0,0,611,84,0.02555172554877223,40.6956417848175
sphere_genus0,0,612,83,0.021843691383486828,24.27229570561999
sphere_genus0,0,613,88,0.019924713556631793,19.54333560401489
sphere_genus0,0,614,91,0.018290625070748176,21.262580823002775
sphere_genus0,0,615,96,0.017405709517976115,19.67565134846331
sphere_genus0,0,616,99,0.015914538857652923,14.434024021966897
sphere_genus0,0,617,92,0.014688092141404378,12.191399738620447
sphere_genus0,0,618,100,0.01388515006065141,13.754474324644228
sphere_genus0,0,619,99,0.012701995790732674,10.979666561225738
sphere_genus0,0,620,110,0.012075227146520102,10.701236698141084
sphere_genus0,0,621,99,0.011349171423894414,10.080470169303734
sphere_genus0,0,622,100,0.010669145212330186,8.275573403597877
sphere_genus0,0,623,110,0.010117399749612297,8.320069427664663
sphere_genus0,0,624,107,0.009537409386213374,7.168927954019385
sphere_genus0,0,625,99,0.008884792254744426,6.185309084618934
sphere_genus0,0,626,83,0.00831287996734901,6.56642062063527
sphere_genus0,0,627,80,0.007746124157416878,6.808004969807581
sphere_genus0,0,628,85,0.0071868175332784265,6.027952384367388
sphere_genus0,0,629,74,0.006838457911834334,5.568925418744355
sphere_genus0,0,630,78,0.006513453339269639,4.321288914161686
sphere_genus0,0,631,81,0.006236792832004842,3.085189416428364
sphere_genus0,0,632,81,0.006052858574976852,3.05203072536837
sphere_genus0,0,633,79,0.005882755360864157,3.048010681719222
sphere_genus0,0,634,81,0.005715263299553388,3.0572441295577515
sphere_genus0,0,635,81,0.0055491157359621275,2.664911767641547
sphere_genus0,0,636,83,0.005422287952480452,2.368650591883555
sphere_genus0,0,637,84,0.005281315320291131,2.5675692755486432
sphere_genus0,0,638,89,0.005138683404334455,2.363082331333321
sphere_genus0,0,639,84,0.0050416939190286005,2.036695220403502
sphere_genus0,0,640,79,0.004937342793511788,1.740047146049436
sphere_genus0,0,641,80,0.004812346911171145,1.4739488256573936
sphere_genus0,0,642,92,0.00473548003296176,1.6121414170409498
sphere_genus0,0,643,90,0.004654561345765916,1.4330198804814769
sphere_genus0,0,644,96,0.004554830936552554,1.4399731458386618
sphere_genus0,0,645,98,0.0044532373031424734,1.442038570728499
sphere_genus0,0,646,98,0.0043592762029940465,1.2142633591804404
sphere_genus0,0,647,95,0.004221622085417259,1.0948630252879363
sphere_genus0,0,648,94,0.004053068018121669,1.1902284997972925
sphere_genus0,0,649,98,0.003896353424134502,1.2290973055521095
sphere_genus0,0,650,95,0.0036901435327833577,1.3353372851805787
sphere_genus0,0,651,97,0.0034673762782426614,1.3772093668149274
sphere_genus0,0,652,100,0.0032604025956069994,1.4446416317634843
sphere_genus0,0,653,92,0.003024653036060988,1.37613598631853
sphere_genus0,0,654,98,0.0027780112410224385,1.3548064218089153
sphere_genus0,0,655,92,0.002562284169031254,1.2969338513469277
sphere_genus0,0,656,95,0.002333116263272579,1.2210121088454304
sphere_genus0,0,657,97,0.002098629208077413,1.1691969143488825
sphere_genus0,0,658,89,0.0018923857505255663,1.0859211417841106
sphere_genus0,0,659,92,0.0016974190103678248,0.9351620977351269
sphere_genus0,0,660,77,0.001509713150645318,0.8097742019452439
sphere_genus0,0,661,84,0.0013346585331877883,0.8000482821307398
sphere_genus0,0,662,83,0.0011870996246171638,0.7082440544260878
sphere_genus0,0,663,78,0.001056131275704334,0.7332966788227715
sphere_genus0,0,664,84,0.0009290573677111894,0.6684146274816114
sphere_genus0,0,665,91,0.0008315608068860817,0.5972167378590035
sphere_genus0,0,666,94,0.0007560610075245771,0.5533873038605177
sphere_genus0,0,667,80,0.000692700653490887,0.508216675086595
sphere_genus0,0,668,80,0.00064527629480624,0.44904576557594134
sphere_genus0,0,669,82,0.0006102356041045057,0.36617516990096494
sphere_genus0,0,670,91,0.0005864240176953169,0.4146151240972213
sphere_genus0,0,671,88,0.0005636064801081137,0.3760294475357243
sphere_genus0,0,672,92,0.0005464018080082899,0.35471054603001284
sphere_genus0,0,673,86,0.0005307857301146798,0.32150492053911783
sphere_genus0,0,674,91,0.0005128850011401749,0.28094140176451926
sphere_genus0,0,675,85,0.0004903890511800857,0.2616486454321775
sphere_genus0,0,676,83,0.00046298802443894474,0.2334124150805582
sphere_genus0,0,677,88,0.0004311491393247489,0.23459803414859787
sphere_genus0,0,678,81,0.0003923489526259603,0.24095558685876134
sphere_genus0,0,679,78,0.0003518836146029204,0.2159852695938318
sphere_genus0,0,680,87,0.0003108202276899855,0.21165097488162588
sphere_genus0,0,681,81,0.00026625199466021515,0.20755158039324512
sphere_genus0,0,682,99,0.00022153825511356476,0.1925859284709959
sphere_genus0,0,683,89,0.00018299940102250162,0.19380880555209137
sphere_genus0,0,684,78,0.0001517129396023112,0.1830954261647345
sphere_genus0,0,685,96,0.00015484963423731757,0.1918362907819193
sphere_genus0,0,686,82,0.11033495727618849,82.6485057926922
sphere_genus0,0,687,88,0.2122800693314294,1372.7725762140471
sphere_genus0,0,688,79,0.2507280213359021,1094.4011129169032
sphere_genus0,0,689,83,0.26716357552372794,1169.798889268915
sphere_genus0,0,690,79,0.2524412454675874,710.2189550249112
sphere_genus0,0,691,77,0.18164657950089277,305.9883635934283
sphere_genus0,0,692,74,0.1276158135789159,206.62637378037832
sphere_genus0,0,693,72,0.09130921429549943,150.04543038767858
sphere_genus0,0,694,60,0.0640337918505371,101.61605372347917
sphere_genus0,0,695,78,0.04599137057333016,73.66256750329521
sphere_genus0,0,696,73,0.03396915419522619,55.010877097963075
sphere_genus0,0,697,87,0.026208327166951213,41.92489249756546
sphere_genus0,0,698,83,0.022197957458349377,26.72193258241693
sphere_genus0,0,699,90,0.02021551584644247,21.071304317259127
sphere_genus0,0,700,84,0.018415926054266868,22.010308435744193
sphere_genus0,0,701,85,0.01751820411556212,19.002430217786838
sphere_genus0,0,702,97,0.016210057883756436,13.708984390789546
sphere_genus0,0,703,104,0.01476217766190874,12.97673770793965
sphere_genus0,0,704,100,0.014001467052122216,14.582110668706385
sphere_genus0,0,705,94,0.012868060242410446,10.380396780430889
sphere_genus0,0,706,106,0.012139197057512041,10.248284231240227
sphere_genus0,0,707,91,0.011424561545535063,10.449813572079504
sphere_genus0,0,708,97,0.010767616220001225,8.250934373473033
sphere_genus0,0,709,95,0.010165184882507273,8.42591687399636
sphere_genus0,0,710,109,0.009584110483136652,7.552062180716323
sphere_genus0,0,711,99,0.008995891785985817,6.414749167824361
sphere_genus0,0,712,83,0.008351737363127276,6.57616771056572
sphere_genus0,0,713,87,0.007814851869922096,6.743415342740509
sphere_genus0,0,714,78,0.007314381710256902,6.242984572621207
sphere_genus0,0,715,78,0.006874559139804731,5.7487829563070925
sphere_genus0,0,716,77,0.006550461756866636,4.472738759121306
sphere_genus0,0,717,78,0.006304314862730672,2.924791668235422
sphere_genus0,0,718,82,0.006050212129145556,3.1458106828095977
sphere_genus0,0,719,79,0.005887987140891007,3.134415968936087
sphere_genus0,0,720,78,0.005746601555538963,3.1163757141127455
sphere_genus0,0,721,76,0.005549354845309608,2.6591340374890056
sphere_genus0,0,722,79,0.005421045979384448,2.346784507812418
sphere_genus0,0,723,83,0.0053037887173346945,2.6190424342693537
sphere_genus0,0,724,88,0.005160094940464091,2.3590669221818716
sphere_genus0,0,725,89,0.005048129740882728,1.9997703400903306
sphere_genus0,0,726,83,0.004951938020904133,1.8408326994892845
sphere_genus0,0,727,79,0.0048390266698423385,1.5748256663991798
sphere_genus0,0,728,87,0.004751540341552499,1.5794330150899532
sphere_genus0,0,729,88,0.004664575213919263,1.4165716709951777
sphere_genus0,0,730,91,0.004575387117116135,1.3987959129627114
sphere_genus0,0,731,95,0.00447724197475087,1.483585283110381
sphere_genus0,0,732,95,0.00436747754103577,1.244721898308079
sphere_genus0,0,733,101,0.00424969968199354,1.107656618973519
sphere_genus0,0,734,100,0.00408422260702054,1.1815088220874794
sphere_genus0,0,735,97,0.003909209334473597,1.2157594532833167
sphere_genus0,0,736,96,0.003720082205239987,1.3412836788793212
sphere_genus0,0,737,98,0.003505836674722577,1.3692594408540935
sphere_genus0,0,738,93,0.0032784730678901424,1.4243186859668426
sphere_genus0,0,739,93,0.0030498626531555635,1.389691736375306
sphere_genus0,0,740,94,0.00281777402104135,1.373713352369458
sphere_genus0,0,741,96,0.002588723394705597,1.3254990544225163
sphere_genus0,0,742,90,0.002359677241923147,1.2292663000841941
sphere_genus0,0,743,96,0.0021300632240876176,1.1612092023980647
sphere_genus0,0,744,87,0.0019228261700244657,1.1016413568771537
sphere_genus0,0,745,92,0.0017227808615493676,0.9451989959422696
sphere_genus0,0,746,79,0.0015313317322491016,0.8230108015180043
sphere_genus0,0,747,80,0.0013576057291390694,0.8043304370002111
sphere_genus0,0,748,86,0.0012077188971830269,0.7086285414910931
sphere_genus0,0,749,76,0.0010713928435007094,0.7309310285630852
sphere_genus0,0,750,80,0.0009448553795889271,0.6757063208255399
sphere_genus0,0,751,86,0.0008453722413763635,0.6146023656797434
sphere_genus0,0,752,90,0.0007682952001652606,0.5636149091725512
sphere_genus0,0,753,88,0.0007003367929926216,0.5141076016923829
sphere_genus0,0,754,77,0.0006506830714812251,0.45438882409101045
sphere_genus0,0,755,79,0.0006172872930020233,0.34743307457592687
sphere_genus0,0,756,85,0.0005884668054333155,0.420953062689795
sphere_genus0,0,757,88,0.00056549103784002,0.3763775961241457
sphere_genus0,0,758,90,0.0005485108212117558,0.36115140209845503
sphere_genus0,0,759,83,0.0005327640296706452,0.3301273885282171
sphere_genus0,0,760,93,0.0005140593825135214,0.28581797248958607
sphere_genus0,0,761,87,0.0004939423777471307,0.26363347498601947
sphere_genus0,0,762,76,0.000467051405162448,0.23359340917231725
sphere_genus0,0,763,85,0.0004344127438168104,0.2260612883868035
sphere_genus0,0,764,85,0.0003982854039539004,0.250299688943923
sphere_genus0,0,765,78,0.0003580654639098368,0.21637304171393723
sphere_genus0,0,766,89,0.00031571812354785927,0.21286241228152109
sphere_genus0,0,767,80,0.00027064662297190517,0.20762332912640452
sphere_genus0,0,768,96,0.00022814434754570083,0.1949307231547563
sphere_genus0,0,769,92,0.0001887268374645026,0.19709163946772384
sphere_genus0,0,770,91,0.00015419879957197577,0.18395935031972915
sphere_genus0,0,771,89,0.00014867636724058092,0.19107594056114335
sphere_genus0,0,772,80,0.08181328430458612,31.001354654155314
sphere_genus0,0,773,86,0.2032112808150763,1185.1016482964017
sphere_genus0,0,774,77,0.24710564841361812,1303.1206579109312
sphere_genus0,0,775,90,0.26541966505491454,1126.9782613220543
sphere_genus0,0,776,77,0.2620917241199719,826.4745466970887
sphere_genus0,0,777,73,0.19123633892298295,324.7772980659851
sphere_genus0,0,778,71,0.13415598102078616,217.99483130720589
sphere_genus0,0,779,74,0.09598800872772999,157.38528620222692
sphere_genus0,0,780,64,0.06772773778907717,107.77913805226582
sphere_genus0,0,781,72,0.04784217152424774,76.45425678881446
sphere_genus0,0,782,71,0.03503749170578547,56.90148378619773
sphere_genus0,0,783,86,0.02701284013930668,43.03167319645396
sphere_genus0,0,784,85,0.0225385120183947,29.185874472976067
sphere_genus0,0,785,79,0.020419915471711556,21.885470536246896
sphere_genus0,0,786,94,0.018645736654854392,22.105177173709404
sphere_genus0,0,787,87,0.017572719182304217,17.88602606772943
sphere_genus0,0,788,95,0.01644303551749324,15.029237386079195
sphere_genus0,0,789,103,0.01489759860821264,14.081407320452811
sphere_genus0,0,790,97,0.014162245575660728,14.744648725916633
sphere_genus0,0,791,98,0.012985749586124947,9.660836188400243
sphere_genus0,0,792,105,0.012182808714531708,9.77430066604056
sphere_genus0,0,793,93,0.011554028184335074,10.811132220381836
sphere_genus0,0,794,102,0.010831493399714415,8.2239864124092
sphere_genus0,0,795,104,0.010281105225431741,8.402984376446316
sphere_genus0,0,796,111,0.009681693147221592,7.9303479136783706
sphere_genus0,0,797,106,0.009060726303122353,6.689663034730695
sphere_genus0,0,798,90,0.00844978473203607,6.502531927789661
sphere_genus0,0,799,88,0.00786849791042226,6.682395209872865
sphere_genus0,0,800,86,0.007357831426773516,6.411642718400122
sphere_genus0,0,801,81,0.00693029388321277,5.832067977763619
sphere_genus0,0,802,79,0.006562553247450547,4.580550393467676
sphere_genus0,0,803,78,0.006320308382059173,2.8905202020446508
sphere_genus0,0,804,84,0.0061289101148591495,3.2205092067986096
sphere_genus0,0,805,80,0.00589901141656726,3.2949800505401914
sphere_genus0,0,806,73,0.005772811763086155,3.1107944679505968
sphere_genus0,0,807,77,0.005609255267120797,2.610604146010821
sphere_genus0,0,808,76,0.005419043345903868,2.3535246691403917
sphere_genus0,0,809,85,0.005316972333541706,2.6101375705245538
sphere_genus0,0,810,87,0.005186654318189711,2.2983161766383184
sphere_genus0,0,811,80,0.005040500386016169,2.0132445874172515
sphere_genus0,0,812,88,0.004953038439518563,1.9300314254540893
sphere_genus0,0,813,78,0.004860058952350926,1.6607905208371803
sphere_genus0,0,814,92,0.004759009720039441,1.5134713067576158
sphere_genus0,0,815,88,0.004665518090334151,1.4257605909201485
sphere_genus0,0,816,97,0.004587833469029067,1.3644407059632555
sphere_genus0,0,817,99,0.0044952465996397715,1.4813910127975634
sphere_genus0,0,818,100,0.004374893161250451,1.2839814523539823
sphere_genus0,0,819,104,0.004265150313129287,1.111697808009844
sphere_genus0,0,820,97,0.004120013396317729,1.1745177738069117
sphere_genus0,0,821,97,0.003928351953137369,1.233852794243605
sphere_genus0,0,822,97,0.0037491932683437566,1.3299170877114688
sphere_genus0,0,823,100,0.0035447547034781176,1.352287410318358
sphere_genus0,0,824,95,0.00330294023991609,1.3918286024184794
sphere_genus0,0,825,99,0.0030795074161455317,1.4202292280744588
sphere_genus0,0,826,93,0.0028599196132130427,1.4018066720139633
sphere_genus0,0,827,94,0.0026150152802798983,1.3473498644249218
sphere_genus0,0,828,97,0.002383656252560099,1.2409053528802008
sphere_genus0,0,829,98,0.0021671007131614213,1.1551306654281166
sphere_genus0,0,830,88,0.001952399369545333,1.1052441822436259
sphere_genus0,0,831,93,0.001744216741530758,0.9703596959559382
sphere_genus0,0,832,82,0.0015560583585394099,0.8471494601345526
sphere_genus0,0,833,79,0.001384833662115495,0.8038728166229446
sphere_genus0,0,834,89,0.0012273781585679364,0.718679463317363
sphere_genus0,0,835,73,0.0010844955390530155,0.73275413066597
sphere_genus0,0,836,88,0.0009615517547839651,0.6897428263440776
sphere_genus0,0,837,82,0.0008596246660865523,0.6286996978698454
sphere_genus0,0,838,89,0.0007732209298164007,0.5691716573721605
sphere_genus0,0,839,87,0.0007076250154885866,0.524014206277386
sphere_genus0,0,840,79,0.000657438186042532,0.466670155823837
sphere_genus0,0,841,80,0.000622042889506064,0.3526149254830123
sphere_genus0,0,842,82,0.0005921928796577473,0.41633341334434604
sphere_genus0,0,843,84,0.0005679226619329318,0.3816915814659262
sphere_genus0,0,844,92,0.0005532478621332512,0.3683645919570916
sphere_genus0,0,845,86,0.0005346134078421019,0.33558722057309043
sphere_genus0,0,846,89,0.0005167812643882077,0.2906140952382335
sphere_genus0,0,847,84,0.0004976633829520969,0.2643213063217087
sphere_genus0,0,848,75,0.00047062756022460455,0.23474599309493588
sphere_genus0,0,849,86,0.00043870149482857097,0.21688073201637756
sphere_genus0,0,850,80,0.00040410310420329725,0.2555500144760867
sphere_genus0,0,851,81,0.00036432696744225315,0.21317390059883762
sphere_genus0,0,852,91,0.0003199689691555726,0.21096773807242727
sphere_genus0,0,853,79,0.00027673353154529805,0.20873162761413405
sphere_genus0,0,854,89,0.00023495822541913858,0.1986180031194633
sphere_genus0,0,855,90,0.0001931676430890672,0.19905491969597638
sphere_genus0,0,856,90,0.00015668943044158684,0.1845550951024882
sphere_genus0,0,857,85,0.00014557188265812182,0.18967579497162193
torus_genus1,1,0,53,0.267747575527108,0.0
torus_genus1,1,1,59,0.24681146511002505,656.7259048825316
torus_genus1,1,2,64,0.17860505117564732,297.5925145940173
torus_genus1,1,3,57,0.12563491401995003,202.02361949546912
torus_genus1,1,4,54,0.08968425645270178,146.94310039545235
torus_genus1,1,5,54,0.06341969879799021,98.6869359737644
torus_genus1,1,6,52,0.04502514188294281,72.34361834083197
torus_genus1,1,7,48,0.03338929929898718,53.99498724147293
torus_genus1,1,8,53,0.026021536514209468,41.40214842253869
torus_genus1,1,9,56,0.021986191666371422,25.59578623215978
torus_genus1,1,10,53,0.020110462876722707,20.333359156735884
torus_genus1,1,11,57,0.01841261239916377,21.70748481227175
torus_genus1,1,12,63,0.017373153149557136,19.37783287615855
torus_genus1,1,13,64,0.01608473054606502,13.94129036141427
torus_genus1,1,14,56,0.014738228333786898,12.4339709028388
torus_genus1,1,15,54,0.013960966303453231,14.27943905145772
torus_genus1,1,16,57,0.012783519078466216,10.762511141941397
torus_genus1,1,17,68,0.012111695677467295,10.473433390421143
torus_genus1,1,18,69,0.011387728496064772,10.256651586143535
torus_genus1,1,19,62,0.010700489470680793,8.282870188695107
torus_genus1,1,20,63,0.010198015259484383,8.391429347895366
torus_genus1,1,21,71,0.009549786784943117,7.36997575080446
torus_genus1,1,22,67,0.008925278547154332,6.308848848287711
torus_genus1,1,23,58,0.008387305485921705,6.575282566446017
torus_genus1,1,24,55,0.00774496456803052,6.759646516549806
torus_genus1,1,25,54,0.007275533290363308,6.130052339126277
torus_genus1,1,26,54,0.006878350844651652,5.681434503885849
torus_genus1,1,27,55,0.006485545701786004,4.404003246301367
torus_genus1,1,28,60,0.006269360577399669,3.012973002580283
torus_genus1,1,29,59,0.006082719412779428,3.1049249625800757
torus_genus1,1,30,62,0.00586048248132912,3.085866736379479
torus_genus1,1,31,60,0.005723181870989714,3.0877825870538103
torus_genus1,1,32,68,0.005575887229057684,2.6633461421583347
torus_genus1,1,33,70,0.005411473227962275,2.3563140414423387
torus_genus1,1,34,69,0.005284246382271727,2.6137212365457403
torus_genus1,1,35,61,0.00516171672997587,2.3660783377807815
torus_genus1,1,36,53,0.00503750568397539,2.0107768981603034
torus_genus1,1,37,46,0.004940666782021885,1.7917229286339516
torus_genus1,1,38,45,0.004838999031729435,1.5303698846720524
torus_genus1,1,39,49,0.0047521685216671055,1.5982135822043004
torus_genus1,1,40,47,0.004649746065772542,1.430906014569141
torus_genus1,1,41,50,0.004565543450877762,1.424990355598768
torus_genus1,1,42,51,0.004474641905430066,1.4691720603097702
torus_genus1,1,43,53,0.0043592264210221355,1.2233441502320257
torus_genus1,1,44,51,0.004227518307532128,1.1008547391749786
torus_genus1,1,45,56,0.004079762058270766,1.180060423397439
torus_genus1,1,46,55,0.0039036926844205123,1.2180446938768066
torus_genus1,1,47,53,0.0036980292250226644,1.3399182632609092
torus_genus1,1,48,50,0.003493478873921454,1.3712389307965587
torus_genus1,1,49,55,0.0032635152601467954,1.4348832566083887
torus_genus1,1,50,54,0.003036229319189257,1.3836016998369438
torus_genus1,1,51,53,0.0028100377487204438,1.363021452934205
torus_genus1,1,52,47,0.0025708043376000416,1.3134710296430645
torus_genus1,1,53,47,0.002337785891594617,1.2249633645737257
torus_genus1,1,54,43,0.002124446107278009,1.1653155988571808
torus_genus1,1,55,49,0.0019092927959061666,1.0947247508720415
torus_genus1,1,56,46,0.0016996714300196666,0.940099867197669
torus_genus1,1,57,41,0.0015213915248518557,0.8150989377237399
torus_genus1,1,58,47,0.0013547422836199799,0.8029957051201497
torus_genus1,1,59,49,0.001195545034714943,0.7063811033277915
torus_genus1,1,60,53,0.0010569358960782875,0.7322697979096858
torus_genus1,1,61,54,0.0009432518684891368,0.6718843976503754
torus_genus1,1,62,52,0.0008423970858096938,0.6060890468563823
torus_genus1,1,63,53,0.0007565796701146625,0.5589472627706373
torus_genus1,1,64,49,0.0006956688107178321,0.5112390659996952
torus_genus1,1,65,53,0.0006520768667879372,0.45122699543673317
torus_genus1,1,66,56,0.0006129081631607892,0.3560495799580156
torus_genus1,1,67,51,0.0005842003278243003,0.419141979681422
torus_genus1,1,68,47,0.0005653081655656867,0.37547762101660065
torus_genus1,1,69,43,0.0005486368132363537,0.3580515388631469
torus_genus1,1,70,37,0.0005310909293121324,0.32654352851351487
torus_genus1,1,71,35,0.0005138767420508284,0.28279574272811203
torus_genus1,1,72,32,0.0004931140238899525,0.2623484644358935
torus_genus1,1,73,29,0.0004639355737892983,0.23386322344734717
torus_genus1,1,74,28,0.00043270507687648405,0.23005645141773262
torus_genus1,1,75,25,0.000397292790581196,0.24638362001057648
torus_genus1,1,76,27,0.0003545388009025903,0.21698294400243215
torus_genus1,1,77,26,0.0003115784334146921,0.2129289190721575
torus_genus1,1,78,27,0.00026966296999398286,0.20753298020147734
torus_genus1,1,79,28,0.00022676281670903694,0.1935021132890141
torus_genus1,1,80,32,0.00018423706280799006,0.19564917290947814
torus_genus1,1,81,33,0.00015182788240346293,0.1834229991309726
torus_genus1,1,82,41,0.00015224038787482337,0.19175944457944055
torus_genus1,1,83,53,0.1059826000667117,50.88234772951712
torus_genus1,1,84,51,0.20719382734590233,1277.995589016206
torus_genus1,1,85,52,0.24798438195584352,1209.0469161521105
torus_genus1,1,86,49,0.2666831859462461,1148.735970658851
torus_genus1,1,87,64,0.2539187330557585,771.7740082122045
torus_genus1,1,88,64,0.18712557533547702,315.5286735916061
torus_genus1,1,89,54,0.13269417831952937,212.31652927691232
torus_genus1,1,90,47,0.09258033282776891,153.908486413588
torus_genus1,1,91,54,0.06541060494614231,104.87631625070165
torus_genus1,1,92,52,0.04710964824551934,75.13659515667341
torus_genus1,1,93,49,0.034490243283023345,55.9916450980892
torus_genus1,1,94,49,0.026530311569599428,42.4588887844116
torus_genus1,1,95,62,0.02244325344432474,28.00492297764355
torus_genus1,1,96,58,0.020291261332798936,21.610240194859934
torus_genus1,1,97,63,0.01855821484179634,22.12086609328346
torus_genus1,1,98,57,0.017570488084945123,18.44694055721901
torus_genus1,1,99,65,0.016278098657445225,14.202649597621434
torus_genus1,1,100,55,0.014846133953922465,13.585171597574488
torus_genus1,1,101,54,0.014099714044443212,14.732390526575156
torus_genus1,1,102,51,0.012937505855448676,9.850846668753348
torus_genus1,1,103,63,0.012127654247331265,9.988561762399064
torus_genus1,1,104,67,0.01150685002849361,10.65384177362793
torus_genus1,1,105,66,0.010804830254608171,8.176222511714903
torus_genus1,1,106,74,0.010217648813180555,8.443223178854684
torus_genus1,1,107,72,0.009626818966742227,7.764430442994394
torus_genus1,1,108,63,0.009004786463160351,6.552134084943495
torus_genus1,1,109,70,0.008423524278832558,6.559797316133192
torus_genus1,1,110,62,0.007839327831270056,6.718667768227408
torus_genus1,1,111,54,0.007316881169038938,6.342379794268854
torus_genus1,1,112,57,0.006920535706848195,5.798882704757179
torus_genus1,1,113,55,0.006586002271698689,4.530262994420797
torus_genus1,1,114,53,0.006291412807905259,2.889688834921628
torus_genus1,1,115,60,0.006116288726998476,3.1886174607790103
torus_genus1,1,116,60,0.005915496264720348,3.2056651255481263
torus_genus1,1,117,57,0.005711326273566037,3.1270577068774066
torus_genus1,1,118,62,0.005586212199806031,2.6384718743595332
torus_genus1,1,119,72,0.005440830296997324,2.3453920175750147
torus_genus1,1,120,67,0.00527483281431498,2.6153542521746074
torus_genus1,1,121,59,0.005169165134851685,2.330600370908631
torus_genus1,1,122,51,0.005067095082694569,1.9903470820099205
torus_genus1,1,123,48,0.004942114774825912,1.8911304250440213
torus_genus1,1,124,45,0.0048432064092183095,1.6216276209941531
torus_genus1,1,125,49,0.004767091781528931,1.5480027236026088
torus_genus1,1,126,49,0.004670033772167534,1.4202540622286284
torus_genus1,1,127,52,0.004573806991116557,1.3734759369529914
torus_genus1,1,128,50,0.0044961333781635094,1.4840262427226862
torus_genus1,1,129,50,0.004382919029952104,1.265851210468621
torus_genus1,1,130,51,0.004244270807836699,1.1108145206293967
torus_genus1,1,131,57,0.00410316431350038,1.1783217693992767
torus_genus1,1,132,58,0.00393643847364267,1.2250650177936222
torus_genus1,1,133,55,0.0037235814901865074,1.3380528058609074
torus_genus1,1,134,49,0.0035147999532692416,1.360566775831125
torus_genus1,1,135,58,0.003304269953802731,1.4084150904834927
torus_genus1,1,136,54,0.0030649534357153818,1.4060308856563561
torus_genus1,1,137,54,0.002831383357623423,1.387823295697126
torus_genus1,1,138,51,0.0026048595225626634,1.335489829289475
torus_genus1,1,139,49,0.0023735148043982973,1.2356232650576908
torus_genus1,1,140,43,0.0021507426387069673,1.1589468312676965
torus_genus1,1,141,51,0.0019405521467184986,1.1052788306905208
torus_genus1,1,142,45,0.0017320950512160344,0.9565694051808129
torus_genus1,1,143,45,0.001548323273762341,0.8333386831318402
torus_genus1,1,144,46,0.0013760542314807825,0.8046101396070611
torus_genus1,1,145,49,0.0012160895637506228,0.7139900359342614
torus_genus1,1,146,51,0.001077162333465177,0.7314579411221257
torus_genus1,1,147,49,0.0009587302858372051,0.6823564103460598
torus_genus1,1,148,50,0.0008552409679770897,0.6241050613597013
torus_genus1,1,149,59,0.0007655867086345719,0.5675553508241264
torus_genus1,1,150,47,0.0007060380470642348,0.5188280724047164
torus_genus1,1,151,47,0.000659509183154556,0.46016543870246945
torus_genus1,1,152,53,0.0006168529866024214,0.348910786555384
torus_genus1,1,153,51,0.0005899650597124376,0.4190749866250345
torus_genus1,1,154,49,0.0005691687830266386,0.37813464316012374
torus_genus1,1,155,42,0.0005497171757622993,0.3650078738660243
torus_genus1,1,156,43,0.0005327706433524158,0.33349177269305996
torus_genus1,1,157,34,0.0005169761223226495,0.28858664937024353
torus_genus1,1,158,32,0.0004950112199804522,0.2643289310856751
torus_genus1,1,159,30,0.0004679681846430707,0.233717406960072
torus_genus1,1,160,27,0.00043836368644042256,0.22118655559121117
torus_genus1,1,161,26,0.0004014686843309286,0.25340351870409067
torus_genus1,1,162,27,0.00035916898819472645,0.21501558602967405
torus_genus1,1,163,26,0.0003183090898694705,0.2119920679603175
torus_genus1,1,164,27,0.0002758273180218814,0.20834670538217914
torus_genus1,1,165,28,0.00023065093563212673,0.19682873785764796
torus_genus1,1,166,32,0.00018963566709306366,0.19854236221108224
torus_genus1,1,167,34,0.0001561913867683659,0.18427521154667742
torus_genus1,1,168,39,0.00014772941878878434,0.1900034566239782
torus_genus1,1,169,53,0.07826073793706272,16.331156053572187
torus_genus1,1,170,51,0.19717382050384605,1073.8020002618432
torus_genus1,1,171,45,0.24417173205508846,1398.2684594023933
torus_genus1,1,172,56,0.26470418460875683,1093.1762848198618
torus_genus1,1,173,62,0.2627828976287186,886.0723648683093
torus_genus1,1,174,63,0.19700613393449365,335.6623708373245
torus_genus1,1,175,59,0.13917903786910718,224.35340820971388
torus_genus1,1,176,52,0.09776492526402901,160.9626566193129
torus_genus1,1,177,48,0.06910322879093214,111.5836847457749
torus_genus1,1,178,47,0.04957193709955047,78.0274744645917
torus_genus1,1,179,50,0.03588492805868318,58.082301001599006
torus_genus1,1,180,49,0.02750263999179934,43.7421160393214
torus_genus1,1,181,56,0.02281114089380052,30.49740153279938
torus_genus1,1,182,61,0.020466882905679537,22.068260073864842
torus_genus1,1,183,63,0.01875004302440041,21.95630599552682
torus_genus1,1,184,59,0.017679572456318102,17.317678812497306
torus_genus1,1,185,63,0.016513851045912107,15.901044386551158
torus_genus1,1,186,59,0.015003590559316386,14.60795614015877
torus_genus1,1,187,56,0.014218649058036718,14.694717793500073
torus_genus1,1,188,56,0.013065721979327477,9.463427460731996
torus_genus1,1,189,67,0.012223824592116248,9.547946455794893
torus_genus1,1,190,70,0.011634719262672209,10.976017285521067
torus_genus1,1,191,70,0.010883926906013103,8.244547379228713
torus_genus1,1,192,64,0.010304479292497292,8.345364657668906
torus_genus1,1,193,65,0.009744965189669698,8.10715863855364
torus_genus1,1,194,69,0.009099850105317272,6.821511671679677
torus_genus1,1,195,61,0.008484793500150963,6.422418980000509
torus_genus1,1,196,68,0.007951647383642116,6.601715533598953
torus_genus1,1,197,54,0.007361122297352338,6.508460530496927
torus_genus1,1,198,53,0.006943561120439881,5.84433191641664
torus_genus1,1,199,56,0.00662255012415941,4.630606005709031
torus_genus1,1,200,57,0.006327753977617414,2.9262527006752244
torus_genus1,1,201,58,0.006101385874515864,3.244135569777051
torus_genus1,1,202,63,0.005937918804074782,3.3859230859631326
torus_genus1,1,203,63,0.005773920318995542,3.08372977395957
torus_genus1,1,204,68,0.005594274514805802,2.5774841653621134
torus_genus1,1,205,67,0.005465308637369911,2.377793432740612
torus_genus1,1,206,69,0.005334830057206205,2.617370731384099
torus_genus1,1,207,56,0.0051769465007835405,2.253835900168848
torus_genus1,1,208,48,0.00507291049395856,2.0330350575400433
torus_genus1,1,209,48,0.004970229622606684,1.9624081075716497
torus_genus1,1,210,45,0.00484870665148106,1.7012393164240247
torus_genus1,1,211,52,0.004763078678630482,1.4668946994909422
torus_genus1,1,212,53,0.004687290898605778,1.4514647232495983
torus_genus1,1,213,50,0.004591536599323822,1.3620942470918804
torus_genus1,1,214,48,0.0044865518617441735,1.4843505503025425
torus_genus1,1,215,52,0.004392953742861259,1.296196659418102
torus_genus1,1,216,52,0.0042698737085803545,1.1330359267253238
torus_genus1,1,217,58,0.004114471487616342,1.1738374474424018
torus_genus1,1,218,56,0.0039512162789247345,1.2372198122415718
torus_genus1,1,219,56,0.0037652819743236817,1.3226062499930484
torus_genus1,1,220,55,0.003539836739541975,1.345502626232849
torus_genus1,1,221,59,0.0033286913128166696,1.3771333583134404
torus_genus1,1,222,52,0.00310672095928996,1.4392664370831756
torus_genus1,1,223,52,0.002855295849692072,1.4126482748985578
torus_genus1,1,224,50,0.002632189566668785,1.353975827672606
torus_genus1,1,225,51,0.0024118479807931515,1.2414524035583971
torus_genus1,1,226,45,0.002174650868298158,1.1504419815621065
torus_genus1,1,227,51,0.0019598223782144337,1.108908285630261
torus_genus1,1,228,44,0.0017632034990256833,0.9853902362272966
torus_genus1,1,229,44,0.0015707885538347138,0.8618926311959416
torus_genus1,1,230,43,0.0013912926512119157,0.8032948660534787
torus_genus1,1,231,45,0.0012335715488113752,0.7221662819862812
torus_genus1,1,232,50,0.0010982134882175786,0.7350902006879674
torus_genus1,1,233,58,0.0009709982542009274,0.6967469644981725
torus_genus1,1,234,54,0.0008608810618905806,0.6332525681140928
torus_genus1,1,235,51,0.0007786278922318788,0.5714335686339485
torus_genus1,1,236,50,0.0007125207286551342,0.5290943254061327
torus_genus1,1,237,48,0.0006608493538533481,0.4747099291841805
torus_genus1,1,238,57,0.0006210907092541799,0.36291327387681965
torus_genus1,1,239,48,0.0005942241177283995,0.41204892398227266
torus_genus1,1,240,46,0.0005713327428640197,0.3844303861161462
torus_genus1,1,241,46,0.0005515983319175728,0.3705428420254244
torus_genus1,1,242,42,0.0005361744265968989,0.3360907819310262
torus_genus1,1,243,35,0.0005193385778088129,0.29235393393054826
torus_genus1,1,244,32,0.0004984468611027062,0.2660197279236781
torus_genus1,1,245,31,0.0004724012952814327,0.23663766298213323
torus_genus1,1,246,27,0.0004426824980690718,0.21468508890750615
torus_genus1,1,247,28,0.0004058023757398516,0.25740990267494207
torus_genus1,1,248,27,0.0003651779096263694,0.21181597319774714
torus_genus1,1,249,27,0.00032505718027157866,0.2101740412394953
torus_genus1,1,250,27,0.0002810977209966176,0.20957429544994677
torus_genus1,1,251,27,0.00023596968853128558,0.2002809234032696
torus_genus1,1,252,31,0.00019522609102124615,0.19943976197746777
torus_genus1,1,253,33,0.00016072488476782468,0.18507887261789274
torus_genus1,1,254,34,0.00014468753406708676,0.18979550335412865
torus_genus1,1,255,65,0.028578379564964177,2.7308427369426265
torus_genus1,1,256,50,0.18899688156837402,856.7272418366018
torus_genus1,1,257,52,0.24169221304656252,1539.4363132049607
torus_genus1,1,258,56,0.2628428847446139,1016.2796579998685
torus_genus1,1,259,65,0.2718094659655503,991.0577553602662
torus_genus1,1,260,62,0.2044164415467727,358.7075766580618
torus_genus1,1,261,65,0.14297257763459292,235.83906010231667
torus_genus1,1,262,59,0.10235792331296234,167.92842371629945
torus_genus1,1,263,55,0.07228990796734744,119.13027721145748
torus_genus1,1,264,49,0.05116759592037907,80.95786428595287
torus_genus1,1,265,47,0.03751688567473793,59.81713898488255
torus_genus1,1,266,55,0.028428169622402015,44.8087647769801
torus_genus1,1,267,60,0.02317204236316033,32.985403287067534
torus_genus1,1,268,55,0.020810632051505205,22.10491149563792
torus_genus1,1,269,55,0.018950165453148187,21.40032329869773
torus_genus1,1,270,57,0.017760187231149988,16.649764508014663
torus_genus1,1,271,64,0.016787969883989767,17.607429033972956
torus_genus1,1,272,57,0.015121737669970098,15.601687015699053
torus_genus1,1,273,55,0.014274020739937651,14.351590675221562
torus_genus1,1,274,60,0.013215511779064196,9.25668777829955
torus_genus1,1,275,64,0.012335875671524622,9.375938126967926
torus_genus1,1,276,71,0.011671337914581427,11.149180822978003
torus_genus1,1,277,70,0.010974594621137755,8.354058414992828
torus_genus1,1,278,63,0.010392438499742699,8.282104295181343
torus_genus1,1,279,62,0.009773074036071977,8.405820133651346
torus_genus1,1,280,67,0.009192102905058855,7.032754870556662
torus_genus1,1,281,63,0.008586130643270996,6.230325302698867
torus_genus1,1,282,69,0.00798079935955733,6.522480859918404
torus_genus1,1,283,50,0.007475297440236152,6.696441986623597
torus_genus1,1,284,47,0.007007374727912956,5.812359492823162
torus_genus1,1,285,60,0.0066409961865182094,4.664930559893935
torus_genus1,1,286,50,0.006389729609606237,3.1126026579408506
torus_genus1,1,287,59,0.006124866314677336,3.2715216655526387
torus_genus1,1,288,57,0.005934256979768825,3.485205466932725
torus_genus1,1,289,65,0.005801432209730197,3.0562949979576404
torus_genus1,1,290,67,0.005607064955890973,2.6274222395056857
torus_genus1,1,291,67,0.005453318510183942,2.474999479091882
torus_genus1,1,292,66,0.005353198488865246,2.5922918764356684
torus_genus1,1,293,56,0.0052031360772890846,2.155327363839924
torus_genus1,1,294,48,0.005079618495963873,2.1040843528880533
torus_genus1,1,295,49,0.004994131171080174,2.0390182361413354
torus_genus1,1,296,44,0.004872723328445156,1.7484582778709847
torus_genus1,1,297,54,0.004786581767271432,1.3717484002404978
torus_genus1,1,298,46,0.004699297082522833,1.509784039129235
torus_genus1,1,299,47,0.004610606227636089,1.410457369418374
torus_genus1,1,300,46,0.004510682907839198,1.462113123927511
torus_genus1,1,301,53,0.0044051369447814905,1.318226324349531
torus_genus1,1,302,55,0.004291442926562795,1.1786606764684116
torus_genus1,1,303,58,0.004144061503538728,1.1446803379907418
torus_genus1,1,304,62,0.003963355445279777,1.2414056858100553
torus_genus1,1,305,55,0.0037818188600611774,1.3054731666214932
torus_genus1,1,306,54,0.003581875891801062,1.3401211479200006
torus_genus1,1,307,59,0.0033453321131700292,1.3629517022844062
torus_genus1,1,308,56,0.003130616357868761,1.4477705459460113
torus_genus1,1,309,52,0.002895367599758521,1.414231007332258
torus_genus1,1,310,54,0.0026603158878470154,1.3430502543940341
torus_genus1,1,311,49,0.002439604253213237,1.246743666731812
torus_genus1,1,312,46,0.002209871653710292,1.145620176096735
torus_genus1,1,313,47,0.001989845752974921,1.118308032407448
torus_genus1,1,314,44,0.0017918683459339656,1.0230894465562537
torus_genus1,1,315,46,0.0015973141232950613,0.8780720188402202
torus_genus1,1,316,48,0.0014132136792641458,0.7954526242438381
torus_genus1,1,317,47,0.0012561506526949364,0.7383844205063018
torus_genus1,1,318,54,0.001117666867500027,0.7400336764636752
torus_genus1,1,319,57,0.0009873537632628922,0.7117705346172505
torus_genus1,1,320,46,0.0008740058327988359,0.6378285977770535
torus_genus1,1,321,53,0.0007932081794325977,0.5788955791288339
torus_genus1,1,322,48,0.0007232972335975533,0.5390326728170194
torus_genus1,1,323,47,0.0006641562579351658,0.48665039383359054
torus_genus1,1,324,54,0.0006283663741920334,0.3866604893155302
torus_genus1,1,325,46,0.0005975716338578325,0.4024015456248079
torus_genus1,1,326,51,0.0005718061098016132,0.38960304621949654
torus_genus1,1,327,46,0.0005540517005095597,0.37539020067433876
torus_genus1,1,328,44,0.0005378456185556832,0.33637433060430766
torus_genus1,1,329,37,0.0005212454106380893,0.294119582321555
torus_genus1,1,330,30,0.0005012582325131132,0.2703435052702069
torus_genus1,1,331,31,0.00047676330530418824,0.24463782485841923
torus_genus1,1,332,27,0.00044554551983639983,0.21651702601183842
torus_genus1,1,333,27,0.0004107120507146432,0.25989488175727005
torus_genus1,1,334,25,0.00037197306962248253,0.21382450972698286
torus_genus1,1,335,27,0.00033018040598351857,0.20912888611214692
torus_genus1,1,336,27,0.00028594267513587914,0.208938944399462
torus_genus1,1,337,27,0.00024219507895491816,0.2023396993718663
torus_genus1,1,338,29,0.00020158025427771388,0.19746027181815706
torus_genus1,1,339,33,0.00016455752884279824,0.1860479232956418
torus_genus1,1,340,36,0.00014368271687084723,0.18856556337456343
torus_genus1,1,341,50,0.0030448690330060926,0.22491601895371632
torus_genus1,1,342,58,0.17704284376932905,645.0993073319083
torus_genus1,1,343,52,0.23664131697146876,1623.9254886091862
torus_genus1,1,344,49,0.2607725923801425,936.0268134973288
torus_genus1,1,345,66,0.2721394927268119,1073.896728299691
torus_genus1,1,346,63,0.2142283769621207,389.12017253696456
torus_genus1,1,347,55,0.15083348228492904,248.23798895578614
torus_genus1,1,348,60,0.1072362637100839,175.51739710068313
torus_genus1,1,349,57,0.07628482855549,125.99994054103037
torus_genus1,1,350,53,0.053542697328849274,83.51255592108834
torus_genus1,1,351,45,0.03866499293746745,61.40128516772393
torus_genus1,1,352,54,0.02926211710947433,45.901396887498834
torus_genus1,1,353,61,0.023667744348933976,35.36814082105501
torus_genus1,1,354,52,0.020966675698538138,21.3732720524707
torus_genus1,1,355,62,0.019234796324256502,20.619642978228708
torus_genus1,1,356,64,0.017871221001269606,17.741982381183313
torus_genus1,1,357,64,0.01695261651843404,18.95290835177036
torus_genus1,1,358,56,0.01532015362619625,16.31354575554564
torus_genus1,1,359,49,0.014363896010296843,13.634004260909876
torus_genus1,1,360,61,0.013420990158245006,10.326556938827498
torus_genus1,1,361,62,0.012380414062571617,9.884199289595102
torus_genus1,1,362,67,0.011808256367342573,11.24769967877256
torus_genus1,1,363,64,0.011090730531932652,8.661713740944315
torus_genus1,1,364,63,0.010466664967686336,8.228100809007712
torus_genus1,1,365,64,0.009877910851904393,8.446005263023283
torus_genus1,1,366,63,0.009264675970648029,7.0830276276866435
torus_genus1,1,367,73,0.008660183683502545,6.097235999217675
torus_genus1,1,368,71,0.008037674050926027,6.524808635966692
torus_genus1,1,369,62,0.007517103882137831,6.8117127290400905
torus_genus1,1,370,59,0.007064202101740304,5.793648608653916
torus_genus1,1,371,51,0.006678483604214163,4.847072175443983
torus_genus1,1,372,54,0.006399308569463375,3.4148063199199363
torus_genus1,1,373,50,0.00621020749235908,3.3404247582424964
torus_genus1,1,374,55,0.0059638028302165195,3.453251055066474
torus_genus1,1,375,72,0.005803954818950473,3.0525682840792627
torus_genus1,1,376,69,0.005670799846668744,2.7138193375303588
torus_genus1,1,377,67,0.005471053229193052,2.581170517404483
torus_genus1,1,378,65,0.005349658559078527,2.5564486548780065
torus_genus1,1,379,59,0.0052383951409672065,2.165720871137281
torus_genus1,1,380,56,0.005087943831147902,2.1734959793059128
torus_genus1,1,381,50,0.004978703206962394,2.0913786841887347
torus_genus1,1,382,46,0.004891038935475988,1.7478037222912552
torus_genus1,1,383,52,0.004791386751241418,1.3030527192684167
torus_genus1,1,384,46,0.004695095031333914,1.574738587919466
torus_genus1,1,385,48,0.004611722090090227,1.4458823583609492
torus_genus1,1,386,47,0.004534335210191751,1.4443045070459497
torus_genus1,1,387,53,0.00441575890664711,1.3260405588531488
torus_genus1,1,388,53,0.004300341941843748,1.2144864369168342
torus_genus1,1,389,55,0.004174389716631495,1.1089687601126115
torus_genus1,1,390,58,0.0039915543073975246,1.234501598635529
torus_genus1,1,391,56,0.0038072274219727135,1.2826717992458936
torus_genus1,1,392,57,0.003620809683728703,1.3194389789150722
torus_genus1,1,393,59,0.0033839107948601898,1.3706557260276906
torus_genus1,1,394,56,0.003152854752960904,1.421750430556851
torus_genus1,1,395,52,0.0029363778878568688,1.4018063179656073
torus_genus1,1,396,52,0.0026955678378935218,1.339380584210203
torus_genus1,1,397,51,0.0024607215460324826,1.2451172858379718
torus_genus1,1,398,49,0.0022399542788540594,1.1647121898325539
torus_genus1,1,399,45,0.002022048605303992,1.1277646957844634
torus_genus1,1,400,46,0.001815654946969077,1.0487833349249496
torus_genus1,1,401,45,0.0016163157684035668,0.8927477872294536
torus_genus1,1,402,50,0.001439499214132463,0.792689928263179
torus_genus1,1,403,50,0.0012794502536088831,0.7469705094273374
torus_genus1,1,404,56,0.0011300138692088616,0.736203644080124
torus_genus1,1,405,51,0.001001442518511605,0.7205706589440801
torus_genus1,1,406,48,0.0008907027829332305,0.6419915037032191
torus_genus1,1,407,50,0.0008012478448441608,0.5804160721000233
torus_genus1,1,408,52,0.000727843039746766,0.5390778273861309
torus_genus1,1,409,51,0.0006715386589689517,0.49537165186017246
torus_genus1,1,410,55,0.0006335684290518294,0.4104110529776638
torus_genus1,1,411,47,0.0006018078395990015,0.39659489348513693
torus_genus1,1,412,53,0.0005750487196603643,0.3973628705838229
torus_genus1,1,413,44,0.0005578487811889782,0.3815921637300214
torus_genus1,1,414,44,0.0005410328908733127,0.3414684321277246
torus_genus1,1,415,37,0.0005227658346566033,0.29366003066652696
torus_genus1,1,416,32,0.0005051063858485693,0.27361149859191797
torus_genus1,1,417,30,0.0004801088877893274,0.2518151292390075
torus_genus1,1,418,27,0.0004496310513223652,0.22055064239472494
torus_genus1,1,419,27,0.00041594383252683187,0.2575343730315035
torus_genus1,1,420,25,0.0003780201244609333,0.21911564682910145
torus_genus1,1,421,27,0.00033546713082976753,0.20961322448246883
torus_genus1,1,422,27,0.00029111795398996073,0.207529554037035
torus_genus1,1,423,27,0.0002491086952918019,0.2044666001945022
torus_genus1,1,424,30,0.00020711600527008846,0.19483288352708264
torus_genus1,1,425,33,0.00016797084520728207,0.18695380349208623
torus_genus1,1,426,34,0.00014385006824307135,0.18736385785858153
torus_genus1,1,427,55,0.0002751870580947703,0.19795135081885606
torus_genus1,1,428,52,0.16573468731103755,455.0603820424704
torus_genus1,1,429,53,0.23113821461496725,1648.293726875473
torus_genus1,1,430,45,0.258570945047004,848.5817336096584
torus_genus1,1,431,58,0.2710305299859749,1129.4825074367157
torus_genus1,1,432,63,0.22233773966955467,435.0942266814254
torus_genus1,1,433,61,0.15863996189175059,260.09210106954697
torus_genus1,1,434,47,0.1120456143333693,183.05501592151575
torus_genus1,1,435,58,0.0799538929469964,132.09155827652853
torus_genus1,1,436,47,0.056374848862778444,86.2963522783035
torus_genus1,1,437,47,0.04042987448154787,64.4152664968072
torus_genus1,1,438,53,0.030522206928965165,47.63436246471052
torus_genus1,1,439,62,0.024253613541037815,37.58344267326065
torus_genus1,1,440,59,0.021282770323378566,21.182859584499145
torus_genus1,1,441,58,0.01950842030661948,19.71559195863551
torus_genus1,1,442,63,0.01800417106057487,19.16440671273874
torus_genus1,1,443,59,0.017062137533692345,19.78824763375688
torus_genus1,1,444,58,0.015488622083695816,16.39006418493645
torus_genus1,1,445,56,0.014478932647843243,13.166225788477426
torus_genus1,1,446,59,0.01356613903027189,11.555020341146147
torus_genus1,1,447,60,0.012493338055653095,10.458346973745842
torus_genus1,1,448,74,0.011907476480145302,11.010606454454772
torus_genus1,1,449,68,0.011151180704317436,9.147963797697734
torus_genus1,1,450,67,0.010539542448563281,8.303155267282202
torus_genus1,1,451,74,0.009955705373407618,8.442654932347871
torus_genus1,1,452,68,0.009322255763640222,7.066445365976446
torus_genus1,1,453,66,0.008752915230628232,5.97689386034917
torus_genus1,1,454,61,0.008170947104368501,6.4973542238744475
torus_genus1,1,455,57,0.007556087889490384,6.816869878024173
torus_genus1,1,456,57,0.00714309446604274,5.836780345840636
torus_genus1,1,457,51,0.006748993850672324,5.133026014024567
torus_genus1,1,458,52,0.006390341985965571,3.7801098913679128
torus_genus1,1,459,53,0.006222641090938834,3.2960686972019517
torus_genus1,1,460,64,0.0059981176413932925,3.3318484382779188
torus_genus1,1,461,65,0.005789036293741481,2.9899882492530128
torus_genus1,1,462,73,0.005683684724897463,2.8116034900513274
torus_genus1,1,463,64,0.005519214327761316,2.6631937269909653
torus_genus1,1,464,68,0.00537140668571238,2.5194504747133744
torus_genus1,1,465,60,0.005249911054684165,2.295458933863399
torus_genus1,1,466,55,0.005124494580802733,2.250109409178842
torus_genus1,1,467,48,0.005008144386383966,2.111804041848395
torus_genus1,1,468,47,0.004904589338292425,1.697123394837164
torus_genus1,1,469,48,0.0048107029149005555,1.3265784977179385
torus_genus1,1,470,50,0.004724264534977941,1.5991303329670306
torus_genus1,1,471,48,0.004619920627355154,1.4597048406740545
torus_genus1,1,472,47,0.0045366376244588055,1.463321079222755
torus_genus1,1,473,54,0.004448627935794816,1.3598469911261495
torus_genus1,1,474,51,0.004303705798648771,1.2243137447663197
torus_genus1,1,475,51,0.004173509598074239,1.093877774628965
torus_genus1,1,476,58,0.00402611115747447,1.217715738317273
torus_genus1,1,477,58,0.0038300067608460536,1.274170291494594
torus_genus1,1,478,55,0.003626201548026247,1.3149598634701496
torus_genus1,1,479,55,0.003421203337751109,1.3824247008072725
torus_genus1,1,480,57,0.0031839942852823805,1.4468481208692912
torus_genus1,1,481,54,0.002954856072210055,1.3892010926885923
torus_genus1,1,482,53,0.002734263579944653,1.335029059845596
torus_genus1,1,483,50,0.002488602525822619,1.2494040496603684
torus_genus1,1,484,51,0.0022673723760440966,1.1721634102809428
torus_genus1,1,485,44,0.0020542494161150874,1.1427626016976817
torus_genus1,1,486,45,0.0018398135627093065,1.0660234620887545
torus_genus1,1,487,44,0.001637064602580762,0.9140796883780093
torus_genus1,1,488,47,0.0014638875706822392,0.7926066058413079
torus_genus1,1,489,51,0.0013016409652217818,0.7650875636621999
torus_genus1,1,490,51,0.001144112181090022,0.7324887094309558
torus_genus1,1,491,54,0.0010181210929654802,0.7259306183002779
torus_genus1,1,492,53,0.0009097352612240221,0.6494746050086803
torus_genus1,1,493,51,0.0008108528931003284,0.5778324457329437
torus_genus1,1,494,54,0.0007327328123089232,0.532839713907869
torus_genus1,1,495,50,0.0006800707931909716,0.49884371110978376
torus_genus1,1,496,53,0.0006382613012382785,0.42770403747456487
torus_genus1,1,497,53,0.0006017407310322233,0.38945234921380784
torus_genus1,1,498,51,0.0005780396781387148,0.40485799927579863
torus_genus1,1,499,42,0.0005595070127055574,0.38106188359475685
torus_genus1,1,500,41,0.000542548189880993,0.3471061748162346
torus_genus1,1,501,38,0.0005252027012540316,0.29933133785338273
torus_genus1,1,502,33,0.0005075335461760884,0.2775227765083075
torus_genus1,1,503,32,0.0004839409049031635,0.25788518760913604
torus_genus1,1,504,27,0.00045379274001894636,0.2259263383437703
torus_genus1,1,505,27,0.0004214110323219379,0.25098308900940025
torus_genus1,1,506,25,0.0003828546550539356,0.2248934157887442
torus_genus1,1,507,27,0.00034047760004410387,0.2111044372804526
torus_genus1,1,508,27,0.00029761173847033147,0.20569404508579897
torus_genus1,1,509,27,0.00025560755910429404,0.20609942615424637
torus_genus1,1,510,29,0.00021240015818758614,0.1945643902740057
torus_genus1,1,511,34,0.00017192090429018938,0.18770088086638345
torus_genus1,1,512,35,0.00014593212478302033,0.18543154290852504
torus_genus1,1,513,50,0.0001880622363459834,0.19294516209950452
torus_genus1,1,514,54,0.15466736153686703,295.4801197542877
torus_genus1,1,515,52,0.22453759711824597,1612.1377724908402
torus_genus1,1,516,51,0.25603632770247636,810.7255274147844
torus_genus1,1,517,61,0.2702773646834687,1178.9853084823776
torus_genus1,1,518,60,0.2295692601725561,504.69748740644513
torus_genus1,1,519,62,0.16735676238814268,273.1859807771224
torus_genus1,1,520,50,0.11746900283465443,190.3186913726966
torus_genus1,1,521,59,0.08222086280543241,137.81582963914107
torus_genus1,1,522,48,0.058579936484858895,89.82787312641884
torus_genus1,1,523,52,0.042256990100191724,67.73645092792047
torus_genus1,1,524,54,0.031255744320013074,50.179697817899914
torus_genus1,1,525,59,0.024812415724775824,39.27068805230978
torus_genus1,1,526,53,0.021584151343117423,22.0149319943697
torus_genus1,1,527,53,0.019663304029815316,18.94132721909104
torus_genus1,1,528,62,0.01815712994999333,20.392940310416602
torus_genus1,1,529,60,0.017245438450967533,20.00495832473059
torus_genus1,1,530,60,0.015702358145335767,15.702305075002855
torus_genus1,1,531,50,0.014579709487150573,12.663994941967754
torus_genus1,1,532,54,0.013743362169761143,12.724408063249145
torus_genus1,1,533,68,0.012597375619964263,10.899415429349007
torus_genus1,1,534,68,0.01195138474612393,10.847379552366446
torus_genus1,1,535,74,0.011297806224533339,9.648523892136904
torus_genus1,1,536,66,0.010583389980839008,8.307852137450526
torus_genus1,1,537,69,0.010011464466382972,8.425740037063171
torus_genus1,1,538,72,0.00943565084003518,7.106294249679484
torus_genus1,1,539,69,0.008789846375606461,6.050190950677331
torus_genus1,1,540,60,0.008235481269058681,6.517702187067215
torus_genus1,1,541,64,0.007648852326690064,6.849562227148781
torus_genus1,1,542,61,0.007147935072189135,5.873272206102645
torus_genus1,1,543,58,0.006810913890567225,5.339940154716724
torus_genus1,1,544,56,0.0064716208799549015,4.091425170410555
torus_genus1,1,545,51,0.006213274313533914,3.191222350268898
torus_genus1,1,546,66,0.006058560980811165,3.1678960463101755
torus_genus1,1,547,60,0.005835380182841935,2.9469990317726062
torus_genus1,1,548,67,0.005673178675962905,2.9613374315612435
torus_genus1,1,549,69,0.005546874999124639,2.6812250414795584
torus_genus1,1,550,69,0.005381935840997481,2.4316955622875276
torus_genus1,1,551,68,0.00523532949236971,2.425455070883546
torus_genus1,1,552,58,0.005133329034353221,2.3144956212918135
torus_genus1,1,553,49,0.0050263599584047325,2.0969335859710223
torus_genus1,1,554,52,0.004906448617810059,1.662490162990762
torus_genus1,1,555,45,0.004817771413717063,1.3978533996642393
torus_genus1,1,556,47,0.004732408031125439,1.6083112845487972
torus_genus1,1,557,47,0.004636025330570637,1.4455723388723078
torus_genus1,1,558,48,0.004545272237124782,1.4634248196761146
torus_genus1,1,559,53,0.004461807678632516,1.3899955808669502
torus_genus1,1,560,54,0.004338590233739328,1.2087764060228268
torus_genus1,1,561,50,0.004197105328360233,1.0895998739718915
torus_genus1,1,562,58,0.004054823193811412,1.2091540789020572
torus_genus1,1,563,57,0.00386849437747635,1.2548372727013928
torus_genus1,1,564,55,0.003656054084200025,1.3321711648669656
torus_genus1,1,565,52,0.003446271762631904,1.3773941792227031
torus_genus1,1,566,55,0.0032258093349635595,1.4566927839721526
torus_genus1,1,567,53,0.002986215720381699,1.3686637194068103
torus_genus1,1,568,52,0.0027569894774842445,1.3330159006995341
torus_genus1,1,569,52,0.0025275670221585477,1.2691602452673028
torus_genus1,1,570,49,0.002299930471918998,1.1984759030087797
torus_genus1,1,571,46,0.002080578744187165,1.1633170500728764
torus_genus1,1,572,44,0.0018662210840824157,1.0750946108971513
torus_genus1,1,573,45,0.0016676982411055624,0.9237224069175296
torus_genus1,1,574,45,0.001490338064805552,0.7988367558280602
torus_genus1,1,575,48,0.0013181319135366688,0.7815517634051863
torus_genus1,1,576,50,0.0011652029588257536,0.7226494664216407
torus_genus1,1,577,57,0.0010358821701319646,0.7335350639591283
torus_genus1,1,578,53,0.000921117242560769,0.660897117130606
torus_genus1,1,579,51,0.0008220264541375793,0.5881320597260344
torus_genus1,1,580,52,0.0007434239742328228,0.5428056303457724
torus_genus1,1,581,44,0.000690080820499317,0.5032829180712907
torus_genus1,1,582,52,0.0006433967881554268,0.4423876708102982
torus_genus1,1,583,55,0.0006064757428388206,0.3784375607987482
torus_genus1,1,584,48,0.000582881314101813,0.4092992778754601
torus_genus1,1,585,45,0.0005620340192873116,0.3781760807300041
torus_genus1,1,586,42,0.0005439227938253544,0.3501472042440509
torus_genus1,1,587,38,0.0005278287640655416,0.31135762452926863
torus_genus1,1,588,33,0.0005105602248198353,0.27953988914969513
torus_genus1,1,589,32,0.000486998405888495,0.26060225436965173
torus_genus1,1,590,28,0.0004583940991887238,0.2304942176478395
torus_genus1,1,591,29,0.0004263393601875851,0.24294444316076297
torus_genus1,1,592,25,0.00038724792525301696,0.23120628756528971
torus_genus1,1,593,27,0.00034515259575691796,0.2130073208398096
torus_genus1,1,594,26,0.0003045827866810284,0.20770125185147645
torus_genus1,1,595,27,0.0002611502024737789,0.20763484001476512
torus_genus1,1,596,28,0.00021651622902356258,0.19319682632216423
torus_genus1,1,597,32,0.00017718684239768196,0.1901670148057633
torus_genus1,1,598,36,0.0001487045312352759,0.1834984830199649
torus_genus1,1,599,52,0.00016630410716925607,0.19153700592956058
torus_genus1,1,600,54,0.13553526732351281,170.76560243849121
torus_genus1,1,601,51,0.21777474002138417,1518.1237031003905
torus_genus1,1,602,52,0.2527945542932388,898.9745418028334
torus_genus1,1,603,53,0.26876251137280954,1189.8452175072525
torus_genus1,1,604,61,0.24050648464757654,599.3608731516674
torus_genus1,1,605,54,0.17549477636333832,288.4045571481001
torus_genus1,1,606,55,0.123888274699265,197.71807046425053
torus_genus1,1,607,59,0.08675510751576998,143.4672380626114
torus_genus1,1,608,51,0.061788483439728585,95.33151307183184
torus_genus1,1,609,49,0.04436859568397208,70.92482275099252
torus_genus1,1,610,50,0.03260946375805373,52.6980791608397
torus_genus1,1,611,57,0.02555172554877223,40.6956417848175
torus_genus1,1,612,57,0.021843691383486828,24.27229570561999
torus_genus1,1,613,59,0.019924713556631793,19.54333560401489
torus_genus1,1,614,56,0.018290625070748176,21.262580823002775
torus_genus1,1,615,57,0.017405709517976115,19.67565134846331
torus_genus1,1,616,64,0.015914538857652923,14.434024021966897
torus_genus1,1,617,55,0.014688092141404378,12.191399738620447
torus_genus1,1,618,53,0.01388515006065141,13.754474324644228
torus_genus1,1,619,61,0.012701995790732674,10.979666561225738
torus_genus1,1,620,71,0.012075227146520102,10.701236698141084
torus_genus1,1,621,70,0.011349171423894414,10.080470169303734
torus_genus1,1,622,65,0.010669145212330186,8.275573403597877
torus_genus1,1,623,64,0.010117399749612297,8.320069427664663
torus_genus1,1,624,71,0.009537409386213374,7.168927954019385
torus_genus1,1,625,66,0.008884792254744426,6.185309084618934
torus_genus1,1,626,61,0.00831287996734901,6.56642062063527
torus_genus1,1,627,64,0.007746124157416878,6.808004969807581
torus_genus1,1,628,63,0.0071868175332784265,6.027952384367388
torus_genus1,1,629,55,0.006838457911834334,5.568925418744355
torus_genus1,1,630,50,0.006513453339269639,4.321288914161686
torus_genus1,1,631,57,0.006236792832004842,3.085189416428364
torus_genus1,1,632,61,0.006052858574976852,3.05203072536837
torus_genus1,1,633,62,0.005882755360864157,3.048010681719222
torus_genus1,1,634,61,0.005715263299553388,3.0572441295577515
torus_genus1,1,635,68,0.0055491157359621275,2.664911767641547
torus_genus1,1,636,68,0.005422287952480452,2.368650591883555
torus_genus1,1,637,68,0.005281315320291131,2.5675692755486432
torus_genus1,1,638,58,0.005138683404334455,2.363082331333321
torus_genus1,1,639,52,0.0050416939190286005,2.036695220403502
torus_genus1,1,640,49,0.004937342793511788,1.740047146049436
torus_genus1,1,641,44,0.004812346911171145,1.4739488256573936
torus_genus1,1,642,47,0.00473548003296176,1.6121414170409498
torus_genus1,1,643,49,0.004654561345765916,1.4330198804814769
torus_genus1,1,644,48,0.004554830936552554,1.4399731458386618
torus_genus1,1,645,52,0.0044532373031424734,1.442038570728499
torus_genus1,1,646,51,0.0043592762029940465,1.2142633591804404
torus_genus1,1,647,51,0.004221622085417259,1.0948630252879363
torus_genus1,1,648,59,0.004053068018121669,1.1902284997972925
torus_genus1,1,649,56,0.003896353424134502,1.2290973055521095
torus_genus1,1,650,53,0.0036901435327833577,1.3353372851805787
torus_genus1,1,651,52,0.0034673762782426614,1.3772093668149274
torus_genus1,1,652,54,0.0032604025956069994,1.4446416317634843
torus_genus1,1,653,52,0.003024653036060988,1.37613598631853
torus_genus1,1,654,52,0.0027780112410224385,1.3548064218089153
torus_genus1,1,655,50,0.002562284169031254,1.2969338513469277
torus_genus1,1,656,47,0.002333116263272579,1.2210121088454304
torus_genus1,1,657,40,0.002098629208077413,1.1691969143488825
torus_genus1,1,658,47,0.0018923857505255663,1.0859211417841106
torus_genus1,1,659,46,0.0016974190103678248,0.9351620977351269
torus_genus1,1,660,42,0.001509713150645318,0.8097742019452439
torus_genus1,1,661,48,0.0013346585331877883,0.8000482821307398
torus_genus1,1,662,52,0.0011870996246171638,0.7082440544260878
torus_genus1,1,663,57,0.001056131275704334,0.7332966788227715
torus_genus1,1,664,57,0.0009290573677111894,0.6684146274816114
torus_genus1,1,665,49,0.0008315608068860817,0.5972167378590035
torus_genus1,1,666,53,0.0007560610075245771,0.5533873038605177
torus_genus1,1,667,48,0.000692700653490887,0.508216675086595
torus_genus1,1,668,55,0.00064527629480624,0.44904576557594134
torus_genus1,1,669,54,0.0006102356041045057,0.36617516990096494
torus_genus1,1,670,54,0.0005864240176953169,0.4146151240972213
torus_genus1,1,671,45,0.0005636064801081137,0.3760294475357243
torus_genus1,1,672,42,0.0005464018080082899,0.35471054603001284
torus_genus1,1,673,37,0.0005307857301146798,0.32150492053911783
torus_genus1,1,674,34,0.0005128850011401749,0.28094140176451926
torus_genus1,1,675,32,0.0004903890511800857,0.2616486454321775
torus_genus1,1,676,29,0.00046298802443894474,0.2334124150805582
torus_genus1,1,677,28,0.0004311491393247489,0.23459803414859787
torus_genus1,1,678,25,0.0003923489526259603,0.24095558685876134
torus_genus1,1,679,27,0.0003518836146029204,0.2159852695938318
torus_genus1,1,680,26,0.0003108202276899855,0.21165097488162588
torus_genus1,1,681,27,0.00026625199466021515,0.20755158039324512
torus_genus1,1,682,28,0.00022153825511356476,0.1925859284709959
torus_genus1,1,683,32,0.00018299940102250162,0.19380880555209137
torus_genus1,1,684,35,0.0001517129396023112,0.1830954261647345
torus_genus1,1,685,46,0.00015484963423731757,0.1918362907819193
torus_genus1,1,686,51,0.11033495727618849,82.6485057926922
torus_genus1,1,687,54,0.2122800693314294,1372.7725762140471
torus_genus1,1,688,51,0.2507280213359021,1094.4011129169032
torus_genus1,1,689,51,0.26716357552372794,1169.798889268915
torus_genus1,1,690,62,0.2524412454675874,710.2189550249112
torus_genus1,1,691,63,0.18164657950089277,305.9883635934283
torus_genus1,1,692,55,0.1276158135789159,206.62637378037832
torus_genus1,1,693,54,0.09130921429549943,150.04543038767858
torus_genus1,1,694,57,0.0640337918505371,101.61605372347917
torus_genus1,1,695,53,0.04599137057333016,73.66256750329521
torus_genus1,1,696,46,0.03396915419522619,55.010877097963075
torus_genus1,1,697,51,0.026208327166951213,41.92489249756546
torus_genus1,1,698,60,0.022197957458349377,26.72193258241693
torus_genus1,1,699,54,0.02021551584644247,21.071304317259127
torus_genus1,1,700,62,0.018415926054266868,22.010308435744193
torus_genus1,1,701,60,0.01751820411556212,19.002430217786838
torus_genus1,1,702,66,0.016210057883756436,13.708984390789546
torus_genus1,1,703,48,0.01476217766190874,12.97673770793965
torus_genus1,1,704,53,0.014001467052122216,14.582110668706385
torus_genus1,1,705,54,0.012868060242410446,10.380396780430889
torus_genus1,1,706,66,0.012139197057512041,10.248284231240227
torus_genus1,1,707,68,0.011424561545535063,10.449813572079504
torus_genus1,1,708,60,0.010767616220001225,8.250934373473033
torus_genus1,1,709,66,0.010165184882507273,8.42591687399636
torus_genus1,1,710,67,0.009584110483136652,7.552062180716323
torus_genus1,1,711,63,0.008995891785985817,6.414749167824361
torus_genus1,1,712,68,0.008351737363127276,6.57616771056572
torus_genus1,1,713,50,0.007814851869922096,6.743415342740509
torus_genus1,1,714,50,0.007314381710256902,6.242984572621207
torus_genus1,1,715,53,0.006874559139804731,5.7487829563070925
torus_genus1,1,716,58,0.006550461756866636,4.472738759121306
torus_genus1,1,717,57,0.006304314862730672,2.924791668235422
torus_genus1,1,718,62,0.006050212129145556,3.1458106828095977
torus_genus1,1,719,63,0.005887987140891007,3.134415968936087
torus_genus1,1,720,58,0.005746601555538963,3.1163757141127455
torus_genus1,1,721,66,0.005549354845309608,2.6591340374890056
torus_genus1,1,722,72,0.005421045979384448,2.346784507812418
torus_genus1,1,723,67,0.0053037887173346945,2.6190424342693537
torus_genus1,1,724,59,0.005160094940464091,2.3590669221818716
torus_genus1,1,725,55,0.005048129740882728,1.9997703400903306
torus_genus1,1,726,47,0.004951938020904133,1.8408326994892845
torus_genus1,1,727,46,0.0048390266698423385,1.5748256663991798
torus_genus1,1,728,49,0.004751540341552499,1.5794330150899532
torus_genus1,1,729,44,0.004664575213919263,1.4165716709951777
torus_genus1,1,730,50,0.004575387117116135,1.3987959129627114
torus_genus1,1,731,50,0.00447724197475087,1.483585283110381
torus_genus1,1,732,52,0.00436747754103577,1.244721898308079
torus_genus1,1,733,50,0.00424969968199354,1.107656618973519
torus_genus1,1,734,59,0.00408422260702054,1.1815088220874794
torus_genus1,1,735,55,0.003909209334473597,1.2157594532833167
torus_genus1,1,736,53,0.003720082205239987,1.3412836788793212
torus_genus1,1,737,49,0.003505836674722577,1.3692594408540935
torus_genus1,1,738,56,0.0032784730678901424,1.4243186859668426
torus_genus1,1,739,52,0.0030498626531555635,1.389691736375306
torus_genus1,1,740,52,0.00281777402104135,1.373713352369458
torus_genus1,1,741,48,0.002588723394705597,1.3254990544225163
torus_genus1,1,742,50,0.002359677241923147,1.2292663000841941
torus_genus1,1,743,44,0.0021300632240876176,1.1612092023980647
torus_genus1,1,744,50,0.0019228261700244657,1.1016413568771537
torus_genus1,1,745,44,0.0017227808615493676,0.9451989959422696
torus_genus1,1,746,41,0.0015313317322491016,0.8230108015180043
torus_genus1,1,747,46,0.0013576057291390694,0.8043304370002111
torus_genus1,1,748,50,0.0012077188971830269,0.7086285414910931
torus_genus1,1,749,51,0.0010713928435007094,0.7309310285630852
torus_genus1,1,750,52,0.0009448553795889271,0.6757063208255399
torus_genus1,1,751,55,0.0008453722413763635,0.6146023656797434
torus_genus1,1,752,59,0.0007682952001652606,0.5636149091725512
torus_genus1,1,753,49,0.0007003367929926216,0.5141076016923829
torus_genus1,1,754,50,0.0006506830714812251,0.45438882409101045
torus_genus1,1,755,52,0.0006172872930020233,0.34743307457592687
torus_genus1,1,756,51,0.0005884668054333155,0.420953062689795
torus_genus1,1,757,50,0.00056549103784002,0.3763775961241457
torus_genus1,1,758,41,0.0005485108212117558,0.36115140209845503
torus_genus1,1,759,40,0.0005327640296706452,0.3301273885282171
torus_genus1,1,760,35,0.0005140593825135214,0.28581797248958607
torus_genus1,1,761,31,0.0004939423777471307,0.26363347498601947
torus_genus1,1,762,29,0.000467051405162448,0.23359340917231725
torus_genus1,1,763,27,0.0004344127438168104,0.2260612883868035
torus_genus1,1,764,26,0.0003982854039539004,0.250299688943923
torus_genus1,1,765,27,0.0003580654639098368,0.21637304171393723
torus_genus1,1,766,26,0.00031571812354785927,0.21286241228152109
torus_genus1,1,767,27,0.00027064662297190517,0.20762332912640452
torus_genus1,1,768,28,0.00022814434754570083,0.1949307231547563
torus_genus1,1,769,32,0.0001887268374645026,0.19709163946772384
torus_genus1,1,770,33,0.00015419879957197577,0.18395935031972915
torus_genus1,1,771,41,0.00014867636724058092,0.19107594056114335
torus_genus1,1,772,51,0.08181328430458612,31.001354654155314
torus_genus1,1,773,50,0.2032112808150763,1185.1016482964017
torus_genus1,1,774,48,0.24710564841361812,1303.1206579109312
torus_genus1,1,775,50,0.26541966505491454,1126.9782613220543
torus_genus1,1,776,63,0.2620917241199719,826.4745466970887
torus_genus1,1,777,59,0.19123633892298295,324.7772980659851
torus_genus1,1,778,55,0.13415598102078616,217.99483130720589
torus_genus1,1,779,50,0.09598800872772999,157.38528620222692
torus_genus1,1,780,48,0.06772773778907717,107.77913805226582
torus_genus1,1,781,51,0.04784217152424774,76.45425678881446
torus_genus1,1,782,48,0.03503749170578547,56.90148378619773
torus_genus1,1,783,53,0.02701284013930668,43.03167319645396
torus_genus1,1,784,60,0.0225385120183947,29.185874472976067
torus_genus1,1,785,60,0.020419915471711556,21.885470536246896
torus_genus1,1,786,57,0.018645736654854392,22.105177173709404
torus_genus1,1,787,61,0.017572719182304217,17.88602606772943
torus_genus1,1,788,64,0.01644303551749324,15.029237386079195
torus_genus1,1,789,55,0.01489759860821264,14.081407320452811
torus_genus1,1,790,57,0.014162245575660728,14.744648725916633
torus_genus1,1,791,52,0.012985749586124947,9.660836188400243
torus_genus1,1,792,67,0.012182808714531708,9.77430066604056
torus_genus1,1,793,72,0.011554028184335074,10.811132220381836
torus_genus1,1,794,66,0.010831493399714415,8.2239864124092
torus_genus1,1,795,67,0.010281105225431741,8.402984376446316
torus_genus1,1,796,67,0.009681693147221592,7.9303479136783706
torus_genus1,1,797,64,0.009060726303122353,6.689663034730695
torus_genus1,1,798,70,0.00844978473203607,6.502531927789661
torus_genus1,1,799,64,0.00786849791042226,6.682395209872865
torus_genus1,1,800,56,0.007357831426773516,6.411642718400122
torus_genus1,1,801,52,0.00693029388321277,5.832067977763619
torus_genus1,1,802,56,0.006562553247450547,4.580550393467676
torus_genus1,1,803,55,0.006320308382059173,2.8905202020446508
torus_genus1,1,804,58,0.0061289101148591495,3.2205092067986096
torus_genus1,1,805,61,0.00589901141656726,3.2949800505401914
torus_genus1,1,806,62,0.005772811763086155,3.1107944679505968
torus_genus1,1,807,66,0.005609255267120797,2.610604146010821
torus_genus1,1,808,68,0.005419043345903868,2.3535246691403917
torus_genus1,1,809,67,0.005316972333541706,2.6101375705245538
torus_genus1,1,810,55,0.005186654318189711,2.2983161766383184
torus_genus1,1,811,49,0.005040500386016169,2.0132445874172515
torus_genus1,1,812,51,0.004953038439518563,1.9300314254540893
torus_genus1,1,813,45,0.004860058952350926,1.6607905208371803
torus_genus1,1,814,50,0.004759009720039441,1.5134713067576158
torus_genus1,1,815,50,0.004665518090334151,1.4257605909201485
torus_genus1,1,816,52,0.004587833469029067,1.3644407059632555
torus_genus1,1,817,49,0.0044952465996397715,1.4813910127975634
torus_genus1,1,818,51,0.004374893161250451,1.2839814523539823
torus_genus1,1,819,52,0.004265150313129287,1.111697808009844
torus_genus1,1,820,58,0.004120013396317729,1.1745177738069117
torus_genus1,1,821,58,0.003928351953137369,1.233852794243605
torus_genus1,1,822,55,0.0037491932683437566,1.3299170877114688
torus_genus1,1,823,51,0.0035447547034781176,1.352287410318358
torus_genus1,1,824,58,0.00330294023991609,1.3918286024184794
torus_genus1,1,825,51,0.0030795074161455317,1.4202292280744588
torus_genus1,1,826,52,0.0028599196132130427,1.4018066720139633
torus_genus1,1,827,51,0.0026150152802798983,1.3473498644249218
torus_genus1,1,828,50,0.002383656252560099,1.2409053528802008
torus_genus1,1,829,45,0.0021671007131614213,1.1551306654281166
torus_genus1,1,830,52,0.001952399369545333,1.1052441822436259
torus_genus1,1,831,44,0.001744216741530758,0.9703596959559382
torus_genus1,1,832,43,0.0015560583585394099,0.8471494601345526
torus_genus1,1,833,44,0.001384833662115495,0.8038728166229446
torus_genus1,1,834,49,0.0012273781585679364,0.718679463317363
torus_genus1,1,835,52,0.0010844955390530155,0.73275413066597
torus_genus1,1,836,50,0.0009615517547839651,0.6897428263440776
torus_genus1,1,837,54,0.0008596246660865523,0.6286996978698454
torus_genus1,1,838,56,0.0007732209298164007,0.5691716573721605
torus_genus1,1,839,54,0.0007076250154885866,0.524014206277386
torus_genus1,1,840,50,0.000657438186042532,0.466670155823837
torus_genus1,1,841,57,0.000622042889506064,0.3526149254830123
torus_genus1,1,842,50,0.0005921928796577473,0.41633341334434604
torus_genus1,1,843,48,0.0005679226619329318,0.3816915814659262
torus_genus1,1,844,46,0.0005532478621332512,0.3683645919570916
torus_genus1,1,845,40,0.0005346134078421019,0.33558722057309043
torus_genus1,1,846,34,0.0005167812643882077,0.2906140952382335
torus_genus1,1,847,32,0.0004976633829520969,0.2643213063217087
torus_genus1,1,848,30,0.00047062756022460455,0.23474599309493588
torus_genus1,1,849,27,0.00043870149482857097,0.21688073201637756
torus_genus1,1,850,27,0.00040410310420329725,0.2555500144760867
torus_genus1,1,851,27,0.00036432696744225315,0.21317390059883762
torus_genus1,1,852,26,0.0003199689691555726,0.21096773807242727
torus_genus1,1,853,27,0.00027673353154529805,0.20873162761413405
torus_genus1,1,854,27,0.00023495822541913858,0.1986180031194633
torus_genus1,1,855,32,0.0001931676430890672,0.19905491969597638
torus_genus1,1,856,34,0.00015668943044158684,0.1845550951024882
torus_genus1,1,857,40,0.00014557188265812182,0.18967579497162193
double_torus_genus2,2,0,36,0.267747575527108,0.0
double_torus_genus2,2,1,32,0.24681146511002505,656.7259048825316
double_torus_genus2,2,2,31,0.17860505117564732,297.5925145940173
double_torus_genus2,2,3,30,0.12563491401995003,202.02361949546912
double_torus_genus2,2,4,31,0.08968425645270178,146.94310039545235
double_torus_genus2,2,5,38,0.06341969879799021,98.6869359737644
double_torus_genus2,2,6,30,0.04502514188294281,72.34361834083197
double_torus_genus2,2,7,59,0.03338929929898718,53.99498724147293
double_torus_genus2,2,8,51,0.026021536514209468,41.40214842253869
double_torus_genus2,2,9,48,0.021986191666371422,25.59578623215978
double_torus_genus2,2,10,58,0.020110462876722707,20.333359156735884
double_torus_genus2,2,11,77,0.01841261239916377,21.70748481227175
double_torus_genus2,2,12,61,0.017373153149557136,19.37783287615855
double_torus_genus2,2,13,67,0.01608473054606502,13.94129036141427
double_torus_genus2,2,14,72,0.014738228333786898,12.4339709028388
double_torus_genus2,2,15,82,0.013960966303453231,14.27943905145772
double_torus_genus2,2,16,74,0.012783519078466216,10.762511141941397
double_torus_genus2,2,17,59,0.012111695677467295,10.473433390421143
double_torus_genus2,2,18,53,0.011387728496064772,10.256651586143535
double_torus_genus2,2,19,55,0.010700489470680793,8.282870188695107
double_torus_genus2,2,20,58,0.010198015259484383,8.391429347895366
double_torus_genus2,2,21,54,0.009549786784943117,7.36997575080446
double_torus_genus2,2,22,57,0.008925278547154332,6.308848848287711
double_torus_genus2,2,23,59,0.008387305485921705,6.575282566446017
double_torus_genus2,2,24,59,0.00774496456803052,6.759646516549806
double_torus_genus2,2,25,58,0.007275533290363308,6.130052339126277
double_torus_genus2,2,26,44,0.006878350844651652,5.681434503885849
double_torus_genus2,2,27,40,0.006485545701786004,4.404003246301367
double_torus_genus2,2,28,38,0.006269360577399669,3.012973002580283
double_torus_genus2,2,29,43,0.006082719412779428,3.1049249625800757
double_torus_genus2,2,30,49,0.00586048248132912,3.085866736379479
double_torus_genus2,2,31,53,0.005723181870989714,3.0877825870538103
double_torus_genus2,2,32,49,0.005575887229057684,2.6633461421583347
double_torus_genus2,2,33,47,0.005411473227962275,2.3563140414423387
double_torus_genus2,2,34,48,0.005284246382271727,2.6137212365457403
double_torus_genus2,2,35,50,0.00516171672997587,2.3660783377807815
double_torus_genus2,2,36,43,0.00503750568397539,2.0107768981603034
double_torus_genus2,2,37,44,0.004940666782021885,1.7917229286339516
double_torus_genus2,2,38,44,0.004838999031729435,1.5303698846720524
double_torus_genus2,2,39,40,0.0047521685216671055,1.5982135822043004
double_torus_genus2,2,40,38,0.004649746065772542,1.430906014569141
double_torus_genus2,2,41,41,0.004565543450877762,1.424990355598768
double_torus_genus2,2,42,40,0.004474641905430066,1.4691720603097702
double_torus_genus2,2,43,38,0.0043592264210221355,1.2233441502320257
double_torus_genus2,2,44,37,0.004227518307532128,1.1008547391749786
double_torus_genus2,2,45,34,0.004079762058270766,1.180060423397439
double_torus_genus2,2,46,37,0.0039036926844205123,1.2180446938768066
double_torus_genus2,2,47,32,0.0036980292250226644,1.3399182632609092
double_torus_genus2,2,48,31,0.003493478873921454,1.3712389307965587
double_torus_genus2,2,49,31,0.0032635152601467954,1.4348832566083887
double_torus_genus2,2,50,30,0.003036229319189257,1.3836016998369438
double_torus_genus2,2,51,29,0.0028100377487204438,1.363021452934205
double_torus_genus2,2,52,31,0.0025708043376000416,1.3134710296430645
double_torus_genus2,2,53,28,0.002337785891594617,1.2249633645737257
double_torus_genus2,2,54,29,0.002124446107278009,1.1653155988571808
double_torus_genus2,2,55,34,0.0019092927959061666,1.0947247508720415
double_torus_genus2,2,56,36,0.0016996714300196666,0.940099867197669
double_torus_genus2,2,57,40,0.0015213915248518557,0.8150989377237399
double_torus_genus2,2,58,43,0.0013547422836199799,0.8029957051201497
double_torus_genus2,2,59,48,0.001195545034714943,0.7063811033277915
double_torus_genus2,2,60,33,0.0010569358960782875,0.7322697979096858
double_torus_genus2,2,61,34,0.0009432518684891368,0.6718843976503754
double_torus_genus2,2,62,28,0.0008423970858096938,0.6060890468563823
double_torus_genus2,2,63,29,0.0007565796701146625,0.5589472627706373
double_torus_genus2,2,64,27,0.0006956688107178321,0.5112390659996952
double_torus_genus2,2,65,24,0.0006520768667879372,0.45122699543673317
double_torus_genus2,2,66,26,0.0006129081631607892,0.3560495799580156
double_torus_genus2,2,67,25,0.0005842003278243003,0.419141979681422
double_torus_genus2,2,68,22,0.0005653081655656867,0.37547762101660065
double_torus_genus2,2,69,24,0.0005486368132363537,0.3580515388631469
double_torus_genus2,2,70,23,0.0005310909293121324,0.32654352851351487
double_torus_genus2,2,71,23,0.0005138767420508284,0.28279574272811203
double_torus_genus2,2,72,21,0.0004931140238899525,0.2623484644358935
double_torus_genus2,2,73,19,0.0004639355737892983,0.23386322344734717
double_torus_genus2,2,74,25,0.00043270507687648405,0.23005645141773262
double_torus_genus2,2,75,24,0.000397292790581196,0.24638362001057648
double_torus_genus2,2,76,26,0.0003545388009025903,0.21698294400243215
double_torus_genus2,2,77,25,0.0003115784334146921,0.2129289190721575
double_torus_genus2,2,78,24,0.00026966296999398286,0.20753298020147734
double_torus_genus2,2,79,22,0.00022676281670903694,0.1935021132890141
double_torus_genus2,2,80,23,0.00018423706280799006,0.19564917290947814
double_torus_genus2,2,81,39,0.00015182788240346293,0.1834229991309726
double_torus_genus2,2,82,49,0.00015224038787482337,0.19175944457944055
double_torus_genus2,2,83,45,0.1059826000667117,50.88234772951712
double_torus_genus2,2,84,37,0.20719382734590233,1277.995589016206
double_torus_genus2,2,85,41,0.24798438195584352,1209.0469161521105
double_torus_genus2,2,86,39,0.2666831859462461,1148.735970658851
double_torus_genus2,2,87,32,0.2539187330557585,771.7740082122045
double_torus_genus2,2,88,28,0.18712557533547702,315.5286735916061
double_torus_genus2,2,89,28,0.13269417831952937,212.31652927691232
double_torus_genus2,2,90,34,0.09258033282776891,153.908486413588
double_torus_genus2,2,91,36,0.06541060494614231,104.87631625070165
double_torus_genus2,2,92,33,0.04710964824551934,75.13659515667341
double_torus_genus2,2,93,48,0.034490243283023345,55.9916450980892
double_torus_genus2,2,94,51,0.026530311569599428,42.4588887844116
double_torus_genus2,2,95,48,0.02244325344432474,28.00492297764355
double_torus_genus2,2,96,52,0.020291261332798936,21.610240194859934
double_torus_genus2,2,97,68,0.01855821484179634,22.12086609328346
double_torus_genus2,2,98,76,0.017570488084945123,18.44694055721901
double_torus_genus2,2,99,75,0.016278098657445225,14.202649597621434
double_torus_genus2,2,100,70,0.014846133953922465,13.585171597574488
double_torus_genus2,2,101,79,0.014099714044443212,14.732390526575156
double_torus_genus2,2,102,71,0.012937505855448676,9.850846668753348
double_torus_genus2,2,103,61,0.012127654247331265,9.988561762399064
double_torus_genus2,2,104,58,0.01150685002849361,10.65384177362793
double_torus_genus2,2,105,57,0.010804830254608171,8.176222511714903
double_torus_genus2,2,106,54,0.010217648813180555,8.443223178854684
double_torus_genus2,2,107,55,0.009626818966742227,7.764430442994394
double_torus_genus2,2,108,52,0.009004786463160351,6.552134084943495
double_torus_genus2,2,109,53,0.008423524278832558,6.559797316133192
double_torus_genus2,2,110,61,0.007839327831270056,6.718667768227408
double_torus_genus2,2,111,60,0.007316881169038938,6.342379794268854
double_torus_genus2,2,112,43,0.006920535706848195,5.798882704757179
double_torus_genus2,2,113,35,0.006586002271698689,4.530262994420797
double_torus_genus2,2,114,41,0.006291412807905259,2.889688834921628
double_torus_genus2,2,115,42,0.006116288726998476,3.1886174607790103
double_torus_genus2,2,116,50,0.005915496264720348,3.2056651255481263
double_torus_genus2,2,117,51,0.005711326273566037,3.1270577068774066
double_torus_genus2,2,118,50,0.005586212199806031,2.6384718743595332
double_torus_genus2,2,119,46,0.005440830296997324,2.3453920175750147
double_torus_genus2,2,120,49,0.00527483281431498,2.6153542521746074
double_torus_genus2,2,121,50,0.005169165134851685,2.330600370908631
double_torus_genus2,2,122,49,0.005067095082694569,1.9903470820099205
double_torus_genus2,2,123,45,0.004942114774825912,1.8911304250440213
double_torus_genus2,2,124,43,0.0048432064092183095,1.6216276209941531
double_torus_genus2,2,125,41,0.004767091781528931,1.5480027236026088
double_torus_genus2,2,126,38,0.004670033772167534,1.4202540622286284
double_torus_genus2,2,127,41,0.004573806991116557,1.3734759369529914
double_torus_genus2,2,128,42,0.0044961333781635094,1.4840262427226862
double_torus_genus2,2,129,38,0.004382919029952104,1.265851210468621
double_torus_genus2,2,130,39,0.004244270807836699,1.1108145206293967
double_torus_genus2,2,131,34,0.00410316431350038,1.1783217693992767
double_torus_genus2,2,132,36,0.00393643847364267,1.2250650177936222
double_torus_genus2,2,133,33,0.0037235814901865074,1.3380528058609074
double_torus_genus2,2,134,34,0.0035147999532692416,1.360566775831125
double_torus_genus2,2,135,30,0.003304269953802731,1.4084150904834927
double_torus_genus2,2,136,28,0.0030649534357153818,1.4060308856563561
double_torus_genus2,2,137,28,0.002831383357623423,1.387823295697126
double_torus_genus2,2,138,31,0.0026048595225626634,1.335489829289475
double_torus_genus2,2,139,28,0.0023735148043982973,1.2356232650576908
double_torus_genus2,2,140,26,0.0021507426387069673,1.1589468312676965
double_torus_genus2,2,141,35,0.0019405521467184986,1.1052788306905208
double_torus_genus2,2,142,36,0.0017320950512160344,0.9565694051808129
double_torus_genus2,2,143,40,0.001548323273762341,0.8333386831318402
double_torus_genus2,2,144,40,0.0013760542314807825,0.8046101396070611
double_torus_genus2,2,145,45,0.0012160895637506228,0.7139900359342614
double_torus_genus2,2,146,31,0.001077162333465177,0.7314579411221257
double_torus_genus2,2,147,30,0.0009587302858372051,0.6823564103460598
double_torus_genus2,2,148,34,0.0008552409679770897,0.6241050613597013
double_torus_genus2,2,149,29,0.0007655867086345719,0.5675553508241264
double_torus_genus2,2,150,26,0.0007060380470642348,0.5188280724047164
double_torus_genus2,2,151,24,0.000659509183154556,0.46016543870246945
double_torus_genus2,2,152,22,0.0006168529866024214,0.348910786555384
double_torus_genus2,2,153,23,0.0005899650597124376,0.4190749866250345
double_torus_genus2,2,154,23,0.0005691687830266386,0.37813464316012374
double_torus_genus2,2,155,23,0.0005497171757622993,0.3650078738660243
double_torus_genus2,2,156,23,0.0005327706433524158,0.33349177269305996
double_torus_genus2,2,157,23,0.0005169761223226495,0.28858664937024353
double_torus_genus2,2,158,21,0.0004950112199804522,0.2643289310856751
double_torus_genus2,2,159,18,0.0004679681846430707,0.233717406960072
double_torus_genus2,2,160,23,0.00043836368644042256,0.22118655559121117
double_torus_genus2,2,161,25,0.0004014686843309286,0.25340351870409067
double_torus_genus2,2,162,26,0.00035916898819472645,0.21501558602967405
double_torus_genus2,2,163,25,0.0003183090898694705,0.2119920679603175
double_torus_genus2,2,164,24,0.0002758273180218814,0.20834670538217914
double_torus_genus2,2,165,22,0.00023065093563212673,0.19682873785764796
double_torus_genus2,2,166,24,0.00018963566709306366,0.19854236221108224
double_torus_genus2,2,167,34,0.0001561913867683659,0.18427521154667742
double_torus_genus2,2,168,56,0.00014772941878878434,0.1900034566239782
double_torus_genus2,2,169,49,0.07826073793706272,16.331156053572187
double_torus_genus2,2,170,36,0.19717382050384605,1073.8020002618432
double_torus_genus2,2,171,41,0.24417173205508846,1398.2684594023933
double_torus_genus2,2,172,39,0.26470418460875683,1093.1762848198618
double_torus_genus2,2,173,28,0.2627828976287186,886.0723648683093
double_torus_genus2,2,174,30,0.19700613393449365,335.6623708373245
double_torus_genus2,2,175,26,0.13917903786910718,224.35340820971388
double_torus_genus2,2,176,35,0.09776492526402901,160.9626566193129
double_torus_genus2,2,177,38,0.06910322879093214,111.5836847457749
double_torus_genus2,2,178,29,0.04957193709955047,78.0274744645917
double_torus_genus2,2,179,42,0.03588492805868318,58.082301001599006
double_torus_genus2,2,180,55,0.02750263999179934,43.7421160393214
double_torus_genus2,2,181,56,0.02281114089380052,30.49740153279938
double_torus_genus2,2,182,55,0.020466882905679537,22.068260073864842
double_torus_genus2,2,183,65,0.01875004302440041,21.95630599552682
double_torus_genus2,2,184,66,0.017679572456318102,17.317678812497306
double_torus_genus2,2,185,70,0.016513851045912107,15.901044386551158
double_torus_genus2,2,186,71,0.015003590559316386,14.60795614015877
double_torus_genus2,2,187,74,0.014218649058036718,14.694717793500073
double_torus_genus2,2,188,78,0.013065721979327477,9.463427460731996
double_torus_genus2,2,189,63,0.012223824592116248,9.547946455794893
double_torus_genus2,2,190,62,0.011634719262672209,10.976017285521067
double_torus_genus2,2,191,54,0.010883926906013103,8.244547379228713
double_torus_genus2,2,192,59,0.010304479292497292,8.345364657668906
double_torus_genus2,2,193,57,0.009744965189669698,8.10715863855364
double_torus_genus2,2,194,56,0.009099850105317272,6.821511671679677
double_torus_genus2,2,195,54,0.008484793500150963,6.422418980000509
double_torus_genus2,2,196,53,0.007951647383642116,6.601715533598953
double_torus_genus2,2,197,55,0.007361122297352338,6.508460530496927
double_torus_genus2,2,198,44,0.006943561120439881,5.84433191641664
double_torus_genus2,2,199,41,0.00662255012415941,4.630606005709031
double_torus_genus2,2,200,40,0.006327753977617414,2.9262527006752244
double_torus_genus2,2,201,39,0.006101385874515864,3.244135569777051
double_torus_genus2,2,202,48,0.005937918804074782,3.3859230859631326
double_torus_genus2,2,203,52,0.005773920318995542,3.08372977395957
double_torus_genus2,2,204,50,0.005594274514805802,2.5774841653621134
double_torus_genus2,2,205,43,0.005465308637369911,2.377793432740612
double_torus_genus2,2,206,48,0.005334830057206205,2.617370731384099
double_torus_genus2,2,207,49,0.0051769465007835405,2.253835900168848
double_torus_genus2,2,208,48,0.00507291049395856,2.0330350575400433
double_torus_genus2,2,209,46,0.004970229622606684,1.9624081075716497
double_torus_genus2,2,210,40,0.00484870665148106,1.7012393164240247
double_torus_genus2,2,211,42,0.004763078678630482,1.4668946994909422
double_torus_genus2,2,212,39,0.004687290898605778,1.4514647232495983
double_torus_genus2,2,213,41,0.004591536599323822,1.3620942470918804
double_torus_genus2,2,214,40,0.0044865518617441735,1.4843505503025425
double_torus_genus2,2,215,38,0.004392953742861259,1.296196659418102
double_torus_genus2,2,216,38,0.0042698737085803545,1.1330359267253238
double_torus_genus2,2,217,32,0.004114471487616342,1.1738374474424018
double_torus_genus2,2,218,34,0.0039512162789247345,1.2372198122415718
double_torus_genus2,2,219,33,0.0037652819743236817,1.3226062499930484
double_torus_genus2,2,220,31,0.003539836739541975,1.345502626232849
double_torus_genus2,2,221,30,0.0033286913128166696,1.3771333583134404
double_torus_genus2,2,222,26,0.00310672095928996,1.4392664370831756
double_torus_genus2,2,223,27,0.002855295849692072,1.4126482748985578
double_torus_genus2,2,224,30,0.002632189566668785,1.353975827672606
double_torus_genus2,2,225,30,0.0024118479807931515,1.2414524035583971
double_torus_genus2,2,226,27,0.002174650868298158,1.1504419815621065
double_torus_genus2,2,227,33,0.0019598223782144337,1.108908285630261
double_torus_genus2,2,228,34,0.0017632034990256833,0.9853902362272966
double_torus_genus2,2,229,40,0.0015707885538347138,0.8618926311959416
double_torus_genus2,2,230,42,0.0013912926512119157,0.8032948660534787
double_torus_genus2,2,231,45,0.0012335715488113752,0.7221662819862812
double_torus_genus2,2,232,36,0.0010982134882175786,0.7350902006879674
double_torus_genus2,2,233,29,0.0009709982542009274,0.6967469644981725
double_torus_genus2,2,234,34,0.0008608810618905806,0.6332525681140928
double_torus_genus2,2,235,27,0.0007786278922318788,0.5714335686339485
double_torus_genus2,2,236,28,0.0007125207286551342,0.5290943254061327
double_torus_genus2,2,237,24,0.0006608493538533481,0.4747099291841805
double_torus_genus2,2,238,24,0.0006210907092541799,0.36291327387681965
double_torus_genus2,2,239,23,0.0005942241177283995,0.41204892398227266
double_torus_genus2,2,240,25,0.0005713327428640197,0.3844303861161462
double_torus_genus2,2,241,26,0.0005515983319175728,0.3705428420254244
double_torus_genus2,2,242,25,0.0005361744265968989,0.3360907819310262
double_torus_genus2,2,243,19,0.0005193385778088129,0.29235393393054826
double_torus_genus2,2,244,24,0.0004984468611027062,0.2660197279236781
double_torus_genus2,2,245,20,0.0004724012952814327,0.23663766298213323
double_torus_genus2,2,246,22,0.0004426824980690718,0.21468508890750615
double_torus_genus2,2,247,25,0.0004058023757398516,0.25740990267494207
double_torus_genus2,2,248,26,0.0003651779096263694,0.21181597319774714
double_torus_genus2,2,249,25,0.00032505718027157866,0.2101740412394953
double_torus_genus2,2,250,24,0.0002810977209966176,0.20957429544994677
double_torus_genus2,2,251,23,0.00023596968853128558,0.2002809234032696
double_torus_genus2,2,252,25,0.00019522609102124615,0.19943976197746777
double_torus_genus2,2,253,30,0.00016072488476782468,0.18507887261789274
double_torus_genus2,2,254,56,0.00014468753406708676,0.18979550335412865
double_torus_genus2,2,255,70,0.028578379564964177,2.7308427369426265
double_torus_genus2,2,256,38,0.18899688156837402,856.7272418366018
double_torus_genus2,2,257,39,0.24169221304656252,1539.4363132049607
double_torus_genus2,2,258,35,0.2628428847446139,1016.2796579998685
double_torus_genus2,2,259,30,0.2718094659655503,991.0577553602662
double_torus_genus2,2,260,28,0.2044164415467727,358.7075766580618
double_torus_genus2,2,261,28,0.14297257763459292,235.83906010231667
double_torus_genus2,2,262,28,0.10235792331296234,167.92842371629945
double_torus_genus2,2,263,38,0.07228990796734744,119.13027721145748
double_torus_genus2,2,264,33,0.05116759592037907,80.95786428595287
double_torus_genus2,2,265,44,0.03751688567473793,59.81713898488255
double_torus_genus2,2,266,55,0.028428169622402015,44.8087647769801
double_torus_genus2,2,267,59,0.02317204236316033,32.985403287067534
double_torus_genus2,2,268,51,0.020810632051505205,22.10491149563792
double_torus_genus2,2,269,65,0.018950165453148187,21.40032329869773
double_torus_genus2,2,270,63,0.017760187231149988,16.649764508014663
double_torus_genus2,2,271,66,0.016787969883989767,17.607429033972956
double_torus_genus2,2,272,73,0.015121737669970098,15.601687015699053
double_torus_genus2,2,273,72,0.014274020739937651,14.351590675221562
double_torus_genus2,2,274,75,0.013215511779064196,9.25668777829955
double_torus_genus2,2,275,72,0.012335875671524622,9.375938126967926
double_torus_genus2,2,276,63,0.011671337914581427,11.149180822978003
double_torus_genus2,2,277,59,0.010974594621137755,8.354058414992828
double_torus_genus2,2,278,56,0.010392438499742699,8.282104295181343
double_torus_genus2,2,279,55,0.009773074036071977,8.405820133651346
double_torus_genus2,2,280,55,0.009192102905058855,7.032754870556662
double_torus_genus2,2,281,56,0.008586130643270996,6.230325302698867
double_torus_genus2,2,282,53,0.00798079935955733,6.522480859918404
double_torus_genus2,2,283,54,0.007475297440236152,6.696441986623597
double_torus_genus2,2,284,50,0.007007374727912956,5.812359492823162
double_torus_genus2,2,285,35,0.0066409961865182094,4.664930559893935
double_torus_genus2,2,286,41,0.006389729609606237,3.1126026579408506
double_torus_genus2,2,287,39,0.006124866314677336,3.2715216655526387
double_torus_genus2,2,288,47,0.005934256979768825,3.485205466932725
double_torus_genus2,2,289,51,0.005801432209730197,3.0562949979576404
double_torus_genus2,2,290,48,0.005607064955890973,2.6274222395056857
double_torus_genus2,2,291,47,0.005453318510183942,2.474999479091882
double_torus_genus2,2,292,51,0.005353198488865246,2.5922918764356684
double_torus_genus2,2,293,48,0.0052031360772890846,2.155327363839924
double_torus_genus2,2,294,50,0.005079618495963873,2.1040843528880533
double_torus_genus2,2,295,45,0.004994131171080174,2.0390182361413354
double_torus_genus2,2,296,41,0.004872723328445156,1.7484582778709847
double_torus_genus2,2,297,43,0.004786581767271432,1.3717484002404978
double_torus_genus2,2,298,40,0.004699297082522833,1.509784039129235
double_torus_genus2,2,299,41,0.004610606227636089,1.410457369418374
double_torus_genus2,2,300,42,0.004510682907839198,1.462113123927511
double_torus_genus2,2,301,37,0.0044051369447814905,1.318226324349531
double_torus_genus2,2,302,38,0.004291442926562795,1.1786606764684116
double_torus_genus2,2,303,36,0.004144061503538728,1.1446803379907418
double_torus_genus2,2,304,33,0.003963355445279777,1.2414056858100553
double_torus_genus2,2,305,33,0.0037818188600611774,1.3054731666214932
double_torus_genus2,2,306,32,0.003581875891801062,1.3401211479200006
double_torus_genus2,2,307,31,0.0033453321131700292,1.3629517022844062
double_torus_genus2,2,308,28,0.003130616357868761,1.4477705459460113
double_torus_genus2,2,309,26,0.002895367599758521,1.414231007332258
double_torus_genus2,2,310,30,0.0026603158878470154,1.3430502543940341
double_torus_genus2,2,311,30,0.002439604253213237,1.246743666731812
double_torus_genus2,2,312,25,0.002209871653710292,1.145620176096735
double_torus_genus2,2,313,31,0.001989845752974921,1.118308032407448
double_torus_genus2,2,314,34,0.0017918683459339656,1.0230894465562537
double_torus_genus2,2,315,37,0.0015973141232950613,0.8780720188402202
double_torus_genus2,2,316,44,0.0014132136792641458,0.7954526242438381
double_torus_genus2,2,317,43,0.0012561506526949364,0.7383844205063018
double_torus_genus2,2,318,35,0.001117666867500027,0.7400336764636752
double_torus_genus2,2,319,34,0.0009873537632628922,0.7117705346172505
double_torus_genus2,2,320,32,0.0008740058327988359,0.6378285977770535
double_torus_genus2,2,321,30,0.0007932081794325977,0.5788955791288339
double_torus_genus2,2,322,27,0.0007232972335975533,0.5390326728170194
double_torus_genus2,2,323,25,0.0006641562579351658,0.48665039383359054
double_torus_genus2,2,324,24,0.0006283663741920334,0.3866604893155302
double_torus_genus2,2,325,21,0.0005975716338578325,0.4024015456248079
double_torus_genus2,2,326,23,0.0005718061098016132,0.38960304621949654
double_torus_genus2,2,327,25,0.0005540517005095597,0.37539020067433876
double_torus_genus2,2,328,21,0.0005378456185556832,0.33637433060430766
double_torus_genus2,2,329,21,0.0005212454106380893,0.294119582321555
double_torus_genus2,2,330,23,0.0005012582325131132,0.2703435052702069
double_torus_genus2,2,331,22,0.00047676330530418824,0.24463782485841923
double_torus_genus2,2,332,21,0.00044554551983639983,0.21651702601183842
double_torus_genus2,2,333,25,0.0004107120507146432,0.25989488175727005
double_torus_genus2,2,334,25,0.00037197306962248253,0.21382450972698286
double_torus_genus2,2,335,26,0.00033018040598351857,0.20912888611214692
double_torus_genus2,2,336,24,0.00028594267513587914,0.208938944399462
double_torus_genus2,2,337,24,0.00024219507895491816,0.2023396993718663
double_torus_genus2,2,338,23,0.00020158025427771388,0.19746027181815706
double_torus_genus2,2,339,32,0.00016455752884279824,0.1860479232956418
double_torus_genus2,2,340,56,0.00014368271687084723,0.18856556337456343
double_torus_genus2,2,341,65,0.0030448690330060926,0.22491601895371632
double_torus_genus2,2,342,40,0.17704284376932905,645.0993073319083
double_torus_genus2,2,343,38,0.23664131697146876,1623.9254886091862
double_torus_genus2,2,344,40,0.2607725923801425,936.0268134973288
double_torus_genus2,2,345,30,0.2721394927268119,1073.896728299691
double_torus_genus2,2,346,30,0.2142283769621207,389.12017253696456
double_torus_genus2,2,347,32,0.15083348228492904,248.23798895578614
double_torus_genus2,2,348,28,0.1072362637100839,175.51739710068313
double_torus_genus2,2,349,37,0.07628482855549,125.99994054103037
double_torus_genus2,2,350,33,0.053542697328849274,83.51255592108834
double_torus_genus2,2,351,36,0.03866499293746745,61.40128516772393
double_torus_genus2,2,352,64,0.02926211710947433,45.901396887498834
double_torus_genus2,2,353,51,0.023667744348933976,35.36814082105501
double_torus_genus2,2,354,60,0.020966675698538138,21.3732720524707
double_torus_genus2,2,355,69,0.019234796324256502,20.619642978228708
double_torus_genus2,2,356,69,0.017871221001269606,17.741982381183313
double_torus_genus2,2,357,67,0.01695261651843404,18.95290835177036
double_torus_genus2,2,358,74,0.01532015362619625,16.31354575554564
double_torus_genus2,2,359,77,0.014363896010296843,13.634004260909876
double_torus_genus2,2,360,76,0.013420990158245006,10.326556938827498
double_torus_genus2,2,361,71,0.012380414062571617,9.884199289595102
double_torus_genus2,2,362,65,0.011808256367342573,11.24769967877256
double_torus_genus2,2,363,65,0.011090730531932652,8.661713740944315
double_torus_genus2,2,364,61,0.010466664967686336,8.228100809007712
double_torus_genus2,2,365,57,0.009877910851904393,8.446005263023283
double_torus_genus2,2,366,56,0.009264675970648029,7.0830276276866435
double_torus_genus2,2,367,51,0.008660183683502545,6.097235999217675
double_torus_genus2,2,368,58,0.008037674050926027,6.524808635966692
double_torus_genus2,2,369,57,0.007517103882137831,6.8117127290400905
double_torus_genus2,2,370,50,0.007064202101740304,5.793648608653916
double_torus_genus2,2,371,44,0.006678483604214163,4.847072175443983
double_torus_genus2,2,372,40,0.006399308569463375,3.4148063199199363
double_torus_genus2,2,373,40,0.00621020749235908,3.3404247582424964
double_torus_genus2,2,374,44,0.0059638028302165195,3.453251055066474
double_torus_genus2,2,375,50,0.005803954818950473,3.0525682840792627
double_torus_genus2,2,376,53,0.005670799846668744,2.7138193375303588
double_torus_genus2,2,377,48,0.005471053229193052,2.581170517404483
double_torus_genus2,2,378,48,0.005349658559078527,2.5564486548780065
double_torus_genus2,2,379,48,0.0052383951409672065,2.165720871137281
double_torus_genus2,2,380,52,0.005087943831147902,2.1734959793059128
double_torus_genus2,2,381,45,0.004978703206962394,2.0913786841887347
double_torus_genus2,2,382,42,0.004891038935475988,1.7478037222912552
double_torus_genus2,2,383,40,0.004791386751241418,1.3030527192684167
double_torus_genus2,2,384,39,0.004695095031333914,1.574738587919466
double_torus_genus2,2,385,41,0.004611722090090227,1.4458823583609492
double_torus_genus2,2,386,41,0.004534335210191751,1.4443045070459497
double_torus_genus2,2,387,38,0.00441575890664711,1.3260405588531488
double_torus_genus2,2,388,36,0.004300341941843748,1.2144864369168342
double_torus_genus2,2,389,39,0.004174389716631495,1.1089687601126115
double_torus_genus2,2,390,34,0.0039915543073975246,1.234501598635529
double_torus_genus2,2,391,37,0.0038072274219727135,1.2826717992458936
double_torus_genus2,2,392,32,0.003620809683728703,1.3194389789150722
double_torus_genus2,2,393,30,0.0033839107948601898,1.3706557260276906
double_torus_genus2,2,394,31,0.003152854752960904,1.421750430556851
double_torus_genus2,2,395,26,0.0029363778878568688,1.4018063179656073
double_torus_genus2,2,396,30,0.0026955678378935218,1.339380584210203
double_torus_genus2,2,397,26,0.0024607215460324826,1.2451172858379718
double_torus_genus2,2,398,23,0.0022399542788540594,1.1647121898325539
double_torus_genus2,2,399,29,0.002022048605303992,1.1277646957844634
double_torus_genus2,2,400,34,0.001815654946969077,1.0487833349249496
double_torus_genus2,2,401,39,0.0016163157684035668,0.8927477872294536
double_torus_genus2,2,402,39,0.001439499214132463,0.792689928263179
double_torus_genus2,2,403,43,0.0012794502536088831,0.7469705094273374
double_torus_genus2,2,404,37,0.0011300138692088616,0.736203644080124
double_torus_genus2,2,405,32,0.001001442518511605,0.7205706589440801
double_torus_genus2,2,406,32,0.0008907027829332305,0.6419915037032191
double_torus_genus2,2,407,29,0.0008012478448441608,0.5804160721000233
double_torus_genus2,2,408,25,0.000727843039746766,0.5390778273861309
double_torus_genus2,2,409,25,0.0006715386589689517,0.49537165186017246
double_torus_genus2,2,410,26,0.0006335684290518294,0.4104110529776638
double_torus_genus2,2,411,24,0.0006018078395990015,0.39659489348513693
double_torus_genus2,2,412,25,0.0005750487196603643,0.3973628705838229
double_torus_genus2,2,413,24,0.0005578487811889782,0.3815921637300214
double_torus_genus2,2,414,19,0.0005410328908733127,0.3414684321277246
double_torus_genus2,2,415,22,0.0005227658346566033,0.29366003066652696
double_torus_genus2,2,416,21,0.0005051063858485693,0.27361149859191797
double_torus_genus2,2,417,23,0.0004801088877893274,0.2518151292390075
double_torus_genus2,2,418,19,0.0004496310513223652,0.22055064239472494
double_torus_genus2,2,419,25,0.00041594383252683187,0.2575343730315035
double_torus_genus2,2,420,25,0.0003780201244609333,0.21911564682910145
double_torus_genus2,2,421,27,0.00033546713082976753,0.20961322448246883
double_torus_genus2,2,422,25,0.00029111795398996073,0.207529554037035
double_torus_genus2,2,423,24,0.0002491086952918019,0.2044666001945022
double_torus_genus2,2,424,23,0.00020711600527008846,0.19483288352708264
double_torus_genus2,2,425,29,0.00016797084520728207,0.18695380349208623
double_torus_genus2,2,426,51,0.00014385006824307135,0.18736385785858153
double_torus_genus2,2,427,63,0.0002751870580947703,0.19795135081885606
double_torus_genus2,2,428,37,0.16573468731103755,455.0603820424704
double_torus_genus2,2,429,40,0.23113821461496725,1648.293726875473
double_torus_genus2,2,430,38,0.258570945047004,848.5817336096584
double_torus_genus2,2,431,29,0.2710305299859749,1129.4825074367157
double_torus_genus2,2,432,29,0.22233773966955467,435.0942266814254
double_torus_genus2,2,433,30,0.15863996189175059,260.09210106954697
double_torus_genus2,2,434,30,0.1120456143333693,183.05501592151575
double_torus_genus2,2,435,38,0.0799538929469964,132.09155827652853
double_torus_genus2,2,436,29,0.056374848862778444,86.2963522783035
double_torus_genus2,2,437,37,0.04042987448154787,64.4152664968072
double_torus_genus2,2,438,58,0.030522206928965165,47.63436246471052
double_torus_genus2,2,439,60,0.024253613541037815,37.58344267326065
double_torus_genus2,2,440,54,0.021282770323378566,21.182859584499145
double_torus_genus2,2,441,79,0.01950842030661948,19.71559195863551
double_torus_genus2,2,442,66,0.01800417106057487,19.16440671273874
double_torus_genus2,2,443,76,0.017062137533692345,19.78824763375688
double_torus_genus2,2,444,70,0.015488622083695816,16.39006418493645
double_torus_genus2,2,445,76,0.014478932647843243,13.166225788477426
double_torus_genus2,2,446,70,0.01356613903027189,11.555020341146147
double_torus_genus2,2,447,74,0.012493338055653095,10.458346973745842
double_torus_genus2,2,448,67,0.011907476480145302,11.010606454454772
double_torus_genus2,2,449,62,0.011151180704317436,9.147963797697734
double_torus_genus2,2,450,59,0.010539542448563281,8.303155267282202
double_torus_genus2,2,451,58,0.009955705373407618,8.442654932347871
double_torus_genus2,2,452,59,0.009322255763640222,7.066445365976446
double_torus_genus2,2,453,51,0.008752915230628232,5.97689386034917
double_torus_genus2,2,454,59,0.008170947104368501,6.4973542238744475
double_torus_genus2,2,455,63,0.007556087889490384,6.816869878024173
double_torus_genus2,2,456,50,0.00714309446604274,5.836780345840636
double_torus_genus2,2,457,42,0.006748993850672324,5.133026014024567
double_torus_genus2,2,458,39,0.006390341985965571,3.7801098913679128
double_torus_genus2,2,459,41,0.006222641090938834,3.2960686972019517
double_torus_genus2,2,460,42,0.0059981176413932925,3.3318484382779188
double_torus_genus2,2,461,54,0.005789036293741481,2.9899882492530128
double_torus_genus2,2,462,51,0.005683684724897463,2.8116034900513274
double_torus_genus2,2,463,47,0.005519214327761316,2.6631937269909653
double_torus_genus2,2,464,48,0.00537140668571238,2.5194504747133744
double_torus_genus2,2,465,47,0.005249911054684165,2.295458933863399
double_torus_genus2,2,466,52,0.005124494580802733,2.250109409178842
double_torus_genus2,2,467,46,0.005008144386383966,2.111804041848395
double_torus_genus2,2,468,43,0.004904589338292425,1.697123394837164
double_torus_genus2,2,469,42,0.0048107029149005555,1.3265784977179385
double_torus_genus2,2,470,39,0.004724264534977941,1.5991303329670306
double_torus_genus2,2,471,39,0.004619920627355154,1.4597048406740545
double_torus_genus2,2,472,40,0.0045366376244588055,1.463321079222755
double_torus_genus2,2,473,40,0.004448627935794816,1.3598469911261495
double_torus_genus2,2,474,36,0.004303705798648771,1.2243137447663197
double_torus_genus2,2,475,37,0.004173509598074239,1.093877774628965
double_torus_genus2,2,476,33,0.00402611115747447,1.217715738317273
double_torus_genus2,2,477,36,0.0038300067608460536,1.274170291494594
double_torus_genus2,2,478,31,0.003626201548026247,1.3149598634701496
double_torus_genus2,2,479,30,0.003421203337751109,1.3824247008072725
double_torus_genus2,2,480,31,0.0031839942852823805,1.4468481208692912
double_torus_genus2,2,481,28,0.002954856072210055,1.3892010926885923
double_torus_genus2,2,482,31,0.002734263579944653,1.335029059845596
double_torus_genus2,2,483,27,0.002488602525822619,1.2494040496603684
double_torus_genus2,2,484,25,0.0022673723760440966,1.1721634102809428
double_torus_genus2,2,485,32,0.0020542494161150874,1.1427626016976817
double_torus_genus2,2,486,32,0.0018398135627093065,1.0660234620887545
double_torus_genus2,2,487,37,0.001637064602580762,0.9140796883780093
double_torus_genus2,2,488,41,0.0014638875706822392,0.7926066058413079
double_torus_genus2,2,489,41,0.0013016409652217818,0.7650875636621999
double_torus_genus2,2,490,40,0.001144112181090022,0.7324887094309558
double_torus_genus2,2,491,29,0.0010181210929654802,0.7259306183002779
double_torus_genus2,2,492,33,0.0009097352612240221,0.6494746050086803
double_torus_genus2,2,493,28,0.0008108528931003284,0.5778324457329437
double_torus_genus2,2,494,27,0.0007327328123089232,0.532839713907869
double_torus_genus2,2,495,24,0.0006800707931909716,0.49884371110978376
double_torus_genus2,2,496,25,0.0006382613012382785,0.42770403747456487
double_torus_genus2,2,497,24,0.0006017407310322233,0.38945234921380784
double_torus_genus2,2,498,25,0.0005780396781387148,0.40485799927579863
double_torus_genus2,2,499,23,0.0005595070127055574,0.38106188359475685
double_torus_genus2,2,500,20,0.000542548189880993,0.3471061748162346
double_torus_genus2,2,501,25,0.0005252027012540316,0.29933133785338273
double_torus_genus2,2,502,19,0.0005075335461760884,0.2775227765083075
double_torus_genus2,2,503,24,0.0004839409049031635,0.25788518760913604
double_torus_genus2,2,504,20,0.00045379274001894636,0.2259263383437703
double_torus_genus2,2,505,24,0.0004214110323219379,0.25098308900940025
double_torus_genus2,2,506,26,0.0003828546550539356,0.2248934157887442
double_torus_genus2,2,507,26,0.00034047760004410387,0.2111044372804526
double_torus_genus2,2,508,24,0.00029761173847033147,0.20569404508579897
double_torus_genus2,2,509,23,0.00025560755910429404,0.20609942615424637
double_torus_genus2,2,510,24,0.00021240015818758614,0.1945643902740057
double_torus_genus2,2,511,29,0.00017192090429018938,0.18770088086638345
double_torus_genus2,2,512,46,0.00014593212478302033,0.18543154290852504
double_torus_genus2,2,513,60,0.0001880622363459834,0.19294516209950452
double_torus_genus2,2,514,41,0.15466736153686703,295.4801197542877
double_torus_genus2,2,515,40,0.22453759711824597,1612.1377724908402
double_torus_genus2,2,516,37,0.25603632770247636,810.7255274147844
double_torus_genus2,2,517,34,0.2702773646834687,1178.9853084823776
double_torus_genus2,2,518,30,0.2295692601725561,504.69748740644513
double_torus_genus2,2,519,29,0.16735676238814268,273.1859807771224
double_torus_genus2,2,520,28,0.11746900283465443,190.3186913726966
double_torus_genus2,2,521,42,0.08222086280543241,137.81582963914107
double_torus_genus2,2,522,31,0.058579936484858895,89.82787312641884
double_torus_genus2,2,523,35,0.042256990100191724,67.73645092792047
double_torus_genus2,2,524,56,0.031255744320013074,50.179697817899914
double_torus_genus2,2,525,48,0.024812415724775824,39.27068805230978
double_torus_genus2,2,526,55,0.021584151343117423,22.0149319943697
double_torus_genus2,2,527,67,0.019663304029815316,18.94132721909104
double_torus_genus2,2,528,76,0.01815712994999333,20.392940310416602
double_torus_genus2,2,529,72,0.017245438450967533,20.00495832473059
double_torus_genus2,2,530,70,0.015702358145335767,15.702305075002855
double_torus_genus2,2,531,78,0.014579709487150573,12.663994941967754
double_torus_genus2,2,532,77,0.013743362169761143,12.724408063249145
double_torus_genus2,2,533,73,0.012597375619964263,10.899415429349007
double_torus_genus2,2,534,65,0.01195138474612393,10.847379552366446
double_torus_genus2,2,535,55,0.011297806224533339,9.648523892136904
double_torus_genus2,2,536,55,0.010583389980839008,8.307852137450526
double_torus_genus2,2,537,58,0.010011464466382972,8.425740037063171
double_torus_genus2,2,538,58,0.00943565084003518,7.106294249679484
double_torus_genus2,2,539,52,0.008789846375606461,6.050190950677331
double_torus_genus2,2,540,59,0.008235481269058681,6.517702187067215
double_torus_genus2,2,541,59,0.007648852326690064,6.849562227148781
double_torus_genus2,2,542,53,0.007147935072189135,5.873272206102645
double_torus_genus2,2,543,40,0.006810913890567225,5.339940154716724
double_torus_genus2,2,544,40,0.0064716208799549015,4.091425170410555
double_torus_genus2,2,545,42,0.006213274313533914,3.191222350268898
double_torus_genus2,2,546,43,0.006058560980811165,3.1678960463101755
double_torus_genus2,2,547,51,0.005835380182841935,2.9469990317726062
double_torus_genus2,2,548,52,0.005673178675962905,2.9613374315612435
double_torus_genus2,2,549,48,0.005546874999124639,2.6812250414795584
double_torus_genus2,2,550,50,0.005381935840997481,2.4316955622875276
double_torus_genus2,2,551,46,0.00523532949236971,2.425455070883546
double_torus_genus2,2,552,49,0.005133329034353221,2.3144956212918135
double_torus_genus2,2,553,44,0.0050263599584047325,2.0969335859710223
double_torus_genus2,2,554,43,0.004906448617810059,1.662490162990762
double_torus_genus2,2,555,42,0.004817771413717063,1.3978533996642393
double_torus_genus2,2,556,40,0.004732408031125439,1.6083112845487972
double_torus_genus2,2,557,36,0.004636025330570637,1.4455723388723078
double_torus_genus2,2,558,38,0.004545272237124782,1.4634248196761146
double_torus_genus2,2,559,39,0.004461807678632516,1.3899955808669502
double_torus_genus2,2,560,40,0.004338590233739328,1.2087764060228268
double_torus_genus2,2,561,36,0.004197105328360233,1.0895998739718915
double_torus_genus2,2,562,34,0.004054823193811412,1.2091540789020572
double_torus_genus2,2,563,36,0.00386849437747635,1.2548372727013928
double_torus_genus2,2,564,30,0.003656054084200025,1.3321711648669656
double_torus_genus2,2,565,30,0.003446271762631904,1.3773941792227031
double_torus_genus2,2,566,33,0.0032258093349635595,1.4566927839721526
double_torus_genus2,2,567,28,0.002986215720381699,1.3686637194068103
double_torus_genus2,2,568,30,0.0027569894774842445,1.3330159006995341
double_torus_genus2,2,569,28,0.0025275670221585477,1.2691602452673028
double_torus_genus2,2,570,27,0.002299930471918998,1.1984759030087797
double_torus_genus2,2,571,30,0.002080578744187165,1.1633170500728764
double_torus_genus2,2,572,31,0.0018662210840824157,1.0750946108971513
double_torus_genus2,2,573,38,0.0016676982411055624,0.9237224069175296
double_torus_genus2,2,574,39,0.001490338064805552,0.7988367558280602
double_torus_genus2,2,575,42,0.0013181319135366688,0.7815517634051863
double_torus_genus2,2,576,46,0.0011652029588257536,0.7226494664216407
double_torus_genus2,2,577,30,0.0010358821701319646,0.7335350639591283
double_torus_genus2,2,578,30,0.000921117242560769,0.660897117130606
double_torus_genus2,2,579,29,0.0008220264541375793,0.5881320597260344
double_torus_genus2,2,580,27,0.0007434239742328228,0.5428056303457724
double_torus_genus2,2,581,28,0.000690080820499317,0.5032829180712907
double_torus_genus2,2,582,25,0.0006433967881554268,0.4423876708102982
double_torus_genus2,2,583,26,0.0006064757428388206,0.3784375607987482
double_torus_genus2,2,584,22,0.000582881314101813,0.4092992778754601
double_torus_genus2,2,585,22,0.0005620340192873116,0.3781760807300041
double_torus_genus2,2,586,26,0.0005439227938253544,0.3501472042440509
double_torus_genus2,2,587,24,0.0005278287640655416,0.31135762452926863
double_torus_genus2,2,588,18,0.0005105602248198353,0.27953988914969513
double_torus_genus2,2,589,23,0.000486998405888495,0.26060225436965173
double_torus_genus2,2,590,21,0.0004583940991887238,0.2304942176478395
double_torus_genus2,2,591,25,0.0004263393601875851,0.24294444316076297
double_torus_genus2,2,592,25,0.00038724792525301696,0.23120628756528971
double_torus_genus2,2,593,25,0.00034515259575691796,0.2130073208398096
double_torus_genus2,2,594,24,0.0003045827866810284,0.20770125185147645
double_torus_genus2,2,595,23,0.0002611502024737789,0.20763484001476512
double_torus_genus2,2,596,23,0.00021651622902356258,0.19319682632216423
double_torus_genus2,2,597,24,0.00017718684239768196,0.1901670148057633
double_torus_genus2,2,598,37,0.0001487045312352759,0.1834984830199649
double_torus_genus2,2,599,55,0.00016630410716925607,0.19153700592956058
double_torus_genus2,2,600,41,0.13553526732351281,170.76560243849121
double_torus_genus2,2,601,38,0.21777474002138417,1518.1237031003905
double_torus_genus2,2,602,40,0.2527945542932388,898.9745418028334
double_torus_genus2,2,603,36,0.26876251137280954,1189.8452175072525
double_torus_genus2,2,604,30,0.24050648464757654,599.3608731516674
double_torus_genus2,2,605,32,0.17549477636333832,288.4045571481001
double_torus_genus2,2,606,30,0.123888274699265,197.71807046425053
double_torus_genus2,2,607,34,0.08675510751576998,143.4672380626114
double_torus_genus2,2,608,35,0.061788483439728585,95.33151307183184
double_torus_genus2,2,609,37,0.04436859568397208,70.92482275099252
double_torus_genus2,2,610,52,0.03260946375805373,52.6980791608397
double_torus_genus2,2,611,46,0.02555172554877223,40.6956417848175
double_torus_genus2,2,612,49,0.021843691383486828,24.27229570561999
double_torus_genus2,2,613,59,0.019924713556631793,19.54333560401489
double_torus_genus2,2,614,83,0.018290625070748176,21.262580823002775
double_torus_genus2,2,615,66,0.017405709517976115,19.67565134846331
double_torus_genus2,2,616,66,0.015914538857652923,14.434024021966897
double_torus_genus2,2,617,72,0.014688092141404378,12.191399738620447
double_torus_genus2,2,618,80,0.01388515006065141,13.754474324644228
double_torus_genus2,2,619,76,0.012701995790732674,10.979666561225738
double_torus_genus2,2,620,63,0.012075227146520102,10.701236698141084
double_torus_genus2,2,621,52,0.011349171423894414,10.080470169303734
double_torus_genus2,2,622,58,0.010669145212330186,8.275573403597877
double_torus_genus2,2,623,59,0.010117399749612297,8.320069427664663
double_torus_genus2,2,624,58,0.009537409386213374,7.168927954019385
double_torus_genus2,2,625,55,0.008884792254744426,6.185309084618934
double_torus_genus2,2,626,58,0.00831287996734901,6.56642062063527
double_torus_genus2,2,627,56,0.007746124157416878,6.808004969807581
double_torus_genus2,2,628,58,0.0071868175332784265,6.027952384367388
double_torus_genus2,2,629,42,0.006838457911834334,5.568925418744355
double_torus_genus2,2,630,41,0.006513453339269639,4.321288914161686
double_torus_genus2,2,631,40,0.006236792832004842,3.085189416428364
double_torus_genus2,2,632,44,0.006052858574976852,3.05203072536837
double_torus_genus2,2,633,47,0.005882755360864157,3.048010681719222
double_torus_genus2,2,634,53,0.005715263299553388,3.0572441295577515
double_torus_genus2,2,635,47,0.0055491157359621275,2.664911767641547
double_torus_genus2,2,636,46,0.005422287952480452,2.368650591883555
double_torus_genus2,2,637,49,0.005281315320291131,2.5675692755486432
double_torus_genus2,2,638,50,0.005138683404334455,2.363082331333321
double_torus_genus2,2,639,47,0.0050416939190286005,2.036695220403502
double_torus_genus2,2,640,44,0.004937342793511788,1.740047146049436
double_torus_genus2,2,641,44,0.004812346911171145,1.4739488256573936
double_torus_genus2,2,642,40,0.00473548003296176,1.6121414170409498
double_torus_genus2,2,643,38,0.004654561345765916,1.4330198804814769
double_torus_genus2,2,644,42,0.004554830936552554,1.4399731458386618
double_torus_genus2,2,645,40,0.0044532373031424734,1.442038570728499
double_torus_genus2,2,646,40,0.0043592762029940465,1.2142633591804404
double_torus_genus2,2,647,37,0.004221622085417259,1.0948630252879363
double_torus_genus2,2,648,35,0.004053068018121669,1.1902284997972925
double_torus_genus2,2,649,36,0.003896353424134502,1.2290973055521095
double_torus_genus2,2,650,31,0.0036901435327833577,1.3353372851805787
double_torus_genus2,2,651,32,0.0034673762782426614,1.3772093668149274
double_torus_genus2,2,652,31,0.0032604025956069994,1.4446416317634843
double_torus_genus2,2,653,29,0.003024653036060988,1.37613598631853
double_torus_genus2,2,654,29,0.0027780112410224385,1.3548064218089153
double_torus_genus2,2,655,31,0.002562284169031254,1.2969338513469277
double_torus_genus2,2,656,27,0.002333116263272579,1.2210121088454304
double_torus_genus2,2,657,29,0.002098629208077413,1.1691969143488825
double_torus_genus2,2,658,32,0.0018923857505255663,1.0859211417841106
double_torus_genus2,2,659,36,0.0016974190103678248,0.9351620977351269
double_torus_genus2,2,660,39,0.001509713150645318,0.8097742019452439
double_torus_genus2,2,661,43,0.0013346585331877883,0.8000482821307398
double_torus_genus2,2,662,45,0.0011870996246171638,0.7082440544260878
double_torus_genus2,2,663,37,0.001056131275704334,0.7332966788227715
double_torus_genus2,2,664,33,0.0009290573677111894,0.6684146274816114
double_torus_genus2,2,665,27,0.0008315608068860817,0.5972167378590035
double_torus_genus2,2,666,29,0.0007560610075245771,0.5533873038605177
double_torus_genus2,2,667,28,0.000692700653490887,0.508216675086595
double_torus_genus2,2,668,26,0.00064527629480624,0.44904576557594134
double_torus_genus2,2,669,25,0.0006102356041045057,0.36617516990096494
double_torus_genus2,2,670,24,0.0005864240176953169,0.4146151240972213
double_torus_genus2,2,671,22,0.0005636064801081137,0.3760294475357243
double_torus_genus2,2,672,26,0.0005464018080082899,0.35471054603001284
double_torus_genus2,2,673,24,0.0005307857301146798,0.32150492053911783
double_torus_genus2,2,674,22,0.0005128850011401749,0.28094140176451926
double_torus_genus2,2,675,22,0.0004903890511800857,0.2616486454321775
double_torus_genus2,2,676,21,0.00046298802443894474,0.2334124150805582
double_torus_genus2,2,677,25,0.0004311491393247489,0.23459803414859787
double_torus_genus2,2,678,26,0.0003923489526259603,0.24095558685876134
double_torus_genus2,2,679,26,0.0003518836146029204,0.2159852695938318
double_torus_genus2,2,680,24,0.0003108202276899855,0.21165097488162588
double_torus_genus2,2,681,24,0.00026625199466021515,0.20755158039324512
double_torus_genus2,2,682,22,0.00022153825511356476,0.1925859284709959
double_torus_genus2,2,683,22,0.00018299940102250162,0.19380880555209137
double_torus_genus2,2,684,37,0.0001517129396023112,0.1830954261647345
double_torus_genus2,2,685,41,0.00015484963423731757,0.1918362907819193
double_torus_genus2,2,686,46,0.11033495727618849,82.6485057926922
double_torus_genus2,2,687,38,0.2122800693314294,1372.7725762140471
double_torus_genus2,2,688,43,0.2507280213359021,1094.4011129169032
double_torus_genus2,2,689,38,0.26716357552372794,1169.798889268915
double_torus_genus2,2,690,31,0.2524412454675874,710.2189550249112
double_torus_genus2,2,691,28,0.18164657950089277,305.9883635934283
double_torus_genus2,2,692,31,0.1276158135789159,206.62637378037832
double_torus_genus2,2,693,31,0.09130921429549943,150.04543038767858
double_torus_genus2,2,694,33,0.0640337918505371,101.61605372347917
double_torus_genus2,2,695,30,0.04599137057333016,73.66256750329521
double_torus_genus2,2,696,56,0.03396915419522619,55.010877097963075
double_torus_genus2,2,697,49,0.026208327166951213,41.92489249756546
double_torus_genus2,2,698,51,0.022197957458349377,26.72193258241693
double_torus_genus2,2,699,55,0.02021551584644247,21.071304317259127
double_torus_genus2,2,700,76,0.018415926054266868,22.010308435744193
double_torus_genus2,2,701,68,0.01751820411556212,19.002430217786838
double_torus_genus2,2,702,70,0.016210057883756436,13.708984390789546
double_torus_genus2,2,703,72,0.01476217766190874,12.97673770793965
double_torus_genus2,2,704,87,0.014001467052122216,14.582110668706385
double_torus_genus2,2,705,76,0.012868060242410446,10.380396780430889
double_torus_genus2,2,706,61,0.012139197057512041,10.248284231240227
double_torus_genus2,2,707,55,0.011424561545535063,10.449813572079504
double_torus_genus2,2,708,55,0.010767616220001225,8.250934373473033
double_torus_genus2,2,709,59,0.010165184882507273,8.42591687399636
double_torus_genus2,2,710,54,0.009584110483136652,7.552062180716323
double_torus_genus2,2,711,56,0.008995891785985817,6.414749167824361
double_torus_genus2,2,712,54,0.008351737363127276,6.57616771056572
double_torus_genus2,2,713,58,0.007814851869922096,6.743415342740509
double_torus_genus2,2,714,55,0.007314381710256902,6.242984572621207
double_torus_genus2,2,715,44,0.006874559139804731,5.7487829563070925
double_torus_genus2,2,716,39,0.006550461756866636,4.472738759121306
double_torus_genus2,2,717,38,0.006304314862730672,2.924791668235422
double_torus_genus2,2,718,43,0.006050212129145556,3.1458106828095977
double_torus_genus2,2,719,50,0.005887987140891007,3.134415968936087
double_torus_genus2,2,720,51,0.005746601555538963,3.1163757141127455
double_torus_genus2,2,721,51,0.005549354845309608,2.6591340374890056
double_torus_genus2,2,722,46,0.005421045979384448,2.346784507812418
double_torus_genus2,2,723,52,0.0053037887173346945,2.6190424342693537
double_torus_genus2,2,724,50,0.005160094940464091,2.3590669221818716
double_torus_genus2,2,725,43,0.005048129740882728,1.9997703400903306
double_torus_genus2,2,726,44,0.004951938020904133,1.8408326994892845
double_torus_genus2,2,727,43,0.0048390266698423385,1.5748256663991798
double_torus_genus2,2,728,40,0.004751540341552499,1.5794330150899532
double_torus_genus2,2,729,39,0.004664575213919263,1.4165716709951777
double_torus_genus2,2,730,40,0.004575387117116135,1.3987959129627114
double_torus_genus2,2,731,39,0.00447724197475087,1.483585283110381
double_torus_genus2,2,732,38,0.00436747754103577,1.244721898308079
double_torus_genus2,2,733,39,0.00424969968199354,1.107656618973519
double_torus_genus2,2,734,33,0.00408422260702054,1.1815088220874794
double_torus_genus2,2,735,38,0.003909209334473597,1.2157594532833167
double_torus_genus2,2,736,32,0.003720082205239987,1.3412836788793212
double_torus_genus2,2,737,31,0.003505836674722577,1.3692594408540935
double_torus_genus2,2,738,31,0.0032784730678901424,1.4243186859668426
double_torus_genus2,2,739,29,0.0030498626531555635,1.389691736375306
double_torus_genus2,2,740,29,0.00281777402104135,1.373713352369458
double_torus_genus2,2,741,30,0.002588723394705597,1.3254990544225163
double_torus_genus2,2,742,28,0.002359677241923147,1.2292663000841941
double_torus_genus2,2,743,28,0.0021300632240876176,1.1612092023980647
double_torus_genus2,2,744,35,0.0019228261700244657,1.1016413568771537
double_torus_genus2,2,745,36,0.0017227808615493676,0.9451989959422696
double_torus_genus2,2,746,38,0.0015313317322491016,0.8230108015180043
double_torus_genus2,2,747,41,0.0013576057291390694,0.8043304370002111
double_torus_genus2,2,748,47,0.0012077188971830269,0.7086285414910931
double_torus_genus2,2,749,33,0.0010713928435007094,0.7309310285630852
double_torus_genus2,2,750,29,0.0009448553795889271,0.6757063208255399
double_torus_genus2,2,751,30,0.0008453722413763635,0.6146023656797434
double_torus_genus2,2,752,29,0.0007682952001652606,0.5636149091725512
double_torus_genus2,2,753,27,0.0007003367929926216,0.5141076016923829
double_torus_genus2,2,754,24,0.0006506830714812251,0.45438882409101045
double_torus_genus2,2,755,24,0.0006172872930020233,0.34743307457592687
double_torus_genus2,2,756,23,0.0005884668054333155,0.420953062689795
double_torus_genus2,2,757,24,0.00056549103784002,0.3763775961241457
double_torus_genus2,2,758,24,0.0005485108212117558,0.36115140209845503
double_torus_genus2,2,759,22,0.0005327640296706452,0.3301273885282171
double_torus_genus2,2,760,22,0.0005140593825135214,0.28581797248958607
double_torus_genus2,2,761,22,0.0004939423777471307,0.26363347498601947
double_torus_genus2,2,762,19,0.000467051405162448,0.23359340917231725
double_torus_genus2,2,763,25,0.0004344127438168104,0.2260612883868035
double_torus_genus2,2,764,25,0.0003982854039539004,0.250299688943923
double_torus_genus2,2,765,26,0.0003580654639098368,0.21637304171393723
double_torus_genus2,2,766,25,0.00031571812354785927,0.21286241228152109
double_torus_genus2,2,767,24,0.00027064662297190517,0.20762332912640452
double_torus_genus2,2,768,21,0.00022814434754570083,0.1949307231547563
double_torus_genus2,2,769,24,0.0001887268374645026,0.19709163946772384
double_torus_genus2,2,770,33,0.00015419879957197577,0.18395935031972915
double_torus_genus2,2,771,56,0.00014867636724058092,0.19107594056114335
double_torus_genus2,2,772,42,0.08181328430458612,31.001354654155314
double_torus_genus2,2,773,37,0.2032112808150763,1185.1016482964017
double_torus_genus2,2,774,43,0.24710564841361812,1303.1206579109312
double_torus_genus2,2,775,36,0.26541966505491454,1126.9782613220543
double_torus_genus2,2,776,31,0.2620917241199719,826.4745466970887
double_torus_genus2,2,777,28,0.19123633892298295,324.7772980659851
double_torus_genus2,2,778,26,0.13415598102078616,217.99483130720589
double_torus_genus2,2,779,37,0.09598800872772999,157.38528620222692
double_torus_genus2,2,780,37,0.06772773778907717,107.77913805226582
double_torus_genus2,2,781,29,0.04784217152424774,76.45425678881446
double_torus_genus2,2,782,43,0.03503749170578547,56.90148378619773
double_torus_genus2,2,783,50,0.02701284013930668,43.03167319645396
double_torus_genus2,2,784,50,0.0225385120183947,29.185874472976067
double_torus_genus2,2,785,56,0.020419915471711556,21.885470536246896
double_torus_genus2,2,786,61,0.018645736654854392,22.105177173709404
double_torus_genus2,2,787,75,0.017572719182304217,17.88602606772943
double_torus_genus2,2,788,74,0.01644303551749324,15.029237386079195
double_torus_genus2,2,789,75,0.01489759860821264,14.081407320452811
double_torus_genus2,2,790,80,0.014162245575660728,14.744648725916633
double_torus_genus2,2,791,72,0.012985749586124947,9.660836188400243
double_torus_genus2,2,792,65,0.012182808714531708,9.77430066604056
double_torus_genus2,2,793,60,0.011554028184335074,10.811132220381836
double_torus_genus2,2,794,54,0.010831493399714415,8.2239864124092
double_torus_genus2,2,795,62,0.010281105225431741,8.402984376446316
double_torus_genus2,2,796,57,0.009681693147221592,7.9303479136783706
double_torus_genus2,2,797,54,0.009060726303122353,6.689663034730695
double_torus_genus2,2,798,55,0.00844978473203607,6.502531927789661
double_torus_genus2,2,799,55,0.00786849791042226,6.682395209872865
double_torus_genus2,2,800,59,0.007357831426773516,6.411642718400122
double_torus_genus2,2,801,40,0.00693029388321277,5.832067977763619
double_torus_genus2,2,802,40,0.006562553247450547,4.580550393467676
double_torus_genus2,2,803,41,0.006320308382059173,2.8905202020446508
double_torus_genus2,2,804,41,0.0061289101148591495,3.2205092067986096
double_torus_genus2,2,805,46,0.00589901141656726,3.2949800505401914
double_torus_genus2,2,806,54,0.005772811763086155,3.1107944679505968
double_torus_genus2,2,807,52,0.005609255267120797,2.610604146010821
double_torus_genus2,2,808,46,0.005419043345903868,2.3535246691403917
double_torus_genus2,2,809,49,0.005316972333541706,2.6101375705245538
double_torus_genus2,2,810,50,0.005186654318189711,2.2983161766383184
double_torus_genus2,2,811,47,0.005040500386016169,2.0132445874172515
double_torus_genus2,2,812,45,0.004953038439518563,1.9300314254540893
double_torus_genus2,2,813,42,0.004860058952350926,1.6607905208371803
double_torus_genus2,2,814,42,0.004759009720039441,1.5134713067576158
double_torus_genus2,2,815,38,0.004665518090334151,1.4257605909201485
double_torus_genus2,2,816,40,0.004587833469029067,1.3644407059632555
double_torus_genus2,2,817,43,0.0044952465996397715,1.4813910127975634
double_torus_genus2,2,818,38,0.004374893161250451,1.2839814523539823
double_torus_genus2,2,819,39,0.004265150313129287,1.111697808009844
double_torus_genus2,2,820,34,0.004120013396317729,1.1745177738069117
double_torus_genus2,2,821,36,0.003928351953137369,1.233852794243605
double_torus_genus2,2,822,34,0.0037491932683437566,1.3299170877114688
double_torus_genus2,2,823,32,0.0035447547034781176,1.352287410318358
double_torus_genus2,2,824,30,0.00330294023991609,1.3918286024184794
double_torus_genus2,2,825,26,0.0030795074161455317,1.4202292280744588
double_torus_genus2,2,826,27,0.0028599196132130427,1.4018066720139633
double_torus_genus2,2,827,31,0.0026150152802798983,1.3473498644249218
double_torus_genus2,2,828,29,0.002383656252560099,1.2409053528802008
double_torus_genus2,2,829,25,0.0021671007131614213,1.1551306654281166
double_torus_genus2,2,830,34,0.001952399369545333,1.1052441822436259
double_torus_genus2,2,831,36,0.001744216741530758,0.9703596959559382
double_torus_genus2,2,832,39,0.0015560583585394099,0.8471494601345526
double_torus_genus2,2,833,40,0.001384833662115495,0.8038728166229446
double_torus_genus2,2,834,45,0.0012273781585679364,0.718679463317363
double_torus_genus2,2,835,33,0.0010844955390530155,0.73275413066597
double_torus_genus2,2,836,28,0.0009615517547839651,0.6897428263440776
double_torus_genus2,2,837,34,0.0008596246660865523,0.6286996978698454
double_torus_genus2,2,838,29,0.0007732209298164007,0.5691716573721605
double_torus_genus2,2,839,24,0.0007076250154885866,0.524014206277386
double_torus_genus2,2,840,23,0.000657438186042532,0.466670155823837
double_torus_genus2,2,841,24,0.000622042889506064,0.3526149254830123
double_torus_genus2,2,842,23,0.0005921928796577473,0.41633341334434604
double_torus_genus2,2,843,24,0.0005679226619329318,0.3816915814659262
double_torus_genus2,2,844,26,0.0005532478621332512,0.3683645919570916
double_torus_genus2,2,845,23,0.0005346134078421019,0.33558722057309043
double_torus_genus2,2,846,21,0.0005167812643882077,0.2906140952382335
double_torus_genus2,2,847,24,0.0004976633829520969,0.2643213063217087
double_torus_genus2,2,848,18,0.00047062756022460455,0.23474599309493588
double_torus_genus2,2,849,23,0.00043870149482857097,0.21688073201637756
double_torus_genus2,2,850,25,0.00040410310420329725,0.2555500144760867
double_torus_genus2,2,851,26,0.00036432696744225315,0.21317390059883762
double_torus_genus2,2,852,25,0.0003199689691555726,0.21096773807242727
double_torus_genus2,2,853,24,0.00027673353154529805,0.20873162761413405
double_torus_genus2,2,854,22,0.00023495822541913858,0.1986180031194633
double_torus_genus2,2,855,25,0.0001931676430890672,0.19905491969597638
double_torus_genus2,2,856,32,0.00015668943044158684,0.1845550951024882
double_torus_genus2,2,857,57,0.00014557188265812182,0.18967579497162193
triple_torus_genus3,3,0,28,0.267747575527108,0.0
triple_torus_genus3,3,1,29,0.24681146511002505,656.7259048825316
triple_torus_genus3,3,2,34,0.17860505117564732,297.5925145940173
triple_torus_genus3,3,3,28,0.12563491401995003,202.02361949546912
triple_torus_genus3,3,4,33,0.08968425645270178,146.94310039545235
triple_torus_genus3,3,5,44,0.06341969879799021,98.6869359737644
triple_torus_genus3,3,6,51,0.04502514188294281,72.34361834083197
triple_torus_genus3,3,7,51,0.03338929929898718,53.99498724147293
triple_torus_genus3,3,8,61,0.026021536514209468,41.40214842253869
triple_torus_genus3,3,9,67,0.021986191666371422,25.59578623215978
triple_torus_genus3,3,10,84,0.020110462876722707,20.333359156735884
triple_torus_genus3,3,11,68,0.01841261239916377,21.70748481227175
triple_torus_genus3,3,12,57,0.017373153149557136,19.37783287615855
triple_torus_genus3,3,13,48,0.01608473054606502,13.94129036141427
triple_torus_genus3,3,14,37,0.014738228333786898,12.4339709028388
triple_torus_genus3,3,15,40,0.013960966303453231,14.27943905145772
triple_torus_genus3,3,16,47,0.012783519078466216,10.762511141941397
triple_torus_genus3,3,17,51,0.012111695677467295,10.473433390421143
triple_torus_genus3,3,18,61,0.011387728496064772,10.256651586143535
triple_torus_genus3,3,19,52,0.010700489470680793,8.282870188695107
triple_torus_genus3,3,20,55,0.010198015259484383,8.391429347895366
triple_torus_genus3,3,21,53,0.009549786784943117,7.36997575080446
triple_torus_genus3,3,22,43,0.008925278547154332,6.308848848287711
triple_torus_genus3,3,23,39,0.008387305485921705,6.575282566446017
triple_torus_genus3,3,24,43,0.00774496456803052,6.759646516549806
triple_torus_genus3,3,25,51,0.007275533290363308,6.130052339126277
triple_torus_genus3,3,26,43,0.006878350844651652,5.681434503885849
triple_torus_genus3,3,27,40,0.006485545701786004,4.404003246301367
triple_torus_genus3,3,28,36,0.006269360577399669,3.012973002580283
triple_torus_genus3,3,29,43,0.006082719412779428,3.1049249625800757
triple_torus_genus3,3,30,41,0.00586048248132912,3.085866736379479
triple_torus_genus3,3,31,42,0.005723181870989714,3.0877825870538103
triple_torus_genus3,3,32,38,0.005575887229057684,2.6633461421583347
triple_torus_genus3,3,33,35,0.005411473227962275,2.3563140414423387
triple_torus_genus3,3,34,31,0.005284246382271727,2.6137212365457403
triple_torus_genus3,3,35,26,0.00516171672997587,2.3660783377807815
triple_torus_genus3,3,36,35,0.00503750568397539,2.0107768981603034
triple_torus_genus3,3,37,29,0.004940666782021885,1.7917229286339516
triple_torus_genus3,3,38,21,0.004838999031729435,1.5303698846720524
triple_torus_genus3,3,39,24,0.0047521685216671055,1.5982135822043004
triple_torus_genus3,3,40,28,0.004649746065772542,1.430906014569141
triple_torus_genus3,3,41,28,0.004565543450877762,1.424990355598768
triple_torus_genus3,3,42,27,0.004474641905430066,1.4691720603097702
triple_torus_genus3,3,43,29,0.0043592264210221355,1.2233441502320257
triple_torus_genus3,3,44,32,0.004227518307532128,1.1008547391749786
triple_torus_genus3,3,45,31,0.004079762058270766,1.180060423397439
triple_torus_genus3,3,46,25,0.0039036926844205123,1.2180446938768066
triple_torus_genus3,3,47,24,0.0036980292250226644,1.3399182632609092
triple_torus_genus3,3,48,27,0.003493478873921454,1.3712389307965587
triple_torus_genus3,3,49,22,0.0032635152601467954,1.4348832566083887
triple_torus_genus3,3,50,21,0.003036229319189257,1.3836016998369438
triple_torus_genus3,3,51,21,0.0028100377487204438,1.363021452934205
triple_torus_genus3,3,52,18,0.0025708043376000416,1.3134710296430645
triple_torus_genus3,3,53,16,0.002337785891594617,1.2249633645737257
triple_torus_genus3,3,54,15,0.002124446107278009,1.1653155988571808
triple_torus_genus3,3,55,16,0.0019092927959061666,1.0947247508720415
triple_torus_genus3,3,56,15,0.0016996714300196666,0.940099867197669
triple_torus_genus3,3,57,13,0.0015213915248518557,0.8150989377237399
triple_torus_genus3,3,58,17,0.0013547422836199799,0.8029957051201497
triple_torus_genus3,3,59,16,0.001195545034714943,0.7063811033277915
triple_torus_genus3,3,60,13,0.0010569358960782875,0.7322697979096858
triple_torus_genus3,3,61,11,0.0009432518684891368,0.6718843976503754
triple_torus_genus3,3,62,14,0.0008423970858096938,0.6060890468563823
triple_torus_genus3,3,63,12,0.0007565796701146625,0.5589472627706373
triple_torus_genus3,3,64,12,0.0006956688107178321,0.5112390659996952
triple_torus_genus3,3,65,12,0.0006520768667879372,0.45122699543673317
triple_torus_genus3,3,66,10,0.0006129081631607892,0.3560495799580156
triple_torus_genus3,3,67,6,0.0005842003278243003,0.419141979681422
triple_torus_genus3,3,68,8,0.0005653081655656867,0.37547762101660065
triple_torus_genus3,3,69,8,0.0005486368132363537,0.3580515388631469
triple_torus_genus3,3,70,6,0.0005310909293121324,0.32654352851351487
triple_torus_genus3,3,71,7,0.0005138767420508284,0.28279574272811203
triple_torus_genus3,3,72,6,0.0004931140238899525,0.2623484644358935
triple_torus_genus3,3,73,8,0.0004639355737892983,0.23386322344734717
triple_torus_genus3,3,74,6,0.00043270507687648405,0.23005645141773262
triple_torus_genus3,3,75,5,0.000397292790581196,0.24638362001057648
triple_torus_genus3,3,76,6,0.0003545388009025903,0.21698294400243215
triple_torus_genus3,3,77,4,0.0003115784334146921,0.2129289190721575
triple_torus_genus3,3,78,5,0.00026966296999398286,0.20753298020147734
triple_torus_genus3,3,79,12,0.00022676281670903694,0.1935021132890141
triple_torus_genus3,3,80,21,0.00018423706280799006,0.19564917290947814
triple_torus_genus3,3,81,24,0.00015182788240346293,0.1834229991309726
triple_torus_genus3,3,82,51,0.00015224038787482337,0.19175944457944055
triple_torus_genus3,3,83,41,0.1059826000667117,50.88234772951712
triple_torus_genus3,3,84,38,0.20719382734590233,1277.995589016206
triple_torus_genus3,3,85,35,0.24798438195584352,1209.0469161521105
triple_torus_genus3,3,86,24,0.2666831859462461,1148.735970658851
triple_torus_genus3,3,87,29,0.2539187330557585,771.7740082122045
triple_torus_genus3,3,88,30,0.18712557533547702,315.5286735916061
triple_torus_genus3,3,89,25,0.13269417831952937,212.31652927691232
triple_torus_genus3,3,90,31,0.09258033282776891,153.908486413588
triple_torus_genus3,3,91,46,0.06541060494614231,104.87631625070165
triple_torus_genus3,3,92,49,0.04710964824551934,75.13659515667341
triple_torus_genus3,3,93,47,0.034490243283023345,55.9916450980892
triple_torus_genus3,3,94,65,0.026530311569599428,42.4588887844116
triple_torus_genus3,3,95,68,0.02244325344432474,28.00492297764355
triple_torus_genus3,3,96,77,0.020291261332798936,21.610240194859934
triple_torus_genus3,3,97,76,0.01855821484179634,22.12086609328346
triple_torus_genus3,3,98,54,0.017570488084945123,18.44694055721901
triple_torus_genus3,3,99,51,0.016278098657445225,14.202649597621434
triple_torus_genus3,3,100,37,0.014846133953922465,13.585171597574488
triple_torus_genus3,3,101,33,0.014099714044443212,14.732390526575156
triple_torus_genus3,3,102,39,0.012937505855448676,9.850846668753348
triple_torus_genus3,3,103,56,0.012127654247331265,9.988561762399064
triple_torus_genus3,3,104,60,0.01150685002849361,10.65384177362793
triple_torus_genus3,3,105,56,0.010804830254608171,8.176222511714903
triple_torus_genus3,3,106,61,0.010217648813180555,8.443223178854684
triple_torus_genus3,3,107,51,0.009626818966742227,7.764430442994394
triple_torus_genus3,3,108,42,0.009004786463160351,6.552134084943495
triple_torus_genus3,3,109,39,0.008423524278832558,6.559797316133192
triple_torus_genus3,3,110,45,0.007839327831270056,6.718667768227408
triple_torus_genus3,3,111,48,0.007316881169038938,6.342379794268854
triple_torus_genus3,3,112,48,0.006920535706848195,5.798882704757179
triple_torus_genus3,3,113,37,0.006586002271698689,4.530262994420797
triple_torus_genus3,3,114,36,0.006291412807905259,2.889688834921628
triple_torus_genus3,3,115,43,0.006116288726998476,3.1886174607790103
triple_torus_genus3,3,116,44,0.005915496264720348,3.2056651255481263
triple_torus_genus3,3,117,39,0.005711326273566037,3.1270577068774066
triple_torus_genus3,3,118,38,0.005586212199806031,2.6384718743595332
triple_torus_genus3,3,119,36,0.005440830296997324,2.3453920175750147
triple_torus_genus3,3,120,31,0.00527483281431498,2.6153542521746074
triple_torus_genus3,3,121,28,0.005169165134851685,2.330600370908631
triple_torus_genus3,3,122,33,0.005067095082694569,1.9903470820099205
triple_torus_genus3,3,123,29,0.004942114774825912,1.8911304250440213
triple_torus_genus3,3,124,20,0.0048432064092183095,1.6216276209941531
triple_torus_genus3,3,125,24,0.004767091781528931,1.5480027236026088
triple_torus_genus3,3,126,30,0.004670033772167534,1.4202540622286284
triple_torus_genus3,3,127,29,0.004573806991116557,1.3734759369529914
triple_torus_genus3,3,128,27,0.0044961333781635094,1.4840262427226862
triple_torus_genus3,3,129,28,0.004382919029952104,1.265851210468621
triple_torus_genus3,3,130,28,0.004244270807836699,1.1108145206293967
triple_torus_genus3,3,131,31,0.00410316431350038,1.1783217693992767
triple_torus_genus3,3,132,27,0.00393643847364267,1.2250650177936222
triple_torus_genus3,3,133,24,0.0037235814901865074,1.3380528058609074
triple_torus_genus3,3,134,25,0.0035147999532692416,1.360566775831125
triple_torus_genus3,3,135,21,0.003304269953802731,1.4084150904834927
triple_torus_genus3,3,136,18,0.0030649534357153818,1.4060308856563561
triple_torus_genus3,3,137,22,0.002831383357623423,1.387823295697126
triple_torus_genus3,3,138,20,0.0026048595225626634,1.335489829289475
triple_torus_genus3,3,139,15,0.0023735148043982973,1.2356232650576908
triple_torus_genus3,3,140,14,0.0021507426387069673,1.1589468312676965
triple_torus_genus3,3,141,15,0.0019405521467184986,1.1052788306905208
triple_torus_genus3,3,142,15,0.0017320950512160344,0.9565694051808129
triple_torus_genus3,3,143,14,0.001548323273762341,0.8333386831318402
triple_torus_genus3,3,144,17,0.0013760542314807825,0.8046101396070611
triple_torus_genus3,3,145,18,0.0012160895637506228,0.7139900359342614
triple_torus_genus3,3,146,13,0.001077162333465177,0.7314579411221257
triple_torus_genus3,3,147,13,0.0009587302858372051,0.6823564103460598
triple_torus_genus3,3,148,15,0.0008552409679770897,0.6241050613597013
triple_torus_genus3,3,149,15,0.0007655867086345719,0.5675553508241264
triple_torus_genus3,3,150,12,0.0007060380470642348,0.5188280724047164
triple_torus_genus3,3,151,10,0.000659509183154556,0.46016543870246945
triple_torus_genus3,3,152,10,0.0006168529866024214,0.348910786555384
triple_torus_genus3,3,153,7,0.0005899650597124376,0.4190749866250345
triple_torus_genus3,3,154,9,0.0005691687830266386,0.37813464316012374
triple_torus_genus3,3,155,7,0.0005497171757622993,0.3650078738660243
triple_torus_genus3,3,156,7,0.0005327706433524158,0.33349177269305996
triple_torus_genus3,3,157,8,0.0005169761223226495,0.28858664937024353
triple_torus_genus3,3,158,5,0.0004950112199804522,0.2643289310856751
triple_torus_genus3,3,159,8,0.0004679681846430707,0.233717406960072
triple_torus_genus3,3,160,5,0.00043836368644042256,0.22118655559121117
triple_torus_genus3,3,161,6,0.0004014686843309286,0.25340351870409067
triple_torus_genus3,3,162,6,0.00035916898819472645,0.21501558602967405
triple_torus_genus3,3,163,4,0.0003183090898694705,0.2119920679603175
triple_torus_genus3,3,164,4,0.0002758273180218814,0.20834670538217914
triple_torus_genus3,3,165,12,0.00023065093563212673,0.19682873785764796
triple_torus_genus3,3,166,19,0.00018963566709306366,0.19854236221108224
triple_torus_genus3,3,167,26,0.0001561913867683659,0.18427521154667742
triple_torus_genus3,3,168,45,0.00014772941878878434,0.1900034566239782
triple_torus_genus3,3,169,51,0.07826073793706272,16.331156053572187
triple_torus_genus3,3,170,36,0.19717382050384605,1073.8020002618432
triple_torus_genus3,3,171,33,0.24417173205508846,1398.2684594023933
triple_torus_genus3,3,172,26,0.26470418460875683,1093.1762848198618
triple_torus_genus3,3,173,27,0.2627828976287186,886.0723648683093
triple_torus_genus3,3,174,29,0.19700613393449365,335.6623708373245
triple_torus_genus3,3,175,24,0.13917903786910718,224.35340820971388
triple_torus_genus3,3,176,29,0.09776492526402901,160.9626566193129
triple_torus_genus3,3,177,37,0.06910322879093214,111.5836847457749
triple_torus_genus3,3,178,48,0.04957193709955047,78.0274744645917
triple_torus_genus3,3,179,47,0.03588492805868318,58.082301001599006
triple_torus_genus3,3,180,63,0.02750263999179934,43.7421160393214
triple_torus_genus3,3,181,68,0.02281114089380052,30.49740153279938
triple_torus_genus3,3,182,78,0.020466882905679537,22.068260073864842
triple_torus_genus3,3,183,79,0.01875004302440041,21.95630599552682
triple_torus_genus3,3,184,64,0.017679572456318102,17.317678812497306
triple_torus_genus3,3,185,52,0.016513851045912107,15.901044386551158
triple_torus_genus3,3,186,40,0.015003590559316386,14.60795614015877
triple_torus_genus3,3,187,36,0.014218649058036718,14.694717793500073
triple_torus_genus3,3,188,45,0.013065721979327477,9.463427460731996
triple_torus_genus3,3,189,49,0.012223824592116248,9.547946455794893
triple_torus_genus3,3,190,61,0.011634719262672209,10.976017285521067
triple_torus_genus3,3,191,62,0.010883926906013103,8.244547379228713
triple_torus_genus3,3,192,59,0.010304479292497292,8.345364657668906
triple_torus_genus3,3,193,52,0.009744965189669698,8.10715863855364
triple_torus_genus3,3,194,48,0.009099850105317272,6.821511671679677
triple_torus_genus3,3,195,47,0.008484793500150963,6.422418980000509
triple_torus_genus3,3,196,48,0.007951647383642116,6.601715533598953
triple_torus_genus3,3,197,51,0.007361122297352338,6.508460530496927
triple_torus_genus3,3,198,50,0.006943561120439881,5.84433191641664
triple_torus_genus3,3,199,41,0.00662255012415941,4.630606005709031
triple_torus_genus3,3,200,36,0.006327753977617414,2.9262527006752244
triple_torus_genus3,3,201,43,0.006101385874515864,3.244135569777051
triple_torus_genus3,3,202,41,0.005937918804074782,3.3859230859631326
triple_torus_genus3,3,203,38,0.005773920318995542,3.08372977395957
triple_torus_genus3,3,204,34,0.005594274514805802,2.5774841653621134
triple_torus_genus3,3,205,35,0.005465308637369911,2.377793432740612
triple_torus_genus3,3,206,32,0.005334830057206205,2.617370731384099
triple_torus_genus3,3,207,35,0.0051769465007835405,2.253835900168848
triple_torus_genus3,3,208,32,0.00507291049395856,2.0330350575400433
triple_torus_genus3,3,209,29,0.004970229622606684,1.9624081075716497
triple_torus_genus3,3,210,22,0.00484870665148106,1.7012393164240247
triple_torus_genus3,3,211,26,0.004763078678630482,1.4668946994909422
triple_torus_genus3,3,212,30,0.004687290898605778,1.4514647232495983
triple_torus_genus3,3,213,30,0.004591536599323822,1.3620942470918804
triple_torus_genus3,3,214,25,0.0044865518617441735,1.4843505503025425
triple_torus_genus3,3,215,29,0.004392953742861259,1.296196659418102
triple_torus_genus3,3,216,30,0.0042698737085803545,1.1330359267253238
triple_torus_genus3,3,217,33,0.004114471487616342,1.1738374474424018
triple_torus_genus3,3,218,26,0.0039512162789247345,1.2372198122415718
triple_torus_genus3,3,219,26,0.0037652819743236817,1.3226062499930484
triple_torus_genus3,3,220,26,0.003539836739541975,1.345502626232849
triple_torus_genus3,3,221,24,0.0033286913128166696,1.3771333583134404
triple_torus_genus3,3,222,20,0.00310672095928996,1.4392664370831756
triple_torus_genus3,3,223,20,0.002855295849692072,1.4126482748985578
triple_torus_genus3,3,224,19,0.002632189566668785,1.353975827672606
triple_torus_genus3,3,225,14,0.0024118479807931515,1.2414524035583971
triple_torus_genus3,3,226,16,0.002174650868298158,1.1504419815621065
triple_torus_genus3,3,227,15,0.0019598223782144337,1.108908285630261
triple_torus_genus3,3,228,16,0.0017632034990256833,0.9853902362272966
triple_torus_genus3,3,229,16,0.0015707885538347138,0.8618926311959416
triple_torus_genus3,3,230,13,0.0013912926512119157,0.8032948660534787
triple_torus_genus3,3,231,18,0.0012335715488113752,0.7221662819862812
triple_torus_genus3,3,232,13,0.0010982134882175786,0.7350902006879674
triple_torus_genus3,3,233,11,0.0009709982542009274,0.6967469644981725
triple_torus_genus3,3,234,14,0.0008608810618905806,0.6332525681140928
triple_torus_genus3,3,235,14,0.0007786278922318788,0.5714335686339485
triple_torus_genus3,3,236,10,0.0007125207286551342,0.5290943254061327
triple_torus_genus3,3,237,9,0.0006608493538533481,0.4747099291841805
triple_torus_genus3,3,238,10,0.0006210907092541799,0.36291327387681965
triple_torus_genus3,3,239,8,0.0005942241177283995,0.41204892398227266
triple_torus_genus3,3,240,10,0.0005713327428640197,0.3844303861161462
triple_torus_genus3,3,241,8,0.0005515983319175728,0.3705428420254244
triple_torus_genus3,3,242,7,0.0005361744265968989,0.3360907819310262
triple_torus_genus3,3,243,8,0.0005193385778088129,0.29235393393054826
triple_torus_genus3,3,244,5,0.0004984468611027062,0.2660197279236781
triple_torus_genus3,3,245,8,0.0004724012952814327,0.23663766298213323
triple_torus_genus3,3,246,6,0.0004426824980690718,0.21468508890750615
triple_torus_genus3,3,247,6,0.0004058023757398516,0.25740990267494207
triple_torus_genus3,3,248,6,0.0003651779096263694,0.21181597319774714
triple_torus_genus3,3,249,4,0.00032505718027157866,0.2101740412394953
triple_torus_genus3,3,250,4,0.0002810977209966176,0.20957429544994677
triple_torus_genus3,3,251,10,0.00023596968853128558,0.2002809234032696
triple_torus_genus3,3,252,18,0.00019522609102124615,0.19943976197746777
triple_torus_genus3,3,253,24,0.00016072488476782468,0.18507887261789274
triple_torus_genus3,3,254,39,0.00014468753406708676,0.18979550335412865
triple_torus_genus3,3,255,52,0.028578379564964177,2.7308427369426265
triple_torus_genus3,3,256,39,0.18899688156837402,856.7272418366018
triple_torus_genus3,3,257,34,0.24169221304656252,1539.4363132049607
triple_torus_genus3,3,258,27,0.2628428847446139,1016.2796579998685
triple_torus_genus3,3,259,29,0.2718094659655503,991.0577553602662
triple_torus_genus3,3,260,30,0.2044164415467727,358.7075766580618
triple_torus_genus3,3,261,25,0.14297257763459292,235.83906010231667
triple_torus_genus3,3,262,28,0.10235792331296234,167.92842371629945
triple_torus_genus3,3,263,38,0.07228990796734744,119.13027721145748
triple_torus_genus3,3,264,51,0.05116759592037907,80.95786428595287
triple_torus_genus3,3,265,53,0.03751688567473793,59.81713898488255
triple_torus_genus3,3,266,61,0.028428169622402015,44.8087647769801
triple_torus_genus3,3,267,61,0.02317204236316033,32.985403287067534
triple_torus_genus3,3,268,77,0.020810632051505205,22.10491149563792
triple_torus_genus3,3,269,84,0.018950165453148187,21.40032329869773
triple_torus_genus3,3,270,65,0.017760187231149988,16.649764508014663
triple_torus_genus3,3,271,49,0.016787969883989767,17.607429033972956
triple_torus_genus3,3,272,42,0.015121737669970098,15.601687015699053
triple_torus_genus3,3,273,34,0.014274020739937651,14.351590675221562
triple_torus_genus3,3,274,42,0.013215511779064196,9.25668777829955
triple_torus_genus3,3,275,47,0.012335875671524622,9.375938126967926
triple_torus_genus3,3,276,55,0.011671337914581427,11.149180822978003
triple_torus_genus3,3,277,59,0.010974594621137755,8.354058414992828
triple_torus_genus3,3,278,59,0.010392438499742699,8.282104295181343
triple_torus_genus3,3,279,46,0.009773074036071977,8.405820133651346
triple_torus_genus3,3,280,51,0.009192102905058855,7.032754870556662
triple_torus_genus3,3,281,46,0.008586130643270996,6.230325302698867
triple_torus_genus3,3,282,44,0.00798079935955733,6.522480859918404
triple_torus_genus3,3,283,47,0.007475297440236152,6.696441986623597
triple_torus_genus3,3,284,47,0.007007374727912956,5.812359492823162
triple_torus_genus3,3,285,41,0.0066409961865182094,4.664930559893935
triple_torus_genus3,3,286,36,0.006389729609606237,3.1126026579408506
triple_torus_genus3,3,287,39,0.006124866314677336,3.2715216655526387
triple_torus_genus3,3,288,42,0.005934256979768825,3.485205466932725
triple_torus_genus3,3,289,38,0.005801432209730197,3.0562949979576404
triple_torus_genus3,3,290,35,0.005607064955890973,2.6274222395056857
triple_torus_genus3,3,291,38,0.005453318510183942,2.474999479091882
triple_torus_genus3,3,292,33,0.005353198488865246,2.5922918764356684
triple_torus_genus3,3,293,31,0.0052031360772890846,2.155327363839924
triple_torus_genus3,3,294,31,0.005079618495963873,2.1040843528880533
triple_torus_genus3,3,295,31,0.004994131171080174,2.0390182361413354
triple_torus_genus3,3,296,22,0.004872723328445156,1.7484582778709847
triple_torus_genus3,3,297,24,0.004786581767271432,1.3717484002404978
triple_torus_genus3,3,298,28,0.004699297082522833,1.509784039129235
triple_torus_genus3,3,299,30,0.004610606227636089,1.410457369418374
triple_torus_genus3,3,300,28,0.004510682907839198,1.462113123927511
triple_torus_genus3,3,301,29,0.0044051369447814905,1.318226324349531
triple_torus_genus3,3,302,31,0.004291442926562795,1.1786606764684116
triple_torus_genus3,3,303,33,0.004144061503538728,1.1446803379907418
triple_torus_genus3,3,304,25,0.003963355445279777,1.2414056858100553
triple_torus_genus3,3,305,26,0.0037818188600611774,1.3054731666214932
triple_torus_genus3,3,306,25,0.003581875891801062,1.3401211479200006
triple_torus_genus3,3,307,26,0.0033453321131700292,1.3629517022844062
triple_torus_genus3,3,308,21,0.003130616357868761,1.4477705459460113
triple_torus_genus3,3,309,21,0.002895367599758521,1.414231007332258
triple_torus_genus3,3,310,20,0.0026603158878470154,1.3430502543940341
triple_torus_genus3,3,311,16,0.002439604253213237,1.246743666731812
triple_torus_genus3,3,312,15,0.002209871653710292,1.145620176096735
triple_torus_genus3,3,313,16,0.001989845752974921,1.118308032407448
triple_torus_genus3,3,314,16,0.0017918683459339656,1.0230894465562537
triple_torus_genus3,3,315,16,0.0015973141232950613,0.8780720188402202
triple_torus_genus3,3,316,13,0.0014132136792641458,0.7954526242438381
triple_torus_genus3,3,317,19,0.0012561506526949364,0.7383844205063018
triple_torus_genus3,3,318,11,0.001117666867500027,0.7400336764636752
triple_torus_genus3,3,319,10,0.0009873537632628922,0.7117705346172505
triple_torus_genus3,3,320,12,0.0008740058327988359,0.6378285977770535
triple_torus_genus3,3,321,13,0.0007932081794325977,0.5788955791288339
triple_torus_genus3,3,322,11,0.0007232972335975533,0.5390326728170194
triple_torus_genus3,3,323,9,0.0006641562579351658,0.48665039383359054
triple_torus_genus3,3,324,12,0.0006283663741920334,0.3866604893155302
triple_torus_genus3,3,325,9,0.0005975716338578325,0.4024015456248079
triple_torus_genus3,3,326,10,0.0005718061098016132,0.38960304621949654
triple_torus_genus3,3,327,7,0.0005540517005095597,0.37539020067433876
triple_torus_genus3,3,328,8,0.0005378456185556832,0.33637433060430766
triple_torus_genus3,3,329,9,0.0005212454106380893,0.294119582321555
triple_torus_genus3,3,330,5,0.0005012582325131132,0.2703435052702069
triple_torus_genus3,3,331,7,0.00047676330530418824,0.24463782485841923
triple_torus_genus3,3,332,7,0.00044554551983639983,0.21651702601183842
triple_torus_genus3,3,333,6,0.0004107120507146432,0.25989488175727005
triple_torus_genus3,3,334,6,0.00037197306962248253,0.21382450972698286
triple_torus_genus3,3,335,5,0.00033018040598351857,0.20912888611214692
triple_torus_genus3,3,336,4,0.00028594267513587914,0.208938944399462
triple_torus_genus3,3,337,9,0.00024219507895491816,0.2023396993718663
triple_torus_genus3,3,338,17,0.00020158025427771388,0.19746027181815706
triple_torus_genus3,3,339,23,0.00016455752884279824,0.1860479232956418
triple_torus_genus3,3,340,36,0.00014368271687084723,0.18856556337456343
triple_torus_genus3,3,341,66,0.0030448690330060926,0.22491601895371632
triple_torus_genus3,3,342,43,0.17704284376932905,645.0993073319083
triple_torus_genus3,3,343,37,0.23664131697146876,1623.9254886091862
triple_torus_genus3,3,344,32,0.2607725923801425,936.0268134973288
triple_torus_genus3,3,345,26,0.2721394927268119,1073.896728299691
triple_torus_genus3,3,346,28,0.2142283769621207,389.12017253696456
triple_torus_genus3,3,347,24,0.15083348228492904,248.23798895578614
triple_torus_genus3,3,348,29,0.1072362637100839,175.51739710068313
triple_torus_genus3,3,349,36,0.07628482855549,125.99994054103037
triple_torus_genus3,3,350,50,0.053542697328849274,83.51255592108834
triple_torus_genus3,3,351,46,0.03866499293746745,61.40128516772393
triple_torus_genus3,3,352,59,0.02926211710947433,45.901396887498834
triple_torus_genus3,3,353,60,0.023667744348933976,35.36814082105501
triple_torus_genus3,3,354,85,0.020966675698538138,21.3732720524707
triple_torus_genus3,3,355,88,0.019234796324256502,20.619642978228708
triple_torus_genus3,3,356,64,0.017871221001269606,17.741982381183313
triple_torus_genus3,3,357,54,0.01695261651843404,18.95290835177036
triple_torus_genus3,3,358,42,0.01532015362619625,16.31354575554564
triple_torus_genus3,3,359,37,0.014363896010296843,13.634004260909876
triple_torus_genus3,3,360,37,0.013420990158245006,10.326556938827498
triple_torus_genus3,3,361,48,0.012380414062571617,9.884199289595102
triple_torus_genus3,3,362,53,0.011808256367342573,11.24769967877256
triple_torus_genus3,3,363,59,0.011090730531932652,8.661713740944315
triple_torus_genus3,3,364,62,0.010466664967686336,8.228100809007712
triple_torus_genus3,3,365,48,0.009877910851904393,8.446005263023283
triple_torus_genus3,3,366,50,0.009264675970648029,7.0830276276866435
triple_torus_genus3,3,367,44,0.008660183683502545,6.097235999217675
triple_torus_genus3,3,368,43,0.008037674050926027,6.524808635966692
triple_torus_genus3,3,369,44,0.007517103882137831,6.8117127290400905
triple_torus_genus3,3,370,50,0.007064202101740304,5.793648608653916
triple_torus_genus3,3,371,42,0.006678483604214163,4.847072175443983
triple_torus_genus3,3,372,37,0.006399308569463375,3.4148063199199363
triple_torus_genus3,3,373,43,0.00621020749235908,3.3404247582424964
triple_torus_genus3,3,374,40,0.0059638028302165195,3.453251055066474
triple_torus_genus3,3,375,44,0.005803954818950473,3.0525682840792627
triple_torus_genus3,3,376,35,0.005670799846668744,2.7138193375303588
triple_torus_genus3,3,377,38,0.005471053229193052,2.581170517404483
triple_torus_genus3,3,378,35,0.005349658559078527,2.5564486548780065
triple_torus_genus3,3,379,34,0.0052383951409672065,2.165720871137281
triple_torus_genus3,3,380,31,0.005087943831147902,2.1734959793059128
triple_torus_genus3,3,381,31,0.004978703206962394,2.0913786841887347
triple_torus_genus3,3,382,22,0.004891038935475988,1.7478037222912552
triple_torus_genus3,3,383,23,0.004791386751241418,1.3030527192684167
triple_torus_genus3,3,384,27,0.004695095031333914,1.574738587919466
triple_torus_genus3,3,385,27,0.004611722090090227,1.4458823583609492
triple_torus_genus3,3,386,30,0.004534335210191751,1.4443045070459497
triple_torus_genus3,3,387,29,0.00441575890664711,1.3260405588531488
triple_torus_genus3,3,388,32,0.004300341941843748,1.2144864369168342
triple_torus_genus3,3,389,35,0.004174389716631495,1.1089687601126115
triple_torus_genus3,3,390,28,0.0039915543073975246,1.234501598635529
triple_torus_genus3,3,391,24,0.0038072274219727135,1.2826717992458936
triple_torus_genus3,3,392,23,0.003620809683728703,1.3194389789150722
triple_torus_genus3,3,393,24,0.0033839107948601898,1.3706557260276906
triple_torus_genus3,3,394,21,0.003152854752960904,1.421750430556851
triple_torus_genus3,3,395,20,0.0029363778878568688,1.4018063179656073
triple_torus_genus3,3,396,21,0.0026955678378935218,1.339380584210203
triple_torus_genus3,3,397,17,0.0024607215460324826,1.2451172858379718
triple_torus_genus3,3,398,15,0.0022399542788540594,1.1647121898325539
triple_torus_genus3,3,399,17,0.002022048605303992,1.1277646957844634
triple_torus_genus3,3,400,15,0.001815654946969077,1.0487833349249496
triple_torus_genus3,3,401,16,0.0016163157684035668,0.8927477872294536
triple_torus_genus3,3,402,15,0.001439499214132463,0.792689928263179
triple_torus_genus3,3,403,18,0.0012794502536088831,0.7469705094273374
triple_torus_genus3,3,404,12,0.0011300138692088616,0.736203644080124
triple_torus_genus3,3,405,11,0.001001442518511605,0.7205706589440801
triple_torus_genus3,3,406,16,0.0008907027829332305,0.6419915037032191
triple_torus_genus3,3,407,14,0.0008012478448441608,0.5804160721000233
triple_torus_genus3,3,408,9,0.000727843039746766,0.5390778273861309
triple_torus_genus3,3,409,11,0.0006715386589689517,0.49537165186017246
triple_torus_genus3,3,410,11,0.0006335684290518294,0.4104110529776638
triple_torus_genus3,3,411,9,0.0006018078395990015,0.39659489348513693
triple_torus_genus3,3,412,11,0.0005750487196603643,0.3973628705838229
triple_torus_genus3,3,413,6,0.0005578487811889782,0.3815921637300214
triple_torus_genus3,3,414,9,0.0005410328908733127,0.3414684321277246
triple_torus_genus3,3,415,7,0.0005227658346566033,0.29366003066652696
triple_torus_genus3,3,416,5,0.0005051063858485693,0.27361149859191797
triple_torus_genus3,3,417,7,0.0004801088877893274,0.2518151292390075
triple_torus_genus3,3,418,7,0.0004496310513223652,0.22055064239472494
triple_torus_genus3,3,419,7,0.00041594383252683187,0.2575343730315035
triple_torus_genus3,3,420,6,0.0003780201244609333,0.21911564682910145
triple_torus_genus3,3,421,5,0.00033546713082976753,0.20961322448246883
triple_torus_genus3,3,422,4,0.00029111795398996073,0.207529554037035
triple_torus_genus3,3,423,8,0.0002491086952918019,0.2044666001945022
triple_torus_genus3,3,424,17,0.00020711600527008846,0.19483288352708264
triple_torus_genus3,3,425,24,0.00016797084520728207,0.18695380349208623
triple_torus_genus3,3,426,35,0.00014385006824307135,0.18736385785858153
triple_torus_genus3,3,427,69,0.0002751870580947703,0.19795135081885606
triple_torus_genus3,3,428,41,0.16573468731103755,455.0603820424704
triple_torus_genus3,3,429,35,0.23113821461496725,1648.293726875473
triple_torus_genus3,3,430,32,0.258570945047004,848.5817336096584
triple_torus_genus3,3,431,25,0.2710305299859749,1129.4825074367157
triple_torus_genus3,3,432,27,0.22233773966955467,435.0942266814254
triple_torus_genus3,3,433,27,0.15863996189175059,260.09210106954697
triple_torus_genus3,3,434,30,0.1120456143333693,183.05501592151575
triple_torus_genus3,3,435,36,0.0799538929469964,132.09155827652853
triple_torus_genus3,3,436,50,0.056374848862778444,86.2963522783035
triple_torus_genus3,3,437,54,0.04042987448154787,64.4152664968072
triple_torus_genus3,3,438,64,0.030522206928965165,47.63436246471052
triple_torus_genus3,3,439,67,0.024253613541037815,37.58344267326065
triple_torus_genus3,3,440,69,0.021282770323378566,21.182859584499145
triple_torus_genus3,3,441,87,0.01950842030661948,19.71559195863551
triple_torus_genus3,3,442,67,0.01800417106057487,19.16440671273874
triple_torus_genus3,3,443,54,0.017062137533692345,19.78824763375688
triple_torus_genus3,3,444,42,0.015488622083695816,16.39006418493645
triple_torus_genus3,3,445,36,0.014478932647843243,13.166225788477426
triple_torus_genus3,3,446,36,0.01356613903027189,11.555020341146147
triple_torus_genus3,3,447,48,0.012493338055653095,10.458346973745842
triple_torus_genus3,3,448,53,0.011907476480145302,11.010606454454772
triple_torus_genus3,3,449,61,0.011151180704317436,9.147963797697734
triple_torus_genus3,3,450,58,0.010539542448563281,8.303155267282202
triple_torus_genus3,3,451,52,0.009955705373407618,8.442654932347871
triple_torus_genus3,3,452,51,0.009322255763640222,7.066445365976446
triple_torus_genus3,3,453,44,0.008752915230628232,5.97689386034917
triple_torus_genus3,3,454,39,0.008170947104368501,6.4973542238744475
triple_torus_genus3,3,455,47,0.007556087889490384,6.816869878024173
triple_torus_genus3,3,456,48,0.00714309446604274,5.836780345840636
triple_torus_genus3,3,457,45,0.006748993850672324,5.133026014024567
triple_torus_genus3,3,458,38,0.006390341985965571,3.7801098913679128
triple_torus_genus3,3,459,42,0.006222641090938834,3.2960686972019517
triple_torus_genus3,3,460,43,0.0059981176413932925,3.3318484382779188
triple_torus_genus3,3,461,42,0.005789036293741481,2.9899882492530128
triple_torus_genus3,3,462,36,0.005683684724897463,2.8116034900513274
triple_torus_genus3,3,463,35,0.005519214327761316,2.6631937269909653
triple_torus_genus3,3,464,36,0.00537140668571238,2.5194504747133744
triple_torus_genus3,3,465,31,0.005249911054684165,2.295458933863399
triple_torus_genus3,3,466,29,0.005124494580802733,2.250109409178842
triple_torus_genus3,3,467,31,0.005008144386383966,2.111804041848395
triple_torus_genus3,3,468,25,0.004904589338292425,1.697123394837164
triple_torus_genus3,3,469,22,0.0048107029149005555,1.3265784977179385
triple_torus_genus3,3,470,26,0.004724264534977941,1.5991303329670306
triple_torus_genus3,3,471,33,0.004619920627355154,1.4597048406740545
triple_torus_genus3,3,472,30,0.0045366376244588055,1.463321079222755
triple_torus_genus3,3,473,30,0.004448627935794816,1.3598469911261495
triple_torus_genus3,3,474,30,0.004303705798648771,1.2243137447663197
triple_torus_genus3,3,475,34,0.004173509598074239,1.093877774628965
triple_torus_genus3,3,476,29,0.00402611115747447,1.217715738317273
triple_torus_genus3,3,477,26,0.0038300067608460536,1.274170291494594
triple_torus_genus3,3,478,24,0.003626201548026247,1.3149598634701496
triple_torus_genus3,3,479,24,0.003421203337751109,1.3824247008072725
triple_torus_genus3,3,480,21,0.0031839942852823805,1.4468481208692912
triple_torus_genus3,3,481,22,0.002954856072210055,1.3892010926885923
triple_torus_genus3,3,482,20,0.002734263579944653,1.335029059845596
triple_torus_genus3,3,483,18,0.002488602525822619,1.2494040496603684
triple_torus_genus3,3,484,16,0.0022673723760440966,1.1721634102809428
triple_torus_genus3,3,485,16,0.0020542494161150874,1.1427626016976817
triple_torus_genus3,3,486,16,0.0018398135627093065,1.0660234620887545
triple_torus_genus3,3,487,17,0.001637064602580762,0.9140796883780093
triple_torus_genus3,3,488,17,0.0014638875706822392,0.7926066058413079
triple_torus_genus3,3,489,16,0.0013016409652217818,0.7650875636621999
triple_torus_genus3,3,490,14,0.001144112181090022,0.7324887094309558
triple_torus_genus3,3,491,13,0.0010181210929654802,0.7259306183002779
triple_torus_genus3,3,492,14,0.0009097352612240221,0.6494746050086803
triple_torus_genus3,3,493,14,0.0008108528931003284,0.5778324457329437
triple_torus_genus3,3,494,10,0.0007327328123089232,0.532839713907869
triple_torus_genus3,3,495,11,0.0006800707931909716,0.49884371110978376
triple_torus_genus3,3,496,10,0.0006382613012382785,0.42770403747456487
triple_torus_genus3,3,497,12,0.0006017407310322233,0.38945234921380784
triple_torus_genus3,3,498,11,0.0005780396781387148,0.40485799927579863
triple_torus_genus3,3,499,5,0.0005595070127055574,0.38106188359475685
triple_torus_genus3,3,500,10,0.000542548189880993,0.3471061748162346
triple_torus_genus3,3,501,6,0.0005252027012540316,0.29933133785338273
triple_torus_genus3,3,502,5,0.0005075335461760884,0.2775227765083075
triple_torus_genus3,3,503,6,0.0004839409049031635,0.25788518760913604
triple_torus_genus3,3,504,7,0.00045379274001894636,0.2259263383437703
triple_torus_genus3,3,505,7,0.0004214110323219379,0.25098308900940025
triple_torus_genus3,3,506,6,0.0003828546550539356,0.2248934157887442
triple_torus_genus3,3,507,6,0.00034047760004410387,0.2111044372804526
triple_torus_genus3,3,508,4,0.00029761173847033147,0.20569404508579897
triple_torus_genus3,3,509,8,0.00025560755910429404,0.20609942615424637
triple_torus_genus3,3,510,15,0.00021240015818758614,0.1945643902740057
triple_torus_genus3,3,511,24,0.00017192090429018938,0.18770088086638345
triple_torus_genus3,3,512,31,0.00014593212478302033,0.18543154290852504
triple_torus_genus3,3,513,57,0.0001880622363459834,0.19294516209950452
triple_torus_genus3,3,514,40,0.15466736153686703,295.4801197542877
triple_torus_genus3,3,515,34,0.22453759711824597,1612.1377724908402
triple_torus_genus3,3,516,32,0.25603632770247636,810.7255274147844
triple_torus_genus3,3,517,26,0.2702773646834687,1178.9853084823776
triple_torus_genus3,3,518,27,0.2295692601725561,504.69748740644513
triple_torus_genus3,3,519,28,0.16735676238814268,273.1859807771224
triple_torus_genus3,3,520,29,0.11746900283465443,190.3186913726966
triple_torus_genus3,3,521,32,0.08222086280543241,137.81582963914107
triple_torus_genus3,3,522,51,0.058579936484858895,89.82787312641884
triple_torus_genus3,3,523,46,0.042256990100191724,67.73645092792047
triple_torus_genus3,3,524,52,0.031255744320013074,50.179697817899914
triple_torus_genus3,3,525,59,0.024812415724775824,39.27068805230978
triple_torus_genus3,3,526,70,0.021584151343117423,22.0149319943697
triple_torus_genus3,3,527,82,0.019663304029815316,18.94132721909104
triple_torus_genus3,3,528,70,0.01815712994999333,20.392940310416602
triple_torus_genus3,3,529,54,0.017245438450967533,20.00495832473059
triple_torus_genus3,3,530,43,0.015702358145335767,15.702305075002855
triple_torus_genus3,3,531,36,0.014579709487150573,12.663994941967754
triple_torus_genus3,3,532,38,0.013743362169761143,12.724408063249145
triple_torus_genus3,3,533,42,0.012597375619964263,10.899415429349007
triple_torus_genus3,3,534,52,0.01195138474612393,10.847379552366446
triple_torus_genus3,3,535,58,0.011297806224533339,9.648523892136904
triple_torus_genus3,3,536,60,0.010583389980839008,8.307852137450526
triple_torus_genus3,3,537,55,0.010011464466382972,8.425740037063171
triple_torus_genus3,3,538,53,0.00943565084003518,7.106294249679484
triple_torus_genus3,3,539,40,0.008789846375606461,6.050190950677331
triple_torus_genus3,3,540,41,0.008235481269058681,6.517702187067215
triple_torus_genus3,3,541,45,0.007648852326690064,6.849562227148781
triple_torus_genus3,3,542,47,0.007147935072189135,5.873272206102645
triple_torus_genus3,3,543,44,0.006810913890567225,5.339940154716724
triple_torus_genus3,3,544,39,0.0064716208799549015,4.091425170410555
triple_torus_genus3,3,545,41,0.006213274313533914,3.191222350268898
triple_torus_genus3,3,546,44,0.006058560980811165,3.1678960463101755
triple_torus_genus3,3,547,40,0.005835380182841935,2.9469990317726062
triple_torus_genus3,3,548,41,0.005673178675962905,2.9613374315612435
triple_torus_genus3,3,549,34,0.005546874999124639,2.6812250414795584
triple_torus_genus3,3,550,33,0.005381935840997481,2.4316955622875276
triple_torus_genus3,3,551,30,0.00523532949236971,2.425455070883546
triple_torus_genus3,3,552,29,0.005133329034353221,2.3144956212918135
triple_torus_genus3,3,553,34,0.0050263599584047325,2.0969335859710223
triple_torus_genus3,3,554,26,0.004906448617810059,1.662490162990762
triple_torus_genus3,3,555,22,0.004817771413717063,1.3978533996642393
triple_torus_genus3,3,556,26,0.004732408031125439,1.6083112845487972
triple_torus_genus3,3,557,32,0.004636025330570637,1.4455723388723078
triple_torus_genus3,3,558,27,0.004545272237124782,1.4634248196761146
triple_torus_genus3,3,559,26,0.004461807678632516,1.3899955808669502
triple_torus_genus3,3,560,30,0.004338590233739328,1.2087764060228268
triple_torus_genus3,3,561,32,0.004197105328360233,1.0895998739718915
triple_torus_genus3,3,562,28,0.004054823193811412,1.2091540789020572
triple_torus_genus3,3,563,25,0.00386849437747635,1.2548372727013928
triple_torus_genus3,3,564,26,0.003656054084200025,1.3321711648669656
triple_torus_genus3,3,565,25,0.003446271762631904,1.3773941792227031
triple_torus_genus3,3,566,21,0.0032258093349635595,1.4566927839721526
triple_torus_genus3,3,567,22,0.002986215720381699,1.3686637194068103
triple_torus_genus3,3,568,21,0.0027569894774842445,1.3330159006995341
triple_torus_genus3,3,569,18,0.0025275670221585477,1.2691602452673028
triple_torus_genus3,3,570,16,0.002299930471918998,1.1984759030087797
triple_torus_genus3,3,571,15,0.002080578744187165,1.1633170500728764
triple_torus_genus3,3,572,16,0.0018662210840824157,1.0750946108971513
triple_torus_genus3,3,573,17,0.0016676982411055624,0.9237224069175296
triple_torus_genus3,3,574,16,0.001490338064805552,0.7988367558280602
triple_torus_genus3,3,575,16,0.0013181319135366688,0.7815517634051863
triple_torus_genus3,3,576,14,0.0011652029588257536,0.7226494664216407
triple_torus_genus3,3,577,15,0.0010358821701319646,0.7335350639591283
triple_torus_genus3,3,578,13,0.000921117242560769,0.660897117130606
triple_torus_genus3,3,579,15,0.0008220264541375793,0.5881320597260344
triple_torus_genus3,3,580,8,0.0007434239742328228,0.5428056303457724
triple_torus_genus3,3,581,12,0.000690080820499317,0.5032829180712907
triple_torus_genus3,3,582,12,0.0006433967881554268,0.4423876708102982
triple_torus_genus3,3,583,11,0.0006064757428388206,0.3784375607987482
triple_torus_genus3,3,584,10,0.000582881314101813,0.4092992778754601
triple_torus_genus3,3,585,8,0.0005620340192873116,0.3781760807300041
triple_torus_genus3,3,586,7,0.0005439227938253544,0.3501472042440509
triple_torus_genus3,3,587,7,0.0005278287640655416,0.31135762452926863
triple_torus_genus3,3,588,8,0.0005105602248198353,0.27953988914969513
triple_torus_genus3,3,589,6,0.000486998405888495,0.26060225436965173
triple_torus_genus3,3,590,7,0.0004583940991887238,0.2304942176478395
triple_torus_genus3,3,591,6,0.0004263393601875851,0.24294444316076297
triple_torus_genus3,3,592,6,0.00038724792525301696,0.23120628756528971
triple_torus_genus3,3,593,6,0.00034515259575691796,0.2130073208398096
triple_torus_genus3,3,594,4,0.0003045827866810284,0.20770125185147645
triple_torus_genus3,3,595,6,0.0002611502024737789,0.20763484001476512
triple_torus_genus3,3,596,13,0.00021651622902356258,0.19319682632216423
triple_torus_genus3,3,597,22,0.00017718684239768196,0.1901670148057633
triple_torus_genus3,3,598,30,0.0001487045312352759,0.1834984830199649
triple_torus_genus3,3,599,55,0.00016630410716925607,0.19153700592956058
triple_torus_genus3,3,600,42,0.13553526732351281,170.76560243849121
triple_torus_genus3,3,601,31,0.21777474002138417,1518.1237031003905
triple_torus_genus3,3,602,32,0.2527945542932388,898.9745418028334
triple_torus_genus3,3,603,25,0.26876251137280954,1189.8452175072525
triple_torus_genus3,3,604,29,0.24050648464757654,599.3608731516674
triple_torus_genus3,3,605,33,0.17549477636333832,288.4045571481001
triple_torus_genus3,3,606,27,0.123888274699265,197.71807046425053
triple_torus_genus3,3,607,30,0.08675510751576998,143.4672380626114
triple_torus_genus3,3,608,49,0.061788483439728585,95.33151307183184
triple_torus_genus3,3,609,46,0.04436859568397208,70.92482275099252
triple_torus_genus3,3,610,56,0.03260946375805373,52.6980791608397
triple_torus_genus3,3,611,64,0.02555172554877223,40.6956417848175
triple_torus_genus3,3,612,76,0.021843691383486828,24.27229570561999
triple_torus_genus3,3,613,87,0.019924713556631793,19.54333560401489
triple_torus_genus3,3,614,66,0.018290625070748176,21.262580823002775
triple_torus_genus3,3,615,56,0.017405709517976115,19.67565134846331
triple_torus_genus3,3,616,47,0.015914538857652923,14.434024021966897
triple_torus_genus3,3,617,37,0.014688092141404378,12.191399738620447
triple_torus_genus3,3,618,39,0.01388515006065141,13.754474324644228
triple_torus_genus3,3,619,44,0.012701995790732674,10.979666561225738
triple_torus_genus3,3,620,53,0.012075227146520102,10.701236698141084
triple_torus_genus3,3,621,59,0.011349171423894414,10.080470169303734
triple_torus_genus3,3,622,50,0.010669145212330186,8.275573403597877
triple_torus_genus3,3,623,55,0.010117399749612297,8.320069427664663
triple_torus_genus3,3,624,53,0.009537409386213374,7.168927954019385
triple_torus_genus3,3,625,40,0.008884792254744426,6.185309084618934
triple_torus_genus3,3,626,38,0.00831287996734901,6.56642062063527
triple_torus_genus3,3,627,43,0.007746124157416878,6.808004969807581
triple_torus_genus3,3,628,52,0.0071868175332784265,6.027952384367388
triple_torus_genus3,3,629,43,0.006838457911834334,5.568925418744355
triple_torus_genus3,3,630,38,0.006513453339269639,4.321288914161686
triple_torus_genus3,3,631,39,0.006236792832004842,3.085189416428364
triple_torus_genus3,3,632,40,0.006052858574976852,3.05203072536837
triple_torus_genus3,3,633,39,0.005882755360864157,3.048010681719222
triple_torus_genus3,3,634,43,0.005715263299553388,3.0572441295577515
triple_torus_genus3,3,635,35,0.0055491157359621275,2.664911767641547
triple_torus_genus3,3,636,33,0.005422287952480452,2.368650591883555
triple_torus_genus3,3,637,31,0.005281315320291131,2.5675692755486432
triple_torus_genus3,3,638,31,0.005138683404334455,2.363082331333321
triple_torus_genus3,3,639,34,0.0050416939190286005,2.036695220403502
triple_torus_genus3,3,640,29,0.004937342793511788,1.740047146049436
triple_torus_genus3,3,641,20,0.004812346911171145,1.4739488256573936
triple_torus_genus3,3,642,27,0.00473548003296176,1.6121414170409498
triple_torus_genus3,3,643,30,0.004654561345765916,1.4330198804814769
triple_torus_genus3,3,644,28,0.004554830936552554,1.4399731458386618
triple_torus_genus3,3,645,28,0.0044532373031424734,1.442038570728499
triple_torus_genus3,3,646,30,0.0043592762029940465,1.2142633591804404
triple_torus_genus3,3,647,32,0.004221622085417259,1.0948630252879363
triple_torus_genus3,3,648,30,0.004053068018121669,1.1902284997972925
triple_torus_genus3,3,649,24,0.003896353424134502,1.2290973055521095
triple_torus_genus3,3,650,26,0.0036901435327833577,1.3353372851805787
triple_torus_genus3,3,651,26,0.0034673762782426614,1.3772093668149274
triple_torus_genus3,3,652,22,0.0032604025956069994,1.4446416317634843
triple_torus_genus3,3,653,22,0.003024653036060988,1.37613598631853
triple_torus_genus3,3,654,20,0.0027780112410224385,1.3548064218089153
triple_torus_genus3,3,655,19,0.002562284169031254,1.2969338513469277
triple_torus_genus3,3,656,16,0.002333116263272579,1.2210121088454304
triple_torus_genus3,3,657,15,0.002098629208077413,1.1691969143488825
triple_torus_genus3,3,658,16,0.0018923857505255663,1.0859211417841106
triple_torus_genus3,3,659,15,0.0016974190103678248,0.9351620977351269
triple_torus_genus3,3,660,15,0.001509713150645318,0.8097742019452439
triple_torus_genus3,3,661,17,0.0013346585331877883,0.8000482821307398
triple_torus_genus3,3,662,14,0.0011870996246171638,0.7082440544260878
triple_torus_genus3,3,663,16,0.001056131275704334,0.7332966788227715
triple_torus_genus3,3,664,13,0.0009290573677111894,0.6684146274816114
triple_torus_genus3,3,665,14,0.0008315608068860817,0.5972167378590035
triple_torus_genus3,3,666,12,0.0007560610075245771,0.5533873038605177
triple_torus_genus3,3,667,13,0.000692700653490887,0.508216675086595
triple_torus_genus3,3,668,12,0.00064527629480624,0.44904576557594134
triple_torus_genus3,3,669,11,0.0006102356041045057,0.36617516990096494
triple_torus_genus3,3,670,8,0.0005864240176953169,0.4146151240972213
triple_torus_genus3,3,671,8,0.0005636064801081137,0.3760294475357243
triple_torus_genus3,3,672,8,0.0005464018080082899,0.35471054603001284
triple_torus_genus3,3,673,6,0.0005307857301146798,0.32150492053911783
triple_torus_genus3,3,674,7,0.0005128850011401749,0.28094140176451926
triple_torus_genus3,3,675,6,0.0004903890511800857,0.2616486454321775
triple_torus_genus3,3,676,7,0.00046298802443894474,0.2334124150805582
triple_torus_genus3,3,677,6,0.0004311491393247489,0.23459803414859787
triple_torus_genus3,3,678,6,0.0003923489526259603,0.24095558685876134
triple_torus_genus3,3,679,6,0.0003518836146029204,0.2159852695938318
triple_torus_genus3,3,680,4,0.0003108202276899855,0.21165097488162588
triple_torus_genus3,3,681,5,0.00026625199466021515,0.20755158039324512
triple_torus_genus3,3,682,13,0.00022153825511356476,0.1925859284709959
triple_torus_genus3,3,683,21,0.00018299940102250162,0.19380880555209137
triple_torus_genus3,3,684,26,0.0001517129396023112,0.1830954261647345
triple_torus_genus3,3,685,54,0.00015484963423731757,0.1918362907819193
triple_torus_genus3,3,686,42,0.11033495727618849,82.6485057926922
triple_torus_genus3,3,687,35,0.2122800693314294,1372.7725762140471
triple_torus_genus3,3,688,35,0.2507280213359021,1094.4011129169032
triple_torus_genus3,3,689,27,0.26716357552372794,1169.798889268915
triple_torus_genus3,3,690,28,0.2524412454675874,710.2189550249112
triple_torus_genus3,3,691,34,0.18164657950089277,305.9883635934283
triple_torus_genus3,3,692,27,0.1276158135789159,206.62637378037832
triple_torus_genus3,3,693,31,0.09130921429549943,150.04543038767858
triple_torus_genus3,3,694,44,0.0640337918505371,101.61605372347917
triple_torus_genus3,3,695,50,0.04599137057333016,73.66256750329521
triple_torus_genus3,3,696,52,0.03396915419522619,55.010877097963075
triple_torus_genus3,3,697,62,0.026208327166951213,41.92489249756546
triple_torus_genus3,3,698,69,0.022197957458349377,26.72193258241693
triple_torus_genus3,3,699,78,0.02021551584644247,21.071304317259127
triple_torus_genus3,3,700,70,0.018415926054266868,22.010308435744193
triple_torus_genus3,3,701,56,0.01751820411556212,19.002430217786838
triple_torus_genus3,3,702,50,0.016210057883756436,13.708984390789546
triple_torus_genus3,3,703,37,0.01476217766190874,12.97673770793965
triple_torus_genus3,3,704,36,0.014001467052122216,14.582110668706385
triple_torus_genus3,3,705,42,0.012868060242410446,10.380396780430889
triple_torus_genus3,3,706,53,0.012139197057512041,10.248284231240227
triple_torus_genus3,3,707,63,0.011424561545535063,10.449813572079504
triple_torus_genus3,3,708,55,0.010767616220001225,8.250934373473033
triple_torus_genus3,3,709,59,0.010165184882507273,8.42591687399636
triple_torus_genus3,3,710,52,0.009584110483136652,7.552062180716323
triple_torus_genus3,3,711,43,0.008995891785985817,6.414749167824361
triple_torus_genus3,3,712,37,0.008351737363127276,6.57616771056572
triple_torus_genus3,3,713,47,0.007814851869922096,6.743415342740509
triple_torus_genus3,3,714,48,0.007314381710256902,6.242984572621207
triple_torus_genus3,3,715,48,0.006874559139804731,5.7487829563070925
triple_torus_genus3,3,716,41,0.006550461756866636,4.472738759121306
triple_torus_genus3,3,717,36,0.006304314862730672,2.924791668235422
triple_torus_genus3,3,718,47,0.006050212129145556,3.1458106828095977
triple_torus_genus3,3,719,43,0.005887987140891007,3.134415968936087
triple_torus_genus3,3,720,40,0.005746601555538963,3.1163757141127455
triple_torus_genus3,3,721,39,0.005549354845309608,2.6591340374890056
triple_torus_genus3,3,722,35,0.005421045979384448,2.346784507812418
triple_torus_genus3,3,723,31,0.0053037887173346945,2.6190424342693537
triple_torus_genus3,3,724,29,0.005160094940464091,2.3590669221818716
triple_torus_genus3,3,725,34,0.005048129740882728,1.9997703400903306
triple_torus_genus3,3,726,28,0.004951938020904133,1.8408326994892845
triple_torus_genus3,3,727,21,0.0048390266698423385,1.5748256663991798
triple_torus_genus3,3,728,24,0.004751540341552499,1.5794330150899532
triple_torus_genus3,3,729,29,0.004664575213919263,1.4165716709951777
triple_torus_genus3,3,730,28,0.004575387117116135,1.3987959129627114
triple_torus_genus3,3,731,27,0.00447724197475087,1.483585283110381
triple_torus_genus3,3,732,29,0.00436747754103577,1.244721898308079
triple_torus_genus3,3,733,30,0.00424969968199354,1.107656618973519
triple_torus_genus3,3,734,30,0.00408422260702054,1.1815088220874794
triple_torus_genus3,3,735,26,0.003909209334473597,1.2157594532833167
triple_torus_genus3,3,736,23,0.003720082205239987,1.3412836788793212
triple_torus_genus3,3,737,25,0.003505836674722577,1.3692594408540935
triple_torus_genus3,3,738,22,0.0032784730678901424,1.4243186859668426
triple_torus_genus3,3,739,20,0.0030498626531555635,1.389691736375306
triple_torus_genus3,3,740,21,0.00281777402104135,1.373713352369458
triple_torus_genus3,3,741,18,0.002588723394705597,1.3254990544225163
triple_torus_genus3,3,742,15,0.002359677241923147,1.2292663000841941
triple_torus_genus3,3,743,14,0.0021300632240876176,1.1612092023980647
triple_torus_genus3,3,744,15,0.0019228261700244657,1.1016413568771537
triple_torus_genus3,3,745,15,0.0017227808615493676,0.9451989959422696
triple_torus_genus3,3,746,13,0.0015313317322491016,0.8230108015180043
triple_torus_genus3,3,747,19,0.0013576057291390694,0.8043304370002111
triple_torus_genus3,3,748,16,0.0012077188971830269,0.7086285414910931
triple_torus_genus3,3,749,12,0.0010713928435007094,0.7309310285630852
triple_torus_genus3,3,750,11,0.0009448553795889271,0.6757063208255399
triple_torus_genus3,3,751,14,0.0008453722413763635,0.6146023656797434
triple_torus_genus3,3,752,14,0.0007682952001652606,0.5636149091725512
triple_torus_genus3,3,753,13,0.0007003367929926216,0.5141076016923829
triple_torus_genus3,3,754,10,0.0006506830714812251,0.45438882409101045
triple_torus_genus3,3,755,10,0.0006172872930020233,0.34743307457592687
triple_torus_genus3,3,756,5,0.0005884668054333155,0.420953062689795
triple_torus_genus3,3,757,8,0.00056549103784002,0.3763775961241457
triple_torus_genus3,3,758,8,0.0005485108212117558,0.36115140209845503
triple_torus_genus3,3,759,7,0.0005327640296706452,0.3301273885282171
triple_torus_genus3,3,760,8,0.0005140593825135214,0.28581797248958607
triple_torus_genus3,3,761,5,0.0004939423777471307,0.26363347498601947
triple_torus_genus3,3,762,8,0.000467051405162448,0.23359340917231725
triple_torus_genus3,3,763,6,0.0004344127438168104,0.2260612883868035
triple_torus_genus3,3,764,6,0.0003982854039539004,0.250299688943923
triple_torus_genus3,3,765,6,0.0003580654639098368,0.21637304171393723
triple_torus_genus3,3,766,4,0.00031571812354785927,0.21286241228152109
triple_torus_genus3,3,767,5,0.00027064662297190517,0.20762332912640452
triple_torus_genus3,3,768,12,0.00022814434754570083,0.1949307231547563
triple_torus_genus3,3,769,21,0.0001887268374645026,0.19709163946772384
triple_torus_genus3,3,770,25,0.00015419879957197577,0.18395935031972915
triple_torus_genus3,3,771,40,0.00014867636724058092,0.19107594056114335
triple_torus_genus3,3,772,43,0.08181328430458612,31.001354654155314
triple_torus_genus3,3,773,36,0.2032112808150763,1185.1016482964017
triple_torus_genus3,3,774,38,0.24710564841361812,1303.1206579109312
triple_torus_genus3,3,775,26,0.26541966505491454,1126.9782613220543
triple_torus_genus3,3,776,29,0.2620917241199719,826.4745466970887
triple_torus_genus3,3,777,30,0.19123633892298295,324.7772980659851
triple_torus_genus3,3,778,24,0.13415598102078616,217.99483130720589
triple_torus_genus3,3,779,30,0.09598800872772999,157.38528620222692
triple_torus_genus3,3,780,38,0.06772773778907717,107.77913805226582
triple_torus_genus3,3,781,49,0.04784217152424774,76.45425678881446
triple_torus_genus3,3,782,39,0.03503749170578547,56.90148378619773
triple_torus_genus3,3,783,69,0.02701284013930668,43.03167319645396
triple_torus_genus3,3,784,67,0.0225385120183947,29.185874472976067
triple_torus_genus3,3,785,82,0.020419915471711556,21.885470536246896
triple_torus_genus3,3,786,76,0.018645736654854392,22.105177173709404
triple_torus_genus3,3,787,55,0.017572719182304217,17.88602606772943
triple_torus_genus3,3,788,51,0.01644303551749324,15.029237386079195
triple_torus_genus3,3,789,39,0.01489759860821264,14.081407320452811
triple_torus_genus3,3,790,34,0.014162245575660728,14.744648725916633
triple_torus_genus3,3,791,40,0.012985749586124947,9.660836188400243
triple_torus_genus3,3,792,55,0.012182808714531708,9.77430066604056
triple_torus_genus3,3,793,62,0.011554028184335074,10.811132220381836
triple_torus_genus3,3,794,58,0.010831493399714415,8.2239864124092
triple_torus_genus3,3,795,59,0.010281105225431741,8.402984376446316
triple_torus_genus3,3,796,52,0.009681693147221592,7.9303479136783706
triple_torus_genus3,3,797,46,0.009060726303122353,6.689663034730695
triple_torus_genus3,3,798,42,0.00844978473203607,6.502531927789661
triple_torus_genus3,3,799,48,0.00786849791042226,6.682395209872865
triple_torus_genus3,3,800,52,0.007357831426773516,6.411642718400122
triple_torus_genus3,3,801,49,0.00693029388321277,5.832067977763619
triple_torus_genus3,3,802,39,0.006562553247450547,4.580550393467676
triple_torus_genus3,3,803,35,0.006320308382059173,2.8905202020446508
triple_torus_genus3,3,804,45,0.0061289101148591495,3.2205092067986096
triple_torus_genus3,3,805,44,0.00589901141656726,3.2949800505401914
triple_torus_genus3,3,806,40,0.005772811763086155,3.1107944679505968
triple_torus_genus3,3,807,37,0.005609255267120797,2.610604146010821
triple_torus_genus3,3,808,36,0.005419043345903868,2.3535246691403917
triple_torus_genus3,3,809,29,0.005316972333541706,2.6101375705245538
triple_torus_genus3,3,810,28,0.005186654318189711,2.2983161766383184
triple_torus_genus3,3,811,32,0.005040500386016169,2.0132445874172515
triple_torus_genus3,3,812,29,0.004953038439518563,1.9300314254540893
triple_torus_genus3,3,813,20,0.004860058952350926,1.6607905208371803
triple_torus_genus3,3,814,26,0.004759009720039441,1.5134713067576158
triple_torus_genus3,3,815,29,0.004665518090334151,1.4257605909201485
triple_torus_genus3,3,816,27,0.004587833469029067,1.3644407059632555
triple_torus_genus3,3,817,27,0.0044952465996397715,1.4813910127975634
triple_torus_genus3,3,818,27,0.004374893161250451,1.2839814523539823
triple_torus_genus3,3,819,28,0.004265150313129287,1.111697808009844
triple_torus_genus3,3,820,31,0.004120013396317729,1.1745177738069117
triple_torus_genus3,3,821,27,0.003928351953137369,1.233852794243605
triple_torus_genus3,3,822,25,0.0037491932683437566,1.3299170877114688
triple_torus_genus3,3,823,26,0.0035447547034781176,1.352287410318358
triple_torus_genus3,3,824,24,0.00330294023991609,1.3918286024184794
triple_torus_genus3,3,825,20,0.0030795074161455317,1.4202292280744588
triple_torus_genus3,3,826,21,0.0028599196132130427,1.4018066720139633
triple_torus_genus3,3,827,20,0.0026150152802798983,1.3473498644249218
triple_torus_genus3,3,828,15,0.002383656252560099,1.2409053528802008
triple_torus_genus3,3,829,15,0.0021671007131614213,1.1551306654281166
triple_torus_genus3,3,830,15,0.001952399369545333,1.1052441822436259
triple_torus_genus3,3,831,16,0.001744216741530758,0.9703596959559382
triple_torus_genus3,3,832,16,0.0015560583585394099,0.8471494601345526
triple_torus_genus3,3,833,15,0.001384833662115495,0.8038728166229446
triple_torus_genus3,3,834,18,0.0012273781585679364,0.718679463317363
triple_torus_genus3,3,835,13,0.0010844955390530155,0.73275413066597
triple_torus_genus3,3,836,12,0.0009615517547839651,0.6897428263440776
triple_torus_genus3,3,837,15,0.0008596246660865523,0.6286996978698454
triple_torus_genus3,3,838,15,0.0007732209298164007,0.5691716573721605
triple_torus_genus3,3,839,11,0.0007076250154885866,0.524014206277386
triple_torus_genus3,3,840,9,0.000657438186042532,0.466670155823837
triple_torus_genus3,3,841,10,0.000622042889506064,0.3526149254830123
triple_torus_genus3,3,842,7,0.0005921928796577473,0.41633341334434604
triple_torus_genus3,3,843,10,0.0005679226619329318,0.3816915814659262
triple_torus_genus3,3,844,7,0.0005532478621332512,0.3683645919570916
triple_torus_genus3,3,845,7,0.0005346134078421019,0.33558722057309043
triple_torus_genus3,3,846,8,0.0005167812643882077,0.2906140952382335
triple_torus_genus3,3,847,5,0.0004976633829520969,0.2643213063217087
triple_torus_genus3,3,848,8,0.00047062756022460455,0.23474599309493588
triple_torus_genus3,3,849,6,0.00043870149482857097,0.21688073201637756
triple_torus_genus3,3,850,6,0.00040410310420329725,0.2555500144760867
triple_torus_genus3,3,851,6,0.00036432696744225315,0.21317390059883762
triple_torus_genus3,3,852,4,0.0003199689691555726,0.21096773807242727
triple_torus_genus3,3,853,4,0.00027673353154529805,0.20873162761413405
triple_torus_genus3,3,854,11,0.00023495822541913858,0.1986180031194633
triple_torus_genus3,3,855,19,0.0001931676430890672,0.19905491969597638
triple_torus_genus3,3,856,25,0.00015668943044158684,0.1845550951024882
triple_torus_genus3,3,857,41,0.00014557188265812182,0.18967579497162193
quad_torus_genus4,4,0,35,0.267747575527108,0.0
quad_torus_genus4,4,1,38,0.24681146511002505,656.7259048825316
quad_torus_genus4,4,2,42,0.17860505117564732,297.5925145940173
quad_torus_genus4,4,3,44,0.12563491401995003,202.02361949546912
quad_torus_genus4,4,4,49,0.08968425645270178,146.94310039545235
quad_torus_genus4,4,5,49,0.06341969879799021,98.6869359737644
quad_torus_genus4,4,6,54,0.04502514188294281,72.34361834083197
quad_torus_genus4,4,7,54,0.03338929929898718,53.99498724147293
quad_torus_genus4,4,8,54,0.026021536514209468,41.40214842253869
quad_torus_genus4,4,9,59,0.021986191666371422,25.59578623215978
quad_torus_genus4,4,10,65,0.020110462876722707,20.333359156735884
quad_torus_genus4,4,11,75,0.01841261239916377,21.70748481227175
quad_torus_genus4,4,12,76,0.017373153149557136,19.37783287615855
quad_torus_genus4,4,13,63,0.01608473054606502,13.94129036141427
quad_torus_genus4,4,14,55,0.014738228333786898,12.4339709028388
quad_torus_genus4,4,15,63,0.013960966303453231,14.27943905145772
quad_torus_genus4,4,16,64,0.012783519078466216,10.762511141941397
quad_torus_genus4,4,17,67,0.012111695677467295,10.473433390421143
quad_torus_genus4,4,18,70,0.011387728496064772,10.256651586143535
quad_torus_genus4,4,19,68,0.010700489470680793,8.282870188695107
quad_torus_genus4,4,20,66,0.010198015259484383,8.391429347895366
quad_torus_genus4,4,21,71,0.009549786784943117,7.36997575080446
quad_torus_genus4,4,22,63,0.008925278547154332,6.308848848287711
quad_torus_genus4,4,23,54,0.008387305485921705,6.575282566446017
quad_torus_genus4,4,24,40,0.00774496456803052,6.759646516549806
quad_torus_genus4,4,25,33,0.007275533290363308,6.130052339126277
quad_torus_genus4,4,26,31,0.006878350844651652,5.681434503885849
quad_torus_genus4,4,27,29,0.006485545701786004,4.404003246301367
quad_torus_genus4,4,28,28,0.006269360577399669,3.012973002580283
quad_torus_genus4,4,29,30,0.006082719412779428,3.1049249625800757
quad_torus_genus4,4,30,28,0.00586048248132912,3.085866736379479
quad_torus_genus4,4,31,23,0.005723181870989714,3.0877825870538103
quad_torus_genus4,4,32,23,0.005575887229057684,2.6633461421583347
quad_torus_genus4,4,33,22,0.005411473227962275,2.3563140414423387
quad_torus_genus4,4,34,24,0.005284246382271727,2.6137212365457403
quad_torus_genus4,4,35,24,0.00516171672997587,2.3660783377807815
quad_torus_genus4,4,36,22,0.00503750568397539,2.0107768981603034
quad_torus_genus4,4,37,17,0.004940666782021885,1.7917229286339516
quad_torus_genus4,4,38,19,0.004838999031729435,1.5303698846720524
quad_torus_genus4,4,39,16,0.0047521685216671055,1.5982135822043004
quad_torus_genus4,4,40,11,0.004649746065772542,1.430906014569141
quad_torus_genus4,4,41,15,0.004565543450877762,1.424990355598768
quad_torus_genus4,4,42,13,0.004474641905430066,1.4691720603097702
quad_torus_genus4,4,43,12,0.0043592264210221355,1.2233441502320257
quad_torus_genus4,4,44,11,0.004227518307532128,1.1008547391749786
quad_torus_genus4,4,45,13,0.004079762058270766,1.180060423397439
quad_torus_genus4,4,46,11,0.0039036926844205123,1.2180446938768066
quad_torus_genus4,4,47,8,0.0036980292250226644,1.3399182632609092
quad_torus_genus4,4,48,9,0.003493478873921454,1.3712389307965587
quad_torus_genus4,4,49,9,0.0032635152601467954,1.4348832566083887
quad_torus_genus4,4,50,5,0.003036229319189257,1.3836016998369438
quad_torus_genus4,4,51,1,0.0028100377487204438,1.363021452934205
quad_torus_genus4,4,52,7,0.0025708043376000416,1.3134710296430645
quad_torus_genus4,4,53,6,0.002337785891594617,1.2249633645737257
quad_torus_genus4,4,54,5,0.002124446107278009,1.1653155988571808
quad_torus_genus4,4,55,7,0.0019092927959061666,1.0947247508720415
quad_torus_genus4,4,56,5,0.0016996714300196666,0.940099867197669
quad_torus_genus4,4,57,8,0.0015213915248518557,0.8150989377237399
quad_torus_genus4,4,58,11,0.0013547422836199799,0.8029957051201497
quad_torus_genus4,4,59,16,0.001195545034714943,0.7063811033277915
quad_torus_genus4,4,60,15,0.0010569358960782875,0.7322697979096858
quad_torus_genus4,4,61,17,0.0009432518684891368,0.6718843976503754
quad_torus_genus4,4,62,15,0.0008423970858096938,0.6060890468563823
quad_torus_genus4,4,63,13,0.0007565796701146625,0.5589472627706373
quad_torus_genus4,4,64,20,0.0006956688107178321,0.5112390659996952
quad_torus_genus4,4,65,23,0.0006520768667879372,0.45122699543673317
quad_torus_genus4,4,66,21,0.0006129081631607892,0.3560495799580156
quad_torus_genus4,4,67,17,0.0005842003278243003,0.419141979681422
quad_torus_genus4,4,68,19,0.0005653081655656867,0.37547762101660065
quad_torus_genus4,4,69,14,0.0005486368132363537,0.3580515388631469
quad_torus_genus4,4,70,12,0.0005310909293121324,0.32654352851351487
quad_torus_genus4,4,71,12,0.0005138767420508284,0.28279574272811203
quad_torus_genus4,4,72,12,0.0004931140238899525,0.2623484644358935
quad_torus_genus4,4,73,15,0.0004639355737892983,0.23386322344734717
quad_torus_genus4,4,74,15,0.00043270507687648405,0.23005645141773262
quad_torus_genus4,4,75,17,0.000397292790581196,0.24638362001057648
quad_torus_genus4,4,76,18,0.0003545388009025903,0.21698294400243215
quad_torus_genus4,4,77,18,0.0003115784334146921,0.2129289190721575
quad_torus_genus4,4,78,20,0.00026966296999398286,0.20753298020147734
quad_torus_genus4,4,79,20,0.00022676281670903694,0.1935021132890141
quad_torus_genus4,4,80,26,0.00018423706280799006,0.19564917290947814
quad_torus_genus4,4,81,28,0.00015182788240346293,0.1834229991309726
quad_torus_genus4,4,82,63,0.00015224038787482337,0.19175944457944055
quad_torus_genus4,4,83,20,0.1059826000667117,50.88234772951712
quad_torus_genus4,4,84,30,0.20719382734590233,1277.995589016206
quad_torus_genus4,4,85,32,0.24798438195584352,1209.0469161521105
quad_torus_genus4,4,86,31,0.2666831859462461,1148.735970658851
quad_torus_genus4,4,87,33,0.2539187330557585,771.7740082122045
quad_torus_genus4,4,88,39,0.18712557533547702,315.5286735916061
quad_torus_genus4,4,89,44,0.13269417831952937,212.31652927691232
quad_torus_genus4,4,90,49,0.09258033282776891,153.908486413588
quad_torus_genus4,4,91,46,0.06541060494614231,104.87631625070165
quad_torus_genus4,4,92,53,0.04710964824551934,75.13659515667341
quad_torus_genus4,4,93,52,0.034490243283023345,55.9916450980892
quad_torus_genus4,4,94,52,0.026530311569599428,42.4588887844116
quad_torus_genus4,4,95,57,0.02244325344432474,28.00492297764355
quad_torus_genus4,4,96,64,0.020291261332798936,21.610240194859934
quad_torus_genus4,4,97,80,0.01855821484179634,22.12086609328346
quad_torus_genus4,4,98,77,0.017570488084945123,18.44694055721901
quad_torus_genus4,4,99,61,0.016278098657445225,14.202649597621434
quad_torus_genus4,4,100,58,0.014846133953922465,13.585171597574488
quad_torus_genus4,4,101,67,0.014099714044443212,14.732390526575156
quad_torus_genus4,4,102,65,0.012937505855448676,9.850846668753348
quad_torus_genus4,4,103,65,0.012127654247331265,9.988561762399064
quad_torus_genus4,4,104,69,0.01150685002849361,10.65384177362793
quad_torus_genus4,4,105,69,0.010804830254608171,8.176222511714903
quad_torus_genus4,4,106,65,0.010217648813180555,8.443223178854684
quad_torus_genus4,4,107,70,0.009626818966742227,7.764430442994394
quad_torus_genus4,4,108,67,0.009004786463160351,6.552134084943495
quad_torus_genus4,4,109,58,0.008423524278832558,6.559797316133192
quad_torus_genus4,4,110,44,0.007839327831270056,6.718667768227408
quad_torus_genus4,4,111,36,0.007316881169038938,6.342379794268854
quad_torus_genus4,4,112,31,0.006920535706848195,5.798882704757179
quad_torus_genus4,4,113,29,0.006586002271698689,4.530262994420797
quad_torus_genus4,4,114,25,0.006291412807905259,2.889688834921628
quad_torus_genus4,4,115,31,0.006116288726998476,3.1886174607790103
quad_torus_genus4,4,116,28,0.005915496264720348,3.2056651255481263
quad_torus_genus4,4,117,24,0.005711326273566037,3.1270577068774066
quad_torus_genus4,4,118,23,0.005586212199806031,2.6384718743595332
quad_torus_genus4,4,119,22,0.005440830296997324,2.3453920175750147
quad_torus_genus4,4,120,24,0.00527483281431498,2.6153542521746074
quad_torus_genus4,4,121,24,0.005169165134851685,2.330600370908631
quad_torus_genus4,4,122,21,0.005067095082694569,1.9903470820099205
quad_torus_genus4,4,123,20,0.004942114774825912,1.8911304250440213
quad_torus_genus4,4,124,18,0.0048432064092183095,1.6216276209941531
quad_torus_genus4,4,125,16,0.004767091781528931,1.5480027236026088
quad_torus_genus4,4,126,11,0.004670033772167534,1.4202540622286284
quad_torus_genus4,4,127,14,0.004573806991116557,1.3734759369529914
quad_torus_genus4,4,128,13,0.0044961333781635094,1.4840262427226862
quad_torus_genus4,4,129,12,0.004382919029952104,1.265851210468621
quad_torus_genus4,4,130,11,0.004244270807836699,1.1108145206293967
quad_torus_genus4,4,131,13,0.00410316431350038,1.1783217693992767
quad_torus_genus4,4,132,11,0.00393643847364267,1.2250650177936222
quad_torus_genus4,4,133,9,0.0037235814901865074,1.3380528058609074
quad_torus_genus4,4,134,9,0.0035147999532692416,1.360566775831125
quad_torus_genus4,4,135,9,0.003304269953802731,1.4084150904834927
quad_torus_genus4,4,136,6,0.0030649534357153818,1.4060308856563561
quad_torus_genus4,4,137,1,0.002831383357623423,1.387823295697126
quad_torus_genus4,4,138,4,0.0026048595225626634,1.335489829289475
quad_torus_genus4,4,139,5,0.0023735148043982973,1.2356232650576908
quad_torus_genus4,4,140,6,0.0021507426387069673,1.1589468312676965
quad_torus_genus4,4,141,6,0.0019405521467184986,1.1052788306905208
quad_torus_genus4,4,142,4,0.0017320950512160344,0.9565694051808129
quad_torus_genus4,4,143,8,0.001548323273762341,0.8333386831318402
quad_torus_genus4,4,144,11,0.0013760542314807825,0.8046101396070611
quad_torus_genus4,4,145,15,0.0012160895637506228,0.7139900359342614
quad_torus_genus4,4,146,18,0.001077162333465177,0.7314579411221257
quad_torus_genus4,4,147,17,0.0009587302858372051,0.6823564103460598
quad_torus_genus4,4,148,17,0.0008552409679770897,0.6241050613597013
quad_torus_genus4,4,149,13,0.0007655867086345719,0.5675553508241264
quad_torus_genus4,4,150,20,0.0007060380470642348,0.5188280724047164
quad_torus_genus4,4,151,21,0.000659509183154556,0.46016543870246945
quad_torus_genus4,4,152,24,0.0006168529866024214,0.348910786555384
quad_torus_genus4,4,153,17,0.0005899650597124376,0.4190749866250345
quad_torus_genus4,4,154,17,0.0005691687830266386,0.37813464316012374
quad_torus_genus4,4,155,14,0.0005497171757622993,0.3650078738660243
quad_torus_genus4,4,156,11,0.0005327706433524158,0.33349177269305996
quad_torus_genus4,4,157,13,0.0005169761223226495,0.28858664937024353
quad_torus_genus4,4,158,12,0.0004950112199804522,0.2643289310856751
quad_torus_genus4,4,159,14,0.0004679681846430707,0.233717406960072
quad_torus_genus4,4,160,17,0.00043836368644042256,0.22118655559121117
quad_torus_genus4,4,161,19,0.0004014686843309286,0.25340351870409067
quad_torus_genus4,4,162,18,0.00035916898819472645,0.21501558602967405
quad_torus_genus4,4,163,18,0.0003183090898694705,0.2119920679603175
quad_torus_genus4,4,164,20,0.0002758273180218814,0.20834670538217914
quad_torus_genus4,4,165,19,0.00023065093563212673,0.19682873785764796
quad_torus_genus4,4,166,24,0.00018963566709306366,0.19854236221108224
quad_torus_genus4,4,167,28,0.0001561913867683659,0.18427521154667742
quad_torus_genus4,4,168,55,0.00014772941878878434,0.1900034566239782
quad_torus_genus4,4,169,24,0.07826073793706272,16.331156053572187
quad_torus_genus4,4,170,31,0.19717382050384605,1073.8020002618432
quad_torus_genus4,4,171,30,0.24417173205508846,1398.2684594023933
quad_torus_genus4,4,172,35,0.26470418460875683,1093.1762848198618
quad_torus_genus4,4,173,33,0.2627828976287186,886.0723648683093
quad_torus_genus4,4,174,39,0.19700613393449365,335.6623708373245
quad_torus_genus4,4,175,43,0.13917903786910718,224.35340820971388
quad_torus_genus4,4,176,46,0.09776492526402901,160.9626566193129
quad_torus_genus4,4,177,44,0.06910322879093214,111.5836847457749
quad_torus_genus4,4,178,49,0.04957193709955047,78.0274744645917
quad_torus_genus4,4,179,51,0.03588492805868318,58.082301001599006
quad_torus_genus4,4,180,52,0.02750263999179934,43.7421160393214
quad_torus_genus4,4,181,56,0.02281114089380052,30.49740153279938
quad_torus_genus4,4,182,60,0.020466882905679537,22.068260073864842
quad_torus_genus4,4,183,80,0.01875004302440041,21.95630599552682
quad_torus_genus4,4,184,80,0.017679572456318102,17.317678812497306
quad_torus_genus4,4,185,68,0.016513851045912107,15.901044386551158
quad_torus_genus4,4,186,61,0.015003590559316386,14.60795614015877
quad_torus_genus4,4,187,69,0.014218649058036718,14.694717793500073
quad_torus_genus4,4,188,64,0.013065721979327477,9.463427460731996
quad_torus_genus4,4,189,68,0.012223824592116248,9.547946455794893
quad_torus_genus4,4,190,67,0.011634719262672209,10.976017285521067
quad_torus_genus4,4,191,65,0.010883926906013103,8.244547379228713
quad_torus_genus4,4,192,69,0.010304479292497292,8.345364657668906
quad_torus_genus4,4,193,73,0.009744965189669698,8.10715863855364
quad_torus_genus4,4,194,63,0.009099850105317272,6.821511671679677
quad_torus_genus4,4,195,60,0.008484793500150963,6.422418980000509
quad_torus_genus4,4,196,42,0.007951647383642116,6.601715533598953
quad_torus_genus4,4,197,31,0.007361122297352338,6.508460530496927
quad_torus_genus4,4,198,31,0.006943561120439881,5.84433191641664
quad_torus_genus4,4,199,29,0.00662255012415941,4.630606005709031
quad_torus_genus4,4,200,26,0.006327753977617414,2.9262527006752244
quad_torus_genus4,4,201,31,0.006101385874515864,3.244135569777051
quad_torus_genus4,4,202,29,0.005937918804074782,3.3859230859631326
quad_torus_genus4,4,203,22,0.005773920318995542,3.08372977395957
quad_torus_genus4,4,204,23,0.005594274514805802,2.5774841653621134
quad_torus_genus4,4,205,21,0.005465308637369911,2.377793432740612
quad_torus_genus4,4,206,24,0.005334830057206205,2.617370731384099
quad_torus_genus4,4,207,25,0.0051769465007835405,2.253835900168848
quad_torus_genus4,4,208,20,0.00507291049395856,2.0330350575400433
quad_torus_genus4,4,209,21,0.004970229622606684,1.9624081075716497
quad_torus_genus4,4,210,18,0.00484870665148106,1.7012393164240247
quad_torus_genus4,4,211,17,0.004763078678630482,1.4668946994909422
quad_torus_genus4,4,212,14,0.004687290898605778,1.4514647232495983
quad_torus_genus4,4,213,14,0.004591536599323822,1.3620942470918804
quad_torus_genus4,4,214,13,0.0044865518617441735,1.4843505503025425
quad_torus_genus4,4,215,11,0.004392953742861259,1.296196659418102
quad_torus_genus4,4,216,11,0.0042698737085803545,1.1330359267253238
quad_torus_genus4,4,217,13,0.004114471487616342,1.1738374474424018
quad_torus_genus4,4,218,10,0.0039512162789247345,1.2372198122415718
quad_torus_genus4,4,219,8,0.0037652819743236817,1.3226062499930484
quad_torus_genus4,4,220,9,0.003539836739541975,1.345502626232849
quad_torus_genus4,4,221,9,0.0033286913128166696,1.3771333583134404
quad_torus_genus4,4,222,7,0.00310672095928996,1.4392664370831756
quad_torus_genus4,4,223,2,0.002855295849692072,1.4126482748985578
quad_torus_genus4,4,224,4,0.002632189566668785,1.353975827672606
quad_torus_genus4,4,225,5,0.0024118479807931515,1.2414524035583971
quad_torus_genus4,4,226,6,0.002174650868298158,1.1504419815621065
quad_torus_genus4,4,227,5,0.0019598223782144337,1.108908285630261
quad_torus_genus4,4,228,4,0.0017632034990256833,0.9853902362272966
quad_torus_genus4,4,229,8,0.0015707885538347138,0.8618926311959416
quad_torus_genus4,4,230,14,0.0013912926512119157,0.8032948660534787
quad_torus_genus4,4,231,16,0.0012335715488113752,0.7221662819862812
quad_torus_genus4,4,232,17,0.0010982134882175786,0.7350902006879674
quad_torus_genus4,4,233,16,0.0009709982542009274,0.6967469644981725
quad_torus_genus4,4,234,17,0.0008608810618905806,0.6332525681140928
quad_torus_genus4,4,235,14,0.0007786278922318788,0.5714335686339485
quad_torus_genus4,4,236,18,0.0007125207286551342,0.5290943254061327
quad_torus_genus4,4,237,22,0.0006608493538533481,0.4747099291841805
quad_torus_genus4,4,238,23,0.0006210907092541799,0.36291327387681965
quad_torus_genus4,4,239,16,0.0005942241177283995,0.41204892398227266
quad_torus_genus4,4,240,16,0.0005713327428640197,0.3844303861161462
quad_torus_genus4,4,241,17,0.0005515983319175728,0.3705428420254244
quad_torus_genus4,4,242,11,0.0005361744265968989,0.3360907819310262
quad_torus_genus4,4,243,13,0.0005193385778088129,0.29235393393054826
quad_torus_genus4,4,244,12,0.0004984468611027062,0.2660197279236781
quad_torus_genus4,4,245,14,0.0004724012952814327,0.23663766298213323
quad_torus_genus4,4,246,15,0.0004426824980690718,0.21468508890750615
quad_torus_genus4,4,247,18,0.0004058023757398516,0.25740990267494207
quad_torus_genus4,4,248,18,0.0003651779096263694,0.21181597319774714
quad_torus_genus4,4,249,18,0.00032505718027157866,0.2101740412394953
quad_torus_genus4,4,250,20,0.0002810977209966176,0.20957429544994677
quad_torus_genus4,4,251,19,0.00023596968853128558,0.2002809234032696
quad_torus_genus4,4,252,24,0.00019522609102124615,0.19943976197746777
quad_torus_genus4,4,253,28,0.00016072488476782468,0.18507887261789274
quad_torus_genus4,4,254,54,0.00014468753406708676,0.18979550335412865
quad_torus_genus4,4,255,47,0.028578379564964177,2.7308427369426265
quad_torus_genus4,4,256,30,0.18899688156837402,856.7272418366018
quad_torus_genus4,4,257,32,0.24169221304656252,1539.4363132049607
quad_torus_genus4,4,258,37,0.2628428847446139,1016.2796579998685
quad_torus_genus4,4,259,34,0.2718094659655503,991.0577553602662
quad_torus_genus4,4,260,39,0.2044164415467727,358.7075766580618
quad_torus_genus4,4,261,44,0.14297257763459292,235.83906010231667
quad_torus_genus4,4,262,43,0.10235792331296234,167.92842371629945
quad_torus_genus4,4,263,51,0.07228990796734744,119.13027721145748
quad_torus_genus4,4,264,54,0.05116759592037907,80.95786428595287
quad_torus_genus4,4,265,52,0.03751688567473793,59.81713898488255
quad_torus_genus4,4,266,45,0.028428169622402015,44.8087647769801
quad_torus_genus4,4,267,58,0.02317204236316033,32.985403287067534
quad_torus_genus4,4,268,65,0.020810632051505205,22.10491149563792
quad_torus_genus4,4,269,75,0.018950165453148187,21.40032329869773
quad_torus_genus4,4,270,78,0.017760187231149988,16.649764508014663
quad_torus_genus4,4,271,75,0.016787969883989767,17.607429033972956
quad_torus_genus4,4,272,63,0.015121737669970098,15.601687015699053
quad_torus_genus4,4,273,66,0.014274020739937651,14.351590675221562
quad_torus_genus4,4,274,64,0.013215511779064196,9.25668777829955
quad_torus_genus4,4,275,76,0.012335875671524622,9.375938126967926
quad_torus_genus4,4,276,69,0.011671337914581427,11.149180822978003
quad_torus_genus4,4,277,71,0.010974594621137755,8.354058414992828
quad_torus_genus4,4,278,66,0.010392438499742699,8.282104295181343
quad_torus_genus4,4,279,74,0.009773074036071977,8.405820133651346
quad_torus_genus4,4,280,69,0.009192102905058855,7.032754870556662
quad_torus_genus4,4,281,61,0.008586130643270996,6.230325302698867
quad_torus_genus4,4,282,46,0.00798079935955733,6.522480859918404
quad_torus_genus4,4,283,35,0.007475297440236152,6.696441986623597
quad_torus_genus4,4,284,33,0.007007374727912956,5.812359492823162
quad_torus_genus4,4,285,29,0.0066409961865182094,4.664930559893935
quad_torus_genus4,4,286,30,0.006389729609606237,3.1126026579408506
quad_torus_genus4,4,287,31,0.006124866314677336,3.2715216655526387
quad_torus_genus4,4,288,29,0.005934256979768825,3.485205466932725
quad_torus_genus4,4,289,21,0.005801432209730197,3.0562949979576404
quad_torus_genus4,4,290,23,0.005607064955890973,2.6274222395056857
quad_torus_genus4,4,291,21,0.005453318510183942,2.474999479091882
quad_torus_genus4,4,292,24,0.005353198488865246,2.5922918764356684
quad_torus_genus4,4,293,27,0.0052031360772890846,2.155327363839924
quad_torus_genus4,4,294,18,0.005079618495963873,2.1040843528880533
quad_torus_genus4,4,295,22,0.004994131171080174,2.0390182361413354
quad_torus_genus4,4,296,18,0.004872723328445156,1.7484582778709847
quad_torus_genus4,4,297,19,0.004786581767271432,1.3717484002404978
quad_torus_genus4,4,298,14,0.004699297082522833,1.509784039129235
quad_torus_genus4,4,299,13,0.004610606227636089,1.410457369418374
quad_torus_genus4,4,300,13,0.004510682907839198,1.462113123927511
quad_torus_genus4,4,301,11,0.0044051369447814905,1.318226324349531
quad_torus_genus4,4,302,12,0.004291442926562795,1.1786606764684116
quad_torus_genus4,4,303,13,0.004144061503538728,1.1446803379907418
quad_torus_genus4,4,304,10,0.003963355445279777,1.2414056858100553
quad_torus_genus4,4,305,9,0.0037818188600611774,1.3054731666214932
quad_torus_genus4,4,306,9,0.003581875891801062,1.3401211479200006
quad_torus_genus4,4,307,9,0.0033453321131700292,1.3629517022844062
quad_torus_genus4,4,308,7,0.003130616357868761,1.4477705459460113
quad_torus_genus4,4,309,3,0.002895367599758521,1.414231007332258
quad_torus_genus4,4,310,4,0.0026603158878470154,1.3430502543940341
quad_torus_genus4,4,311,7,0.002439604253213237,1.246743666731812
quad_torus_genus4,4,312,6,0.002209871653710292,1.145620176096735
quad_torus_genus4,4,313,5,0.001989845752974921,1.118308032407448
quad_torus_genus4,4,314,5,0.0017918683459339656,1.0230894465562537
quad_torus_genus4,4,315,7,0.0015973141232950613,0.8780720188402202
quad_torus_genus4,4,316,12,0.0014132136792641458,0.7954526242438381
quad_torus_genus4,4,317,16,0.0012561506526949364,0.7383844205063018
quad_torus_genus4,4,318,16,0.001117666867500027,0.7400336764636752
quad_torus_genus4,4,319,15,0.0009873537632628922,0.7117705346172505
quad_torus_genus4,4,320,19,0.0008740058327988359,0.6378285977770535
quad_torus_genus4,4,321,15,0.0007932081794325977,0.5788955791288339
quad_torus_genus4,4,322,19,0.0007232972335975533,0.5390326728170194
quad_torus_genus4,4,323,20,0.0006641562579351658,0.48665039383359054
quad_torus_genus4,4,324,23,0.0006283663741920334,0.3866604893155302
quad_torus_genus4,4,325,16,0.0005975716338578325,0.4024015456248079
quad_torus_genus4,4,326,19,0.0005718061098016132,0.38960304621949654
quad_torus_genus4,4,327,17,0.0005540517005095597,0.37539020067433876
quad_torus_genus4,4,328,13,0.0005378456185556832,0.33637433060430766
quad_torus_genus4,4,329,13,0.0005212454106380893,0.294119582321555
quad_torus_genus4,4,330,12,0.0005012582325131132,0.2703435052702069
quad_torus_genus4,4,331,13,0.00047676330530418824,0.24463782485841923
quad_torus_genus4,4,332,13,0.00044554551983639983,0.21651702601183842
quad_torus_genus4,4,333,19,0.0004107120507146432,0.25989488175727005
quad_torus_genus4,4,334,18,0.00037197306962248253,0.21382450972698286
quad_torus_genus4,4,335,18,0.00033018040598351857,0.20912888611214692
quad_torus_genus4,4,336,21,0.00028594267513587914,0.208938944399462
quad_torus_genus4,4,337,19,0.00024219507895491816,0.2023396993718663
quad_torus_genus4,4,338,26,0.00020158025427771388,0.19746027181815706
quad_torus_genus4,4,339,25,0.00016455752884279824,0.1860479232956418
quad_torus_genus4,4,340,49,0.00014368271687084723,0.18856556337456343
quad_torus_genus4,4,341,70,0.0030448690330060926,0.22491601895371632
quad_torus_genus4,4,342,28,0.17704284376932905,645.0993073319083
quad_torus_genus4,4,343,32,0.23664131697146876,1623.9254886091862
quad_torus_genus4,4,344,38,0.2607725923801425,936.0268134973288
quad_torus_genus4,4,345,33,0.2721394927268119,1073.896728299691
quad_torus_genus4,4,346,44,0.2142283769621207,389.12017253696456
quad_torus_genus4,4,347,45,0.15083348228492904,248.23798895578614
quad_torus_genus4,4,348,43,0.1072362637100839,175.51739710068313
quad_torus_genus4,4,349,51,0.07628482855549,125.99994054103037
quad_torus_genus4,4,350,45,0.053542697328849274,83.51255592108834
quad_torus_genus4,4,351,53,0.03866499293746745,61.40128516772393
quad_torus_genus4,4,352,48,0.02926211710947433,45.901396887498834
quad_torus_genus4,4,353,55,0.023667744348933976,35.36814082105501
quad_torus_genus4,4,354,69,0.020966675698538138,21.3732720524707
quad_torus_genus4,4,355,72,0.019234796324256502,20.619642978228708
quad_torus_genus4,4,356,77,0.017871221001269606,17.741982381183313
quad_torus_genus4,4,357,72,0.01695261651843404,18.95290835177036
quad_torus_genus4,4,358,66,0.01532015362619625,16.31354575554564
quad_torus_genus4,4,359,60,0.014363896010296843,13.634004260909876
quad_torus_genus4,4,360,63,0.013420990158245006,10.326556938827498
quad_torus_genus4,4,361,74,0.012380414062571617,9.884199289595102
quad_torus_genus4,4,362,74,0.011808256367342573,11.24769967877256
quad_torus_genus4,4,363,71,0.011090730531932652,8.661713740944315
quad_torus_genus4,4,364,63,0.010466664967686336,8.228100809007712
quad_torus_genus4,4,365,76,0.009877910851904393,8.446005263023283
quad_torus_genus4,4,366,71,0.009264675970648029,7.0830276276866435
quad_torus_genus4,4,367,61,0.008660183683502545,6.097235999217675
quad_torus_genus4,4,368,46,0.008037674050926027,6.524808635966692
quad_torus_genus4,4,369,35,0.007517103882137831,6.8117127290400905
quad_torus_genus4,4,370,36,0.007064202101740304,5.793648608653916
quad_torus_genus4,4,371,32,0.006678483604214163,4.847072175443983
quad_torus_genus4,4,372,31,0.006399308569463375,3.4148063199199363
quad_torus_genus4,4,373,29,0.00621020749235908,3.3404247582424964
quad_torus_genus4,4,374,30,0.0059638028302165195,3.453251055066474
quad_torus_genus4,4,375,24,0.005803954818950473,3.0525682840792627
quad_torus_genus4,4,376,25,0.005670799846668744,2.7138193375303588
quad_torus_genus4,4,377,22,0.005471053229193052,2.581170517404483
quad_torus_genus4,4,378,23,0.005349658559078527,2.5564486548780065
quad_torus_genus4,4,379,27,0.0052383951409672065,2.165720871137281
quad_torus_genus4,4,380,20,0.005087943831147902,2.1734959793059128
quad_torus_genus4,4,381,19,0.004978703206962394,2.0913786841887347
quad_torus_genus4,4,382,19,0.004891038935475988,1.7478037222912552
quad_torus_genus4,4,383,19,0.004791386751241418,1.3030527192684167
quad_torus_genus4,4,384,16,0.004695095031333914,1.574738587919466
quad_torus_genus4,4,385,13,0.004611722090090227,1.4458823583609492
quad_torus_genus4,4,386,13,0.004534335210191751,1.4443045070459497
quad_torus_genus4,4,387,11,0.00441575890664711,1.3260405588531488
quad_torus_genus4,4,388,11,0.004300341941843748,1.2144864369168342
quad_torus_genus4,4,389,13,0.004174389716631495,1.1089687601126115
quad_torus_genus4,4,390,10,0.0039915543073975246,1.234501598635529
quad_torus_genus4,4,391,10,0.0038072274219727135,1.2826717992458936
quad_torus_genus4,4,392,11,0.003620809683728703,1.3194389789150722
quad_torus_genus4,4,393,8,0.0033839107948601898,1.3706557260276906
quad_torus_genus4,4,394,7,0.003152854752960904,1.421750430556851
quad_torus_genus4,4,395,3,0.0029363778878568688,1.4018063179656073
quad_torus_genus4,4,396,3,0.0026955678378935218,1.339380584210203
quad_torus_genus4,4,397,7,0.0024607215460324826,1.2451172858379718
quad_torus_genus4,4,398,5,0.0022399542788540594,1.1647121898325539
quad_torus_genus4,4,399,3,0.002022048605303992,1.1277646957844634
quad_torus_genus4,4,400,4,0.001815654946969077,1.0487833349249496
quad_torus_genus4,4,401,6,0.0016163157684035668,0.8927477872294536
quad_torus_genus4,4,402,11,0.001439499214132463,0.792689928263179
quad_torus_genus4,4,403,14,0.0012794502536088831,0.7469705094273374
quad_torus_genus4,4,404,16,0.0011300138692088616,0.736203644080124
quad_torus_genus4,4,405,15,0.001001442518511605,0.7205706589440801
quad_torus_genus4,4,406,18,0.0008907027829332305,0.6419915037032191
quad_torus_genus4,4,407,16,0.0008012478448441608,0.5804160721000233
quad_torus_genus4,4,408,17,0.000727843039746766,0.5390778273861309
quad_torus_genus4,4,409,21,0.0006715386589689517,0.49537165186017246
quad_torus_genus4,4,410,24,0.0006335684290518294,0.4104110529776638
quad_torus_genus4,4,411,16,0.0006018078395990015,0.39659489348513693
quad_torus_genus4,4,412,18,0.0005750487196603643,0.3973628705838229
quad_torus_genus4,4,413,16,0.0005578487811889782,0.3815921637300214
quad_torus_genus4,4,414,12,0.0005410328908733127,0.3414684321277246
quad_torus_genus4,4,415,12,0.0005227658346566033,0.29366003066652696
quad_torus_genus4,4,416,13,0.0005051063858485693,0.27361149859191797
quad_torus_genus4,4,417,13,0.0004801088877893274,0.2518151292390075
quad_torus_genus4,4,418,13,0.0004496310513223652,0.22055064239472494
quad_torus_genus4,4,419,18,0.00041594383252683187,0.2575343730315035
quad_torus_genus4,4,420,18,0.0003780201244609333,0.21911564682910145
quad_torus_genus4,4,421,18,0.00033546713082976753,0.20961322448246883
quad_torus_genus4,4,422,19,0.00029111795398996073,0.207529554037035
quad_torus_genus4,4,423,18,0.0002491086952918019,0.2044666001945022
quad_torus_genus4,4,424,23,0.00020711600527008846,0.19483288352708264
quad_torus_genus4,4,425,25,0.00016797084520728207,0.18695380349208623
quad_torus_genus4,4,426,45,0.00014385006824307135,0.18736385785858153
quad_torus_genus4,4,427,65,0.0002751870580947703,0.19795135081885606
quad_torus_genus4,4,428,31,0.16573468731103755,455.0603820424704
quad_torus_genus4,4,429,35,0.23113821461496725,1648.293726875473
quad_torus_genus4,4,430,37,0.258570945047004,848.5817336096584
quad_torus_genus4,4,431,34,0.2710305299859749,1129.4825074367157
quad_torus_genus4,4,432,40,0.22233773966955467,435.0942266814254
quad_torus_genus4,4,433,42,0.15863996189175059,260.09210106954697
quad_torus_genus4,4,434,44,0.1120456143333693,183.05501592151575
quad_torus_genus4,4,435,47,0.0799538929469964,132.09155827652853
quad_torus_genus4,4,436,50,0.056374848862778444,86.2963522783035
quad_torus_genus4,4,437,53,0.04042987448154787,64.4152664968072
quad_torus_genus4,4,438,56,0.030522206928965165,47.63436246471052
quad_torus_genus4,4,439,52,0.024253613541037815,37.58344267326065
quad_torus_genus4,4,440,62,0.021282770323378566,21.182859584499145
quad_torus_genus4,4,441,73,0.01950842030661948,19.71559195863551
quad_torus_genus4,4,442,77,0.01800417106057487,19.16440671273874
quad_torus_genus4,4,443,72,0.017062137533692345,19.78824763375688
quad_torus_genus4,4,444,65,0.015488622083695816,16.39006418493645
quad_torus_genus4,4,445,60,0.014478932647843243,13.166225788477426
quad_torus_genus4,4,446,64,0.01356613903027189,11.555020341146147
quad_torus_genus4,4,447,71,0.012493338055653095,10.458346973745842
quad_torus_genus4,4,448,67,0.011907476480145302,11.010606454454772
quad_torus_genus4,4,449,68,0.011151180704317436,9.147963797697734
quad_torus_genus4,4,450,61,0.010539542448563281,8.303155267282202
quad_torus_genus4,4,451,70,0.009955705373407618,8.442654932347871
quad_torus_genus4,4,452,66,0.009322255763640222,7.066445365976446
quad_torus_genus4,4,453,60,0.008752915230628232,5.97689386034917
quad_torus_genus4,4,454,45,0.008170947104368501,6.4973542238744475
quad_torus_genus4,4,455,34,0.007556087889490384,6.816869878024173
quad_torus_genus4,4,456,35,0.00714309446604274,5.836780345840636
quad_torus_genus4,4,457,34,0.006748993850672324,5.133026014024567
quad_torus_genus4,4,458,31,0.006390341985965571,3.7801098913679128
quad_torus_genus4,4,459,26,0.006222641090938834,3.2960686972019517
quad_torus_genus4,4,460,31,0.0059981176413932925,3.3318484382779188
quad_torus_genus4,4,461,26,0.005789036293741481,2.9899882492530128
quad_torus_genus4,4,462,24,0.005683684724897463,2.8116034900513274
quad_torus_genus4,4,463,22,0.005519214327761316,2.6631937269909653
quad_torus_genus4,4,464,23,0.00537140668571238,2.5194504747133744
quad_torus_genus4,4,465,25,0.005249911054684165,2.295458933863399
quad_torus_genus4,4,466,23,0.005124494580802733,2.250109409178842
quad_torus_genus4,4,467,20,0.005008144386383966,2.111804041848395
quad_torus_genus4,4,468,18,0.004904589338292425,1.697123394837164
quad_torus_genus4,4,469,19,0.0048107029149005555,1.3265784977179385
quad_torus_genus4,4,470,15,0.004724264534977941,1.5991303329670306
quad_torus_genus4,4,471,13,0.004619920627355154,1.4597048406740545
quad_torus_genus4,4,472,14,0.0045366376244588055,1.463321079222755
quad_torus_genus4,4,473,12,0.004448627935794816,1.3598469911261495
quad_torus_genus4,4,474,12,0.004303705798648771,1.2243137447663197
quad_torus_genus4,4,475,13,0.004173509598074239,1.093877774628965
quad_torus_genus4,4,476,10,0.00402611115747447,1.217715738317273
quad_torus_genus4,4,477,10,0.0038300067608460536,1.274170291494594
quad_torus_genus4,4,478,11,0.003626201548026247,1.3149598634701496
quad_torus_genus4,4,479,8,0.003421203337751109,1.3824247008072725
quad_torus_genus4,4,480,7,0.0031839942852823805,1.4468481208692912
quad_torus_genus4,4,481,3,0.002954856072210055,1.3892010926885923
quad_torus_genus4,4,482,3,0.002734263579944653,1.335029059845596
quad_torus_genus4,4,483,6,0.002488602525822619,1.2494040496603684
quad_torus_genus4,4,484,6,0.0022673723760440966,1.1721634102809428
quad_torus_genus4,4,485,3,0.0020542494161150874,1.1427626016976817
quad_torus_genus4,4,486,4,0.0018398135627093065,1.0660234620887545
quad_torus_genus4,4,487,6,0.001637064602580762,0.9140796883780093
quad_torus_genus4,4,488,11,0.0014638875706822392,0.7926066058413079
quad_torus_genus4,4,489,12,0.0013016409652217818,0.7650875636621999
quad_torus_genus4,4,490,13,0.001144112181090022,0.7324887094309558
quad_torus_genus4,4,491,16,0.0010181210929654802,0.7259306183002779
quad_torus_genus4,4,492,17,0.0009097352612240221,0.6494746050086803
quad_torus_genus4,4,493,16,0.0008108528931003284,0.5778324457329437
quad_torus_genus4,4,494,15,0.0007327328123089232,0.532839713907869
quad_torus_genus4,4,495,17,0.0006800707931909716,0.49884371110978376
quad_torus_genus4,4,496,25,0.0006382613012382785,0.42770403747456487
quad_torus_genus4,4,497,18,0.0006017407310322233,0.38945234921380784
quad_torus_genus4,4,498,19,0.0005780396781387148,0.40485799927579863
quad_torus_genus4,4,499,18,0.0005595070127055574,0.38106188359475685
quad_torus_genus4,4,500,14,0.000542548189880993,0.3471061748162346
quad_torus_genus4,4,501,14,0.0005252027012540316,0.29933133785338273
quad_torus_genus4,4,502,15,0.0005075335461760884,0.2775227765083075
quad_torus_genus4,4,503,13,0.0004839409049031635,0.25788518760913604
quad_torus_genus4,4,504,14,0.00045379274001894636,0.2259263383437703
quad_torus_genus4,4,505,16,0.0004214110323219379,0.25098308900940025
quad_torus_genus4,4,506,19,0.0003828546550539356,0.2248934157887442
quad_torus_genus4,4,507,19,0.00034047760004410387,0.2111044372804526
quad_torus_genus4,4,508,19,0.00029761173847033147,0.20569404508579897
quad_torus_genus4,4,509,19,0.00025560755910429404,0.20609942615424637
quad_torus_genus4,4,510,20,0.00021240015818758614,0.1945643902740057
quad_torus_genus4,4,511,25,0.00017192090429018938,0.18770088086638345
quad_torus_genus4,4,512,38,0.00014593212478302033,0.18543154290852504
quad_torus_genus4,4,513,71,0.0001880622363459834,0.19294516209950452
quad_torus_genus4,4,514,27,0.15466736153686703,295.4801197542877
quad_torus_genus4,4,515,31,0.22453759711824597,1612.1377724908402
quad_torus_genus4,4,516,36,0.25603632770247636,810.7255274147844
quad_torus_genus4,4,517,32,0.2702773646834687,1178.9853084823776
quad_torus_genus4,4,518,38,0.2295692601725561,504.69748740644513
quad_torus_genus4,4,519,40,0.16735676238814268,273.1859807771224
quad_torus_genus4,4,520,42,0.11746900283465443,190.3186913726966
quad_torus_genus4,4,521,49,0.08222086280543241,137.81582963914107
quad_torus_genus4,4,522,46,0.058579936484858895,89.82787312641884
quad_torus_genus4,4,523,51,0.042256990100191724,67.73645092792047
quad_torus_genus4,4,524,51,0.031255744320013074,50.179697817899914
quad_torus_genus4,4,525,50,0.024812415724775824,39.27068805230978
quad_torus_genus4,4,526,61,0.021584151343117423,22.0149319943697
quad_torus_genus4,4,527,66,0.019663304029815316,18.94132721909104
quad_torus_genus4,4,528,82,0.01815712994999333,20.392940310416602
quad_torus_genus4,4,529,73,0.017245438450967533,20.00495832473059
quad_torus_genus4,4,530,66,0.015702358145335767,15.702305075002855
quad_torus_genus4,4,531,60,0.014579709487150573,12.663994941967754
quad_torus_genus4,4,532,59,0.013743362169761143,12.724408063249145
quad_torus_genus4,4,533,68,0.012597375619964263,10.899415429349007
quad_torus_genus4,4,534,69,0.01195138474612393,10.847379552366446
quad_torus_genus4,4,535,67,0.011297806224533339,9.648523892136904
quad_torus_genus4,4,536,69,0.010583389980839008,8.307852137450526
quad_torus_genus4,4,537,71,0.010011464466382972,8.425740037063171
quad_torus_genus4,4,538,71,0.00943565084003518,7.106294249679484
quad_torus_genus4,4,539,61,0.008789846375606461,6.050190950677331
quad_torus_genus4,4,540,53,0.008235481269058681,6.517702187067215
quad_torus_genus4,4,541,36,0.007648852326690064,6.849562227148781
quad_torus_genus4,4,542,34,0.007147935072189135,5.873272206102645
quad_torus_genus4,4,543,29,0.006810913890567225,5.339940154716724
quad_torus_genus4,4,544,29,0.0064716208799549015,4.091425170410555
quad_torus_genus4,4,545,28,0.006213274313533914,3.191222350268898
quad_torus_genus4,4,546,30,0.006058560980811165,3.1678960463101755
quad_torus_genus4,4,547,24,0.005835380182841935,2.9469990317726062
quad_torus_genus4,4,548,24,0.005673178675962905,2.9613374315612435
quad_torus_genus4,4,549,20,0.005546874999124639,2.6812250414795584
quad_torus_genus4,4,550,21,0.005381935840997481,2.4316955622875276
quad_torus_genus4,4,551,24,0.00523532949236971,2.425455070883546
quad_torus_genus4,4,552,24,0.005133329034353221,2.3144956212918135
quad_torus_genus4,4,553,21,0.0050263599584047325,2.0969335859710223
quad_torus_genus4,4,554,18,0.004906448617810059,1.662490162990762
quad_torus_genus4,4,555,19,0.004817771413717063,1.3978533996642393
quad_torus_genus4,4,556,16,0.004732408031125439,1.6083112845487972
quad_torus_genus4,4,557,13,0.004636025330570637,1.4455723388723078
quad_torus_genus4,4,558,14,0.004545272237124782,1.4634248196761146
quad_torus_genus4,4,559,12,0.004461807678632516,1.3899955808669502
quad_torus_genus4,4,560,12,0.004338590233739328,1.2087764060228268
quad_torus_genus4,4,561,13,0.004197105328360233,1.0895998739718915
quad_torus_genus4,4,562,11,0.004054823193811412,1.2091540789020572
quad_torus_genus4,4,563,10,0.00386849437747635,1.2548372727013928
quad_torus_genus4,4,564,9,0.003656054084200025,1.3321711648669656
quad_torus_genus4,4,565,8,0.003446271762631904,1.3773941792227031
quad_torus_genus4,4,566,8,0.0032258093349635595,1.4566927839721526
quad_torus_genus4,4,567,3,0.002986215720381699,1.3686637194068103
quad_torus_genus4,4,568,2,0.0027569894774842445,1.3330159006995341
quad_torus_genus4,4,569,6,0.0025275670221585477,1.2691602452673028
quad_torus_genus4,4,570,6,0.002299930471918998,1.1984759030087797
quad_torus_genus4,4,571,4,0.002080578744187165,1.1633170500728764
quad_torus_genus4,4,572,6,0.0018662210840824157,1.0750946108971513
quad_torus_genus4,4,573,6,0.0016676982411055624,0.9237224069175296
quad_torus_genus4,4,574,9,0.001490338064805552,0.7988367558280602
quad_torus_genus4,4,575,12,0.0013181319135366688,0.7815517634051863
quad_torus_genus4,4,576,13,0.0011652029588257536,0.7226494664216407
quad_torus_genus4,4,577,16,0.0010358821701319646,0.7335350639591283
quad_torus_genus4,4,578,19,0.000921117242560769,0.660897117130606
quad_torus_genus4,4,579,17,0.0008220264541375793,0.5881320597260344
quad_torus_genus4,4,580,16,0.0007434239742328228,0.5428056303457724
quad_torus_genus4,4,581,20,0.000690080820499317,0.5032829180712907
quad_torus_genus4,4,582,25,0.0006433967881554268,0.4423876708102982
quad_torus_genus4,4,583,20,0.0006064757428388206,0.3784375607987482
quad_torus_genus4,4,584,17,0.000582881314101813,0.4092992778754601
quad_torus_genus4,4,585,18,0.0005620340192873116,0.3781760807300041
quad_torus_genus4,4,586,14,0.0005439227938253544,0.3501472042440509
quad_torus_genus4,4,587,13,0.0005278287640655416,0.31135762452926863
quad_torus_genus4,4,588,13,0.0005105602248198353,0.27953988914969513
quad_torus_genus4,4,589,13,0.000486998405888495,0.26060225436965173
quad_torus_genus4,4,590,14,0.0004583940991887238,0.2304942176478395
quad_torus_genus4,4,591,14,0.0004263393601875851,0.24294444316076297
quad_torus_genus4,4,592,19,0.00038724792525301696,0.23120628756528971
quad_torus_genus4,4,593,18,0.00034515259575691796,0.2130073208398096
quad_torus_genus4,4,594,19,0.0003045827866810284,0.20770125185147645
quad_torus_genus4,4,595,20,0.0002611502024737789,0.20763484001476512
quad_torus_genus4,4,596,20,0.00021651622902356258,0.19319682632216423
quad_torus_genus4,4,597,24,0.00017718684239768196,0.1901670148057633
quad_torus_genus4,4,598,32,0.0001487045312352759,0.1834984830199649
quad_torus_genus4,4,599,61,0.00016630410716925607,0.19153700592956058
quad_torus_genus4,4,600,29,0.13553526732351281,170.76560243849121
quad_torus_genus4,4,601,34,0.21777474002138417,1518.1237031003905
quad_torus_genus4,4,602,32,0.2527945542932388,898.9745418028334
quad_torus_genus4,4,603,36,0.26876251137280954,1189.8452175072525
quad_torus_genus4,4,604,39,0.24050648464757654,599.3608731516674
quad_torus_genus4,4,605,41,0.17549477636333832,288.4045571481001
quad_torus_genus4,4,606,44,0.123888274699265,197.71807046425053
quad_torus_genus4,4,607,47,0.08675510751576998,143.4672380626114
quad_torus_genus4,4,608,49,0.061788483439728585,95.33151307183184
quad_torus_genus4,4,609,53,0.04436859568397208,70.92482275099252
quad_torus_genus4,4,610,48,0.03260946375805373,52.6980791608397
quad_torus_genus4,4,611,56,0.02555172554877223,40.6956417848175
quad_torus_genus4,4,612,62,0.021843691383486828,24.27229570561999
quad_torus_genus4,4,613,68,0.019924713556631793,19.54333560401489
quad_torus_genus4,4,614,75,0.018290625070748176,21.262580823002775
quad_torus_genus4,4,615,72,0.017405709517976115,19.67565134846331
quad_torus_genus4,4,616,58,0.015914538857652923,14.434024021966897
quad_torus_genus4,4,617,57,0.014688092141404378,12.191399738620447
quad_torus_genus4,4,618,64,0.01388515006065141,13.754474324644228
quad_torus_genus4,4,619,68,0.012701995790732674,10.979666561225738
quad_torus_genus4,4,620,70,0.012075227146520102,10.701236698141084
quad_torus_genus4,4,621,75,0.011349171423894414,10.080470169303734
quad_torus_genus4,4,622,64,0.010669145212330186,8.275573403597877
quad_torus_genus4,4,623,69,0.010117399749612297,8.320069427664663
quad_torus_genus4,4,624,71,0.009537409386213374,7.168927954019385
quad_torus_genus4,4,625,61,0.008884792254744426,6.185309084618934
quad_torus_genus4,4,626,52,0.00831287996734901,6.56642062063527
quad_torus_genus4,4,627,35,0.007746124157416878,6.808004969807581
quad_torus_genus4,4,628,32,0.0071868175332784265,6.027952384367388
quad_torus_genus4,4,629,31,0.006838457911834334,5.568925418744355
quad_torus_genus4,4,630,29,0.006513453339269639,4.321288914161686
quad_torus_genus4,4,631,29,0.006236792832004842,3.085189416428364
quad_torus_genus4,4,632,31,0.006052858574976852,3.05203072536837
quad_torus_genus4,4,633,28,0.005882755360864157,3.048010681719222
quad_torus_genus4,4,634,26,0.005715263299553388,3.0572441295577515
quad_torus_genus4,4,635,22,0.0055491157359621275,2.664911767641547
quad_torus_genus4,4,636,22,0.005422287952480452,2.368650591883555
quad_torus_genus4,4,637,25,0.005281315320291131,2.5675692755486432
quad_torus_genus4,4,638,22,0.005138683404334455,2.363082331333321
quad_torus_genus4,4,639,20,0.0050416939190286005,2.036695220403502
quad_torus_genus4,4,640,18,0.004937342793511788,1.740047146049436
quad_torus_genus4,4,641,18,0.004812346911171145,1.4739488256573936
quad_torus_genus4,4,642,16,0.00473548003296176,1.6121414170409498
quad_torus_genus4,4,643,12,0.004654561345765916,1.4330198804814769
quad_torus_genus4,4,644,15,0.004554830936552554,1.4399731458386618
quad_torus_genus4,4,645,13,0.0044532373031424734,1.442038570728499
quad_torus_genus4,4,646,12,0.0043592762029940465,1.2142633591804404
quad_torus_genus4,4,647,12,0.004221622085417259,1.0948630252879363
quad_torus_genus4,4,648,13,0.004053068018121669,1.1902284997972925
quad_torus_genus4,4,649,10,0.003896353424134502,1.2290973055521095
quad_torus_genus4,4,650,8,0.0036901435327833577,1.3353372851805787
quad_torus_genus4,4,651,9,0.0034673762782426614,1.3772093668149274
quad_torus_genus4,4,652,10,0.0032604025956069994,1.4446416317634843
quad_torus_genus4,4,653,4,0.003024653036060988,1.37613598631853
quad_torus_genus4,4,654,1,0.0027780112410224385,1.3548064218089153
quad_torus_genus4,4,655,7,0.002562284169031254,1.2969338513469277
quad_torus_genus4,4,656,6,0.002333116263272579,1.2210121088454304
quad_torus_genus4,4,657,5,0.002098629208077413,1.1691969143488825
quad_torus_genus4,4,658,6,0.0018923857505255663,1.0859211417841106
quad_torus_genus4,4,659,5,0.0016974190103678248,0.9351620977351269
quad_torus_genus4,4,660,8,0.001509713150645318,0.8097742019452439
quad_torus_genus4,4,661,12,0.0013346585331877883,0.8000482821307398
quad_torus_genus4,4,662,15,0.0011870996246171638,0.7082440544260878
quad_torus_genus4,4,663,16,0.001056131275704334,0.7332966788227715
quad_torus_genus4,4,664,17,0.0009290573677111894,0.6684146274816114
quad_torus_genus4,4,665,16,0.0008315608068860817,0.5972167378590035
quad_torus_genus4,4,666,14,0.0007560610075245771,0.5533873038605177
quad_torus_genus4,4,667,19,0.000692700653490887,0.508216675086595
quad_torus_genus4,4,668,24,0.00064527629480624,0.44904576557594134
quad_torus_genus4,4,669,23,0.0006102356041045057,0.36617516990096494
quad_torus_genus4,4,670,18,0.0005864240176953169,0.4146151240972213
quad_torus_genus4,4,671,16,0.0005636064801081137,0.3760294475357243
quad_torus_genus4,4,672,14,0.0005464018080082899,0.35471054603001284
quad_torus_genus4,4,673,12,0.0005307857301146798,0.32150492053911783
quad_torus_genus4,4,674,12,0.0005128850011401749,0.28094140176451926
quad_torus_genus4,4,675,12,0.0004903890511800857,0.2616486454321775
quad_torus_genus4,4,676,15,0.00046298802443894474,0.2334124150805582
quad_torus_genus4,4,677,15,0.0004311491393247489,0.23459803414859787
quad_torus_genus4,4,678,19,0.0003923489526259603,0.24095558685876134
quad_torus_genus4,4,679,18,0.0003518836146029204,0.2159852695938318
quad_torus_genus4,4,680,18,0.0003108202276899855,0.21165097488162588
quad_torus_genus4,4,681,20,0.00026625199466021515,0.20755158039324512
quad_torus_genus4,4,682,20,0.00022153825511356476,0.1925859284709959
quad_torus_genus4,4,683,26,0.00018299940102250162,0.19380880555209137
quad_torus_genus4,4,684,29,0.0001517129396023112,0.1830954261647345
quad_torus_genus4,4,685,65,0.00015484963423731757,0.1918362907819193
quad_torus_genus4,4,686,23,0.11033495727618849,82.6485057926922
quad_torus_genus4,4,687,32,0.2122800693314294,1372.7725762140471
quad_torus_genus4,4,688,31,0.2507280213359021,1094.4011129169032
quad_torus_genus4,4,689,34,0.26716357552372794,1169.798889268915
quad_torus_genus4,4,690,35,0.2524412454675874,710.2189550249112
quad_torus_genus4,4,691,42,0.18164657950089277,305.9883635934283
quad_torus_genus4,4,692,43,0.1276158135789159,206.62637378037832
quad_torus_genus4,4,693,52,0.09130921429549943,150.04543038767858
quad_torus_genus4,4,694,48,0.0640337918505371,101.61605372347917
quad_torus_genus4,4,695,55,0.04599137057333016,73.66256750329521
quad_torus_genus4,4,696,49,0.03396915419522619,55.010877097963075
quad_torus_genus4,4,697,54,0.026208327166951213,41.92489249756546
quad_torus_genus4,4,698,58,0.022197957458349377,26.72193258241693
quad_torus_genus4,4,699,63,0.02021551584644247,21.071304317259127
quad_torus_genus4,4,700,76,0.018415926054266868,22.010308435744193
quad_torus_genus4,4,701,76,0.01751820411556212,19.002430217786838
quad_torus_genus4,4,702,63,0.016210057883756436,13.708984390789546
quad_torus_genus4,4,703,55,0.01476217766190874,12.97673770793965
quad_torus_genus4,4,704,66,0.014001467052122216,14.582110668706385
quad_torus_genus4,4,705,69,0.012868060242410446,10.380396780430889
quad_torus_genus4,4,706,68,0.012139197057512041,10.248284231240227
quad_torus_genus4,4,707,70,0.011424561545535063,10.449813572079504
quad_torus_genus4,4,708,70,0.010767616220001225,8.250934373473033
quad_torus_genus4,4,709,69,0.010165184882507273,8.42591687399636
quad_torus_genus4,4,710,68,0.009584110483136652,7.552062180716323
quad_torus_genus4,4,711,64,0.008995891785985817,6.414749167824361
quad_torus_genus4,4,712,58,0.008351737363127276,6.57616771056572
quad_torus_genus4,4,713,43,0.007814851869922096,6.743415342740509
quad_torus_genus4,4,714,34,0.007314381710256902,6.242984572621207
quad_torus_genus4,4,715,32,0.006874559139804731,5.7487829563070925
quad_torus_genus4,4,716,28,0.006550461756866636,4.472738759121306
quad_torus_genus4,4,717,26,0.006304314862730672,2.924791668235422
quad_torus_genus4,4,718,32,0.006050212129145556,3.1458106828095977
quad_torus_genus4,4,719,27,0.005887987140891007,3.134415968936087
quad_torus_genus4,4,720,24,0.005746601555538963,3.1163757141127455
quad_torus_genus4,4,721,23,0.005549354845309608,2.6591340374890056
quad_torus_genus4,4,722,22,0.005421045979384448,2.346784507812418
quad_torus_genus4,4,723,24,0.0053037887173346945,2.6190424342693537
quad_torus_genus4,4,724,24,0.005160094940464091,2.3590669221818716
quad_torus_genus4,4,725,22,0.005048129740882728,1.9997703400903306
quad_torus_genus4,4,726,19,0.004951938020904133,1.8408326994892845
quad_torus_genus4,4,727,18,0.0048390266698423385,1.5748256663991798
quad_torus_genus4,4,728,16,0.004751540341552499,1.5794330150899532
quad_torus_genus4,4,729,11,0.004664575213919263,1.4165716709951777
quad_torus_genus4,4,730,14,0.004575387117116135,1.3987959129627114
quad_torus_genus4,4,731,13,0.00447724197475087,1.483585283110381
quad_torus_genus4,4,732,12,0.00436747754103577,1.244721898308079
quad_torus_genus4,4,733,11,0.00424969968199354,1.107656618973519
quad_torus_genus4,4,734,13,0.00408422260702054,1.1815088220874794
quad_torus_genus4,4,735,11,0.003909209334473597,1.2157594532833167
quad_torus_genus4,4,736,8,0.003720082205239987,1.3412836788793212
quad_torus_genus4,4,737,9,0.003505836674722577,1.3692594408540935
quad_torus_genus4,4,738,9,0.0032784730678901424,1.4243186859668426
quad_torus_genus4,4,739,6,0.0030498626531555635,1.389691736375306
quad_torus_genus4,4,740,1,0.00281777402104135,1.373713352369458
quad_torus_genus4,4,741,6,0.002588723394705597,1.3254990544225163
quad_torus_genus4,4,742,6,0.002359677241923147,1.2292663000841941
quad_torus_genus4,4,743,5,0.0021300632240876176,1.1612092023980647
quad_torus_genus4,4,744,6,0.0019228261700244657,1.1016413568771537
quad_torus_genus4,4,745,4,0.0017227808615493676,0.9451989959422696
quad_torus_genus4,4,746,9,0.0015313317322491016,0.8230108015180043
quad_torus_genus4,4,747,11,0.0013576057291390694,0.8043304370002111
quad_torus_genus4,4,748,15,0.0012077188971830269,0.7086285414910931
quad_torus_genus4,4,749,17,0.0010713928435007094,0.7309310285630852
quad_torus_genus4,4,750,19,0.0009448553795889271,0.6757063208255399
quad_torus_genus4,4,751,16,0.0008453722413763635,0.6146023656797434
quad_torus_genus4,4,752,13,0.0007682952001652606,0.5636149091725512
quad_torus_genus4,4,753,19,0.0007003367929926216,0.5141076016923829
quad_torus_genus4,4,754,23,0.0006506830714812251,0.45438882409101045
quad_torus_genus4,4,755,22,0.0006172872930020233,0.34743307457592687
quad_torus_genus4,4,756,16,0.0005884668054333155,0.420953062689795
quad_torus_genus4,4,757,18,0.00056549103784002,0.3763775961241457
quad_torus_genus4,4,758,14,0.0005485108212117558,0.36115140209845503
quad_torus_genus4,4,759,11,0.0005327640296706452,0.3301273885282171
quad_torus_genus4,4,760,13,0.0005140593825135214,0.28581797248958607
quad_torus_genus4,4,761,12,0.0004939423777471307,0.26363347498601947
quad_torus_genus4,4,762,14,0.000467051405162448,0.23359340917231725
quad_torus_genus4,4,763,15,0.0004344127438168104,0.2260612883868035
quad_torus_genus4,4,764,18,0.0003982854039539004,0.250299688943923
quad_torus_genus4,4,765,18,0.0003580654639098368,0.21637304171393723
quad_torus_genus4,4,766,18,0.00031571812354785927,0.21286241228152109
quad_torus_genus4,4,767,19,0.00027064662297190517,0.20762332912640452
quad_torus_genus4,4,768,19,0.00022814434754570083,0.1949307231547563
quad_torus_genus4,4,769,24,0.0001887268374645026,0.19709163946772384
quad_torus_genus4,4,770,28,0.00015419879957197577,0.18395935031972915
quad_torus_genus4,4,771,60,0.00014867636724058092,0.19107594056114335
quad_torus_genus4,4,772,26,0.08181328430458612,31.001354654155314
quad_torus_genus4,4,773,30,0.2032112808150763,1185.1016482964017
quad_torus_genus4,4,774,32,0.24710564841361812,1303.1206579109312
quad_torus_genus4,4,775,34,0.26541966505491454,1126.9782613220543
quad_torus_genus4,4,776,35,0.2620917241199719,826.4745466970887
quad_torus_genus4,4,777,41,0.19123633892298295,324.7772980659851
quad_torus_genus4,4,778,44,0.13415598102078616,217.99483130720589
quad_torus_genus4,4,779,49,0.09598800872772999,157.38528620222692
quad_torus_genus4,4,780,46,0.06772773778907717,107.77913805226582
quad_torus_genus4,4,781,57,0.04784217152424774,76.45425678881446
quad_torus_genus4,4,782,52,0.03503749170578547,56.90148378619773
quad_torus_genus4,4,783,51,0.02701284013930668,43.03167319645396
quad_torus_genus4,4,784,56,0.0225385120183947,29.185874472976067
quad_torus_genus4,4,785,61,0.020419915471711556,21.885470536246896
quad_torus_genus4,4,786,80,0.018645736654854392,22.105177173709404
quad_torus_genus4,4,787,78,0.017572719182304217,17.88602606772943
quad_torus_genus4,4,788,70,0.01644303551749324,15.029237386079195
quad_torus_genus4,4,789,57,0.01489759860821264,14.081407320452811
quad_torus_genus4,4,790,63,0.014162245575660728,14.744648725916633
quad_torus_genus4,4,791,64,0.012985749586124947,9.660836188400243
quad_torus_genus4,4,792,66,0.012182808714531708,9.77430066604056
quad_torus_genus4,4,793,67,0.011554028184335074,10.811132220381836
quad_torus_genus4,4,794,66,0.010831493399714415,8.2239864124092
quad_torus_genus4,4,795,62,0.010281105225431741,8.402984376446316
quad_torus_genus4,4,796,70,0.009681693147221592,7.9303479136783706
quad_torus_genus4,4,797,65,0.009060726303122353,6.689663034730695
quad_torus_genus4,4,798,59,0.00844978473203607,6.502531927789661
quad_torus_genus4,4,799,43,0.00786849791042226,6.682395209872865
quad_torus_genus4,4,800,35,0.007357831426773516,6.411642718400122
quad_torus_genus4,4,801,34,0.00693029388321277,5.832067977763619
quad_torus_genus4,4,802,30,0.006562553247450547,4.580550393467676
quad_torus_genus4,4,803,26,0.006320308382059173,2.8905202020446508
quad_torus_genus4,4,804,31,0.0061289101148591495,3.2205092067986096
quad_torus_genus4,4,805,29,0.00589901141656726,3.2949800505401914
quad_torus_genus4,4,806,22,0.005772811763086155,3.1107944679505968
quad_torus_genus4,4,807,22,0.005609255267120797,2.610604146010821
quad_torus_genus4,4,808,22,0.005419043345903868,2.3535246691403917
quad_torus_genus4,4,809,25,0.005316972333541706,2.6101375705245538
quad_torus_genus4,4,810,24,0.005186654318189711,2.2983161766383184
quad_torus_genus4,4,811,21,0.005040500386016169,2.0132445874172515
quad_torus_genus4,4,812,20,0.004953038439518563,1.9300314254540893
quad_torus_genus4,4,813,18,0.004860058952350926,1.6607905208371803
quad_torus_genus4,4,814,16,0.004759009720039441,1.5134713067576158
quad_torus_genus4,4,815,13,0.004665518090334151,1.4257605909201485
quad_torus_genus4,4,816,14,0.004587833469029067,1.3644407059632555
quad_torus_genus4,4,817,13,0.0044952465996397715,1.4813910127975634
quad_torus_genus4,4,818,11,0.004374893161250451,1.2839814523539823
quad_torus_genus4,4,819,11,0.004265150313129287,1.111697808009844
quad_torus_genus4,4,820,13,0.004120013396317729,1.1745177738069117
quad_torus_genus4,4,821,10,0.003928351953137369,1.233852794243605
quad_torus_genus4,4,822,9,0.0037491932683437566,1.3299170877114688
quad_torus_genus4,4,823,9,0.0035447547034781176,1.352287410318358
quad_torus_genus4,4,824,9,0.00330294023991609,1.3918286024184794
quad_torus_genus4,4,825,6,0.0030795074161455317,1.4202292280744588
quad_torus_genus4,4,826,2,0.0028599196132130427,1.4018066720139633
quad_torus_genus4,4,827,4,0.0026150152802798983,1.3473498644249218
quad_torus_genus4,4,828,5,0.002383656252560099,1.2409053528802008
quad_torus_genus4,4,829,6,0.0021671007131614213,1.1551306654281166
quad_torus_genus4,4,830,5,0.001952399369545333,1.1052441822436259
quad_torus_genus4,4,831,4,0.001744216741530758,0.9703596959559382
quad_torus_genus4,4,832,9,0.0015560583585394099,0.8471494601345526
quad_torus_genus4,4,833,11,0.001384833662115495,0.8038728166229446
quad_torus_genus4,4,834,16,0.0012273781585679364,0.718679463317363
quad_torus_genus4,4,835,18,0.0010844955390530155,0.73275413066597
quad_torus_genus4,4,836,17,0.0009615517547839651,0.6897428263440776
quad_torus_genus4,4,837,16,0.0008596246660865523,0.6286996978698454
quad_torus_genus4,4,838,14,0.0007732209298164007,0.5691716573721605
quad_torus_genus4,4,839,21,0.0007076250154885866,0.524014206277386
quad_torus_genus4,4,840,23,0.000657438186042532,0.466670155823837
quad_torus_genus4,4,841,24,0.000622042889506064,0.3526149254830123
quad_torus_genus4,4,842,16,0.0005921928796577473,0.41633341334434604
quad_torus_genus4,4,843,16,0.0005679226619329318,0.3816915814659262
quad_torus_genus4,4,844,15,0.0005532478621332512,0.3683645919570916
quad_torus_genus4,4,845,11,0.0005346134078421019,0.33558722057309043
quad_torus_genus4,4,846,14,0.0005167812643882077,0.2906140952382335
quad_torus_genus4,4,847,12,0.0004976633829520969,0.2643213063217087
quad_torus_genus4,4,848,14,0.00047062756022460455,0.23474599309493588
quad_torus_genus4,4,849,15,0.00043870149482857097,0.21688073201637756
quad_torus_genus4,4,850,19,0.00040410310420329725,0.2555500144760867
quad_torus_genus4,4,851,18,0.00036432696744225315,0.21317390059883762
quad_torus_genus4,4,852,18,0.0003199689691555726,0.21096773807242727
quad_torus_genus4,4,853,20,0.00027673353154529805,0.20873162761413405
quad_torus_genus4,4,854,19,0.00023495822541913858,0.1986180031194633
quad_torus_genus4,4,855,24,0.0001931676430890672,0.19905491969597638
quad_torus_genus4,4,856,28,0.00015668943044158684,0.1845550951024882
quad_torus_genus4,4,857,55,0.00014557188265812182,0.18967579497162193
