{"direct": [0.11755698197854171, 0.15899810070203751, 0.15564487686176937, 0.16425180690426996, 0.13112037727632972, 0.16335557807978449, 0.19446645006361873, 0.16858620641701955, 0.1534297952257997, 0.14084243927820111, 0.1559701847474321, 0.15371802591969463, 0.13681570168207538, 0.12588508044641736, 0.14792308675836424, 0.13457310029014305, 0.14500798329813847, 0.14729586648280688, 0.1284390111240814, 0.12817047260491987, 0.09791951117121102, 0.14830324927607616, 0.13798838985934522, 0.15048579658270878, 0.16515565840643254, 0.157202518220055, 0.0955718623941012, 0.15182042624970155, 0.13520105209913627, 0.1378416596409948, 0.16387882843258902, 0.15209101133050748, 0.11369620393812468, 0.132406491051098, 0.11279052933475382, 0.10800719195176081, 0.1694905600598128, 0.1402427933735525, 0.12036937403872577, 0.1452050241506003, 0.12334130113713977, 0.15556936420093403, 0.1291149510456069, 0.13360446546639, 0.14347776181018007, 0.12229327736129232, 0.14043275797662058, 0.1347388380906697, 0.0996559758177941, 0.13128197010945147], "mel": [0.11291160265902521, 0.14140510438468887, 0.1520703032812137, 0.16470466912477918, 0.15922571431616106, 0.14825116783739534, 0.13641237525495029, 0.1368984819512976, 0.17816694824710252, 0.14738709663765662, 0.18869433925479964, 0.17810384514460512, 0.15767726728986564, 0.1384535991903252, 0.17436274147170808, 0.11884510042580607, 0.1502122203504557, 0.14167419221494362, 0.11142708901538752, 0.1412056160001379, 0.14993266104778227, 0.1342650986554398, 0.13593014677467805, 0.15137688055152207, 0.12956303465783256, 0.11878720297644436, 0.09860187876826813, 0.154155827409385, 0.13232629978821622, 0.14321473070093768, 0.1614858073677894, 0.14990156712697728, 0.10708299430117073, 0.13359566575245857, 0.13083442744887253, 0.16267502817955465, 0.156416249323466, 0.1180185592390644, 0.11127159913965555, 0.11842915400007299, 0.14783777596325054, 0.1370280762550261, 0.1304586597787142, 0.12957582735378007, 0.14390112774216682, 0.13309979911809947, 0.11510058341728313, 0.14887216079985457, 0.12471671658081489, 0.11662893922606155], "energy": [0.2793385493180809, 0.3778108118025932, 0.36984289133240184, 0.2349341565801698, 0.18754530514133927, 0.23365225431689712, 0.25087777643576853, 0.21749012536422815, 0.16750203610008801, 0.13473952413845805, 0.1492117615993496, 0.14705719220755548, 0.12896403202512416, 0.1186607044847249, 0.13943397916619804, 0.10632541928587613, 0.11456995930636786, 0.11637760242642677, 0.09917978478853669, 0.09281030468418593, 0.0709050960148872, 0.10738877271203608, 0.09918523759253277, 0.10816829954729666, 0.10716766334298065, 0.10200695944558423, 0.06201551477519286, 0.09447737204603629, 0.08413518796987332, 0.08253099427491499, 0.09812042807940122, 0.09106261792026586, 0.06622897780650851, 0.07712787457734584, 0.06570141487010706, 0.05897444814787345, 0.0921085442163094, 0.0762140353415868, 0.06541395465929631, 0.07598626251053904, 0.0645449049812246, 0.0814099554469124, 0.06485974623539112, 0.06711501383758546, 0.07112692213035456, 0.06062503558879255, 0.06961740770926263, 0.06583125852769366, 0.04869032864507592, 0.061041594681941355]}