{"direct": [0.9999998793050024, 0.0004901062057775913, 3.280123632518946e-05, 9.33174672130007e-06, 3.9820047766911625e-06, 2.0759086686534567e-06, 1.2218002377027386e-06, 7.805574745644086e-07, 5.291720312680753e-07, 3.752902984278337e-07, 2.7575673922675475e-07, 2.0849885758107496e-07, 1.6140382986811107e-07, 1.2743752624941661e-07, 1.0232049371970729e-07, 8.334560643872561e-08, 6.874255659486376e-08, 5.732004573681211e-08, 4.825615957126002e-08, 4.097125065835375e-08, 3.5048493389265564e-08, 3.018288885854434e-08, 2.614774658677281e-08, 2.277217771085696e-08, 1.998647741720372e-08, 1.7666408906546718e-08, 1.5667732048754395e-08, 1.3935633754303928e-08, 1.2426035157041437e-08, 1.1103208350857898e-08, 9.93797711803601e-09, 8.906347746945366e-09, 7.988455289502861e-09, 7.167747235935297e-09, 6.43034562177062e-09, 5.764544959076081e-09, 5.1604139782832945e-09, 4.609478483625435e-09, 4.104467919493036e-09, 3.639111529647497e-09, 3.2079772222214282e-09, 2.8063453073063524e-09, 2.4301185271874165e-09, 2.075773420908726e-09, 1.7403773875647975e-09, 1.4217427720512103e-09, 1.1189327070014515e-09, 8.339102036058926e-10, 5.777396206406201e-10, 3.9525992562885534e-10], "mel": [0.2663724474506984, 0.9638701491905038, 0.0002294388628614625, 4.229591545023523e-05, 1.5121926427229622e-05, 7.2792522236255016e-06, 3.930833153277343e-06, 2.3637101885618175e-06, 1.540066242511224e-06, 1.0467410067671124e-06, 7.444265906997306e-07, 5.485709088172128e-07, 4.1256214580370704e-07, 3.153994635623307e-07, 2.4480454820485545e-07, 1.9364897071626087e-07, 1.5588778135165878e-07, 1.2580979074084892e-07, 1.0291666949727094e-07, 8.526714736272926e-08, 7.104014110687077e-08, 5.951582898905097e-08, 5.00985752393193e-08, 4.2542267144595704e-08, 3.626799600962311e-08, 3.102303714932087e-08, 2.671956235727723e-08, 2.307626135328295e-08, 1.9975065984161053e-08, 1.7383882242465634e-08, 1.5154910182281272e-08, 1.3228610597054849e-08, 1.1560485040215576e-08, 1.0109297597243262e-08, 8.843942670631983e-09, 7.756338107031123e-09, 6.798695577160003e-09, 5.934022702410614e-09, 5.181935460780243e-09, 4.522763600970263e-09, 3.9191330529434325e-09, 3.3737805134705644e-09, 2.887536834841479e-09, 2.433878214458021e-09, 2.015413641901975e-09, 1.626225087278608e-09, 1.260933766406848e-09, 9.163339587144791e-10, 5.949600477218419e-10, 3.3392558750926157e-10], "energy": [0.9999998797438697, 0.0004901062059873578, 1.6808564231137892e-05, 4.78193146740859e-06, 1.4058839123740411e-06, 7.32918910065991e-07, 3.733828452193989e-07, 2.3305688341389894e-07, 1.545036533233341e-07, 1.0957442710036926e-07, 7.798064791509254e-08, 5.896093799669674e-08, 4.414738125931321e-08, 3.485687460249923e-08, 2.6632064030251256e-08, 2.1693264434346825e-08, 1.6922472472491544e-08, 1.4110573480982044e-08, 1.0874911972279533e-08, 9.233199414583583e-09, 7.881661590133097e-09, 6.787490496479476e-09, 5.402633066334707e-09, 4.705174875578988e-09, 3.892960538646037e-09, 3.441058236383579e-09, 3.0008552228672683e-09, 2.66910483313285e-09, 2.156616998855762e-09, 1.92703203947767e-09, 1.689950973633924e-09, 1.5145226103565369e-09, 1.3344404335476817e-09, 1.1973443403561228e-09, 9.774780405488033e-10, 8.760545182107587e-10, 7.762648379537506e-10, 6.917815019638854e-10, 6.157564689267365e-10, 5.404913955962499e-10, 4.755500809781094e-10, 4.0603001368715224e-10, 3.5127133447518256e-10, 2.840191016405294e-10, 2.375649661938196e-10, 1.9160691246803107e-10, 1.4917721406625203e-10, 1.0849092314594271e-10, 7.376489295011459e-11, 5.0180725220607854e-11]}