{"direct": [0.11755698197854171, 0.15899810070203751, 0.15564487686176937, 0.16425180690426996, 0.13112037727632972, 0.16335557807978449, 0.19446645006361873, 0.16858620641701955, 0.1534297952257997, 0.14084243927820111, 0.1559701847474321, 0.15371802591969463, 0.13681570168207538, 0.12588508044641736, 0.14792308675836424, 0.13457310029014305, 0.14500798329813847, 0.14729586648280688, 0.1284390111240814, 0.12817047260491987, 0.09791951117121102, 0.14830324927607616, 0.13798838985934522, 0.15048579658270878, 0.16515565840643254, 0.157202518220055, 0.0955718623941012, 0.15182042624970155, 0.13520105209913627, 0.1378416596409948, 0.16387882843258902, 0.15209101133050748, 0.11369620393812468, 0.132406491051098, 0.11279052933475382, 0.10800719195176081, 0.1694905600598128, 0.1402427933735525, 0.12036937403872577, 0.1452050241506003, 0.12334130113713977, 0.15556936420093403, 0.1291149510456069, 0.13360446546639, 0.14347776181018007, 0.12229327736129232, 0.14043275797662058, 0.1347388380906697, 0.0996559758177941, 0.13128197010945147], "mel": [0.11291160265902521, 0.14140510438468887, 0.1520703032812137, 0.16470466912477918, 0.15922571431616106, 0.14825116783739534, 0.13641237525495029, 0.1368984819512976, 0.17816694824710252, 0.14738709663765662, 0.18869433925479964, 0.17810384514460512, 0.15767726728986564, 0.1384535991903252, 0.17436274147170808, 0.11884510042580607, 0.1502122203504557, 0.14167419221494362, 0.11142708901538752, 0.1412056160001379, 0.14993266104778227, 0.1342650986554398, 0.13593014677467805, 0.15137688055152207, 0.12956303465783256, 0.11878720297644436, 0.09860187876826813, 0.154155827409385, 0.13232629978821622, 0.14321473070093768, 0.1614858073677894, 0.14990156712697728, 0.10708299430117073, 0.13359566575245857, 0.13083442744887253, 0.16267502817955465, 0.156416249323466, 0.1180185592390644, 0.11127159913965555, 0.11842915400007299, 0.14783777596325054, 0.1370280762550261, 0.1304586597787142, 0.12957582735378007, 0.14390112774216682, 0.13309979911809947, 0.11510058341728313, 0.14887216079985457, 0.12471671658081489, 0.11662893922606155], "energy": [0.37776084879627986, 0.5109288828842947, 0.25629713559011663, 0.2704699857378389, 0.14876007622065632, 0.18533189692508045, 0.1909709722773974, 0.16175123421454046, 0.14395279241475306, 0.1321429282670049, 0.14173294404016326, 0.13968636634565026, 0.12025290345118814, 0.11064553438495456, 0.1237219275222654, 0.11255608387707759, 0.11470928333526112, 0.11651912465906715, 0.09301188904089454, 0.09281742106158505, 0.07075973277543675, 0.10716861392569756, 0.09161830851596772, 0.09991604476750089, 0.10337266656895364, 0.09839471233718737, 0.05882168677301701, 0.09344103311264398, 0.07540307109467802, 0.07687576613010401, 0.08955038991139676, 0.08310902327610298, 0.061031053401521325, 0.07107455962592235, 0.05509521035540134, 0.052745728579565304, 0.08192933009403, 0.06763417918160708, 0.058027871007202414, 0.06930165074527486, 0.05875462069312244, 0.07232852758464033, 0.05997362591388169, 0.05874313143702281, 0.06293497646849516, 0.05296161806131295, 0.06016382870582412, 0.05632943979159267, 0.04088739369764836, 0.05355841939865009]}