{"direct": [0.9999914818676822, 0.004127084608449641, 5.60751954768185e-05, 1.3427736944739001e-05, 5.33947309537201e-06, 2.683447239244637e-06, 1.5457527348534803e-06, 9.740652073948487e-07, 6.542560442349259e-07, 4.6095455763205977e-07, 3.370624467524627e-07, 2.5391421372893825e-07, 1.9599618927047218e-07, 1.5439488855927176e-07, 1.237326262626647e-07, 1.0063016900028251e-07, 8.288961019290958e-08, 6.9038468864654e-08, 5.8064586706949075e-08, 4.92563670981694e-08, 4.210345065365778e-08, 3.623324323169854e-08, 3.1369355665775326e-08, 2.7303788303631086e-08, 2.3951073764435526e-08, 2.1160567519222572e-08, 1.875802199287827e-08, 1.6677047590720453e-08, 1.4864303613844902e-08, 1.3276589404392468e-08, 1.187865183852712e-08, 1.064151788300573e-08, 9.541213869366663e-09, 8.557773429578965e-09, 7.674463159505398e-09, 6.877173096865049e-09, 6.153933820376784e-09, 5.494531862344236e-09, 4.890200642177835e-09, 4.333372969583658e-09, 3.817481757397883e-09, 3.3368021747211067e-09, 2.886332011309986e-09, 2.4617134421468193e-09, 2.0592145930044564e-09, 1.67582932524586e-09, 1.309684878819025e-09, 9.614935051035441e-10, 6.407365075533343e-10, 3.985125497644604e-10], "mel": [0.0835772535563261, 0.9965010579194695, 0.0006919436911799778, 7.00363365407775e-05, 2.097461381301498e-05, 9.275244462282643e-06, 4.7492640025702455e-06, 2.761093112735643e-06, 1.7596513103483123e-06, 1.1769617253090758e-06, 8.274463153617546e-07, 6.045513166292056e-07, 4.51627703074804e-07, 3.4341645179343787e-07, 2.654010937450467e-07, 2.0921512533125202e-07, 1.679491354463228e-07, 1.352152431920861e-07, 1.1038740210237972e-07, 9.130255878367334e-08, 7.59562593267958e-08, 6.355197162906055e-08, 5.343444570461504e-08, 4.532940206794315e-08, 3.860903660706357e-08, 3.2998200835993705e-08, 2.839966351533747e-08, 2.4510447745990337e-08, 2.120290784229699e-08, 1.844157822454885e-08, 1.6068021889587554e-08, 1.4018186325299887e-08, 1.2244235513036685e-08, 1.0701921508083262e-08, 9.357886305260523e-09, 8.20327556811304e-09, 7.187157620814062e-09, 6.2701321296820784e-09, 5.472878079601645e-09, 4.774413478349654e-09, 4.1350421850213735e-09, 3.557578683079425e-09, 3.0428121510827484e-09, 2.562561328690835e-09, 2.1194582192436678e-09, 1.70703156853289e-09, 1.3192041324560034e-09, 9.51676675824334e-10, 6.044721776668836e-10, 3.091644275626914e-10], "energy": [0.9999952219481829, 0.0030910464186053705, 3.804290989987066e-05, 7.488133331105835e-06, 2.7087814848524404e-06, 1.2346076597265842e-06, 6.117359497429784e-07, 3.818493262672411e-07, 2.5623069973714017e-07, 1.741915338711506e-07, 1.159141587124809e-07, 7.984683519588952e-08, 6.13797753785776e-08, 4.6909688880589575e-08, 3.7083483274644405e-08, 2.752657143427061e-08, 2.2672444213770342e-08, 1.8835709511118187e-08, 1.502279729758958e-08, 1.2705690571358992e-08, 1.0496569683935406e-08, 8.984647580890282e-09, 7.319557352387365e-09, 6.353588499493477e-09, 5.43214402742349e-09, 4.646837793315406e-09, 4.0752262259264256e-09, 3.5334002083063602e-09, 3.1435105353744635e-09, 2.779005167435492e-09, 2.483336438609886e-09, 2.1525709443028903e-09, 1.9241608021966777e-09, 1.6589692124513627e-09, 1.460736474118024e-09, 1.2858506200979123e-09, 1.139625910021672e-09, 1.0168257380666402e-09, 9.022796688972189e-10, 7.990201814364083e-10, 6.789967178219722e-10, 5.91365198210724e-10, 4.893891803379548e-10, 4.173237925091993e-10, 3.4898013029926064e-10, 2.8122437363864847e-10, 2.1668747408060129e-10, 1.589702917493781e-10, 1.0500469497677525e-10, 6.517717893726026e-11]}