{"direct": [0.9969132903157036, 0.04839234699200932, 0.030724385780955887, 0.039402052667594036, 0.012747105185633621, 0.004588386844176169, 0.010042612745003607, 0.01718422177837792, 0.007329296289108912, 0.003956184472604756, 0.00308845589457716, 0.002687432698068473, 0.005942635410508557, 0.0038893887311872715, 0.005012376796104823, 0.0032125126245030272, 0.004639691400833369, 0.0013112902533442409, 0.004736875725732263, 0.0014417941582401802, 0.0028551652235544343, 0.004183441499598113, 0.0051551929096093135, 0.004215924520102345, 0.0037895607672183717, 0.004760759459532131, 0.003053650002644127, 0.00412322816816341, 0.004795657855671439, 0.001992425377288747, 0.00356633264162311, 0.003452429594923429, 0.005758501979397745, 0.004695544841641423, 0.00712330385264304, 0.004863738483530275, 0.006953889412815608, 0.007330950004206386, 0.005977886693090082, 0.005211883740311693, 0.006009402516736851, 0.00322663766253796, 1.502474149198017e-06, 1.1609651179196717e-07, 3.498087762993897e-08, 1.5614660446014266e-08, 8.521074088499884e-09, 5.2677605795963116e-09, 3.6036230267111477e-09, 2.840393509886338e-09], "mel": [0.9958983230827714, 0.07535306546539408, 0.015185785967175633, 0.014182163762890573, 0.02707213101725219, 0.027463241639569716, 0.006776890502653327, 0.008932422476162789, 0.0025821250624831703, 0.006052791519374485, 0.005810471684125803, 0.011658796519453634, 0.00445962857445096, 0.0028148093387992366, 0.002495686193649115, 0.001999062672232124, 0.0013390342846160991, 0.0033482100837638642, 0.003574202289034942, 0.0010957524188918606, 0.0035052175197674475, 0.0023591379466658263, 0.0021829857894017637, 0.0008454870209353813, 0.0029132905068024037, 0.0008317581596089756, 0.001628869744010764, 0.002415173912242653, 0.002990639189615717, 0.002244077466973299, 0.002629106815866975, 0.0028923946297396658, 0.0022217551593642386, 0.002522088179802563, 0.0019635970147885108, 0.0021605430458697837, 0.0017849602728858228, 0.00364312471445155, 0.0030101408943280883, 0.003524693068456439, 0.003879366708022658, 0.0042781198086022975, 0.003583525626244845, 0.0031845026012516375, 0.0012237462134150297, 1.3729333367394653e-07, 1.8854409615839645e-08, 6.397140721181907e-09, 3.0211998283569155e-09, 1.830830140814675e-09], "energy": [0.9999783412024944, 0.006412552127035434, 0.0004151454019743857, 0.00028287155028059276, 0.0007703178502065059, 0.0011377107138062067, 6.119178933645569e-05, 9.101434860148776e-05, 8.017193068033128e-06, 4.8378229796243506e-05, 4.177389372800865e-05, 0.0001726470105991819, 2.689440621832898e-05, 1.1212892055982668e-05, 8.004666440595602e-06, 6.568741450250373e-06, 2.9133769502435228e-06, 2.054144868913146e-05, 1.6826637173403874e-05, 2.6791547752895507e-06, 1.7278619365161765e-05, 9.708966411500503e-06, 8.879679056468092e-06, 1.040457804305694e-06, 1.4976196651274329e-05, 1.3860367250180506e-06, 4.75895386258222e-06, 1.2274073045038454e-05, 1.6523860669559545e-05, 9.17654758550463e-06, 1.736708917743046e-05, 1.8497935761695496e-05, 1.1456855201665482e-05, 1.2280388465991251e-05, 9.225992753256289e-06, 1.077728301829719e-05, 9.090458105481808e-06, 2.8721744104304223e-05, 2.149747933878213e-05, 2.5914179395266515e-05, 3.401934338101069e-05, 3.76671502536198e-05, 2.979990015797577e-05, 2.4057388186246443e-05, 7.82309451483645e-06, 6.335080074419368e-14, 8.432641649163262e-16, 9.37459192256012e-17, 2.0304322871709573e-17, 7.773459948785186e-18]}