{"direct": [0.6731113032771171, 0.3548192371836384, 0.21116438002161345, 0.1378197556672663, 0.14078330874866984, 0.14115599742690696, 0.12902213566474235, 0.14015596929423718, 0.16309691326011477, 0.10983975092300222, 0.12946489014144663, 0.10951169022093568, 0.09758431148090005, 0.08890169974080972, 0.09144220299578688, 0.09866519741741145, 0.14133122721816935, 0.10205979171512614, 0.08502835043722952, 0.06946020268714242, 0.08505478114501404, 0.08797599341343987, 0.0659062638202022, 0.06867216870405721, 0.08587128518862601, 0.06749689717093522, 0.06838121510549221, 0.06228011282560343, 0.07734051198771891, 0.06787452113551974, 0.07625921321707735, 0.09186815791905821, 0.07778000937101019, 0.08543487589862789, 0.06094687813324874, 0.06452788883524402, 0.06826687254236587, 0.05217001498486811, 0.06292258454299775, 0.059813690102574105, 0.05680980003609393, 0.06382264819007692, 0.047329084143487944, 0.04680175462891232, 0.05887899042552047, 0.062170268112926995, 0.053937650676173975, 0.05070430225692018, 0.058641361596300935, 0.050269850837472645], "mel": [0.6844869728914964, 0.34987310759303714, 0.27986164111838824, 0.19160074775421052, 0.14535176427407628, 0.11647272918185758, 0.12963652091276207, 0.10521191293513821, 0.1120605341125309, 0.10073681446522723, 0.10441480839575357, 0.11572434547399896, 0.13169889751449448, 0.09725930652623328, 0.08731188638111222, 0.11530577848969283, 0.08482305836524101, 0.08636105206024053, 0.07083576544056364, 0.06696093165031593, 0.07505574782907942, 0.08786835274097342, 0.11007975576332617, 0.08304821409346189, 0.06838456798001712, 0.05513104782775397, 0.06827839390235436, 0.06778886006631014, 0.058928441626514054, 0.05238213367218386, 0.06797396186679795, 0.05604680095334321, 0.054069595665095845, 0.0577195204794012, 0.058156660775411796, 0.05048085723861009, 0.07341546593210932, 0.06067951152380989, 0.06175385429151295, 0.055103690632005424, 0.05225234000277107, 0.041004190717484845, 0.05436302699045914, 0.04548514067176242, 0.0501250240618131, 0.03497153186221993, 0.045972844755541566, 0.04582856128268168, 0.04624497298764093, 0.04044909680061943], "energy": [0.8433681317764127, 0.44456724426429933, 0.18708370697184482, 0.08635081718732703, 0.08820762812937573, 0.07910216496852636, 0.07230249118693678, 0.06209427742507731, 0.06813975696467903, 0.04588961117256473, 0.05131135895803189, 0.04340322415511724, 0.03392004173245299, 0.030901989464609803, 0.02866093570721158, 0.030924855122419895, 0.04297355229111566, 0.031032574204708088, 0.02511907221175143, 0.019470673124710944, 0.023842053108130652, 0.02206794576275875, 0.016531962856903813, 0.017217436740095567, 0.021529586853407338, 0.016601526653081487, 0.016819033358954856, 0.014503248547393764, 0.018010382724924136, 0.015043034976481531, 0.016399981480229246, 0.019756774623500707, 0.016266159296692447, 0.017867024086244927, 0.012571920202538592, 0.013310599232028578, 0.013542220802445225, 0.010349058567953326, 0.0123230531142022, 0.01171419269319341, 0.010623968084206944, 0.01193543679066171, 0.008488586910550227, 0.008394009073349546, 0.010453534483250928, 0.011037876785158088, 0.009566977593444301, 0.008820621124474527, 0.010201367730953518, 0.008667881751950232]}