{"direct": [0.6731113032771171, 0.3548192371836384, 0.21116438002161345, 0.1378197556672663, 0.14078330874866984, 0.14115599742690696, 0.12902213566474235, 0.14015596929423718, 0.16309691326011477, 0.10983975092300222, 0.12946489014144663, 0.10951169022093568, 0.09758431148090005, 0.08890169974080972, 0.09144220299578688, 0.09866519741741145, 0.14133122721816935, 0.10205979171512614, 0.08502835043722952, 0.06946020268714242, 0.08505478114501404, 0.08797599341343987, 0.0659062638202022, 0.06867216870405721, 0.08587128518862601, 0.06749689717093522, 0.06838121510549221, 0.06228011282560343, 0.07734051198771891, 0.06787452113551974, 0.07625921321707735, 0.09186815791905821, 0.07778000937101019, 0.08543487589862789, 0.06094687813324874, 0.06452788883524402, 0.06826687254236587, 0.05217001498486811, 0.06292258454299775, 0.059813690102574105, 0.05680980003609393, 0.06382264819007692, 0.047329084143487944, 0.04680175462891232, 0.05887899042552047, 0.062170268112926995, 0.053937650676173975, 0.05070430225692018, 0.058641361596300935, 0.050269850837472645], "mel": [0.6844869728914964, 0.34987310759303714, 0.27986164111838824, 0.19160074775421052, 0.14535176427407628, 0.11647272918185758, 0.12963652091276207, 0.10521191293513821, 0.1120605341125309, 0.10073681446522723, 0.10441480839575357, 0.11572434547399896, 0.13169889751449448, 0.09725930652623328, 0.08731188638111222, 0.11530577848969283, 0.08482305836524101, 0.08636105206024053, 0.07083576544056364, 0.06696093165031593, 0.07505574782907942, 0.08786835274097342, 0.11007975576332617, 0.08304821409346189, 0.06838456798001712, 0.05513104782775397, 0.06827839390235436, 0.06778886006631014, 0.058928441626514054, 0.05238213367218386, 0.06797396186679795, 0.05604680095334321, 0.054069595665095845, 0.0577195204794012, 0.058156660775411796, 0.05048085723861009, 0.07341546593210932, 0.06067951152380989, 0.06175385429151295, 0.055103690632005424, 0.05225234000277107, 0.041004190717484845, 0.05436302699045914, 0.04548514067176242, 0.0501250240618131, 0.03497153186221993, 0.045972844755541566, 0.04582856128268168, 0.04624497298764093, 0.04044909680061943], "energy": [0.8130453009415403, 0.42858307693133246, 0.2550636218213307, 0.09627587854990627, 0.0983461091577025, 0.09860645593997419, 0.09013018056348984, 0.09790787258679735, 0.0836108554609754, 0.056308824947814015, 0.06636955905856776, 0.05254643745275524, 0.046823383962536776, 0.042657250522289566, 0.04387624728068902, 0.03851617361513724, 0.05517181566815344, 0.039841329665558506, 0.03319272441926996, 0.02711534863425318, 0.031637284604466895, 0.0327238693053157, 0.024514732712577286, 0.025543548715879875, 0.027890942259426295, 0.021922951980394182, 0.022210177918582038, 0.019160647658570482, 0.02379402079889799, 0.020881782730766595, 0.023455033187201053, 0.02825587364381518, 0.02392278420057551, 0.026277190191334412, 0.01730322581701612, 0.01715648121789294, 0.018150590972653747, 0.01387080684617414, 0.016576766966488885, 0.01575773801151797, 0.014966372145245163, 0.016813886046084442, 0.012231104245854541, 0.012094828161467647, 0.01521590968466467, 0.016066464078970645, 0.012846726766347554, 0.012076616404442053, 0.013967044173968898, 0.01147914424329064]}