{"direct": [0.060832334454914365, 0.06583972031903099, 0.04729242241728237, 0.018956438111390448, 0.015373090215038646, 0.02216401679506876, 0.01657806806554194, 0.01594886403391732, 0.018990942009108332, 0.01244422910190455, 0.017484447341302174, 0.02015552640534044, 0.031110654008149614, 0.07199070192746519, 0.09752633922740934, 0.380855335926109, 0.29997061657605967, 0.34264457007768995, 0.2842491691715497, 0.27165684008252516, 0.10214019679731585, 0.0764031508869127, 0.03291814095624969, 0.014095431773721566, 0.01545811609958305, 0.011044652039935893, 0.018308035785070727, 0.029607951182943633, 0.03375533049606421, 0.047360292266438585, 0.1396641569624198, 0.2938169389090111, 0.20791799202354663, 0.191467155423448, 0.21715031790102265, 0.2510417542984469, 0.32273108947471696, 0.13628068162994406, 0.05224257454527629, 0.044808550235601416, 0.030978703471824104, 0.02297323701467243, 0.021782939170206777, 0.012570449433042051, 0.009537944999588452, 0.011413658785797452, 0.02758984655994016, 0.09348366230160236, 0.06833911862420214, 0.04247946997621759], "mel": [0.03663862954733674, 0.08222554205010511, 0.051243719161046995, 0.08463242948072479, 0.029492316888151644, 0.016792627018231348, 0.015171315110910084, 0.018825756085725, 0.016982670315056275, 0.026708770936650576, 0.015589442205327087, 0.014132408139692383, 0.016865388922438662, 0.017238307151578654, 0.009862854254467302, 0.022687834604244735, 0.021136714609325584, 0.029348979071864532, 0.05238914307574113, 0.087976019180322, 0.12982351242310686, 0.4663814615521433, 0.27632871930436154, 0.34237124499536487, 0.28762841154064006, 0.2791091146279202, 0.12002411030973431, 0.07774105950317153, 0.03991765869651563, 0.013401193996622667, 0.016321780065487547, 0.011805660912424252, 0.01893918056653365, 0.034488887098711396, 0.0354369505388454, 0.08757896995506038, 0.2755740814723579, 0.21454659017133978, 0.20452525140201916, 0.20953701067770394, 0.33048812102318775, 0.11366507093587618, 0.04624354200262004, 0.031215118744484637, 0.02318425518910779, 0.016047976237734417, 0.00986956251942157, 0.020126251987221584, 0.08552060620104637, 0.05187785965311935], "energy": [0.005009786597345485, 0.014569393258371815, 0.0061057813081784856, 0.021422516125150566, 0.001676749990776769, 0.0007335253191572479, 0.0006934122082043225, 0.0007895955525516246, 0.0006502153889950003, 0.0023265365126498684, 0.0006494656316761691, 0.0004689294338215878, 0.0007943500760908143, 0.0008667182921146884, 0.0003096022480611876, 0.0013091828106507662, 0.0012995703330504977, 0.002664912931590408, 0.007254644496631564, 0.019470039638691775, 0.048002090729578256, 0.6070329610289787, 0.22102183634958814, 0.3664710972693033, 0.26689932705047514, 0.21961108768519652, 0.045309319516900606, 0.01792304902784567, 0.0054363513635714315, 0.0006867477165516989, 0.0009938004864488007, 0.0005189839299973207, 0.0014173325546088624, 0.004051971976350982, 0.00487868494278482, 0.029688589216799392, 0.2659059288700428, 0.17985767515878942, 0.1533694145158837, 0.15277489186081175, 0.40994997629105145, 0.053358583167017436, 0.009470070864686753, 0.004548443009957069, 0.002414921044600631, 0.001269780525032334, 0.00047340581293490856, 0.0021231327279143575, 0.030998280671598533, 0.01291677732563994]}