{"direct": [0.9999998793050024, 0.0004901062057775913, 3.280123632518946e-05, 9.33174672130007e-06, 3.9820047766911625e-06, 2.0759086686534567e-06, 1.2218002377027386e-06, 7.805574745644086e-07, 5.291720312680753e-07, 3.752902984278337e-07, 2.7575673922675475e-07, 2.0849885758107496e-07, 1.6140382986811107e-07, 1.2743752624941661e-07, 1.0232049371970729e-07, 8.334560643872561e-08, 6.874255659486376e-08, 5.732004573681211e-08, 4.825615957126002e-08, 4.097125065835375e-08, 3.5048493389265564e-08, 3.018288885854434e-08, 2.614774658677281e-08, 2.277217771085696e-08, 1.998647741720372e-08, 1.7666408906546718e-08, 1.5667732048754395e-08, 1.3935633754303928e-08, 1.2426035157041437e-08, 1.1103208350857898e-08, 9.93797711803601e-09, 8.906347746945366e-09, 7.988455289502861e-09, 7.167747235935297e-09, 6.43034562177062e-09, 5.764544959076081e-09, 5.1604139782832945e-09, 4.609478483625435e-09, 4.104467919493036e-09, 3.639111529647497e-09, 3.2079772222214282e-09, 2.8063453073063524e-09, 2.4301185271874165e-09, 2.075773420908726e-09, 1.7403773875647975e-09, 1.4217427720512103e-09, 1.1189327070014515e-09, 8.339102036058926e-10, 5.777396206406201e-10, 3.9525992562885534e-10], "mel": [0.2663724474506984, 0.9638701491905038, 0.0002294388628614625, 4.229591545023523e-05, 1.5121926427229622e-05, 7.2792522236255016e-06, 3.930833153277343e-06, 2.3637101885618175e-06, 1.540066242511224e-06, 1.0467410067671124e-06, 7.444265906997306e-07, 5.485709088172128e-07, 4.1256214580370704e-07, 3.153994635623307e-07, 2.4480454820485545e-07, 1.9364897071626087e-07, 1.5588778135165878e-07, 1.2580979074084892e-07, 1.0291666949727094e-07, 8.526714736272926e-08, 7.104014110687077e-08, 5.951582898905097e-08, 5.00985752393193e-08, 4.2542267144595704e-08, 3.626799600962311e-08, 3.102303714932087e-08, 2.671956235727723e-08, 2.307626135328295e-08, 1.9975065984161053e-08, 1.7383882242465634e-08, 1.5154910182281272e-08, 1.3228610597054849e-08, 1.1560485040215576e-08, 1.0109297597243262e-08, 8.843942670631983e-09, 7.756338107031123e-09, 6.798695577160003e-09, 5.934022702410614e-09, 5.181935460780243e-09, 4.522763600970263e-09, 3.9191330529434325e-09, 3.3737805134705644e-09, 2.887536834841479e-09, 2.433878214458021e-09, 2.015413641901975e-09, 1.626225087278608e-09, 1.260933766406848e-09, 9.163339587144791e-10, 5.949600477218419e-10, 3.3392558750926157e-10], "energy": [0.9999998793380157, 0.0004901062057937483, 3.280123632626595e-05, 5.9596911672303105e-06, 2.5430950286452795e-06, 1.112999911503053e-06, 6.550690678117835e-07, 4.1849644602934415e-07, 2.312315021285232e-07, 1.6399003407599976e-07, 1.204970052567819e-07, 8.08380310950819e-08, 6.257860579725223e-08, 4.940937724622291e-08, 3.7738019060455123e-08, 3.0739668760843456e-08, 2.195992788812688e-08, 1.8310987156659204e-08, 1.5250666596128783e-08, 1.294837569687376e-08, 1.1076573273239857e-08, 8.823345936432462e-09, 7.643755197672345e-09, 6.65697715717189e-09, 5.637211257677183e-09, 4.9828329971238065e-09, 4.419103659130708e-09, 3.5513109313284905e-09, 3.1666098050720536e-09, 2.8295049858811785e-09, 2.420110814740097e-09, 2.168886911914878e-09, 1.9453603897020833e-09, 1.7315831525380578e-09, 1.5534417965844765e-09, 1.3925977862529467e-09, 1.165952220914065e-09, 1.0414729705515873e-09, 9.273700727388862e-10, 7.755325529760369e-10, 6.836533436168706e-10, 5.784680712296972e-10, 5.009169661415974e-10, 4.2736126445921967e-10, 3.583097622766158e-10, 2.92242840405481e-10, 2.299994618892402e-10, 1.6226290036591333e-10, 1.1241702775200403e-10, 7.297812540547542e-11]}