{"direct": [0.0007695935914810584, 0.0008011033724128544, 0.001056425526167572, 0.002529023951647305, 0.6770042809336891, 0.4183673880809637, 0.49406233661366217, 0.0869353337273491, 0.05366329133707683, 0.20736956997534392, 0.01678284793403686, 0.05932941870491195, 0.018258739694099045, 0.101364882932785, 0.009683419971416512, 0.0027789527400460478, 0.004409895436082533, 0.10386445636287825, 0.10283255012910729, 0.007297887864026129, 0.11424779632523564, 0.00970026491907411, 0.008871426277598321, 0.04756259245296362, 0.003177422680501836, 0.0027439117701762565, 0.0035646844314111098, 0.05039979073435768, 0.026846963560925596, 0.02877926606706825, 0.0029035364867548885, 0.00137618256075949, 0.013271820535327751, 0.01284895408647551, 0.0032210195353478423, 0.042155791543524765, 0.0033284057911427225, 0.003895353612517181, 0.003138416337287025, 0.0017374929760014804, 0.001980355753787655, 0.030297272733413545, 0.1015272672215411, 0.005724833122285438, 0.0022281116386366597, 0.0015168236342817838, 0.0016044149945992866, 0.0015082866123032163, 0.008676268545323065, 0.0025561751932714613], "mel": [0.0007082473667034511, 0.000500086042730581, 0.0005679371247010042, 0.0007112453634502846, 0.0008190094582566522, 0.0011421164674626776, 0.030223210694929448, 0.7243538080580906, 0.3262776166543035, 0.16004482477493157, 0.5113637992618986, 0.029569265638619016, 0.04255601139658009, 0.19878182065623648, 0.013972606405097041, 0.015600508928345138, 0.051158515170985616, 0.009127922285507229, 0.018592756551445388, 0.08210393850687797, 0.0036776798150169967, 0.0018145642344862024, 0.00399366526519901, 0.08409266947270369, 0.07951360513851462, 0.0048019082853346835, 0.0860702770006785, 0.00995693816504212, 0.006182467971199218, 0.03570753087867192, 0.002351830859333997, 0.002039116137581186, 0.0024726606371969365, 0.04760115730976669, 0.017507303650512385, 0.0034876413023225304, 0.0009969275994549747, 0.013968355705218365, 0.0022926582078715064, 0.0188538472950592, 0.00847572547992506, 0.003270011004509024, 0.001262067588701861, 0.0014737469860012467, 0.021671236891086434, 0.048927349898449705, 0.0014560532442631673, 0.001231898624768699, 0.00461231006823962, 0.0015972593229976204], "energy": [2.7370819218046687e-07, 1.2962205503049288e-07, 1.575763643941985e-07, 2.522875399536016e-07, 3.3174678287647207e-07, 6.464607206952785e-07, 0.0013756328627462597, 0.8582151910332406, 0.27704300601069953, 0.05429602881396342, 0.4199744826391087, 0.0004123217628008124, 0.0009027630571770897, 0.07759931653101582, 0.0001184265924308497, 0.00015897768927382658, 0.005057547211841936, 5.191858497704361e-05, 0.00019671656613195787, 0.013481952153789155, 9.53480253918482e-06, 2.5067746352512807e-06, 1.1130600182944756e-05, 0.020681276906791498, 0.017367033385027875, 1.7375459144121414e-05, 0.01441466596054137, 9.919765323580928e-05, 2.9039806236406725e-05, 0.0020767371661143323, 5.108113500377009e-06, 3.218536545427323e-06, 5.858101034687541e-06, 0.005709661697565858, 0.0012887557004200357, 1.1606053896335295e-05, 8.859883580473902e-07, 0.000637832902186524, 5.266991945134088e-06, 0.0010108926378160266, 0.0005078683095655414, 2.3575819810717207e-05, 1.493154214582298e-06, 2.325134603007836e-06, 0.0018544309658604624, 0.013207957000596782, 2.2695259231948787e-06, 1.4602085029493746e-06, 8.20500917437865e-05, 4.612514980102313e-06]}