{"direct": [0.7553100363728609, 0.6553676222787801, 0.00016645742151111703, 2.8419711991792127e-05, 9.205290334418137e-06, 3.9888460467372695e-06, 2.0524875311896443e-06, 1.1842722987885368e-06, 7.41641831931905e-07, 4.938406400144833e-07, 3.448439889404416e-07, 2.500698935554172e-07, 1.8698266649502753e-07, 1.4338676213207308e-07, 1.1230217291074994e-07, 8.95423143214821e-08, 7.249417235786191e-08, 5.94701223917521e-08, 4.934735740679595e-08, 4.1359158560311465e-08, 3.496979830161334e-08, 2.9797225004567156e-08, 2.5563955555012246e-08, 2.2065113394988787e-08, 1.9209042411526782e-08, 1.6853920450188215e-08, 1.4843483764965086e-08, 1.3116103665727634e-08, 1.162283158650088e-08, 1.0324441946348628e-08, 9.189239260620316e-09, 8.191408411801721e-09, 7.3097688106717695e-09, 6.526816649809957e-09, 5.827988137448249e-09, 5.201083530415202e-09, 4.635816136654642e-09, 4.123454911508949e-09, 3.6565391410490687e-09, 3.22864971549335e-09, 2.834223507618458e-09, 2.4684029033374347e-09, 2.1269112821138613e-09, 1.8059517806877052e-09, 1.5021226000911234e-09, 1.2123533255349301e-09, 9.338600543735359e-10, 6.641670462611942e-10, 4.014519542072647e-10, 1.5212699156699035e-10], "mel": [0.0009319169403791018, 0.9999903895269133, 0.0042808206743703316, 0.00015961940499133317, 3.551231786470341e-05, 1.3106846677542839e-05, 5.796686034557822e-06, 2.9943777675027755e-06, 1.7349157301635758e-06, 1.0686156682903427e-06, 7.01203588896459e-07, 4.833221877963919e-07, 3.431394056487922e-07, 2.494587828761806e-07, 1.85343843444966e-07, 1.4122612191107122e-07, 1.1011620992341099e-07, 8.631391676336817e-08, 6.883888769574976e-08, 5.5792546878767516e-08, 4.556773842843447e-08, 3.749567807259179e-08, 3.105026111981931e-08, 2.5985524559419676e-08, 2.1858704260226672e-08, 1.846752015034721e-08, 1.5728306378679164e-08, 1.3442267882130311e-08, 1.1521860229555384e-08, 9.936766599822212e-09, 8.588644477045335e-09, 7.4359137158566935e-09, 6.4477926741679164e-09, 5.596441900727441e-09, 4.8610347626572505e-09, 4.234537641983452e-09, 3.6877086128027006e-09, 3.1981590457206135e-09, 2.775951754761266e-09, 2.4089380079955815e-09, 2.0755807291609466e-09, 1.7767932405055333e-09, 1.5124363967557791e-09, 1.2675404789059569e-09, 1.043029333391446e-09, 8.351258048381542e-10, 6.401090381175852e-10, 4.5466701493581816e-10, 2.7556097467249425e-10, 9.97589957127289e-11], "energy": [0.7553100365785614, 0.6553676224572316, 0.00016645742155641755, 1.8150161125424513e-05, 5.878930188464072e-06, 2.13862264998399e-06, 1.1004426522305253e-06, 6.349484367812832e-07, 3.240741096407835e-07, 2.1579279758291813e-07, 1.5068595630550268e-07, 9.695572470057284e-08, 7.24958917633689e-08, 5.5593127334626055e-08, 4.141947901913242e-08, 3.3025149142133006e-08, 2.315838799902933e-08, 1.899783284509121e-08, 1.5595524013464555e-08, 1.307096842464732e-08, 1.1051702822968547e-08, 8.710605053614887e-09, 7.473095914594154e-09, 6.450281468072825e-09, 5.41793473141816e-09, 4.7536696005646795e-09, 4.186623388221521e-09, 3.3424645880420155e-09, 2.9619240576884292e-09, 2.631046725189886e-09, 2.237777070227231e-09, 1.9947838332330386e-09, 1.7800856598959278e-09, 1.5767472514320433e-09, 1.4079243787808172e-09, 1.2564768708937603e-09, 1.0474237424210392e-09, 9.316600244275057e-10, 8.261643254450483e-10, 6.880588673147123e-10, 6.040025361099259e-10, 5.088084716929125e-10, 4.384172767806825e-10, 3.7181025104074883e-10, 3.0925774818925845e-10, 2.492023075334408e-10, 1.9195730779267977e-10, 1.29234143932513e-10, 7.811483560357723e-11, 2.8087701157984603e-11]}