{"direct": [0.6731113032771171, 0.3548192371836384, 0.21116438002161345, 0.1378197556672663, 0.14078330874866984, 0.14115599742690696, 0.12902213566474235, 0.14015596929423718, 0.16309691326011477, 0.10983975092300222, 0.12946489014144663, 0.10951169022093568, 0.09758431148090005, 0.08890169974080972, 0.09144220299578688, 0.09866519741741145, 0.14133122721816935, 0.10205979171512614, 0.08502835043722952, 0.06946020268714242, 0.08505478114501404, 0.08797599341343987, 0.0659062638202022, 0.06867216870405721, 0.08587128518862601, 0.06749689717093522, 0.06838121510549221, 0.06228011282560343, 0.07734051198771891, 0.06787452113551974, 0.07625921321707735, 0.09186815791905821, 0.07778000937101019, 0.08543487589862789, 0.06094687813324874, 0.06452788883524402, 0.06826687254236587, 0.05217001498486811, 0.06292258454299775, 0.059813690102574105, 0.05680980003609393, 0.06382264819007692, 0.047329084143487944, 0.04680175462891232, 0.05887899042552047, 0.062170268112926995, 0.053937650676173975, 0.05070430225692018, 0.058641361596300935, 0.050269850837472645], "mel": [0.6844869728914964, 0.34987310759303714, 0.27986164111838824, 0.19160074775421052, 0.14535176427407628, 0.11647272918185758, 0.12963652091276207, 0.10521191293513821, 0.1120605341125309, 0.10073681446522723, 0.10441480839575357, 0.11572434547399896, 0.13169889751449448, 0.09725930652623328, 0.08731188638111222, 0.11530577848969283, 0.08482305836524101, 0.08636105206024053, 0.07083576544056364, 0.06696093165031593, 0.07505574782907942, 0.08786835274097342, 0.11007975576332617, 0.08304821409346189, 0.06838456798001712, 0.05513104782775397, 0.06827839390235436, 0.06778886006631014, 0.058928441626514054, 0.05238213367218386, 0.06797396186679795, 0.05604680095334321, 0.054069595665095845, 0.0577195204794012, 0.058156660775411796, 0.05048085723861009, 0.07341546593210932, 0.06067951152380989, 0.06175385429151295, 0.055103690632005424, 0.05225234000277107, 0.041004190717484845, 0.05436302699045914, 0.04548514067176242, 0.0501250240618131, 0.03497153186221993, 0.045972844755541566, 0.04582856128268168, 0.04624497298764093, 0.04044909680061943], "energy": [0.8133572211427275, 0.4287475003890196, 0.2551614755277895, 0.09616624052814358, 0.09823411357772391, 0.09849416387965274, 0.09002754120203607, 0.09779637606631224, 0.080498813626805, 0.054212979642744547, 0.06389924771960123, 0.054044189754430726, 0.048158009762143954, 0.043873127340012745, 0.04512686965470623, 0.037732549356823034, 0.054049326877733846, 0.03903074467024147, 0.03251740749099932, 0.02656367792119649, 0.03252589478208357, 0.03364299886018288, 0.025203288676286142, 0.02626100148229648, 0.026829537783201872, 0.021088662512952515, 0.021364957917003078, 0.019458735670790032, 0.02416419160361395, 0.021201479587032005, 0.02382054599128336, 0.028696200610096593, 0.024292058632537302, 0.02668280746397722, 0.01903477704689972, 0.017047449520246834, 0.018035241576592077, 0.013782656041883324, 0.016621946405991867, 0.01580068521422845, 0.015007162506012212, 0.016859711745930598, 0.012501429178073155, 0.012362141196924066, 0.015552203094603057, 0.01642155595995186, 0.014243351773832616, 0.01160799302080562, 0.01342506426163261, 0.01150853185437948]}