{"direct": [0.11755698197854171, 0.15899810070203751, 0.15564487686176937, 0.16425180690426996, 0.13112037727632972, 0.16335557807978449, 0.19446645006361873, 0.16858620641701955, 0.1534297952257997, 0.14084243927820111, 0.1559701847474321, 0.15371802591969463, 0.13681570168207538, 0.12588508044641736, 0.14792308675836424, 0.13457310029014305, 0.14500798329813847, 0.14729586648280688, 0.1284390111240814, 0.12817047260491987, 0.09791951117121102, 0.14830324927607616, 0.13798838985934522, 0.15048579658270878, 0.16515565840643254, 0.157202518220055, 0.0955718623941012, 0.15182042624970155, 0.13520105209913627, 0.1378416596409948, 0.16387882843258902, 0.15209101133050748, 0.11369620393812468, 0.132406491051098, 0.11279052933475382, 0.10800719195176081, 0.1694905600598128, 0.1402427933735525, 0.12036937403872577, 0.1452050241506003, 0.12334130113713977, 0.15556936420093403, 0.1291149510456069, 0.13360446546639, 0.14347776181018007, 0.12229327736129232, 0.14043275797662058, 0.1347388380906697, 0.0996559758177941, 0.13128197010945147], "mel": [0.11291160265902521, 0.14140510438468887, 0.1520703032812137, 0.16470466912477918, 0.15922571431616106, 0.14825116783739534, 0.13641237525495029, 0.1368984819512976, 0.17816694824710252, 0.14738709663765662, 0.18869433925479964, 0.17810384514460512, 0.15767726728986564, 0.1384535991903252, 0.17436274147170808, 0.11884510042580607, 0.1502122203504557, 0.14167419221494362, 0.11142708901538752, 0.1412056160001379, 0.14993266104778227, 0.1342650986554398, 0.13593014677467805, 0.15137688055152207, 0.12956303465783256, 0.11878720297644436, 0.09860187876826813, 0.154155827409385, 0.13232629978821622, 0.14321473070093768, 0.1614858073677894, 0.14990156712697728, 0.10708299430117073, 0.13359566575245857, 0.13083442744887253, 0.16267502817955465, 0.156416249323466, 0.1180185592390644, 0.11127159913965555, 0.11842915400007299, 0.14783777596325054, 0.1370280762550261, 0.1304586597787142, 0.12957582735378007, 0.14390112774216682, 0.13309979911809947, 0.11510058341728313, 0.14887216079985457, 0.12471671658081489, 0.11662893922606155], "energy": [0.2793147225848645, 0.3777785856837949, 0.3698113448532969, 0.22535763437795228, 0.17990047475678586, 0.22412798575760853, 0.26681288917420376, 0.23130454016272292, 0.1489033265580274, 0.1366873213785257, 0.15136876979195701, 0.1491640901191526, 0.1327625015564517, 0.12215570276822033, 0.1435408275113527, 0.10119554041693206, 0.10904230639694225, 0.11076273622120922, 0.0965828617553904, 0.0963809276354893, 0.07362930730396601, 0.11151470615526561, 0.10375858130631942, 0.11315584431479292, 0.10146345396224019, 0.09657743866647293, 0.05871461719007785, 0.09327094801320697, 0.08306082793450262, 0.08466245184016871, 0.10065450064902576, 0.09341441444935958, 0.06982215534951483, 0.08131235931575255, 0.06926597008859561, 0.05610681144003477, 0.08804575623435376, 0.07285233345523813, 0.0625233563272832, 0.07542371585781299, 0.06406706176262919, 0.08080725574276212, 0.06705930619416292, 0.0693910556915542, 0.07451901645289186, 0.06351628735204809, 0.07291880718698177, 0.06065353006764684, 0.04486076035194635, 0.059097399340854936]}