{"direct": [0.9999998793050024, 0.0004901062057775913, 3.280123632518946e-05, 9.33174672130007e-06, 3.9820047766911625e-06, 2.0759086686534567e-06, 1.2218002377027386e-06, 7.805574745644086e-07, 5.291720312680753e-07, 3.752902984278337e-07, 2.7575673922675475e-07, 2.0849885758107496e-07, 1.6140382986811107e-07, 1.2743752624941661e-07, 1.0232049371970729e-07, 8.334560643872561e-08, 6.874255659486376e-08, 5.732004573681211e-08, 4.825615957126002e-08, 4.097125065835375e-08, 3.5048493389265564e-08, 3.018288885854434e-08, 2.614774658677281e-08, 2.277217771085696e-08, 1.998647741720372e-08, 1.7666408906546718e-08, 1.5667732048754395e-08, 1.3935633754303928e-08, 1.2426035157041437e-08, 1.1103208350857898e-08, 9.93797711803601e-09, 8.906347746945366e-09, 7.988455289502861e-09, 7.167747235935297e-09, 6.43034562177062e-09, 5.764544959076081e-09, 5.1604139782832945e-09, 4.609478483625435e-09, 4.104467919493036e-09, 3.639111529647497e-09, 3.2079772222214282e-09, 2.8063453073063524e-09, 2.4301185271874165e-09, 2.075773420908726e-09, 1.7403773875647975e-09, 1.4217427720512103e-09, 1.1189327070014515e-09, 8.339102036058926e-10, 5.777396206406201e-10, 3.9525992562885534e-10], "mel": [0.2663724474506984, 0.9638701491905038, 0.0002294388628614625, 4.229591545023523e-05, 1.5121926427229622e-05, 7.2792522236255016e-06, 3.930833153277343e-06, 2.3637101885618175e-06, 1.540066242511224e-06, 1.0467410067671124e-06, 7.444265906997306e-07, 5.485709088172128e-07, 4.1256214580370704e-07, 3.153994635623307e-07, 2.4480454820485545e-07, 1.9364897071626087e-07, 1.5588778135165878e-07, 1.2580979074084892e-07, 1.0291666949727094e-07, 8.526714736272926e-08, 7.104014110687077e-08, 5.951582898905097e-08, 5.00985752393193e-08, 4.2542267144595704e-08, 3.626799600962311e-08, 3.102303714932087e-08, 2.671956235727723e-08, 2.307626135328295e-08, 1.9975065984161053e-08, 1.7383882242465634e-08, 1.5154910182281272e-08, 1.3228610597054849e-08, 1.1560485040215576e-08, 1.0109297597243262e-08, 8.843942670631983e-09, 7.756338107031123e-09, 6.798695577160003e-09, 5.934022702410614e-09, 5.181935460780243e-09, 4.522763600970263e-09, 3.9191330529434325e-09, 3.3737805134705644e-09, 2.887536834841479e-09, 2.433878214458021e-09, 2.015413641901975e-09, 1.626225087278608e-09, 1.260933766406848e-09, 9.163339587144791e-10, 5.949600477218419e-10, 3.3392558750926157e-10], "energy": [0.9999998793417036, 0.0004901062057955665, 3.28012363263773e-05, 5.388646101023839e-06, 2.2994210146313946e-06, 1.1987399023472595e-06, 7.055323385597716e-07, 4.5073533579038957e-07, 2.161454893967407e-07, 1.5329099125882589e-07, 1.126355359556361e-07, 8.515257091777332e-08, 6.591859173088667e-08, 5.204648657280058e-08, 4.178849322672971e-08, 2.6377912745932704e-08, 2.175621772126298e-08, 1.814112620501527e-08, 1.527251190571465e-08, 1.296692316651715e-08, 1.1091886886316955e-08, 9.552056500773434e-09, 8.275044643185456e-09, 7.206769675334733e-09, 5.1678159967142215e-09, 4.567926035488278e-09, 4.051136907401516e-09, 3.6032758317805594e-09, 3.2129455291112435e-09, 2.870208443271214e-09, 2.5689931172929014e-09, 2.302314222538804e-09, 2.064736785054264e-09, 1.8526124072389448e-09, 1.6620198354653848e-09, 1.2603249798027498e-09, 1.1282414638320578e-09, 1.0077882847681866e-09, 8.973001639319781e-10, 7.955660602465482e-10, 7.013134330319857e-10, 6.135104850829617e-10, 5.312079641640064e-10, 4.5375044906261313e-10, 3.804350769653038e-10, 3.107836408211334e-10, 2.445286214961215e-10, 1.5799275500272764e-10, 1.0945863708651819e-10, 7.488600609777264e-11]}