{"direct": [0.9999914818676822, 0.004127084608449641, 5.60751954768185e-05, 1.3427736944739001e-05, 5.33947309537201e-06, 2.683447239244637e-06, 1.5457527348534803e-06, 9.740652073948487e-07, 6.542560442349259e-07, 4.6095455763205977e-07, 3.370624467524627e-07, 2.5391421372893825e-07, 1.9599618927047218e-07, 1.5439488855927176e-07, 1.237326262626647e-07, 1.0063016900028251e-07, 8.288961019290958e-08, 6.9038468864654e-08, 5.8064586706949075e-08, 4.92563670981694e-08, 4.210345065365778e-08, 3.623324323169854e-08, 3.1369355665775326e-08, 2.7303788303631086e-08, 2.3951073764435526e-08, 2.1160567519222572e-08, 1.875802199287827e-08, 1.6677047590720453e-08, 1.4864303613844902e-08, 1.3276589404392468e-08, 1.187865183852712e-08, 1.064151788300573e-08, 9.541213869366663e-09, 8.557773429578965e-09, 7.674463159505398e-09, 6.877173096865049e-09, 6.153933820376784e-09, 5.494531862344236e-09, 4.890200642177835e-09, 4.333372969583658e-09, 3.817481757397883e-09, 3.3368021747211067e-09, 2.886332011309986e-09, 2.4617134421468193e-09, 2.0592145930044564e-09, 1.67582932524586e-09, 1.309684878819025e-09, 9.614935051035441e-10, 6.407365075533343e-10, 3.985125497644604e-10], "mel": [0.0835772535563261, 0.9965010579194695, 0.0006919436911799778, 7.00363365407775e-05, 2.097461381301498e-05, 9.275244462282643e-06, 4.7492640025702455e-06, 2.761093112735643e-06, 1.7596513103483123e-06, 1.1769617253090758e-06, 8.274463153617546e-07, 6.045513166292056e-07, 4.51627703074804e-07, 3.4341645179343787e-07, 2.654010937450467e-07, 2.0921512533125202e-07, 1.679491354463228e-07, 1.352152431920861e-07, 1.1038740210237972e-07, 9.130255878367334e-08, 7.59562593267958e-08, 6.355197162906055e-08, 5.343444570461504e-08, 4.532940206794315e-08, 3.860903660706357e-08, 3.2998200835993705e-08, 2.839966351533747e-08, 2.4510447745990337e-08, 2.120290784229699e-08, 1.844157822454885e-08, 1.6068021889587554e-08, 1.4018186325299887e-08, 1.2244235513036685e-08, 1.0701921508083262e-08, 9.357886305260523e-09, 8.20327556811304e-09, 7.187157620814062e-09, 6.2701321296820784e-09, 5.472878079601645e-09, 4.774413478349654e-09, 4.1350421850213735e-09, 3.557578683079425e-09, 3.0428121510827484e-09, 2.562561328690835e-09, 2.1194582192436678e-09, 1.70703156853289e-09, 1.3192041324560034e-09, 9.51676675824334e-10, 6.044721776668836e-10, 3.091644275626914e-10], "energy": [0.9999914819413005, 0.004127084608752711, 5.607519548093439e-05, 7.754064381533839e-06, 3.083365299407452e-06, 1.5496001108139787e-06, 7.731092135243762e-07, 4.871793330397616e-07, 3.272265766683644e-07, 1.74329435669888e-07, 1.274744010119351e-07, 9.602838469657056e-08, 7.412423741829921e-08, 5.839094840740049e-08, 4.679471881377584e-08, 3.357034763851331e-08, 2.7652075490293496e-08, 2.3031317777182423e-08, 1.678032462967803e-08, 1.4234800880567598e-08, 1.2167650026749351e-08, 1.0061410167117615e-08, 8.710783961934573e-09, 7.581838906395275e-09, 6.650842033264312e-09, 5.875961691268382e-09, 5.208812028977743e-09, 4.175547609992263e-09, 3.7216783781036187e-09, 3.3241514035857063e-09, 2.730079329778408e-09, 2.445747918600782e-09, 2.1928642340764398e-09, 1.9668393910867203e-09, 1.7638275389935695e-09, 1.503739633811283e-09, 1.3455985561524446e-09, 1.2014159327198146e-09, 1.0692748923658907e-09, 9.47520818607811e-10, 7.653392324219644e-10, 6.689712688727288e-10, 5.786597727075005e-10, 4.749953447677602e-10, 3.9733192694513895e-10, 3.2335653471627656e-10, 2.481791667806057e-10, 1.8219852792125807e-10, 1.2141657519470534e-10, 7.551626666205308e-11]}