{"direct": [0.6731113032771171, 0.3548192371836384, 0.21116438002161345, 0.1378197556672663, 0.14078330874866984, 0.14115599742690696, 0.12902213566474235, 0.14015596929423718, 0.16309691326011477, 0.10983975092300222, 0.12946489014144663, 0.10951169022093568, 0.09758431148090005, 0.08890169974080972, 0.09144220299578688, 0.09866519741741145, 0.14133122721816935, 0.10205979171512614, 0.08502835043722952, 0.06946020268714242, 0.08505478114501404, 0.08797599341343987, 0.0659062638202022, 0.06867216870405721, 0.08587128518862601, 0.06749689717093522, 0.06838121510549221, 0.06228011282560343, 0.07734051198771891, 0.06787452113551974, 0.07625921321707735, 0.09186815791905821, 0.07778000937101019, 0.08543487589862789, 0.06094687813324874, 0.06452788883524402, 0.06826687254236587, 0.05217001498486811, 0.06292258454299775, 0.059813690102574105, 0.05680980003609393, 0.06382264819007692, 0.047329084143487944, 0.04680175462891232, 0.05887899042552047, 0.062170268112926995, 0.053937650676173975, 0.05070430225692018, 0.058641361596300935, 0.050269850837472645], "mel": [0.6844869728914964, 0.34987310759303714, 0.27986164111838824, 0.19160074775421052, 0.14535176427407628, 0.11647272918185758, 0.12963652091276207, 0.10521191293513821, 0.1120605341125309, 0.10073681446522723, 0.10441480839575357, 0.11572434547399896, 0.13169889751449448, 0.09725930652623328, 0.08731188638111222, 0.11530577848969283, 0.08482305836524101, 0.08636105206024053, 0.07083576544056364, 0.06696093165031593, 0.07505574782907942, 0.08786835274097342, 0.11007975576332617, 0.08304821409346189, 0.06838456798001712, 0.05513104782775397, 0.06827839390235436, 0.06778886006631014, 0.058928441626514054, 0.05238213367218386, 0.06797396186679795, 0.05604680095334321, 0.054069595665095845, 0.0577195204794012, 0.058156660775411796, 0.05048085723861009, 0.07341546593210932, 0.06067951152380989, 0.06175385429151295, 0.055103690632005424, 0.05225234000277107, 0.041004190717484845, 0.05436302699045914, 0.04548514067176242, 0.0501250240618131, 0.03497153186221993, 0.045972844755541566, 0.04582856128268168, 0.04624497298764093, 0.04044909680061943], "energy": [0.815256453126993, 0.429748648402082, 0.25575729102303985, 0.09639298186965474, 0.09846573056276874, 0.09872639401285901, 0.07815781567203611, 0.0849023646755936, 0.09879931391293303, 0.05031291869875164, 0.059302360368565926, 0.05016264804270359, 0.04469922308230044, 0.040722087893071954, 0.04188578439317725, 0.03986566264539463, 0.057104867501585936, 0.041237248114565674, 0.029761864462451704, 0.02431265721702161, 0.029771115813779284, 0.029588516123198523, 0.022165916791635598, 0.023096159441656904, 0.02888065036541243, 0.022700886375019373, 0.02299830450523249, 0.018886480041296616, 0.02345355475077466, 0.02058298757948863, 0.021227937251282594, 0.025572929609768882, 0.021651274497573716, 0.02378212557064525, 0.016965510790037795, 0.017089033808422527, 0.018079235411689938, 0.013816276434188212, 0.016663898261324767, 0.015840564302036664, 0.01379455287779935, 0.015497412324983119, 0.011492445906522111, 0.010937582783877029, 0.013760036073784145, 0.014529208564349203, 0.012379351561781257, 0.011637258491321217, 0.013458910838005881, 0.011537546568565272]}