{"direct": [0.11755698197854171, 0.15899810070203751, 0.15564487686176937, 0.16425180690426996, 0.13112037727632972, 0.16335557807978449, 0.19446645006361873, 0.16858620641701955, 0.1534297952257997, 0.14084243927820111, 0.1559701847474321, 0.15371802591969463, 0.13681570168207538, 0.12588508044641736, 0.14792308675836424, 0.13457310029014305, 0.14500798329813847, 0.14729586648280688, 0.1284390111240814, 0.12817047260491987, 0.09791951117121102, 0.14830324927607616, 0.13798838985934522, 0.15048579658270878, 0.16515565840643254, 0.157202518220055, 0.0955718623941012, 0.15182042624970155, 0.13520105209913627, 0.1378416596409948, 0.16387882843258902, 0.15209101133050748, 0.11369620393812468, 0.132406491051098, 0.11279052933475382, 0.10800719195176081, 0.1694905600598128, 0.1402427933735525, 0.12036937403872577, 0.1452050241506003, 0.12334130113713977, 0.15556936420093403, 0.1291149510456069, 0.13360446546639, 0.14347776181018007, 0.12229327736129232, 0.14043275797662058, 0.1347388380906697, 0.0996559758177941, 0.13128197010945147], "mel": [0.11291160265902521, 0.14140510438468887, 0.1520703032812137, 0.16470466912477918, 0.15922571431616106, 0.14825116783739534, 0.13641237525495029, 0.1368984819512976, 0.17816694824710252, 0.14738709663765662, 0.18869433925479964, 0.17810384514460512, 0.15767726728986564, 0.1384535991903252, 0.17436274147170808, 0.11884510042580607, 0.1502122203504557, 0.14167419221494362, 0.11142708901538752, 0.1412056160001379, 0.14993266104778227, 0.1342650986554398, 0.13593014677467805, 0.15137688055152207, 0.12956303465783256, 0.11878720297644436, 0.09860187876826813, 0.154155827409385, 0.13232629978821622, 0.14321473070093768, 0.1614858073677894, 0.14990156712697728, 0.10708299430117073, 0.13359566575245857, 0.13083442744887253, 0.16267502817955465, 0.156416249323466, 0.1180185592390644, 0.11127159913965555, 0.11842915400007299, 0.14783777596325054, 0.1370280762550261, 0.1304586597787142, 0.12957582735378007, 0.14390112774216682, 0.13309979911809947, 0.11510058341728313, 0.14887216079985457, 0.12471671658081489, 0.11662893922606155], "energy": [0.05258836186247402, 0.09792501225541284, 0.11628093384426898, 0.11630966926382451, 0.12918821600816016, 0.10163437334953358, 0.1029301786383326, 0.08381013189755558, 0.14657746872837313, 0.13192633756717762, 0.18220576935335464, 0.14791620983755166, 0.13540054863666479, 0.10176036319053575, 0.164498442184691, 0.07346068296972857, 0.13282481836677157, 0.13135293969055534, 0.07102414487042577, 0.11725370772119244, 0.1342302050236623, 0.10815257915623569, 0.1352313509276088, 0.15469698350281996, 0.1184375999331055, 0.1050136558114435, 0.0682979411138429, 0.1668515115109439, 0.12663164379223107, 0.14702443278241456, 0.182899651243205, 0.16487388647560902, 0.09692240078347088, 0.13753884715876322, 0.14169468396116178, 0.20533953908452834, 0.2030235727757309, 0.12313400656056966, 0.11310280011062455, 0.1227103576854303, 0.1955383127129669, 0.15664873688478875, 0.15518806807919436, 0.16410989393594105, 0.2171710219365894, 0.17348865481804673, 0.14190121241816378, 0.20661839034281315, 0.16176420583669693, 0.15667672625974444]}