{"direct": [0.9999914818676822, 0.004127084608449641, 5.60751954768185e-05, 1.3427736944739001e-05, 5.33947309537201e-06, 2.683447239244637e-06, 1.5457527348534803e-06, 9.740652073948487e-07, 6.542560442349259e-07, 4.6095455763205977e-07, 3.370624467524627e-07, 2.5391421372893825e-07, 1.9599618927047218e-07, 1.5439488855927176e-07, 1.237326262626647e-07, 1.0063016900028251e-07, 8.288961019290958e-08, 6.9038468864654e-08, 5.8064586706949075e-08, 4.92563670981694e-08, 4.210345065365778e-08, 3.623324323169854e-08, 3.1369355665775326e-08, 2.7303788303631086e-08, 2.3951073764435526e-08, 2.1160567519222572e-08, 1.875802199287827e-08, 1.6677047590720453e-08, 1.4864303613844902e-08, 1.3276589404392468e-08, 1.187865183852712e-08, 1.064151788300573e-08, 9.541213869366663e-09, 8.557773429578965e-09, 7.674463159505398e-09, 6.877173096865049e-09, 6.153933820376784e-09, 5.494531862344236e-09, 4.890200642177835e-09, 4.333372969583658e-09, 3.817481757397883e-09, 3.3368021747211067e-09, 2.886332011309986e-09, 2.4617134421468193e-09, 2.0592145930044564e-09, 1.67582932524586e-09, 1.309684878819025e-09, 9.614935051035441e-10, 6.407365075533343e-10, 3.985125497644604e-10], "mel": [0.0835772535563261, 0.9965010579194695, 0.0006919436911799778, 7.00363365407775e-05, 2.097461381301498e-05, 9.275244462282643e-06, 4.7492640025702455e-06, 2.761093112735643e-06, 1.7596513103483123e-06, 1.1769617253090758e-06, 8.274463153617546e-07, 6.045513166292056e-07, 4.51627703074804e-07, 3.4341645179343787e-07, 2.654010937450467e-07, 2.0921512533125202e-07, 1.679491354463228e-07, 1.352152431920861e-07, 1.1038740210237972e-07, 9.130255878367334e-08, 7.59562593267958e-08, 6.355197162906055e-08, 5.343444570461504e-08, 4.532940206794315e-08, 3.860903660706357e-08, 3.2998200835993705e-08, 2.839966351533747e-08, 2.4510447745990337e-08, 2.120290784229699e-08, 1.844157822454885e-08, 1.6068021889587554e-08, 1.4018186325299887e-08, 1.2244235513036685e-08, 1.0701921508083262e-08, 9.357886305260523e-09, 8.20327556811304e-09, 7.187157620814062e-09, 6.2701321296820784e-09, 5.472878079601645e-09, 4.774413478349654e-09, 4.1350421850213735e-09, 3.557578683079425e-09, 3.0428121510827484e-09, 2.562561328690835e-09, 2.1194582192436678e-09, 1.70703156853289e-09, 1.3192041324560034e-09, 9.51676675824334e-10, 6.044721776668836e-10, 3.091644275626914e-10], "energy": [0.999991483100424, 0.004127084613513215, 2.9079010529555408e-05, 6.963244633991623e-06, 1.9287671232997204e-06, 9.693362471752937e-07, 5.260025873513948e-07, 3.219434906168421e-07, 2.104049475932728e-07, 1.4824031110765855e-07, 1.0387816906469705e-07, 7.825298806136088e-08, 5.5185537479762436e-08, 4.3472094743193826e-08, 3.471060296978435e-08, 2.822969129852648e-08, 2.152529523545475e-08, 1.7928343750884613e-08, 1.3848515644918597e-08, 1.1747738321352966e-08, 9.774180010114569e-09, 8.411430326937127e-09, 6.657318279435401e-09, 5.794508848325103e-09, 4.883488656868011e-09, 4.314520195184376e-09, 3.7146121333477613e-09, 3.3025210948374304e-09, 2.631971783067462e-09, 2.350840617597502e-09, 2.092803900495396e-09, 1.874843242775457e-09, 1.6499342791115887e-09, 1.4798707929255569e-09, 1.2975776184915277e-09, 1.1623256403115655e-09, 1.0236705985159462e-09, 9.139829715858504e-10, 8.129204807906929e-10, 7.203564629834778e-10, 6.064390226049471e-10, 5.300790358833819e-10, 4.576771447659462e-10, 3.903466319947817e-10, 3.219167976023053e-10, 2.619822196014863e-10, 2.012418911882564e-10, 1.4773994451248625e-10, 9.668009538904564e-11, 5.911006611817666e-11]}