{"direct": [0.9999914818676822, 0.004127084608449641, 5.60751954768185e-05, 1.3427736944739001e-05, 5.33947309537201e-06, 2.683447239244637e-06, 1.5457527348534803e-06, 9.740652073948487e-07, 6.542560442349259e-07, 4.6095455763205977e-07, 3.370624467524627e-07, 2.5391421372893825e-07, 1.9599618927047218e-07, 1.5439488855927176e-07, 1.237326262626647e-07, 1.0063016900028251e-07, 8.288961019290958e-08, 6.9038468864654e-08, 5.8064586706949075e-08, 4.92563670981694e-08, 4.210345065365778e-08, 3.623324323169854e-08, 3.1369355665775326e-08, 2.7303788303631086e-08, 2.3951073764435526e-08, 2.1160567519222572e-08, 1.875802199287827e-08, 1.6677047590720453e-08, 1.4864303613844902e-08, 1.3276589404392468e-08, 1.187865183852712e-08, 1.064151788300573e-08, 9.541213869366663e-09, 8.557773429578965e-09, 7.674463159505398e-09, 6.877173096865049e-09, 6.153933820376784e-09, 5.494531862344236e-09, 4.890200642177835e-09, 4.333372969583658e-09, 3.817481757397883e-09, 3.3368021747211067e-09, 2.886332011309986e-09, 2.4617134421468193e-09, 2.0592145930044564e-09, 1.67582932524586e-09, 1.309684878819025e-09, 9.614935051035441e-10, 6.407365075533343e-10, 3.985125497644604e-10], "mel": [0.0835772535563261, 0.9965010579194695, 0.0006919436911799778, 7.00363365407775e-05, 2.097461381301498e-05, 9.275244462282643e-06, 4.7492640025702455e-06, 2.761093112735643e-06, 1.7596513103483123e-06, 1.1769617253090758e-06, 8.274463153617546e-07, 6.045513166292056e-07, 4.51627703074804e-07, 3.4341645179343787e-07, 2.654010937450467e-07, 2.0921512533125202e-07, 1.679491354463228e-07, 1.352152431920861e-07, 1.1038740210237972e-07, 9.130255878367334e-08, 7.59562593267958e-08, 6.355197162906055e-08, 5.343444570461504e-08, 4.532940206794315e-08, 3.860903660706357e-08, 3.2998200835993705e-08, 2.839966351533747e-08, 2.4510447745990337e-08, 2.120290784229699e-08, 1.844157822454885e-08, 1.6068021889587554e-08, 1.4018186325299887e-08, 1.2244235513036685e-08, 1.0701921508083262e-08, 9.357886305260523e-09, 8.20327556811304e-09, 7.187157620814062e-09, 6.2701321296820784e-09, 5.472878079601645e-09, 4.774413478349654e-09, 4.1350421850213735e-09, 3.557578683079425e-09, 3.0428121510827484e-09, 2.562561328690835e-09, 2.1194582192436678e-09, 1.70703156853289e-09, 1.3192041324560034e-09, 9.51676675824334e-10, 6.044721776668836e-10, 3.091644275626914e-10], "energy": [0.03592118135310315, 0.9993546261112588, 4.727436140037873e-07, 3.4260115200981578e-09, 2.56927036345924e-10, 5.288702891668035e-11, 1.467580014248852e-11, 4.572607639323226e-12, 1.9839201036146883e-12, 8.84258730435941e-13, 4.359664298146076e-13, 2.3231635806830826e-13, 1.3822631992554e-13, 7.983121147403822e-14, 5.0645519302073057e-14, 2.958177098591772e-14, 2.0252580488975642e-14, 1.3897987490085829e-14, 8.740793823872991e-15, 6.33126368328038e-15, 4.380338736521471e-15, 3.2367870895243327e-15, 2.2876045130991997e-15, 1.6458838466192927e-15, 1.2568931552998561e-15, 9.179473556744705e-16, 6.798180783167395e-16, 5.317033034096808e-16, 3.9783010442078344e-16, 3.0092036169639834e-16, 2.3933181535215787e-16, 1.8214466317133928e-16, 1.4528532142805288e-16, 1.1098084572380847e-16, 8.855028335671877e-17, 6.520039401519557e-17, 5.44115924169332e-17, 4.1411485445706203e-17, 3.1549968477559764e-17, 2.401145431105215e-17, 1.9458316710537392e-17, 1.3869280375709036e-17, 1.0539873723652994e-17, 7.756257686752933e-18, 5.3088859350588905e-18, 3.571469498322653e-18, 2.13734549672367e-18, 1.1567470394192303e-18, 4.726610277021124e-19, 1.3462372400182676e-19]}