{"direct": [0.7553100363728609, 0.6553676222787801, 0.00016645742151111703, 2.8419711991792127e-05, 9.205290334418137e-06, 3.9888460467372695e-06, 2.0524875311896443e-06, 1.1842722987885368e-06, 7.41641831931905e-07, 4.938406400144833e-07, 3.448439889404416e-07, 2.500698935554172e-07, 1.8698266649502753e-07, 1.4338676213207308e-07, 1.1230217291074994e-07, 8.95423143214821e-08, 7.249417235786191e-08, 5.94701223917521e-08, 4.934735740679595e-08, 4.1359158560311465e-08, 3.496979830161334e-08, 2.9797225004567156e-08, 2.5563955555012246e-08, 2.2065113394988787e-08, 1.9209042411526782e-08, 1.6853920450188215e-08, 1.4843483764965086e-08, 1.3116103665727634e-08, 1.162283158650088e-08, 1.0324441946348628e-08, 9.189239260620316e-09, 8.191408411801721e-09, 7.3097688106717695e-09, 6.526816649809957e-09, 5.827988137448249e-09, 5.201083530415202e-09, 4.635816136654642e-09, 4.123454911508949e-09, 3.6565391410490687e-09, 3.22864971549335e-09, 2.834223507618458e-09, 2.4684029033374347e-09, 2.1269112821138613e-09, 1.8059517806877052e-09, 1.5021226000911234e-09, 1.2123533255349301e-09, 9.338600543735359e-10, 6.641670462611942e-10, 4.014519542072647e-10, 1.5212699156699035e-10], "mel": [0.0009319169403791018, 0.9999903895269133, 0.0042808206743703316, 0.00015961940499133317, 3.551231786470341e-05, 1.3106846677542839e-05, 5.796686034557822e-06, 2.9943777675027755e-06, 1.7349157301635758e-06, 1.0686156682903427e-06, 7.01203588896459e-07, 4.833221877963919e-07, 3.431394056487922e-07, 2.494587828761806e-07, 1.85343843444966e-07, 1.4122612191107122e-07, 1.1011620992341099e-07, 8.631391676336817e-08, 6.883888769574976e-08, 5.5792546878767516e-08, 4.556773842843447e-08, 3.749567807259179e-08, 3.105026111981931e-08, 2.5985524559419676e-08, 2.1858704260226672e-08, 1.846752015034721e-08, 1.5728306378679164e-08, 1.3442267882130311e-08, 1.1521860229555384e-08, 9.936766599822212e-09, 8.588644477045335e-09, 7.4359137158566935e-09, 6.4477926741679164e-09, 5.596441900727441e-09, 4.8610347626572505e-09, 4.234537641983452e-09, 3.6877086128027006e-09, 3.1981590457206135e-09, 2.775951754761266e-09, 2.4089380079955815e-09, 2.0755807291609466e-09, 1.7767932405055333e-09, 1.5124363967557791e-09, 1.2675404789059569e-09, 1.043029333391446e-09, 8.351258048381542e-10, 6.401090381175852e-10, 4.5466701493581816e-10, 2.7556097467249425e-10, 9.97589957127289e-11], "energy": [2.550372749503252e-07, 0.9999999999303817, 1.1797099872179275e-05, 8.071792255623766e-09, 3.1672529486521405e-10, 4.493865205097952e-11, 9.251310764322677e-12, 2.262407600335401e-12, 8.100266169118547e-13, 3.0559587040705135e-13, 1.3108591701872495e-13, 6.211449624568084e-14, 3.336726005906613e-14, 1.760494694531213e-14, 1.0320466423171571e-14, 5.62932529428357e-15, 3.635526159022048e-15, 2.3645885806255457e-15, 1.418919075929967e-15, 9.868054191370595e-16, 6.579637737436229e-16, 4.702280365857603e-16, 3.2234744343127877e-16, 2.2569930698495e-16, 1.6810832451659411e-16, 1.199648740404773e-16, 8.699887071011443e-17, 6.672546374043242e-17, 4.901389066932079e-17, 3.645042124005391e-17, 2.8528598473592535e-17, 2.1382034442112883e-17, 1.680844021308342e-17, 1.2661612286984395e-17, 9.968557425938687e-18, 7.247997377650982e-18, 5.976215088982233e-18, 4.494686238077235e-18, 3.3862553007671887e-18, 2.5500899157692997e-18, 2.045298853632349e-18, 1.443263277036301e-18, 1.0863530194107069e-18, 7.917122967298047e-19, 5.364116341468179e-19, 3.5666237325136724e-19, 2.1001324877027695e-19, 1.1029996584864397e-19, 4.132269266029307e-20, 6.96188335065096e-21]}