# https://github.com/mikedh/trimesh
v -0.32807739 -2.05274376 -0.44238839
v 0.04407272 -2.09166295 -0.43852117
v 0.35358751 -1.99426440 -0.44779969
v -1.41975849 -1.94998227 -0.17696489
v -0.27543244 -2.21622375 -0.38035976
v -0.69498289 -2.20844340 -0.31938668
v -1.48452044 -1.57470016 -0.41589840
v -1.35368157 -1.19916829 -0.40842201
v -1.02914335 -1.45776033 -0.39511468
v -1.65142494 -1.61315386 -0.32474240
v -1.88358851 -1.36209638 -0.31037041
v -0.54599123 -1.58897941 -0.31849775
v -0.27662866 -1.66182210 -0.32151010
v 0.04560725 -1.60744313 -0.22385418
v 0.26107187 -1.58742118 -0.22130128
v -0.79073913 -1.50937248 -0.33832601
v 0.73065311 -2.08606527 -0.39518635
v 0.93589423 -1.74410839 -0.44859995
v 2.81580246 -1.99168029 -0.43891565
v 1.05888842 -2.07734778 -0.30240611
v 1.33235987 -1.83768049 -0.35933399
v 2.08021413 -1.92657404 -0.25330629
v 2.43590243 -2.07975206 -0.31550416
v 0.89981989 -1.55355957 -0.40286970
v 0.45985651 -1.64868049 -0.34720765
v 1.62781502 -1.49123600 -0.39555594
v 1.09635647 -1.41032268 -0.39743419
v 1.31329031 -1.27909112 -0.41722716
v 1.12540012 -1.24471994 -0.31885253
v 2.22552280 -1.60982867 -0.44747238
v 2.84826502 -1.68749631 -0.40218921
v 2.61622275 -1.61756652 -0.41337866
v 2.77158768 -1.56041871 -0.34258496
v 1.72999996 -1.25808739 -0.42793347
v 2.07923300 -1.30123941 -0.43756620
v 2.25455759 -1.29338669 -0.38632471
v 0.70584596 -1.54908226 -0.33932776
v 0.93101446 -1.40248662 -0.32304081
v 1.87697815 -1.60694460 -0.36866907
v 1.73000002 -1.51913419 -0.32586637
v 2.93569670 -1.59302962 -0.31325597
v 2.59986217 -1.45312417 -0.32830335
v 2.43006341 -1.33009686 -0.32135626
v -0.02220217 -2.40224103 -0.19696774
v -1.08235663 -2.15718092 -0.17130375
v -0.74101682 -2.30832710 -0.14621623
v -0.37708336 -2.39626817 -0.14395876
v -1.71581655 -1.70556606 -0.15866618
v -1.97712761 -1.42841195 -0.09046214
v -0.24007870 -1.57110502 -0.18245327
v -0.72520082 -1.44478271 -0.23410325
v -0.48873199 -1.53396784 -0.22321606
v -0.96309871 -1.34343139 -0.28538777
v -0.47134425 -1.49206427 -0.11270593
v -0.68002008 -1.41844661 -0.14760060
v -0.90429949 -1.28023685 -0.12609707
v 0.24444487 -1.53475192 -0.05339399
v 0.34459322 -2.32140932 -0.28268454
v 0.70147549 -2.24434313 -0.27704927
v 0.38015309 -2.41499399 -0.06463984
v 3.10062200 -2.37628342 -0.19557032
v 2.33838507 -2.15942707 -0.11078943
v 2.71742208 -2.31779543 -0.11141835
v 2.01449882 -1.97132158 -0.05945613
v 0.49738985 -1.54487764 -0.24388927
v 0.72113235 -1.44074508 -0.22544861
v 0.96078150 -1.24619621 -0.14974740
v 0.48514017 -1.49330300 -0.13119489
v 0.70952618 -1.39153865 -0.09739976
v 1.73000002 -1.64411624 -0.22112500
v 1.73000002 -1.71288289 -0.10797198
v 2.75512648 -1.45778422 -0.24103214
v 2.95754197 -1.51525420 -0.19963875
v 2.75338626 -1.39718996 -0.11426453
v 2.54403691 -1.29585818 -0.17855911
v -1.95497918 -0.95589663 -0.41156032
v -1.71642339 -1.23587314 -0.43356977
v -1.54317441 -1.08820595 -0.43499607
v -2.18015906 -0.71315133 -0.33870486
v -1.61372927 -0.85215027 -0.41383701
v -1.24853626 -1.11872908 -0.31741514
v -1.41933012 -0.96186704 -0.34915528
v -1.91189990 -0.56905305 -0.44984858
v -2.04220615 -0.36377126 -0.44284929
v -2.23771006 -0.37069406 -0.35986303
v -1.70102149 -0.60842653 -0.40685503
v -1.75759337 -0.19104610 -0.38681241
v 1.51636355 -1.11693484 -0.43357150
v 1.28791968 -1.09981661 -0.33276069
v 1.43995205 -0.75734097 -0.41815349
v 1.27712337 -0.76085373 -0.32091445
v 1.92325087 -1.15145888 -0.44270413
v 1.74497549 -0.99584725 -0.44911524
v 1.63923911 -0.77212359 -0.44872171
v 1.92186504 -0.54199932 -0.44988503
v 1.39820633 -0.98394959 -0.34360984
v 1.27435801 -0.96825847 -0.21042634
v 2.12001969 -1.09814125 -0.36526743
v 2.09623550 -0.98123907 -0.31688119
v 2.20349885 -0.96543021 -0.17603481
v 1.40163085 -0.32248402 -0.44125383
v 1.73000002 -0.60673423 -0.41770985
v 2.05999793 -0.18327715 -0.44349304
v 1.73000002 -0.42873846 -0.39610807
v 2.26399093 -0.28067243 -0.34562915
v 1.89193216 -0.29666731 -0.44102085
v 1.73000002 -0.24633911 -0.37256987
v 1.73131707 -0.01634916 -0.36158692
v 1.20379473 -0.35143691 -0.34752218
v -2.11194637 -1.07193171 -0.25693346
v -1.12095527 -1.15789319 -0.22779072
v -1.28082129 -0.94306640 -0.18564652
v -1.43368286 -0.78313538 -0.26532951
v -2.16141347 -1.13423266 -0.07616721
v -1.10414223 -1.09147455 -0.04117482
v -2.29682381 -0.75268663 -0.16439234
v -2.38735784 -0.38304668 -0.16248819
v -1.50875633 -0.45844353 -0.15579694
v -1.60600289 -0.22268453 -0.24424583
v 1.12003444 -1.11219138 -0.15555631
v 1.21811015 -0.95934962 -0.05205417
v 1.16054813 -0.77481409 -0.13724326
v 2.32705650 -1.16662698 -0.25140615
v 2.24210410 -0.95931569 0.04969701
v 2.27323857 -0.75215766 -0.21332290
v 2.37942576 -1.11782876 -0.07472179
v 2.37983366 -0.35756443 -0.18734388
v 1.06972427 -0.38326745 -0.15549252
v 3.55367567 -2.12346243 -0.42994957
v 4.15952234 -2.08735974 -0.40150805
v 3.76241961 -1.98337479 -0.44943525
v 4.41233380 -1.70970979 -0.44696265
v 4.50070508 -1.91728836 -0.40883759
v 5.85987018 -1.97699359 -0.37508671
v 5.53042020 -1.89357076 -0.28144823
v 4.82859739 -1.85836037 -0.32600337
v 5.82068744 -2.14740941 -0.17570740
v 3.54056750 -1.76762769 -0.38763324
v 4.07515147 -1.70282604 -0.40861703
v 4.28390128 -1.61713260 -0.40891397
v 3.69279376 -1.64659525 -0.29842771
v 3.93103684 -1.65088921 -0.35128369
v 4.18082897 -1.55484907 -0.34880445
v 5.05273727 -1.57485041 -0.37857203
v 4.58041191 -1.34584097 -0.37689757
v 4.76610733 -1.27080618 -0.41272213
v 5.47404206 -1.49510823 -0.44158180
v 5.87696410 -1.48065942 -0.40813506
v 5.19000006 -1.25808746 -0.42793345
v 5.73792708 -1.28064419 -0.37103924
v 4.63470014 -1.18099052 -0.29978395
v 3.44460583 -1.65984696 -0.29391063
v 4.04024623 -1.49692774 -0.22216040
v 3.18006736 -1.62862920 -0.28573745
v 5.32146826 -1.60036568 -0.36555246
v 5.19000006 -1.51913420 -0.32586633
v 6.97329512 -2.22951017 -0.38293117
v 7.32932910 -2.05589160 -0.43708342
v 6.54954204 -1.93438754 -0.44791484
v 7.64046683 -2.22560574 -0.29324079
v 7.59192995 -2.05881728 -0.41685183
v 7.87858873 -1.79972709 -0.44672014
v 7.95671479 -1.96688615 -0.38790443
v 6.53922599 -2.25580443 -0.34277355
v 6.22860540 -2.15137224 -0.36663336
v 8.28985656 -1.86157128 -0.32321076
v 5.90293824 -1.76508971 -0.44663970
v 6.45581501 -1.76728290 -0.41617910
v 6.65866185 -1.79721466 -0.41009802
v 7.29323793 -1.74076765 -0.39457980
v 6.81415266 -1.75824992 -0.38310575
v 7.46522762 -1.80482958 -0.43448658
v 7.54201203 -1.65961359 -0.38936472
v 7.77884661 -1.55005854 -0.38879397
v 8.48626517 -1.40111638 -0.43556461
v 8.47147950 -1.58865222 -0.38981129
v 7.99286930 -1.41395390 -0.38975508
v 8.64999962 -1.25808746 -0.42793345
v 8.20355819 -1.28431078 -0.40927670
v 8.03585638 -1.24902753 -0.31566256
v 6.35595642 -1.60546599 -0.33746560
v 6.88459410 -1.67385701 -0.31215834
v 7.13195726 -1.66590128 -0.31886485
v 6.10837229 -1.54059608 -0.36866896
v 7.38404726 -1.61709997 -0.32173762
v 7.62462528 -1.52960451 -0.32351072
v 7.84412559 -1.40326022 -0.32052220
v 3.81184739 -2.32392908 -0.27906583
v 4.20590014 -2.23676141 -0.27017424
v 3.43652274 -2.40246579 -0.19618283
v 4.58006215 -2.14470043 -0.15504616
v 4.89120141 -1.95437583 -0.15087758
v 3.52070859 -1.58317591 -0.17751416
v 4.26868854 -1.40436627 -0.24659303
v 3.86131530 -1.55259862 -0.21946590
v 4.15450006 -1.40143564 -0.11128470
v 5.19000006 -1.64411618 -0.22112500
v 5.19000006 -1.69753562 -0.14517787
v 3.14319384 -1.53770021 -0.14388121
v 3.69390608 -1.54536537 -0.10469221
v 6.53862810 -2.37570496 -0.19087477
v 6.92736026 -2.38767831 -0.22501273
v 7.27127608 -2.32566875 -0.27708159
v 7.30592742 -2.41362683 -0.06903355
v 6.17956950 -2.30418022 -0.15631259
v 8.01269617 -2.12532242 -0.22145728
v 8.35145150 -1.95437776 -0.15048004
v 6.67843995 -1.57805865 -0.19952235
v 6.92508888 -1.59155719 -0.18718046
v 7.18645387 -1.56753848 -0.18567777
v 6.18301636 -1.44783177 -0.24609524
v 6.42254354 -1.53477987 -0.22784234
v 5.95384040 -1.35071780 -0.29456285
v 6.23604153 -1.41575835 -0.14523603
v 6.45003733 -1.49185417 -0.11050487
v 6.02116620 -1.28669082 -0.13715679
v 7.43637919 -1.53270915 -0.23626549
v 7.64119628 -1.44061108 -0.22528603
v 7.84485049 -1.30361490 -0.20532664
v 7.40754608 -1.49248012 -0.13182593
v 7.62858787 -1.39316774 -0.10189470
v 7.16751144 -1.53254089 -0.03511654
v 8.64999962 -1.71286970 -0.10800787
v 4.98413123 -1.16462888 -0.44245330
v 5.36035757 -1.10254205 -0.44018140
v 4.78754813 -1.09863671 -0.35792043
v 4.85579300 -0.98375961 -0.34176188
v 5.43533555 -0.89172031 -0.41395041
v 5.06071227 -0.95098788 -0.44008166
v 4.80026062 -0.77902988 -0.36468278
v 5.24245912 -0.91522612 -0.44967111
v 5.54742592 -0.98193239 -0.32398285
v 4.73407879 -0.96821413 -0.21003162
v 5.66349870 -0.96543016 -0.17603477
v 4.66462987 -0.79361967 -0.21437279
v 4.80180083 -0.38139601 -0.42122590
v 4.86535175 -0.20651231 -0.44433838
v 5.19000006 -0.60673420 -0.41770987
v 5.19000006 -0.42873837 -0.39610807
v 5.68651170 -0.32684314 -0.37157591
v 5.19000006 -0.24633927 -0.37256982
v 5.19131708 -0.01634899 -0.36158698
v 4.62963884 -0.37817675 -0.31313584
v 8.55448999 -1.16682539 -0.44925306
v 8.48164890 -0.99193995 -0.42613320
v 8.37487465 -1.11802078 -0.41849635
v 8.18979619 -1.09952714 -0.32079288
v 8.70411654 -0.79866468 -0.44685088
v 8.30120024 -0.73722409 -0.39776670
v 8.31671661 -0.98383260 -0.34246942
v 8.15734639 -0.96239650 -0.13376626
v 8.20392783 -0.24482138 -0.40466258
v 8.08322429 -0.37725517 -0.30606342
v 4.56377354 -1.11781311 -0.13762315
v 4.67811016 -0.95934974 -0.05205414
v 5.79166580 -1.10860428 -0.16519804
v 5.70210414 -0.95931574 0.04969699
v 4.60409033 -0.78517890 -0.02996583
v 5.71436569 -0.74990745 -0.24327396
v 5.86002429 -1.12739952 -0.00584658
v 5.82780406 -0.36576010 -0.21141545
v 4.52096785 -0.38084333 -0.13420291
v 8.01402496 -1.14051396 -0.16469674
v 8.06235513 -0.77892180 -0.04005085
v 7.98065694 -0.37940185 -0.13394623
v -1.09853029 -2.18232307 0.07177969
v -1.42570200 -1.98183352 0.07961351
v 0.00289862 -2.44913372 0.00810897
v -0.75163184 -2.32337783 0.07990746
v -0.35194214 -2.40821573 0.10599017
v -0.23417844 -1.53702879 0.06936333
v -0.00469226 -1.55378090 -0.05273373
v 0.23541745 -1.54155944 0.08933483
v -0.69861327 -1.38612840 -0.03494224
v -0.25271756 -1.53293594 -0.05550231
v -0.47339696 -1.47673436 0.01558226
v -0.91128997 -1.25783541 0.04342154
v -1.71854357 -1.72959483 0.09389895
v -1.95206114 -1.42284393 0.16828407
v 0.00174460 -1.58055798 0.15999059
v -0.47292556 -1.49919711 0.14147436
v -0.92857629 -1.28675205 0.17571640
v 0.74422441 -2.32187474 -0.09323921
v 0.38377858 -2.38770518 0.16125652
v 1.06300408 -2.18613671 0.11386232
v 3.07097834 -2.41803037 -0.00525436
v 0.85882207 -2.24673961 0.17808816
v 1.44274240 -1.96731461 0.08702603
v 2.36117200 -2.15934249 0.15120293
v 3.04375282 -2.37150509 0.18104851
v 2.70622360 -2.30174469 0.15237263
v 2.03276029 -1.95654899 0.15310619
v 0.47817090 -1.47543156 0.01364059
v 0.89875806 -1.26253359 -0.01102192
v 0.97127012 -1.24637398 0.16657079
v 2.97252990 -1.47548214 -0.05726064
v 2.55821270 -1.26210462 -0.02653335
v 2.75799098 -1.38418050 0.02856766
v 0.57412818 -1.47517601 0.17638959
v 0.69747761 -1.38783473 0.04949570
v 1.73000002 -1.72319470 0.07999076
v 2.97967048 -1.48538396 0.09432959
v 2.54786817 -1.27043708 0.10828429
v 2.74059774 -1.42259257 0.19337332
v -1.26546899 -1.91447483 0.33318036
v 0.00302321 -2.39355673 0.21597708
v -0.73042643 -2.23653761 0.27737171
v -0.36778312 -2.28339578 0.32238668
v -0.69307602 -2.07346606 0.40786637
v -1.05275569 -2.07927083 0.30314592
v -0.36451624 -2.12976040 0.41819227
v -0.00680205 -2.23765909 0.38017981
v -0.02932430 -2.03339940 0.44718978
v -0.24013804 -1.59153451 0.22287716
v 0.00369566 -1.64435674 0.27469590
v 0.23726549 -1.61181741 0.25560688
v -0.50117255 -1.55581702 0.26274664
v -0.34272504 -1.66475200 0.33716999
v -0.70781571 -1.40943225 0.15319162
v -0.72051658 -1.52337948 0.32379361
v -0.92508985 -1.37291111 0.29158431
v -1.62340532 -1.65689819 0.31446222
v -1.25727281 -1.70024967 0.43352644
v -1.65579876 -1.46002845 0.39493428
v -1.82937272 -1.35285768 0.35364501
v -1.23737582 -1.13184553 0.31745271
v -1.31548314 -1.31056349 0.42641254
v -0.92362870 -1.52628464 0.39714032
v -0.53976488 -1.63844663 0.35561013
v -0.45866251 -1.79133158 0.42535946
v 0.11483379 -1.71053572 0.35045786
v 0.33563520 -1.68487017 0.35251149
v -0.87950037 -1.74172102 0.44620086
v 0.01270196 -1.79146405 0.39896714
v 0.25864276 -1.77896423 0.40245057
v -1.10705061 -1.33447551 0.36625110
v 0.37338680 -2.25707752 0.34319041
v 0.72953112 -2.18652828 0.32829340
v 1.07996472 -2.08413218 0.28267850
v 3.08933230 -2.27286639 0.33058129
v 2.08930202 -1.84271973 0.33502377
v 0.99335298 -1.98918666 0.38840826
v 2.73253821 -2.17894880 0.33497106
v 2.41716457 -2.04424109 0.33804810
v 2.52290760 -1.91697440 0.42864986
v 0.49062973 -1.58773643 0.29680490
v 0.74470665 -1.49400962 0.30487286
v 0.95117677 -1.38695756 0.32072260
v 1.73000002 -1.61839547 0.24846826
v 2.97277461 -1.53906458 0.23075271
v 3.00618068 -1.62216426 0.32391084
v 2.61307100 -1.45690105 0.32514950
v 2.49619551 -1.30818010 0.24778994
v 1.38117352 -1.85769892 0.31943686
v 0.46222655 -1.71359483 0.39110798
v 0.63050763 -1.71442653 0.41551175
v 1.54224678 -1.47540506 0.42834415
v 2.79169922 -1.57805126 0.34994763
v 2.33533255 -1.61363061 0.44760392
v 2.94793180 -1.72899280 0.40535379
v 2.92459603 -1.91374647 0.44937020
v 2.56153467 -1.59037215 0.41561712
v 2.27952751 -1.19610008 0.31768102
v 2.38966338 -1.40552241 0.38480298
v 1.90711245 -1.52538498 0.41176302
v 2.18371380 -1.28567333 0.40774485
v 1.73000002 -1.31076368 0.41371916
v -1.39732428 -0.70173018 -0.10697472
v -1.27197163 -0.88756572 0.03905282
v -1.39502251 -0.68074290 0.05251066
v -2.18695795 -1.07760811 0.08734141
v -1.09989966 -1.12675075 0.14859226
v -2.32094301 -0.75141220 0.09001378
v -1.41359333 -0.72297013 0.17746246
v -2.40849506 -0.37492558 0.09729231
v -1.47503214 -0.47935134 -0.01236307
v -1.53602373 -0.23210172 -0.05451621
v -1.53849936 -0.24639746 0.08195147
v -1.49024255 -0.49166797 0.12977903
v 1.23719069 -0.96237164 0.13320430
v 1.14634778 -0.78336874 0.06537581
v 2.40649248 -1.13764446 0.05159565
v 2.32055370 -0.77474444 -0.02617253
v 1.10161259 -1.10593440 0.09402009
v 1.23505589 -0.79494329 0.25955688
v 2.35129083 -1.13351173 0.17489754
v 2.41831052 -0.37923371 0.02341981
v 1.05208530 -0.39166526 0.08755972
v -2.11022188 -1.05987534 0.26636189
v -1.09185574 -1.21725465 0.26898041
v -1.32514152 -0.94607026 0.25351970
v -2.22649239 -0.71421927 0.29394112
v -1.47841146 -0.77256635 0.30363495
v -1.97282410 -0.98217835 0.40032927
v -1.59818352 -0.90168746 0.41908393
v -1.80670047 -0.89518916 0.44858586
v -1.60066876 -0.66579389 0.36618865
v -1.96845888 -0.74910370 0.43451981
v -1.54447147 -0.54569767 0.27018281
v -1.59554625 -0.27222670 0.23849623
v -2.06872707 -0.35280168 0.43725567
v -1.66226357 -0.42156318 0.35086447
v -1.70139592 -0.18904378 0.34763995
v -1.77368448 -0.28780477 0.40165737
v 1.15827290 -1.20047232 0.30465279
v 1.37254885 -0.98193030 0.32396374
v 2.14112452 -0.97530928 0.27083879
v 2.06293482 -0.98385988 0.34273612
v 2.27345441 -0.77220272 0.19859142
v 1.39727967 -1.10126378 0.39329671
v 1.63666996 -1.10622954 0.44839419
v 1.52720843 -0.88667358 0.42977721
v 1.47864451 -0.63054151 0.44210109
v 1.86823236 -1.11562732 0.44575940
v 1.73797922 -0.92937224 0.44791836
v 1.93567148 -0.95252626 0.41950782
v 2.14895640 -0.76523633 0.34632576
v 1.73000002 -0.60673425 0.41770985
v 2.34517455 -0.37642610 0.24570831
v 1.16214908 -0.38735512 0.30206608
v 1.30770148 -0.32409690 0.41192556
v 1.58124232 -0.28436887 0.43762557
v 1.73000002 -0.40438979 0.39261409
v 2.17572431 -0.35580980 0.40023349
v 1.73000002 -0.14425720 0.36764662
v 1.72983914 0.03736290 0.36201195
v 1.95565724 -0.31930524 0.44860487
v 3.83952145 -2.41524624 -0.06206631
v 4.22222123 -2.32243148 -0.06514362
v 3.83927087 -2.38950348 0.15957024
v 5.81917747 -2.18211195 0.06592440
v 4.57663235 -2.17668972 0.03919832
v 3.45373972 -2.44688179 0.03336020
v 4.20873957 -2.29677766 0.16815349
v 4.90001152 -1.96882437 0.08963932
v 5.87315174 -2.13338102 0.24023059
v 5.48699547 -1.96330905 0.12617600
v 3.48020536 -1.55282046 -0.05604317
v 3.22358634 -1.53168899 -0.00375033
v 3.44524225 -1.55390438 0.06436815
v 3.69020565 -1.53916593 0.07765664
v 3.93589606 -1.47766239 -0.03451924
v 4.36222452 -1.26557374 -0.06714369
v 5.19000006 -1.72743731 0.06454793
v 3.46573778 -1.58617179 0.17430224
v 3.94158330 -1.49961385 0.14735008
v 4.16210594 -1.38682939 0.06023169
v 6.54604618 -2.41920900 0.01728352
v 6.92329350 -2.44968057 -0.00076598
v 7.67203171 -2.32616640 -0.06366235
v 7.30813186 -2.38532208 0.16440713
v 8.03486201 -2.17821586 0.03440492
v 6.17166973 -2.32537767 0.07500290
v 6.57199113 -2.37526297 0.20019409
v 8.35955795 -1.97248621 0.07923587
v 6.95976149 -1.55175634 -0.06207835
v 6.92810907 -1.55369471 0.05505534
v 7.16678753 -1.54096610 0.09235363
v 6.22355677 -1.38672931 -0.03143376
v 6.70824235 -1.53644052 -0.03946810
v 6.23297968 -1.40126116 0.09865178
v 6.44519970 -1.47782101 0.03322478
v 7.39972324 -1.47411537 -0.00338195
v 7.82883419 -1.25965640 -0.04685759
v 7.84306222 -1.26990124 0.13046313
v 6.61916055 -1.55389599 0.17299208
v 6.93643366 -1.59735077 0.20332295
v 6.02124537 -1.27420485 0.09250284
v 7.40791436 -1.49631294 0.14378275
v 7.62486122 -1.38504994 0.05271669
v 7.63870792 -1.42711755 0.20285367
v 3.81611527 -2.29283748 0.31507614
v 3.46271577 -2.37053336 0.25358707
v 4.52772880 -2.11348092 0.25724562
v 3.47925443 -2.21109306 0.39585888
v 3.77441879 -2.02388550 0.44617268
v 3.11583792 -2.07262086 0.43682958
v 4.44848251 -1.99095193 0.38855141
v 3.21333688 -1.57740886 0.19892315
v 3.45381496 -1.66241876 0.29607322
v 3.70360834 -1.58750001 0.21673913
v 3.18862695 -1.69354243 0.34688364
v 3.71496340 -1.66209633 0.31850586
v 3.93684338 -1.58383739 0.28857226
v 4.18158661 -1.46201345 0.25789716
v 4.44284564 -1.27085552 0.22157428
v 4.37033048 -1.38405627 0.29368786
v 5.19000006 -1.62123433 0.24545044
v 3.75413942 -1.75367631 0.39094499
v 4.09669197 -1.62954702 0.37574300
v 3.55635000 -1.76139584 0.38457552
v 3.93435024 -1.70588309 0.38823832
v 4.08813193 -1.77506933 0.43402493
v 4.83871017 -1.85269550 0.32406707
v 5.02081934 -1.54086865 0.40507886
v 5.34164151 -1.52243165 0.40451251
v 5.19000006 -1.43210428 0.37139900
v 5.19000006 -1.25808746 0.42793345
v 6.91884062 -2.39318324 0.21682591
v 6.19813392 -2.24195128 0.27419021
v 6.57116372 -2.27075465 0.33527057
v 7.65095110 -2.28339435 0.20856896
v 7.98844819 -2.11412123 0.25582667
v 8.30683340 -1.89915790 0.27855310
v 6.25040924 -2.08580084 0.40636173
v 5.88595834 -2.00640779 0.36804927
v 6.14756604 -1.76699195 0.44480943
v 6.91863774 -2.23578492 0.38159065
v 6.52638736 -1.84541642 0.43546710
v 6.90690230 -2.04259114 0.44656688
v 7.52684928 -1.90634290 0.44988142
v 7.89672278 -1.96715116 0.40357646
v 6.40654359 -1.51386506 0.20593653
v 6.69798510 -1.63092280 0.27908438
v 7.19618149 -1.58834149 0.22853990
v 6.15825091 -1.42440052 0.23440837
v 5.91663372 -1.32449162 0.29725516
v 6.06161701 -1.47609187 0.34429513
v 7.44371998 -1.57702332 0.29562596
v 8.50458356 -1.56018829 0.38823638
v 7.67233112 -1.50940394 0.32316233
v 7.84087624 -1.38727992 0.30338751
v 6.24043104 -1.58404487 0.35838599
v 7.24262719 -1.66704154 0.33505777
v 6.35105569 -1.73988600 0.41549607
v 6.31280387 -1.89634713 0.44935765
v 6.01263302 -1.60310534 0.42206061
v 6.70143432 -1.78358175 0.40305673
v 6.91118982 -1.72572923 0.35630771
v 7.11796948 -1.78959574 0.40487637
v 5.89827738 -1.45858534 0.39316369
v 7.60104847 -1.67874785 0.40985201
v 8.19496713 -1.74969570 0.41715577
v 8.07228701 -1.38893138 0.40690848
v 8.01697151 -1.54502211 0.43647844
v 8.64999962 -1.43123236 0.37174708
v 8.64999962 -1.25808746 0.42793345
v 4.53927122 -1.11553273 0.05055398
v 4.69719063 -0.96237165 0.13320429
v 5.78027148 -0.77386630 -0.03378207
v 4.60322485 -1.15618208 0.24933521
v 4.65019267 -0.77315900 0.20535628
v 4.50069124 -0.34452805 0.04544028
v 5.88033379 -0.34390583 0.03304013
v 8.00387736 -1.10852449 0.02076379
v 8.15719066 -0.96237186 0.13320427
v 8.04387351 -1.12437628 0.18192420
v 8.10283076 -0.76849123 0.19372023
v 7.96124358 -0.34538996 0.05159592
v 4.78889660 -0.97689646 0.28099909
v 5.80177179 -1.13402678 0.19081676
v 5.60112443 -0.97530956 0.27083880
v 5.69465624 -1.16209735 0.32664789
v 5.54281997 -0.98229490 0.32750960
v 5.73242384 -0.77239661 0.20071749
v 4.88086272 -0.98573256 0.36095791
v 5.08111933 -1.11911300 0.44787888
v 5.03780279 -0.91674800 0.43826235
v 5.31756022 -1.16556615 0.44855095
v 5.39789497 -0.96782204 0.41622222
v 5.20534221 -0.95078102 0.44929706
v 5.19000006 -0.60673417 0.41770988
v 5.37600695 -0.61903419 0.44891501
v 4.56142054 -0.35891813 0.22734724
v 5.79018849 -0.36489957 0.27053455
v 4.72579362 -0.32011377 0.39169718
v 5.02600237 -0.28970315 0.44138512
v 5.19000006 -0.40438976 0.39261406
v 5.63785971 -0.36746039 0.39728520
v 5.19000006 -0.14425697 0.36764661
v 5.19016094 0.03736247 0.36201199
v 5.48484037 -0.24162584 0.44654842
v 8.21911570 -0.97218001 0.24541118
v 8.11904742 -1.18211006 0.32065190
v 8.32682839 -0.98462842 0.35021215
v 8.22736285 -0.76060987 0.34492942
v 8.45520594 -0.97776517 0.41967020
v 8.47194824 -1.17214962 0.44585747
v 8.30319739 -1.09279142 0.38333222
v 8.63206857 -1.05300304 0.44872609
v 8.60610437 -0.80672837 0.44634900
v 8.46841858 -0.59158435 0.44976060
v 8.02824894 -0.36462839 0.23775680
v 8.21303621 -0.33066640 0.40563688
v -2.24885627 0.01860819 -0.37274881
v -2.02443961 0.02704081 -0.44790907
v -1.81143454 0.01944597 -0.40810257
v -1.68990239 0.41581877 -0.37028732
v -1.93913570 0.67371311 -0.44561762
v -1.73566630 0.62262450 -0.42241155
v -1.54013569 0.66815867 -0.31989057
v -1.67782627 -0.00929874 -0.31440002
v -2.25637085 0.37705554 -0.34304536
v -1.54612250 0.54167475 -0.27016618
v -2.14800644 0.69830860 -0.36761824
v -1.60644721 0.82317975 -0.40496785
v -1.47385718 0.88779309 -0.35582782
v -1.94490565 1.05351143 -0.39403007
v -1.48256430 1.03263113 -0.40655107
v -1.63241722 1.29271101 -0.44040548
v -1.33410800 1.10524572 -0.36535878
v -1.41315106 0.81093960 -0.26077918
v 1.61034464 0.00636863 -0.42350784
v 1.18668646 0.05159748 -0.35306478
v 1.59463669 0.59339369 -0.44672485
v 2.05975227 0.03300491 -0.44509297
v 1.73000002 0.24633913 -0.37256987
v 1.92315323 0.38561068 -0.44733171
v 2.13372058 0.39362220 -0.41376915
v 1.73000002 0.51273314 -0.40582520
v 1.17873256 0.36807805 -0.32410077
v 2.35522143 0.02353948 -0.27268001
v 1.39451839 0.64314912 -0.41713571
v 1.69483837 0.98748184 -0.44785498
v 1.51940735 1.01158970 -0.41503539
v 1.25163315 1.10328313 -0.30839937
v 1.87980669 0.58458924 -0.44767131
v 1.73000002 0.65135741 -0.42480506
v 1.72045621 0.80212855 -0.44215608
v 1.89359644 0.97852002 -0.42957256
v 1.85462490 1.17192203 -0.44905302
v 2.06560767 0.98364952 -0.34068951
v 1.36354180 0.98122143 -0.31664748
v 2.27790570 0.77916600 -0.18217922
v 2.14563418 0.97459502 -0.26626652
v 2.20763521 1.16328801 -0.34491350
v -1.59089875 0.34416826 -0.25858969
v -2.41574416 0.00108988 -0.16837957
v -1.58337643 0.00775354 -0.16793666
v -1.55703202 0.25359143 -0.15366591
v -1.49261047 0.50185588 -0.14841909
v -2.38189884 0.38400290 -0.17480229
v -1.40693878 0.72657752 -0.16828656
v -1.30633406 0.98350070 -0.26588635
v -1.14601545 1.18030524 -0.27729257
v -1.26977817 0.92886736 -0.14297951
v -1.10559991 1.12104113 -0.14704332
v -2.29092433 0.73879876 -0.18844973
v 1.04321991 0.01548785 -0.16314274
v 2.32419344 0.38393371 -0.27292039
v 1.07583515 0.39238374 -0.16472852
v 1.20301798 0.77873951 -0.22125632
v 1.24765736 0.96402943 -0.15754623
v 1.12432404 1.09565364 -0.13627642
v 2.34593671 1.12496965 -0.16758836
v 1.06970370 1.12490016 0.06214621
v 2.31626405 0.77857030 0.05802398
v -1.39022790 1.27387962 -0.43501960
v -1.18628554 1.33375327 -0.39754510
v -1.31168913 1.86748617 -0.34681463
v -1.06313237 1.51855354 -0.42592258
v 0.40348146 1.70049779 -0.37484993
v -1.83384583 1.26904210 -0.38301448
v -1.64661933 1.63963880 -0.31125981
v -0.97766642 1.37045660 -0.32052677
v -0.85791043 1.56367687 -0.39563089
v -0.44930580 1.64845618 -0.34491067
v -0.06612899 1.75420220 -0.37870974
v 0.28936300 2.08034872 -0.43660281
v -0.45145516 2.13086419 -0.40931364
v -1.04249477 2.07233314 -0.31528558
v -0.69230163 2.16436535 -0.35664221
v -0.31466009 2.26165619 -0.34533865
v 1.29040139 1.33475063 -0.42705942
v 1.40860102 1.52701934 -0.44158084
v 1.09968726 1.40136221 -0.39457559
v 1.11154506 1.22945002 -0.29488998
v 0.75792825 1.68453656 -0.42429822
v 1.29995127 1.73048954 -0.41648214
v 0.59920770 1.63777053 -0.37159558
v 1.64365748 1.17179528 -0.44843096
v 1.73000002 1.25808739 -0.42793347
v 2.07471675 1.30978612 -0.43972994
v 1.73000002 1.50400390 -0.33428483
v 2.04151013 1.51515980 -0.44220596
v 1.87229531 1.60343463 -0.36844025
v 2.08750685 1.86020727 -0.32263256
v 2.88535928 1.72517708 -0.41075552
v 0.92381691 1.36231014 -0.28018732
v 0.73681920 1.49023898 -0.29723644
v 2.49553260 1.38046584 -0.32192988
v 1.73000002 1.65482446 -0.20974131
v 0.90353975 1.82082096 -0.44730369
v 0.66528612 2.07294434 -0.41197349
v 0.32099384 2.30863915 -0.29981112
v 2.42527531 1.98855770 -0.37718530
v 1.38286750 1.86785623 -0.30953300
v 0.72249618 2.20786327 -0.31204956
v 2.77124985 2.14701234 -0.36961880
v -1.93280703 1.40148954 -0.22604431
v -1.68504251 1.73988097 -0.14663108
v -0.94068320 1.30126863 -0.21559326
v -0.72877382 1.45231480 -0.24773220
v -0.47737163 1.54834237 -0.24175449
v -0.71356951 1.39883982 -0.13223700
v -0.48471860 1.49451929 -0.13572515
v -0.24909197 1.63551173 -0.28695242
v -0.01063452 1.62469382 -0.24751323
v -0.24056728 1.55741184 -0.14948780
v 0.25131232 1.59213139 -0.22528628
v -1.98590118 1.43302238 0.00556011
v -1.41296624 1.96617105 -0.15305869
v -1.09505077 2.16175109 -0.14931459
v -0.74613611 2.29386225 -0.17708898
v -0.36731831 2.38302230 -0.17779255
v 0.00108004 2.42441805 -0.14744072
v 0.96563828 1.22899949 -0.11604395
v 0.50387747 1.55530537 -0.26296588
v 2.53595316 1.29348500 -0.18388747
v 2.73066649 1.46422682 -0.26564707
v 2.97182862 1.56748331 -0.27300146
v 2.75746481 1.39450309 -0.09737160
v 2.97534198 1.49471195 -0.13644876
v 0.77611007 1.35293338 -0.10522784
v 1.73000002 1.73060843 -0.03743797
v 1.10904015 2.16244527 -0.12748926
v 1.42774163 1.96935539 -0.11961379
v 0.39122892 2.40201088 -0.11197068
v 2.37258977 2.12751341 -0.22292035
v 2.03888707 1.94272958 -0.18819029
v 3.07889374 2.38047796 -0.17978570
v 2.70846177 2.28907032 -0.18280378
v 4.63228827 0.04022271 -0.34153223
v 5.50309118 0.00651465 -0.44656831
v 5.19000006 0.24633927 -0.37256982
v 5.37752851 0.37813077 -0.44676209
v 5.59036577 0.38428047 -0.41603063
v 5.19000006 0.51273314 -0.40582524
v 5.82042227 -0.01670945 -0.26722002
v 4.63843505 0.29279801 -0.32980447
v 4.99994486 0.60070150 -0.44894211
v 5.34132686 0.58040448 -0.44771088
v 5.19000006 0.65135721 -0.42480506
v 5.59803885 0.70313200 -0.37214427
v 4.96780923 1.00042599 -0.40850292
v 4.76472178 1.09396244 -0.34044930
v 5.19770277 0.92722204 -0.44781106
v 5.41674956 0.97690041 -0.40754106
v 5.32540178 1.16309486 -0.44795352
v 5.52328292 0.98383256 -0.34246932
v 5.73014354 0.74657600 -0.22149999
v 4.82376424 0.98123907 -0.31688129
v 5.70267987 1.12603467 -0.29510907
v 8.40288025 0.30528304 -0.44990982
v 8.53722962 0.32787390 -0.43115183
v 8.64999962 0.24633873 -0.37257001
v 8.08192391 0.37171348 -0.30609772
v 8.30665798 0.64403305 -0.41387423
v 8.61479781 0.89134478 -0.44827129
v 8.44855862 1.00167640 -0.41612520
v 8.28376464 0.98123907 -0.31688126
v 4.50374268 0.00336446 -0.16670843
v 5.78313224 0.37952322 -0.27534179
v 4.47282916 -0.02828098 0.00766921
v 4.53237257 0.37060205 -0.16605101
v 5.87639277 0.38879821 -0.02621436
v 4.66214869 0.77553579 -0.22194854
v 4.70765735 0.96402928 -0.15754619
v 4.60664479 1.09316726 -0.17463792
v 5.84817623 1.16240083 -0.17008360
v 5.78131694 0.77413787 0.02014674
v 4.61316467 1.09880795 0.19551541
v 5.68603195 0.96186129 -0.12158022
v 7.96447404 0.00252489 -0.16863349
v 7.96882122 0.37441433 -0.08628119
v 8.12589949 0.77514178 -0.22786828
v 8.16765713 0.96402963 -0.15754633
v 8.03997646 1.10115547 -0.13739195
v 4.33035704 1.72942494 -0.44502781
v 3.98967711 1.76017655 -0.41966046
v 4.04170808 1.62454778 -0.35836033
v 4.73500805 1.30743709 -0.41427610
v 4.87828632 1.43806906 -0.44835914
v 4.58261690 1.44200337 -0.41567003
v 5.19000006 1.25808746 -0.42793345
v 5.51634626 1.32622512 -0.44485487
v 5.19000006 1.50400386 -0.33428483
v 5.49976077 1.52580994 -0.43998208
v 5.32912995 1.61411571 -0.36144640
v 4.58561001 1.23005566 -0.30615895
v 4.70775274 1.79358349 -0.40771313
v 5.57884526 1.85298469 -0.34421775
v 4.39218668 1.36473426 -0.28775106
v 4.19081557 1.48644674 -0.29042320
v 3.19105955 1.64380852 -0.30005874
v 5.19000006 1.69151700 -0.15464367
v 5.08256773 1.64400617 -0.32433760
v 3.41271948 2.15055338 -0.42167244
v 4.33044761 1.89153501 -0.44045174
v 4.11977593 2.05050966 -0.42157187
v 3.08867282 2.25197139 -0.34785598
v 3.48883970 2.30605619 -0.32662961
v 4.17645359 2.20118921 -0.32097664
v 4.84364167 1.85842352 -0.31736672
v 4.49867048 2.07219000 -0.31715964
v 6.34393270 1.72644883 -0.41147057
v 8.64999962 1.25808746 -0.42793345
v 8.22892496 1.32574544 -0.42869261
v 8.64999962 1.50400386 -0.33428483
v 8.32926024 1.52188777 -0.44241738
v 8.04231740 1.23207772 -0.30545331
v 7.71675850 1.62717564 -0.40845337
v 7.22059326 1.82398135 -0.42321848
v 7.42393708 1.78517124 -0.42726201
v 8.21287909 1.72444004 -0.42030175
v 7.52878983 1.65919713 -0.38601790
v 6.00147826 1.34374424 -0.25592178
v 6.65516996 1.64657688 -0.30209323
v 7.81030873 1.43217187 -0.32650379
v 7.63966380 1.48939738 -0.28861279
v 5.90255882 2.02329303 -0.36310317
v 6.87105493 2.14909060 -0.42222408
v 7.82301466 1.75178269 -0.44776029
v 7.55035743 2.08544473 -0.41031106
v 6.28963482 2.16385933 -0.36792727
v 6.51529629 2.24129510 -0.35007468
v 6.94639248 2.30386765 -0.32866331
v 8.29728885 1.86189669 -0.31886347
v 7.28727415 2.30257037 -0.30218201
v 7.65900703 2.19504462 -0.31844592
v 4.42864941 1.23815028 -0.14730553
v 3.95664736 1.55239689 -0.25557372
v 3.87580917 1.50618469 -0.11590578
v 3.42066065 1.63654198 -0.26883049
v 3.20837141 1.57026923 -0.18372685
v 3.69089077 1.58971012 -0.21871240
v 4.23704018 1.35461643 -0.11325414
v 3.68766850 1.53313507 -0.01337929
v 4.20471839 2.30754574 -0.14596353
v 5.82916785 2.15159330 -0.17595047
v 4.88434685 1.96205393 -0.14715984
v 5.50527841 1.95535643 -0.17316798
v 3.46890977 2.41934610 -0.15819787
v 3.84147539 2.40464761 -0.11077158
v 6.21120657 1.47402559 -0.26704758
v 6.43556891 1.56725526 -0.27171549
v 6.21585112 1.39580595 -0.10498119
v 6.43615788 1.49479213 -0.13597895
v 6.88119028 1.63809088 -0.27059521
v 6.66917155 1.57062631 -0.18411547
v 7.15200876 1.59062082 -0.22034212
v 7.88259826 1.23152940 -0.11583303
v 7.42067929 1.55635988 -0.26342229
v 7.33764648 1.50832027 -0.12637429
v 7.14467708 1.53496717 0.03366680
v 7.69965575 1.35395825 -0.11661966
v 8.64999975 1.73060838 -0.03743785
v 8.03021150 2.15456941 -0.14713279
v 8.35293994 1.96211347 -0.13014884
v 7.65620449 2.30675294 -0.15264359
v 7.29285378 2.40633909 -0.10695173
v 6.19121591 2.29869613 -0.17581044
v 6.53638250 2.38132486 -0.17637168
v 6.92649151 2.41842774 -0.16087449
v -2.43825613 0.00653792 0.09409201
v -1.53344283 0.23790660 -0.02752769
v -1.55134372 0.00218119 0.01925543
v -1.47674032 0.47975686 -0.03457906
v -1.48314016 0.47785625 0.08280122
v -1.58694985 -0.00919486 0.17683750
v -1.54986869 0.23855351 0.12497339
v -2.41172690 0.38566763 0.07792137
v -1.38289557 0.70624042 -0.03696272
v -1.25634406 0.91267419 -0.03643278
v -1.38739652 0.70511005 0.07405641
v -1.25850527 0.91411895 0.06954072
v -1.09811642 1.09783693 -0.03543909
v -1.10000578 1.09971128 0.06926505
v -2.32589240 0.75206037 0.06697255
v -1.29236903 0.92605923 0.18412954
v -1.12861712 1.11559636 0.17671612
v 1.02264816 0.00986054 0.09676959
v 1.05053864 0.42599285 -0.00144914
v 2.41668755 0.38878982 -0.02258561
v 1.07707507 0.39140621 0.16820085
v 1.14176576 0.77901425 -0.03265985
v 1.21602433 0.95901925 0.02910370
v 2.24424040 0.95897730 -0.02619022
v 1.19155954 0.76670697 0.21146512
v 2.36625390 1.10252423 0.04429610
v 2.20123704 0.96578845 0.18076325
v -2.31343581 0.02449360 0.32061893
v -1.65982601 -0.02075207 0.29437981
v -1.62794245 0.21118022 0.27459646
v -1.54979176 0.46030599 0.23754022
v -1.71614569 0.15681495 0.35807111
v -1.69989967 0.39203115 0.37284933
v -1.77393483 -0.02235393 0.38869072
v -1.81881439 0.23320825 0.41812791
v -2.32135413 0.37267967 0.27924851
v -1.60171103 0.63433982 0.35754033
v -2.21069786 0.25861951 0.38455686
v -1.99448800 0.27326151 0.44874123
v -1.73432475 0.60947778 0.41980621
v -2.22608019 0.72685144 0.29032550
v -1.44855989 0.71268942 0.23197816
v -2.11789812 1.08048451 0.24226352
v -1.21355935 1.14738322 0.30803432
v -1.51061553 0.85040780 0.36541102
v -2.04977236 0.67605246 0.41966839
v -2.00627144 1.03480667 0.36787498
v -1.42380998 1.14808159 0.41679335
v -1.77699392 0.94134085 0.44896179
v 1.14876249 0.01410426 0.32319487
v 2.38850454 0.00213306 0.22433577
v 2.35725623 0.37437617 0.22726162
v 1.21265475 0.38005664 0.34996400
v 1.60193920 0.43186080 0.44057825
v 1.73057171 0.30900670 0.37926853
v 2.04938899 0.04301040 0.44584661
v 2.22181488 0.01797726 0.38935017
v 2.22815827 0.34920124 0.36948850
v 1.29570712 0.97163982 0.24059439
v 1.18576158 1.08220454 0.22128360
v 1.17742683 1.23071710 0.33867775
v 2.13217945 0.97672603 0.27990789
v 2.32917935 1.13854608 0.21419697
v 2.06890105 0.98339031 0.33816761
v 1.37174564 1.06459390 0.36672256
v 1.56964528 0.98987514 0.42880939
v 1.73038507 0.58792403 0.41486678
v 1.99343538 0.63298479 0.43913503
v 2.08435210 1.15356066 0.40305532
v 1.74278338 0.93942523 0.44865640
v 1.91484242 1.01671180 0.42526981
v 1.74234662 1.12301622 0.44546225
v -0.91076402 1.26363503 -0.08106588
v -0.70525653 1.38270747 -0.02836637
v -0.48071416 1.47625455 -0.03340419
v -0.24214894 1.53381258 -0.03646814
v -0.90851521 1.26154465 0.06525252
v -0.69852332 1.38984700 0.07298394
v -0.48088986 1.47922256 0.06920991
v 0.10328568 1.55005330 -0.08139949
v -0.24318602 1.53628855 0.06896526
v 0.00484297 1.55434571 0.06006099
v 0.25528012 1.52832721 -0.00600944
v -1.72381879 1.73418155 0.05397341
v -0.93999861 1.27744303 0.17460073
v -0.72867260 1.40827929 0.17370541
v -0.49945599 1.50531986 0.17463018
v -0.25771396 1.56510487 0.17500622
v -0.00997440 1.58548588 0.17345128
v 0.25017452 1.56813373 0.17787622
v -1.11119347 2.17315048 0.08465097
v -0.38496198 2.41438047 0.06256619
v -1.43052926 1.97745827 0.08466191
v -0.75033488 2.32609429 0.06960455
v -0.00538175 2.44432211 0.06676183
v 0.43551156 1.49005705 -0.06797080
v 2.54018424 1.24991855 -0.03308980
v 2.97928640 1.47366669 0.00292856
v 1.73000002 1.72957767 0.04683046
v 0.66191430 1.40229415 0.04630026
v 0.88435838 1.28141070 0.08674553
v 0.47695623 1.49531834 0.13140024
v 2.75694243 1.38689792 0.06568056
v 2.53689727 1.26945518 0.12915555
v 2.94187061 1.49429190 0.16726220
v 1.73000002 1.61851601 0.24834011
v 0.75728856 2.31369369 -0.11028987
v 1.09926300 2.17424475 0.10179170
v 0.37745681 2.40596712 0.10699218
v 2.69439628 2.32181292 0.05592899
v 3.07917315 2.41508935 0.06275459
v 1.42681338 1.97107660 0.11550847
v 0.75499750 2.31205229 0.12028917
v 2.02091237 1.95916472 0.12283594
v 2.36401709 2.17341174 0.11025184
v 2.71879117 2.24983810 0.25556989
v -1.67971164 1.65651861 0.26883077
v -1.01391910 1.30646656 0.28920654
v -0.79945474 1.44206317 0.28373608
v -0.56846671 1.54667107 0.28280308
v -0.31822535 1.63079795 0.29871308
v -0.05795657 1.64979484 0.28606313
v 0.17039293 1.63251701 0.27619412
v -1.78111450 1.31132660 0.39572311
v -1.13188987 1.35932360 0.38778168
v -1.58955600 1.49900472 0.40729631
v -1.26639192 1.75760913 0.41641121
v -0.99550998 1.51538736 0.41012038
v -0.15768068 1.78003080 0.39895293
v 0.09179939 1.74034972 0.37145897
v 0.33703888 1.66465843 0.33595483
v -0.74123411 1.60458242 0.38615733
v -0.52818480 1.69617831 0.39016279
v 0.21405290 1.87048770 0.43431153
v -1.37376566 1.89337018 0.29341410
v -1.07004435 2.06650762 0.30641551
v -0.70712500 2.22108891 0.30205707
v -0.00261034 2.23403453 0.38260310
v -0.89615557 1.82867321 0.44695407
v -0.37196600 2.31852603 0.28267392
v -0.36239999 2.13916945 0.41459613
v 0.71611986 1.43114497 0.20779047
v 0.95980595 1.36144818 0.30140918
v 0.51086000 1.55280859 0.26320440
v 0.57893691 1.64846386 0.37290000
v 2.71239199 1.42823784 0.22766955
v 1.86688654 1.62310591 0.35434141
v 3.06714250 1.59639638 0.27988809
v 1.16029126 1.42321132 0.41989889
v 1.35263626 1.29847271 0.43198213
v 1.57121575 1.57962508 0.38615183
v 1.55264101 1.38645848 0.44035207
v 0.75779593 1.52569875 0.33785150
v 1.37778994 1.88178803 0.30096383
v 1.00922773 1.77200887 0.44649711
v 2.25644910 1.18815451 0.32694902
v 1.73000002 1.39722529 0.38532312
v 2.46896767 1.33563746 0.29780122
v 2.26762470 1.33025876 0.39834282
v 1.72999990 1.29822194 0.41710346
v 2.46309347 1.47999236 0.39641304
v 2.07659462 1.38004261 0.44639862
v 2.45267909 1.60942665 0.43842225
v 2.64513958 1.49928712 0.34175646
v 1.89145472 1.44528499 0.42823913
v 2.19785919 1.79599023 0.40373694
v 2.82412244 1.58912271 0.34808071
v 2.96803302 1.74604532 0.41029353
v 1.04071778 2.10880040 0.27651468
v 0.72625581 2.21901502 0.29825939
v 0.36165543 2.29562818 0.31129814
v 2.08494809 1.89517811 0.29081437
v 3.08754493 2.32178865 0.27881385
v 1.03403825 1.97173887 0.38622075
v 0.69433720 2.08161293 0.40453853
v 0.33745932 2.07631628 0.43634106
v 2.39086063 2.08558293 0.28786882
v 2.42628893 1.91702434 0.41044951
v 2.54589227 1.78710334 0.44940463
v 2.75336947 2.12748364 0.37731561
v 4.50742733 0.01462625 0.17346409
v 4.50906759 0.41916683 -0.00352765
v 5.87366774 0.01331454 0.17106932
v 4.53559000 0.38803223 0.16661135
v 4.60164166 0.77715857 -0.04025054
v 4.67602402 0.95901942 0.02910368
v 4.63077383 0.77412863 0.16151996
v 5.68285405 0.96236466 0.13304221
v 5.83047135 1.10664628 0.04933611
v 4.74670723 0.97021418 0.22787648
v 5.90464591 0.01407427 -0.05395743
v 7.94087341 -0.00423930 0.09122028
v 7.99317412 0.37127357 0.16785841
v 8.05958545 0.77143356 -0.04396171
v 8.13602452 0.95901906 0.02910374
v 7.96813613 1.14902145 0.08580380
v 8.09669534 0.77270553 0.17608777
v 4.61251137 0.01504403 0.32633360
v 5.82071677 0.37248133 0.22211771
v 5.19057175 0.30900680 0.37926848
v 4.87425594 0.03008231 0.44621354
v 5.74005156 -0.00231540 0.35062275
v 5.55700058 -0.01324496 0.43782220
v 4.66265682 0.37221261 0.34320399
v 5.69720562 0.33888263 0.36444208
v 5.19038511 0.58792393 0.41486680
v 4.77194811 0.76503719 0.34710698
v 5.70726360 0.76946391 0.24176403
v 4.58770031 1.21860855 0.29753021
v 5.56641754 0.98035417 0.30623056
v 4.67662551 1.30526758 0.39634255
v 5.45164737 0.63165060 0.43962875
v 4.85439246 0.98364939 0.34068948
v 5.03175544 1.00426085 0.43030201
v 5.54805564 1.17305862 0.40714652
v 5.21442206 0.95385750 0.44996484
v 5.38154337 1.02148383 0.42393185
v 5.20533667 1.13183905 0.44529959
v 8.05874113 -0.02124838 0.31265634
v 8.14910325 0.32983517 0.36874443
v 8.64999962 0.52417164 0.40693473
v 8.29954965 0.67043324 0.40844166
v 8.23509295 0.97471055 0.26700367
v 8.11157354 1.10248467 0.25007692
v 8.29248428 0.98192537 0.32391453
v 8.27610793 1.12042408 0.38170139
v 8.10265625 1.23463857 0.34414196
v 8.46509367 0.58662132 0.44959683
v 8.46528274 0.99039670 0.42067017
v 3.21519407 1.53322012 -0.03548413
v 4.32284637 1.28623878 0.02947939
v 3.45190448 1.56213796 -0.10053089
v 3.20586802 1.54577315 0.11904706
v 3.45797309 1.55468151 0.06151176
v 5.19000006 1.73031074 0.04032327
v 4.14067578 1.39523986 0.05474217
v 3.92918543 1.48362147 0.07629930
v 3.46187295 1.59637456 0.19819960
v 3.69946894 1.56231972 0.16112778
v 5.19000006 1.61844329 0.24841756
v 5.80902661 2.17737534 0.06943536
v 3.46490828 2.44163029 0.08057181
v 3.84479837 2.40449963 0.10813165
v 4.21117373 2.32324503 0.08089393
v 4.89260378 1.97342358 0.09450636
v 5.48570763 1.98002327 0.06098095
v 4.56900410 2.16788191 0.10819973
v 6.01849486 1.26124162 -0.01527673
v 6.44177707 1.47451434 0.00242856
v 6.67523819 1.53313117 -0.03425053
v 6.91140568 1.56147123 -0.09791731
v 6.67349934 1.54615366 0.11314968
v 6.89680987 1.55246840 0.05455473
v 7.38501255 1.47957554 0.02584727
v 6.22870373 1.39332658 0.07486007
v 6.07003815 1.34065393 0.18754122
v 6.42984340 1.50289111 0.16057829
v 6.92505607 1.58896890 0.18092553
v 7.58957128 1.40028516 0.05998994
v 7.78759097 1.28776586 0.07278109
v 6.16857230 2.32680745 0.05751437
v 8.03881139 2.16853616 0.08445854
v 6.53958158 2.41516881 0.06215315
v 6.91734118 2.44217598 0.07903621
v 6.18156722 2.25092275 0.25566850
v 8.35850452 1.96692195 0.09977246
v 7.30567467 2.40333257 0.11201842
v 7.67315999 2.32331546 0.07867044
v 4.23718617 1.39163467 0.20072261
v 4.42948202 1.27805383 0.21632742
v 3.27135998 1.61703179 0.25787105
v 3.42676918 1.69010012 0.32751908
v 5.31842859 1.63280298 0.34331823
v 4.49520273 1.41102851 0.37335077
v 3.19158201 1.70609302 0.35698700
v 3.66860252 1.65330395 0.30405342
v 3.93323552 1.58771932 0.29201631
v 3.55873393 1.79657484 0.40453221
v 3.80635039 1.75136592 0.39705622
v 4.41062556 1.60510452 0.43040086
v 5.74828368 1.14814039 0.27124286
v 5.19000006 1.31332401 0.41302830
v 4.87454147 1.33041613 0.44572335
v 4.58829753 1.54985517 0.44148169
v 5.01437402 1.46206684 0.42820952
v 5.73037466 1.32952669 0.39690278
v 5.92521849 1.47351528 0.39233580
v 5.52582084 1.38877495 0.44749307
v 5.92389241 1.62239604 0.43967434
v 5.07902594 1.62417847 0.33922514
v 4.82243279 1.88540191 0.30834812
v 4.69933807 1.73443860 0.42943465
v 5.34128016 1.46005411 0.42123045
v 5.62923716 1.75915210 0.40990574
v 3.46398090 2.34532971 0.28606403
v 4.18883692 2.22893556 0.28633486
v 5.53929266 1.89425385 0.28760571
v 5.85803459 2.09243321 0.28472452
v 3.83199285 2.29148484 0.31354814
v 4.14849907 2.07821302 0.40677190
v 3.12147159 2.15999046 0.40826899
v 3.46494048 2.21837606 0.39208621
v 3.80404770 2.08181344 0.43468342
v 4.51151272 2.06229966 0.32097240
v 6.22967817 1.46371800 0.24089033
v 6.74304094 1.61213027 0.24837233
v 7.14703796 1.61304508 0.25629675
v 6.91498344 1.68938202 0.32500928
v 7.90970261 1.29504899 0.25897742
v 7.67577477 1.42458588 0.22955738
v 7.46343928 1.50255662 0.20761668
v 5.92666045 1.27586908 0.23897044
v 6.41648357 1.61475822 0.32768059
v 6.65688420 1.68303249 0.33693503
v 6.15155486 1.60360038 0.39200059
v 6.98528286 1.81529957 0.41119777
v 7.31315042 1.83324756 0.43259158
v 8.23805406 1.31268544 0.42779749
v 8.64999962 1.29822197 0.41710347
v 8.00700793 1.39120556 0.38476645
v 8.52518133 1.51339622 0.39728849
v 8.44975989 1.36199163 0.44574117
v 8.30398112 1.85908410 0.31651755
v 7.51298553 1.75771051 0.42616091
v 7.99449391 1.77382978 0.44208842
v 6.91807826 2.34526946 0.28632430
v 7.65055941 2.23109348 0.28321921
v 5.93236979 1.95910357 0.40493139
v 6.02393731 1.80006104 0.44904371
v 6.21398641 2.12842158 0.37692805
v 6.54825350 2.32195291 0.27882052
v 6.58063591 2.15899712 0.40865321
v 6.92324195 2.21782831 0.39250379
v 7.89668709 1.90143921 0.42819281
v 7.29132113 2.29109559 0.31417685
v 7.60957405 2.08189171 0.40518886
v 7.25658919 2.07854526 0.43586802
v 9.79020883 -2.09070066 -0.41212231
v 10.42105605 -2.19187158 -0.40476077
v 11.07700110 -2.09754322 -0.39658405
v 11.35024996 -1.78574001 -0.44718062
v 11.40702880 -1.96609195 -0.39143173
v 9.94102652 -2.23122950 -0.35160591
v 9.00369374 -1.92927217 -0.25251677
v 9.37919077 -2.09603018 -0.30830815
v 9.10314663 -1.64196068 -0.44113808
v 9.75360668 -1.57793088 -0.33611288
v 9.01444945 -1.30141720 -0.43480753
v 9.05908127 -1.10608208 -0.35774435
v 10.13546948 -1.75775528 -0.38949109
v 10.75998119 -1.76247578 -0.40606960
v 10.93148443 -1.81907764 -0.43817477
v 11.00339592 -1.67010267 -0.39564707
v 11.24023951 -1.55552658 -0.39210728
v 9.96400637 -1.67704173 -0.36206152
v 10.35849692 -1.70490914 -0.33937887
v 10.59600233 -1.70706328 -0.35429245
v 10.84520057 -1.64983475 -0.34923801
v 11.08689584 -1.55056365 -0.34084450
v 11.30810284 -1.41350171 -0.32978353
v 8.79271806 -1.60580569 -0.36750075
v 8.64999996 -1.51913421 -0.32586633
v 9.59800842 -1.50419148 -0.33062572
v 10.06632809 -1.61050267 -0.27428708
v 10.42825450 -1.63643431 -0.26952591
v 10.66345327 -1.63807868 -0.29749416
v 11.12153657 -1.45422092 -0.25874072
v 12.86644172 -1.99562493 -0.38940831
v 13.54867816 -2.10161785 -0.43145955
v 13.89864875 -2.14888722 -0.42199199
v 14.20592709 -1.92593638 -0.44718261
v 13.56535655 -1.75758891 -0.39084144
v 11.75003223 -1.86130222 -0.32328832
v 13.49536885 -2.27684587 -0.33035082
v 13.13040633 -2.20910999 -0.31506042
v 12.50637774 -1.89910982 -0.31230101
v 12.61423012 -1.70520477 -0.43714466
v 11.94528916 -1.40299537 -0.43544947
v 11.93147453 -1.58881005 -0.38973951
v 11.45401967 -1.41566106 -0.39101221
v 12.10999966 -1.25808746 -0.42793345
v 11.66499236 -1.28499253 -0.40987909
v 12.55976854 -1.15318434 -0.35744588
v 11.49915751 -1.25619268 -0.32285294
v 14.24281736 -1.71141813 -0.38128186
v 13.05540293 -1.59251678 -0.38950559
v 12.11000061 -1.51913421 -0.32586633
v 14.10628598 -1.65167303 -0.30831228
v 12.86943177 -1.33750625 -0.28403796
v 9.58636467 -2.18593198 -0.30387309
v 9.99896666 -2.36833911 -0.20707759
v 9.25883842 -2.16139629 -0.10476332
v 10.72308653 -2.32596784 -0.27748602
v 11.11451765 -2.23684977 -0.27519413
v 10.36101122 -2.40955789 -0.17991374
v 9.63395317 -2.32117997 -0.09428439
v 8.93291999 -1.97004553 -0.05875242
v 8.64999962 -1.64411624 -0.22112504
v 9.87332448 -1.55746066 -0.26673842
v 9.42913862 -1.35103338 -0.28549072
v 9.66374744 -1.42398908 -0.19357893
v 9.90549407 -1.49382979 -0.12296259
v 10.61457237 -1.59142654 -0.22198618
v 10.14800409 -1.57572551 -0.19207241
v 10.38198882 -1.57596455 -0.14894745
v 10.62566313 -1.54794656 -0.11961712
v 11.30609571 -1.31616834 -0.22391186
v 10.86892522 -1.53972067 -0.23244640
v 11.08389741 -1.40302820 -0.13245780
v 11.28841475 -1.26343706 -0.07523131
v 10.62510522 -1.53225725 0.02444141
v 11.08118096 -1.38408261 0.02337700
v 13.81578185 -2.40235242 -0.19631574
v 11.47396686 -2.12477090 -0.22114016
v 12.72005549 -2.15740239 -0.12164864
v 11.81139594 -1.95439245 -0.15054043
v 12.41084937 -1.97548671 -0.09469423
v 13.09238069 -2.30699738 -0.14561497
v 13.46602321 -2.39424509 -0.14943314
v 12.10999966 -1.64411624 -0.22112504
v 13.58803515 -1.58537825 -0.21456969
v 13.90615870 -1.65485188 -0.29273995
v 14.08333691 -1.58064078 -0.20551105
v 13.83001028 -1.57422368 -0.14626485
v 13.27716765 -1.56792473 -0.30333230
v 13.10315219 -1.42316092 -0.21138086
v 12.10999966 -1.71286970 -0.10800787
v 14.07041989 -1.53633112 -0.05674032
v 8.80507107 -1.14395346 -0.44579437
v 8.65014092 -0.96155800 -0.44871839
v 9.02306703 -0.98070150 -0.30971023
v 9.12349886 -0.96543032 -0.17603467
v 8.64999990 -0.60673409 -0.41770999
v 8.64999962 -0.42873833 -0.39610809
v 9.12307230 -0.27402041 -0.38848724
v 8.64999962 -0.24633873 -0.37257001
v 8.64868307 -0.01634856 -0.36158723
v 12.00194362 -1.18255591 -0.44940712
v 11.98200260 -0.95320271 -0.44006788
v 11.84167639 -1.11712617 -0.42040390
v 12.21500171 -1.06298670 -0.44582485
v 12.41492712 -1.08599078 -0.40019081
v 11.65317210 -1.10382421 -0.32538299
v 11.79961875 -0.77012446 -0.40831554
v 11.77671665 -0.98383260 -0.34246942
v 12.46742636 -0.98193229 -0.32398287
v 12.58349890 -0.96543032 -0.17603467
v 12.11000061 -0.60673411 -0.41770987
v 12.43209887 -0.19244673 -0.44470775
v 12.10999966 -0.42873849 -0.39610807
v 12.59490440 -0.33018868 -0.37852764
v 11.75534881 -0.35967636 -0.43314027
v 12.26485234 -0.29138577 -0.43922139
v 12.10999966 -0.24633920 -0.37256983
v 12.10868266 -0.01634898 -0.36158706
v 11.54370137 -0.37383257 -0.30754659
v 9.26905089 -1.17547172 -0.23903341
v 9.16210419 -0.95931557 0.04969700
v 9.16279371 -0.75715875 -0.25623135
v 9.32025467 -0.41427941 -0.09662169
v 11.47828304 -1.14909436 -0.18719393
v 11.46314017 -1.10751519 0.00487949
v 11.61734642 -0.96239650 -0.13376626
v 12.73615374 -1.16540916 -0.21895757
v 12.62210421 -0.95931612 0.04969693
v 11.52368601 -0.78248263 -0.03835394
v 12.64914976 -0.75145100 -0.21994858
v 12.74719695 -0.37290255 -0.21148899
v 14.54358889 -2.08539678 -0.40161500
v 14.81779437 -1.77118387 -0.44784922
v 14.87346540 -1.96220593 -0.39140116
v 16.70484419 -2.08477374 -0.41399658
v 16.66391313 -1.89931359 -0.44965876
v 15.21113510 -1.86113409 -0.32278424
v 16.86261044 -2.22686245 -0.35556084
v 15.91010529 -1.92449098 -0.24756801
v 16.28863243 -2.09088009 -0.30915087
v 14.41767884 -1.80229684 -0.43571786
v 14.45169208 -1.62892906 -0.36951124
v 14.81506678 -1.56038893 -0.42162495
v 14.63996996 -1.54747881 -0.36853203
v 15.41713504 -1.40718236 -0.43262539
v 15.42457871 -1.60496038 -0.36897510
v 15.56999969 -1.25808746 -0.42793345
v 14.97939598 -1.24567018 -0.32725875
v 16.02144391 -1.81695785 -0.38881021
v 16.17222062 -1.46551117 -0.42449017
v 15.99833682 -1.34260831 -0.43064475
v 15.57000003 -1.51913421 -0.32586633
v 14.31218466 -1.56630085 -0.26726783
v 14.57280102 -1.46516727 -0.26822581
v 14.80378079 -1.40866928 -0.34222439
v 15.69314266 -1.61164377 -0.35416141
v 16.77249348 -1.55705012 -0.27565550
v 16.53169982 -1.51045860 -0.32923262
v 16.34237269 -1.35754066 -0.29615944
v 17.39120082 -2.11673358 -0.43161177
v 18.02918691 -2.10147040 -0.38678260
v 18.23519192 -1.81387676 -0.44673281
v 18.36589727 -2.07494709 -0.30050924
v 18.63503685 -1.87639026 -0.32985947
v 17.83309628 -1.60216860 -0.32470929
v 18.60298137 -1.72149134 -0.41850735
v 18.53705391 -1.11770404 -0.30637861
v 19.08334422 -1.23216457 -0.41472489
v 18.51924507 -1.30187165 -0.39580069
v 17.21603210 -1.71402927 -0.35136689
v 17.60019994 -1.64183350 -0.30637384
v 18.05586337 -1.53442833 -0.34412753
v 18.33760123 -1.26574133 -0.27089944
v 18.93724303 -1.61411014 -0.33344876
v 19.14756146 -1.37958195 -0.32692604
v 14.18495301 -2.32053972 -0.28366954
v 14.57601665 -2.23380563 -0.27782343
v 14.22169737 -2.41482927 -0.06518855
v 16.50266240 -2.18285344 -0.30554948
v 16.91796583 -2.36772453 -0.20767333
v 16.17700498 -2.16027050 -0.10477227
v 14.93503536 -2.12406433 -0.22121247
v 15.27177822 -1.95411615 -0.15044805
v 16.55372869 -2.32107995 -0.09447140
v 15.85349035 -1.97045846 -0.05947097
v 15.56999969 -1.64411624 -0.22112504
v 14.77809069 -1.30396645 -0.21714103
v 14.60006048 -1.37069224 -0.13345548
v 16.58468248 -1.42183930 -0.18790189
v 16.89484285 -1.49621462 -0.05396731
v 15.56999969 -1.71286971 -0.10800787
v 14.24959076 -1.51273924 -0.13646981
v 14.54446910 -1.38331687 0.03039767
v 17.65307165 -2.32294948 -0.28010001
v 18.00368588 -2.24772761 -0.27257826
v 17.27971276 -2.40677026 -0.18639715
v 18.72623497 -1.95352873 -0.16024899
v 17.03154758 -1.57163149 -0.19644589
v 17.27853710 -1.58978473 -0.18601234
v 17.49880779 -1.57439959 -0.18256550
v 17.96897141 -1.47575249 -0.24571624
v 17.75374116 -1.51922998 -0.17780168
v 17.98819369 -1.40613425 -0.11933935
v 19.01420184 -1.70648348 -0.16019704
v 19.25486152 -1.42509821 -0.15958146
v 17.53646458 -1.53431715 -0.03719486
v 15.46693452 -1.17857623 -0.44927687
v 15.43817839 -0.94768811 -0.43994430
v 15.31005805 -1.11281926 -0.42188983
v 15.12678720 -1.09695738 -0.33043195
v 15.57841280 -0.82855635 -0.44434004
v 15.28016843 -0.74032613 -0.42094189
v 15.11534789 -0.75766365 -0.32055509
v 15.68091473 -1.04129925 -0.44453227
v 15.81413883 -0.60627137 -0.44468781
v 15.23671669 -0.98383260 -0.34246943
v 15.11435793 -0.96825882 -0.21042629
v 15.94317840 -0.98069266 -0.30959337
v 16.04349888 -0.96542947 -0.17603463
v 15.56999997 -0.60673409 -0.41770999
v 15.21965753 -0.27711575 -0.43683570
v 15.56999969 -0.42756542 -0.39593974
v 15.56999969 -0.21867330 -0.37123558
v 15.56868265 -0.01634898 -0.36158709
v 15.93851946 -0.19126461 -0.43409394
v 16.09295795 -0.33397947 -0.35146936
v 15.73360079 -0.28426229 -0.44118710
v 15.01496138 -0.35691808 -0.32252788
v 18.72486861 -0.95685503 -0.35095756
v 19.15465279 -0.88711355 -0.44533238
v 18.89084640 -0.76488535 -0.38392024
v 19.34537796 -0.60220178 -0.42870219
v 19.47310185 -0.70887253 -0.34569353
v 19.00366793 -0.53773787 -0.39601017
v 18.84358675 -0.59615292 -0.29190024
v 14.95437101 -1.12062625 -0.16007349
v 15.05811030 -0.95934950 -0.05205419
v 14.99936217 -0.77324705 -0.13517116
v 16.07749791 -1.13747002 -0.30845951
v 16.20921627 -1.15967744 -0.19488931
v 16.08210507 -0.95931556 0.04969705
v 16.08970523 -0.75072544 -0.24980897
v 16.22525683 -0.35862389 -0.17404993
v 14.90043906 -0.38760804 -0.12545775
v 18.60179537 -0.93025626 -0.20741011
v 18.70311451 -0.72695445 -0.16086739
v 18.43065116 -1.09311627 -0.14510691
v 19.48699162 -1.06887804 -0.10117065
v 18.56049297 -0.90990048 -0.06305064
v 18.68324500 -0.70293923 -0.02208154
v 18.78670330 -0.50696123 -0.13993455
v 18.92686049 -0.19562261 -0.27189541
v 18.83985122 -0.28664681 -0.12670037
v 18.78209281 -0.46747362 0.06435726
v 19.68408574 -0.41374967 -0.15283755
v 18.83272784 -0.22515799 0.00568885
v 9.98798435 -2.41721610 0.00643722
v 10.75880268 -2.41534288 -0.06155737
v 11.14129912 -2.32269675 -0.06651801
v 10.75970026 -2.38879992 0.16098418
v 9.27687068 -2.15682890 0.15142837
v 9.96319086 -2.37122416 0.18139248
v 9.62580013 -2.30112228 0.15337309
v 10.37409694 -2.44678821 0.03490640
v 11.12547653 -2.29804201 0.16791384
v 9.62761521 -1.35205083 -0.00906016
v 9.46888309 -1.27141412 -0.10954901
v 9.67084786 -1.39156214 0.09666705
v 9.90072814 -1.47543559 0.01696691
v 10.38080132 -1.55238679 -0.03112888
v 10.08836854 -1.52810028 0.08382274
v 10.38502481 -1.56031342 0.09192451
v 10.13922578 -1.53585256 -0.06101338
v 10.85517411 -1.47828100 -0.04003790
v 11.29643761 -1.27135792 0.12096385
v 8.64999962 -1.72319477 0.07999078
v 9.45250500 -1.29432781 0.18999056
v 10.14398246 -1.56971344 0.17832208
v 10.62594907 -1.56795540 0.17596482
v 10.86024186 -1.48858919 0.10726599
v 11.08413312 -1.42348666 0.18122315
v 12.73564810 -2.17689340 0.08343019
v 11.49644541 -2.17766773 0.02981747
v 13.84098093 -2.44914935 0.00982815
v 11.81798034 -1.97382054 0.07927750
v 12.78548475 -2.12136123 0.25360555
v 12.42734203 -1.98248179 0.10577936
v 13.08438522 -2.32211140 0.08047246
v 13.47236128 -2.41383602 0.07743430
v 12.10999966 -1.72316565 0.08006981
v 13.83863447 -1.55202942 0.02715249
v 13.35976233 -1.48937789 -0.11046638
v 12.92881260 -1.26985986 -0.10416594
v 13.59622545 -1.53306918 -0.03054438
v 13.13762125 -1.38174343 0.00167210
v 13.33416665 -1.49519381 0.15788482
v 12.93215724 -1.26233896 0.06940628
v 14.06889269 -1.54558433 0.10396087
v 13.83454938 -1.58651751 0.17508237
v 13.11450093 -1.41182754 0.17701661
v 10.00760039 -2.27730248 0.32653940
v 10.74001520 -2.28291836 0.32413036
v 10.38439846 -2.37008268 0.25410642
v 9.65068982 -2.17979348 0.33369651
v 9.31940264 -2.02980725 0.34064067
v 10.40411314 -2.20293401 0.40062442
v 10.03315479 -2.08799516 0.43307859
v 10.62239876 -2.10923993 0.43055403
v 11.37973217 -2.00285913 0.37914304
v 8.64999962 -1.61839547 0.24846825
v 9.88669500 -1.51395020 0.18823867
v 9.64250946 -1.42610662 0.21604180
v 9.65527748 -1.51743689 0.32046893
v 10.18288326 -1.65975304 0.31054595
v 10.38730422 -1.63583297 0.26504836
v 10.62269379 -1.63898853 0.29043364
v 10.86761231 -1.55912454 0.26282929
v 11.09461615 -1.50310748 0.30122043
v 11.41316489 -1.28631369 0.28588812
v 9.67381310 -1.65794312 0.40586284
v 9.87546134 -1.62836396 0.33921928
v 9.27603356 -1.62079533 0.44723230
v 9.47183122 -1.53923812 0.39896397
v 9.44505995 -1.38407504 0.30880843
v 8.78955495 -1.59460453 0.37147364
v 10.07508562 -1.75000876 0.39029900
v 10.52070603 -1.74839534 0.37874804
v 10.75025244 -1.68533749 0.35982422
v 10.98758103 -1.62126969 0.36419437
v 10.66937239 -1.79179369 0.40912582
v 10.88673523 -1.74367093 0.41076668
v 11.02100778 -1.82205389 0.44485491
v 11.22757196 -1.73639392 0.44484773
v 11.45289758 -2.11822158 0.24683838
v 11.76173286 -1.90393079 0.27794943
v 13.83928377 -2.39211711 0.21862257
v 13.11125510 -2.23365862 0.28125151
v 13.57930693 -2.16657561 0.40807869
v 13.16193675 -2.08386493 0.40626162
v 12.91221246 -1.83185314 0.44576652
v 13.82102437 -2.23823077 0.37924236
v 14.21832669 -2.06245670 0.43728902
v 13.79084947 -2.05951088 0.44501197
v 12.10999966 -1.61839547 0.24846825
v 13.60440570 -1.56058703 0.15620849
v 13.80831991 -1.65347619 0.28795212
v 14.05161117 -1.61641590 0.25981617
v 12.89105698 -1.30433181 0.22720092
v 12.56158831 -1.83353150 0.38016998
v 11.96065865 -1.55396226 0.39255644
v 11.64436635 -1.76797464 0.41317876
v 11.43710594 -1.41156810 0.38234688
v 11.58540758 -1.21809538 0.34602350
v 12.10999966 -1.38730696 0.38928269
v 12.10999966 -1.29822197 0.41710345
v 12.26959086 -1.58108781 0.38579021
v 13.44346032 -1.69185420 0.36868742
v 13.68645752 -1.72546487 0.36531529
v 13.93491717 -1.71520575 0.35310769
v 13.00130275 -1.49476191 0.34912114
v 13.57039710 -1.83519815 0.42610073
v 13.84039819 -1.80621375 0.40531909
v 12.78320447 -1.40307703 0.37825418
v 9.30277548 -1.11531821 -0.03153144
v 9.07917959 -0.97244987 0.24782013
v 9.23861817 -0.77718674 -0.03705482
v 9.19976008 -0.77938424 0.17782771
v 11.43176678 -0.38489813 -0.09286615
v 11.61719069 -0.96237186 0.13320427
v 12.76009342 -1.11459874 -0.04675932
v 12.53917963 -0.97244987 0.24782013
v 12.69931140 -0.77567673 -0.03625745
v 11.50376497 -1.12795334 0.18834042
v 12.74342407 -1.12209898 0.13170950
v 11.56236273 -0.76809530 0.19303992
v 12.66050663 -0.77933546 0.17620278
v 12.79917494 -0.37676185 0.01490395
v 11.44748278 -0.36010178 0.15624019
v 9.27777480 -1.23430099 0.29211339
v 8.98179370 -0.98394933 0.34360991
v 8.78727907 -1.18086197 0.44875173
v 8.81740477 -0.94720550 0.43207192
v 8.64999962 -0.60673411 0.41770987
v 8.80229588 -0.68496051 0.44942346
v 9.24579597 -0.39572386 0.26785797
v 8.64999962 -0.40438974 0.39261405
v 9.12315226 -0.37027195 0.38176436
v 8.64999962 -0.14425563 0.36764668
v 8.64983914 0.03736168 0.36201215
v 8.81816527 -0.30208679 0.44267375
v 11.67911574 -0.97218001 0.24541118
v 12.68126923 -1.18366790 0.28999442
v 11.78682843 -0.98462842 0.35021215
v 11.68628668 -0.75803679 0.34492125
v 11.92348121 -0.97614325 0.42310465
v 12.44328317 -0.98383213 0.34246946
v 11.78143598 -1.15878555 0.41261285
v 12.24771621 -1.16348869 0.44783476
v 12.27581359 -0.96470943 0.43081282
v 12.09724561 -1.00552820 0.44966411
v 12.07191399 -0.80771551 0.44595509
v 12.11000033 -0.60673409 0.41770999
v 11.92903534 -0.59187493 0.44980259
v 12.31811677 -0.76227692 0.44005658
v 12.44464545 -0.62605361 0.41913177
v 12.72876511 -0.36850562 0.24213187
v 11.69270217 -0.34407982 0.41308911
v 12.10999966 -0.40438972 0.39261405
v 12.59853645 -0.34802251 0.37544182
v 12.10999966 -0.14425706 0.36764659
v 12.11016060 0.03736247 0.36201204
v 12.29655479 -0.29923740 0.44528621
v 14.60316126 -2.32187943 -0.06705987
v 14.22495213 -2.38739605 0.16132095
v 14.95706463 -2.17728883 0.02981169
v 16.90799979 -2.41722437 0.00638303
v 14.59907693 -2.29342426 0.16607584
v 15.27956775 -1.97256400 0.07896231
v 16.19803938 -2.15812775 0.15022637
v 16.88356334 -2.37091515 0.18233060
v 16.54628883 -2.30110650 0.15386038
v 15.87754887 -1.96102175 0.15169013
v 14.75144281 -1.25855463 -0.05225370
v 14.29454441 -1.48215018 0.02660885
v 14.74417439 -1.27685906 0.11378978
v 16.59589830 -1.38218548 -0.01528526
v 16.40186312 -1.27712369 -0.10155227
v 16.57582453 -1.39139620 0.12887204
v 16.33699386 -1.21657729 0.06746063
v 15.56999969 -1.72319477 0.07999078
v 14.41709283 -1.48247409 0.19546501
v 16.75644926 -1.46211541 0.10416043
v 16.31946969 -1.26087712 0.20669259
v 17.69021114 -2.41308159 -0.06304540
v 18.05851751 -2.32325369 -0.07142225
v 18.36828577 -2.18480512 0.11055672
v 17.29562304 -2.44679606 0.03633352
v 18.14799710 -2.26064653 0.15700504
v 18.74518495 -1.97077789 0.06735034
v 17.31079553 -1.55377153 -0.05871865
v 17.08612175 -1.53352410 0.00453120
v 17.30305558 -1.55523606 0.06958740
v 17.53171916 -1.54516563 0.10314316
v 17.77414476 -1.47636907 0.01327940
v 18.21392189 -1.26185179 -0.08160825
v 18.22159534 -1.26309649 0.10486431
v 17.87780565 -1.47427349 0.17777899
v 18.01497259 -1.37891818 0.05189009
v 18.06542809 -1.39233111 0.18728374
v 19.04019846 -1.70118648 0.10730854
v 19.28429882 -1.41965924 0.08402074
v 14.21362150 -2.25812280 0.34227271
v 14.55939632 -2.15977473 0.35279177
v 14.91748339 -2.11594884 0.24740285
v 15.22651982 -1.90036690 0.27771262
v 16.92901013 -2.27283603 0.33054229
v 15.96543338 -1.87293240 0.33259568
v 14.85894820 -1.98998748 0.38150304
v 16.57227566 -2.17806145 0.33558744
v 16.25787365 -2.05096497 0.33310738
v 16.34071762 -1.90665881 0.42890001
v 15.56999969 -1.61839556 0.24846830
v 14.54423526 -1.56806768 0.35382676
v 14.66409455 -1.38890461 0.23818958
v 16.73637182 -1.53108738 0.26341037
v 16.51876796 -1.44793508 0.27843422
v 14.75805433 -1.50760258 0.38555840
v 14.49646304 -1.79803008 0.44174444
v 15.41246012 -1.53980589 0.40168768
v 15.11322461 -1.75998076 0.41408764
v 15.56999969 -1.43123237 0.37174708
v 15.56999969 -1.25808746 0.42793345
v 16.91812954 -1.67607061 0.35442809
v 16.18022666 -1.57548317 0.44483432
v 16.74922081 -1.71151103 0.40204563
v 16.30879947 -1.35513641 0.31534415
v 16.12836031 -1.19357948 0.30869250
v 16.17483346 -1.39669170 0.40204182
v 15.97626283 -1.27876394 0.42043938
v 17.63278450 -2.31904537 0.28654052
v 17.30193274 -2.36899683 0.25619491
v 18.38854869 -2.08329701 0.27824759
v 18.69673639 -1.89941787 0.27076749
v 17.31788875 -2.20728581 0.39825779
v 17.53951414 -2.10818860 0.43086093
v 16.95184455 -2.07546529 0.43593903
v 16.96913583 -1.86666295 0.43691473
v 18.29417124 -1.94987132 0.40739692
v 17.09519155 -1.59229693 0.21958397
v 17.30875578 -1.61960585 0.23896922
v 17.53595837 -1.61509901 0.26079410
v 17.79208711 -1.58788650 0.29737575
v 18.03421896 -1.48601911 0.29148897
v 18.25793932 -1.32767620 0.26644407
v 17.36002346 -1.75851979 0.38106114
v 17.59528282 -1.73811296 0.38180671
v 17.98428957 -1.63676734 0.39104017
v 18.21211086 -1.52120218 0.39077738
v 17.13120955 -1.75068289 0.38150431
v 17.78938927 -1.72434504 0.40127635
v 18.40133581 -1.38788210 0.38893303
v 18.59436918 -1.80576087 0.38959960
v 18.58187136 -1.24042999 0.39490937
v 19.22084534 -1.35882393 0.27506934
v 18.79375339 -1.50249619 0.43275363
v 14.91766522 -1.11819363 0.06305144
v 15.07719073 -0.96237186 0.13320427
v 14.98310213 -0.77506544 0.06765648
v 16.21426170 -1.10876265 -0.03847690
v 15.99917978 -0.97244957 0.24782002
v 16.16010169 -0.77431851 -0.03357101
v 15.02581011 -1.13874618 0.27666395
v 15.07563735 -0.76916247 0.27317266
v 16.17988676 -1.10763855 0.14854259
v 16.11883007 -0.77869971 0.18054203
v 14.89599570 -0.38389115 0.11103073
v 18.39842597 -1.09523788 0.01692810
v 19.46416318 -1.13424159 0.05805683
v 18.56169092 -0.91670703 0.08713316
v 19.63239416 -0.72633851 0.06292209
v 18.40893926 -1.12652066 0.16238636
v 18.63990669 -0.87848963 0.21632677
v 19.71546895 -0.38771168 0.04090371
v 18.85795887 -0.23413973 0.14958659
v 15.18903525 -0.98003491 0.30143999
v 15.33612422 -0.96455901 0.40676783
v 15.45315897 -1.08152338 0.44579255
v 15.23474364 -1.17568110 0.41505756
v 15.56999969 -0.60673411 0.41770987
v 15.40591501 -0.55568326 0.44823466
v 15.90328321 -0.98383213 0.34246946
v 15.78177147 -1.20553804 0.44554513
v 15.91487701 -1.09591519 0.38547917
v 15.86673258 -0.66270411 0.42951697
v 16.18439099 -0.34938234 0.25172473
v 15.00913979 -0.36190793 0.31685776
v 15.56999969 -0.40438972 0.39261405
v 15.22889843 -0.34295040 0.43725346
v 15.56999969 -0.14425706 0.36764659
v 15.56983881 0.03736247 0.36201201
v 16.03988608 -0.35451220 0.38597781
v 15.74148482 -0.13723520 0.44030186
v 18.46928614 -1.17610702 0.29129331
v 18.65211763 -1.01855454 0.32936888
v 19.41191755 -1.08208085 0.24924546
v 18.70829491 -0.70668598 0.14960080
v 19.56044455 -0.74263029 0.23864033
v 18.76294075 -0.79483455 0.30180787
v 18.84922397 -0.93776522 0.40957137
v 18.74679640 -1.13527036 0.42059865
v 19.28140899 -0.97693071 0.39668838
v 18.89459145 -0.69491430 0.36958745
v 19.00648198 -0.79957583 0.43456482
v 18.90426676 -0.44958587 0.30442968
v 19.66973130 -0.33795590 0.21184005
v 18.94846682 -0.21175294 0.29868047
v 19.55590889 -0.35255233 0.34769989
v 19.33350933 -0.32633585 0.44528937
v 19.11285364 -0.16673810 0.41349184
v 8.91181342 -0.01799909 -0.44946718
v 8.83129144 0.34329357 -0.44564131
v 9.03356970 0.37579184 -0.42363991
v 8.64999962 0.51273310 -0.40582526
v 9.24589893 0.11045330 -0.29900371
v 9.22966337 0.34590300 -0.29631651
v 8.64999962 0.65135709 -0.42480506
v 9.01108756 0.78357942 -0.37988395
v 8.82125850 1.02442683 -0.43016725
v 8.62621509 1.15399655 -0.44495426
v 8.95508862 0.98605072 -0.36405766
v 9.01147747 0.98161354 -0.32088104
v 9.16916255 1.12840447 -0.29112728
v 11.54222644 0.03531695 -0.33326830
v 11.95424249 0.28836671 -0.43938172
v 12.43770017 0.02956069 -0.44527582
v 12.10999966 0.24633936 -0.37256980
v 11.76243398 0.32500793 -0.43659738
v 11.56909807 0.36478606 -0.33339430
v 12.10999971 0.51273310 -0.40582526
v 12.29527627 0.35844018 -0.44622634
v 12.49262045 0.38889058 -0.42275291
v 12.69895247 0.11789911 -0.30645083
v 12.68824638 0.34793477 -0.29778837
v 12.11000013 0.65135709 -0.42480506
v 12.47769029 0.75657807 -0.38248592
v 12.08406473 0.88820621 -0.44750058
v 11.86920846 0.98240067 -0.40127625
v 12.09407806 1.14272887 -0.44488981
v 12.29049493 1.01477256 -0.42638910
v 12.45825640 0.98265390 -0.33100465
v 11.74375546 0.98123835 -0.31687159
v 12.62035019 1.11374832 -0.28781834
v 9.23757022 0.77839853 -0.04348471
v 9.30655580 1.16565501 -0.17862464
v 9.14603247 0.96186100 -0.12158030
v 11.40892288 0.02053369 -0.11940703
v 11.43995606 0.38139340 -0.12955396
v 12.69775023 0.77856105 -0.04057285
v 11.62765717 0.96402963 -0.15754633
v 11.49453984 1.10534032 -0.13147484
v 12.76504818 1.16768071 -0.18472604
v 12.60603251 0.96186102 -0.12158027
v 9.00707887 1.34190118 -0.44248903
v 8.90666686 1.46931289 -0.44191664
v 8.77471787 1.59427423 -0.36495408
v 9.00763028 1.85246324 -0.32774623
v 9.78572922 1.71602312 -0.41036288
v 10.76333319 1.90546141 -0.44593165
v 10.88477378 1.74315977 -0.41036992
v 10.95995967 1.62378017 -0.35717952
v 9.45441495 1.34037781 -0.25726406
v 8.64999962 1.65482436 -0.20974130
v 11.33680503 1.39415198 -0.32849716
v 11.11890423 1.49504245 -0.30338558
v 10.10845913 1.64280445 -0.29962504
v 9.36250288 1.95843212 -0.39850766
v 10.33689259 2.14408417 -0.42448811
v 11.24835655 1.82659412 -0.44794554
v 11.42241871 2.02088576 -0.35529510
v 9.75064236 2.16466746 -0.36758880
v 9.97525022 2.24135951 -0.35001174
v 10.40523635 2.30505998 -0.32772267
v 10.73508991 2.27094214 -0.33469008
v 11.07930699 2.18682716 -0.33652937
v 12.10999966 1.25808746 -0.42793345
v 11.65904426 1.27422871 -0.40509528
v 12.10999990 1.50400386 -0.33428483
v 11.78628179 1.38725038 -0.44814145
v 11.54576509 1.44039396 -0.42680484
v 12.44942151 1.32959490 -0.44379778
v 12.24990017 1.61395864 -0.36197724
v 11.49357124 1.24774719 -0.31277596
v 11.66487924 1.76621079 -0.40926324
v 13.25105498 1.71348787 -0.40854288
v 13.90132293 1.81884913 -0.41253895
v 14.12470348 1.76431854 -0.39595199
v 12.11000004 1.65482436 -0.20974130
v 12.00567583 1.64356266 -0.32289722
v 12.93516949 1.38976663 -0.29603102
v 13.57228466 1.64384872 -0.29976876
v 12.82483911 1.98627757 -0.38466377
v 13.80156714 2.14897861 -0.42261315
v 14.21742746 2.10698503 -0.42614154
v 14.17684162 2.28158211 -0.32682930
v 13.21061956 2.16462399 -0.36761151
v 13.43524936 2.24140586 -0.34997295
v 13.86801991 2.30452949 -0.32798865
v 9.66435960 1.46796341 -0.26317056
v 9.89247993 1.56628547 -0.27145490
v 9.67273777 1.39604160 -0.11086890
v 9.89510774 1.49503136 -0.13797476
v 11.33687996 1.24305979 -0.13694831
v 10.87852731 1.55235386 -0.25622349
v 10.79636787 1.50623334 -0.11664843
v 10.33543286 1.63728810 -0.27018581
v 10.12802352 1.57028964 -0.18397164
v 10.61131555 1.59812738 -0.23250268
v 11.17612711 1.35097047 -0.14072465
v 10.60822809 1.53308527 -0.01330588
v 9.27728793 2.11236147 -0.23097997
v 8.97304855 1.95089292 -0.19221547
v 9.64767654 2.29731684 -0.17705771
v 9.99617179 2.38135946 -0.17617123
v 10.38620577 2.41912636 -0.15924216
v 10.75737303 2.40194709 -0.12376427
v 11.12267649 2.29751875 -0.17072895
v 12.10999979 1.73060838 -0.03743785
v 13.12425164 1.47427331 -0.27044230
v 13.35340865 1.56660223 -0.27156202
v 13.13461675 1.39750290 -0.11350548
v 13.35533119 1.49511279 -0.13808771
v 13.80170278 1.63519307 -0.26715509
v 13.58863041 1.57035025 -0.18377129
v 14.07122557 1.58798869 -0.21594630
v 14.06656258 1.53316565 -0.01266169
v 11.77609185 1.91262281 -0.25748269
v 12.73906833 2.11877610 -0.22355022
v 12.43387344 1.94837278 -0.19846390
v 11.48713878 2.15736972 -0.14523871
v 13.10770926 2.29735296 -0.17699111
v 13.45627179 2.38134624 -0.17625887
v 13.84633500 2.41748976 -0.16316873
v 15.19174072 -0.03010464 -0.43480068
v 15.00037236 0.00199692 -0.33392442
v 15.30921606 0.31242061 -0.44879021
v 15.44954925 0.32964207 -0.43304968
v 15.56999969 0.24633936 -0.37256980
v 15.56999969 0.51273310 -0.40582526
v 15.76721661 0.35954571 -0.44716329
v 15.95315809 0.42019697 -0.41949911
v 15.00422825 0.35469158 -0.31177202
v 16.14760197 0.11233104 -0.31969713
v 16.14405967 0.35680103 -0.30187372
v 15.21928452 0.65213623 -0.41010924
v 15.56999969 0.65135709 -0.42480506
v 15.51627253 0.88837139 -0.44953263
v 15.33724136 1.03015577 -0.41121332
v 15.54443405 1.15407235 -0.44507103
v 15.91825644 0.98265390 -0.33100465
v 15.22006039 0.98252163 -0.32971546
v 16.09483003 1.10762535 -0.27021586
v 19.18095225 0.08545716 -0.43439406
v 19.43382294 0.08227275 -0.42746185
v 19.05378075 0.31049129 -0.39335358
v 19.04186277 -0.05625837 -0.37067235
v 19.01854904 0.14438010 -0.35928827
v 18.98615982 0.69409486 -0.41477147
v 19.26010684 0.28935502 -0.44865254
v 18.94690110 0.51145648 -0.35604497
v 18.93897851 0.28696664 -0.29948507
v 19.62576115 0.02176366 -0.30733753
v 18.93671043 0.04132564 -0.26921135
v 19.60570200 0.42635892 -0.28240635
v 18.87427809 0.86914615 -0.40355037
v 19.02395086 0.88490860 -0.44514000
v 18.85113625 0.72698465 -0.34788426
v 19.29765710 1.05811466 -0.36490415
v 18.75755998 0.72467558 -0.25309742
v 18.73854697 0.92826231 -0.34815012
v 14.87215327 -0.00596336 -0.13763897
v 14.89821822 0.38116008 -0.12272426
v 14.99679449 0.78283831 -0.10992375
v 15.08765721 0.96402963 -0.15754633
v 14.94920225 1.09187870 -0.07798975
v 16.15749406 0.77864115 -0.04319515
v 16.21783427 1.15218121 -0.16753165
v 16.06603173 0.96186072 -0.12158028
v 18.86962992 0.25218348 -0.18253478
v 18.86462342 -0.02226905 -0.11553062
v 18.85233759 0.50165023 -0.25739188
v 18.79830033 0.48713538 -0.14750771
v 18.83527292 0.24164624 -0.05451409
v 18.77572520 0.48164983 -0.03173075
v 19.54453968 0.69853256 -0.27763231
v 18.70097762 0.71120642 -0.13623070
v 18.62853172 0.92960656 -0.24417064
v 18.46740314 1.11523405 -0.23354631
v 19.44010044 1.08432645 -0.20659141
v 18.56985829 0.91751263 -0.11796938
v 18.68022009 0.70671641 -0.01105005
v 18.55579262 0.91305907 0.03409333
v 18.41130049 1.08767976 -0.07326239
v 15.56999969 1.25808746 -0.42793345
v 15.05084436 1.32838865 -0.40358156
v 15.56999969 1.50400386 -0.33428483
v 15.24843624 1.44381591 -0.44851915
v 14.83537879 1.49729019 -0.40368064
v 14.97532238 1.17340713 -0.26237423
v 14.61535801 1.64073762 -0.41025668
v 14.44947793 1.80961466 -0.43999182
v 14.36318341 1.70903767 -0.39713129
v 15.07657105 1.78908957 -0.41173267
v 14.43182607 1.61237217 -0.35204042
v 15.90967516 1.35326139 -0.44544092
v 15.83482917 1.51035677 -0.43578461
v 15.69756785 1.59910951 -0.36435586
v 15.92863930 1.85645812 -0.32570523
v 16.36545429 1.81254386 -0.44684917
v 14.82295233 1.34415306 -0.29924360
v 14.59394983 1.47898427 -0.29278422
v 15.56999969 1.65482436 -0.20974129
v 15.46338209 1.63528727 -0.32956453
v 16.33028880 1.39863709 -0.33755118
v 16.56584576 1.50584326 -0.31297043
v 16.79428033 1.63922808 -0.34850591
v 14.67427447 1.82814990 -0.44886172
v 14.46884226 2.09005431 -0.40859569
v 16.93020046 2.11383023 -0.42411583
v 16.97244619 2.28058314 -0.32830686
v 14.87228014 2.06878019 -0.32223460
v 15.22627238 1.85793329 -0.31579769
v 14.58074029 2.18888126 -0.32275589
v 16.24779508 2.01683004 -0.35387727
v 16.57618906 2.17289787 -0.34095750
v 17.33246282 1.86225390 -0.42890371
v 18.16607059 1.66006320 -0.43104632
v 18.46317518 1.28909626 -0.36744566
v 18.98738872 1.27855764 -0.43255268
v 18.60227847 1.82825028 -0.37527251
v 18.24248039 1.35603655 -0.28535780
v 18.09437775 1.52284503 -0.34979637
v 18.01624130 1.44827215 -0.23376834
v 17.90719857 1.62210215 -0.36457721
v 18.93118007 1.62368135 -0.33207313
v 17.29191136 2.03720930 -0.44702147
v 17.59947035 2.14204198 -0.41697678
v 18.32712387 2.04893559 -0.33963244
v 17.69232119 2.26574287 -0.33218482
v 17.29019195 2.31387972 -0.32122699
v 18.01615497 2.17926786 -0.33842550
v 14.81463521 1.21936554 -0.10984841
v 14.34013537 1.55020612 -0.25341946
v 14.25589304 1.50591576 -0.11489500
v 15.56999982 1.73060838 -0.03743785
v 16.59775497 1.44366339 -0.21803057
v 16.80551326 1.53611813 -0.22883786
v 16.59337359 1.39560620 -0.10817087
v 16.81455110 1.49167166 -0.12535268
v 14.93438666 2.15815696 -0.15797143
v 15.26754764 1.96351217 -0.13979929
v 14.59320401 2.29844924 -0.16027587
v 14.21317138 2.38971373 -0.16052587
v 15.87870727 1.93923363 -0.19434574
v 16.93014457 2.39196932 -0.15571042
v 16.18568631 2.14687248 -0.15783581
v 16.54849549 2.29225164 -0.17571677
v 18.13409105 1.32189350 -0.12122810
v 17.77235530 1.52277158 -0.19666452
v 17.03995079 1.62749170 -0.27898700
v 17.58150682 1.61924531 -0.27545247
v 17.05091332 1.55178177 -0.13853722
v 17.27686480 1.59359870 -0.19553783
v 19.18147623 1.38092961 -0.29884698
v 17.51776610 1.54966717 -0.11731942
v 19.27645926 1.42215467 -0.10650113
v 19.01701150 1.72235797 -0.12104884
v 18.39478097 2.15842404 -0.15700763
v 17.31013495 2.42054464 -0.15507139
v 18.71068821 1.95504701 -0.17891057
v 9.36893974 0.01250117 0.00096926
v 9.33109397 0.38966082 -0.07659647
v 9.30261173 0.38388434 0.17319053
v 11.41413266 0.01392291 0.14150178
v 9.19838815 0.77270165 0.18709012
v 9.15514865 0.96041697 0.08869801
v 9.30210483 1.11273572 0.01205435
v 12.78998064 0.38833192 -0.08241601
v 12.76897676 0.38279990 0.15881538
v 12.82712756 0.00288043 -0.03361852
v 12.80538258 0.03749357 0.13756783
v 11.43832039 0.38745937 0.11699258
v 11.53099954 0.77800317 -0.09528559
v 12.64576931 0.76260809 0.21807190
v 11.59602456 0.95901906 0.02910374
v 12.61514872 0.96041754 0.08869809
v 12.76359097 1.11328634 0.00508979
v 11.53362205 0.77820825 0.10508100
v 11.45305793 1.16311958 0.17334788
v 11.64153422 0.96622775 0.18655693
v 12.72095379 1.13819070 0.19977105
v 9.31051440 0.00914558 0.22015581
v 8.64942793 0.30900645 0.37926860
v 9.15522642 -0.01494636 0.38127795
v 8.81492879 0.27847192 0.44139653
v 9.16796269 0.36495675 0.35246961
v 8.97292564 0.36501465 0.44026929
v 9.07353631 0.97334362 0.25579461
v 9.24479675 1.14929026 0.23222929
v 8.97317106 0.98462783 0.35021203
v 8.65000009 0.65135709 0.42480506
v 8.89778838 0.60105038 0.44450387
v 9.05424150 1.14628660 0.37784027
v 8.79435506 0.99379701 0.43183739
v 8.65156556 0.89730080 0.44616378
v 8.87463790 1.14919416 0.43660228
v 8.67163556 1.12515645 0.44599919
v 11.53152917 0.02061165 0.32512043
v 12.71621960 -0.00365870 0.29676059
v 12.11057135 0.30900685 0.37926847
v 11.81936763 0.03486941 0.44816021
v 12.27819260 0.27897808 0.44218966
v 11.56187619 0.38173671 0.32398804
v 12.64324158 0.37455735 0.33782125
v 12.10961533 0.58792385 0.41486688
v 12.43982903 0.37638477 0.43801354
v 12.53353634 0.97334362 0.25579461
v 12.69186265 1.31246565 0.37236566
v 11.74289462 0.98117061 0.31596809
v 11.52485507 1.24965614 0.33289273
v 12.43317110 0.98462783 0.35021203
v 12.03079227 0.81613749 0.44920879
v 12.46505674 0.80982332 0.37713550
v 12.27507729 0.65780312 0.44931169
v 11.81546242 1.15224421 0.42159807
v 11.92792586 0.98410005 0.42297349
v 9.47659361 1.26416489 -0.05970502
v 9.90084417 1.47445510 -0.00461577
v 8.64999962 1.73060125 0.03750699
v 10.13579728 1.53361384 -0.03856829
v 10.37175106 1.56237586 -0.10157213
v 10.13657305 1.54116638 0.09032316
v 10.37848241 1.55450958 0.05881799
v 9.46354610 1.27024590 0.11703834
v 9.67593884 1.38508837 0.04926710
v 9.65762868 1.42307092 0.19719517
v 9.89558402 1.49588440 0.14016948
v 8.64999962 1.61844330 0.24841756
v 11.07642636 1.39040291 0.07177663
v 11.26778404 1.27647064 0.07662451
v 10.85174178 1.48386801 0.07979444
v 10.37250474 1.59407220 0.19370948
v 10.62186872 1.56688340 0.17260152
v 9.62002839 2.32415085 0.05586915
v 8.94096003 1.95901581 0.12343752
v 9.28793273 2.17470140 0.11153412
v 9.99859218 2.41505297 0.06263561
v 9.65117157 2.26599285 0.23707767
v 10.37685064 2.44126513 0.08266938
v 11.13260928 2.32464345 0.07381236
v 10.76454879 2.39999484 0.12667694
v 12.10999966 1.73060125 0.03750699
v 12.93917784 1.26610270 -0.06355423
v 13.36089117 1.47431874 -0.00278103
v 13.59582788 1.53359373 -0.03822813
v 13.83198064 1.56213507 -0.10049392
v 13.59678823 1.54195145 0.09352268
v 13.83740261 1.55440556 0.05857606
v 12.10999966 1.61844330 0.24841756
v 12.92667743 1.26891549 0.10546288
v 13.13561280 1.38498788 0.04967433
v 13.10945733 1.41644256 0.19292751
v 13.35026903 1.50301486 0.16046048
v 13.83449159 1.59373914 0.19252791
v 14.07170595 1.56350408 0.16251216
v 11.48257449 2.17656481 0.08754096
v 13.07980180 2.32406361 0.05579105
v 12.40104028 1.95912124 0.12332023
v 12.74772274 2.17473521 0.11106780
v 13.45904242 2.41511561 0.06228991
v 13.83750483 2.44300863 0.07562157
v 13.10852810 2.26573184 0.23648295
v 9.61461960 1.50250333 0.32197875
v 8.76979147 1.61247822 0.35175326
v 9.87472936 1.57248372 0.28340015
v 11.01914724 1.48309242 0.23813356
v 11.34399872 1.35278765 0.29530916
v 10.12776868 1.59106015 0.22371520
v 8.64999962 1.39722530 0.38532309
v 9.42407973 1.34627816 0.28383328
v 9.20306264 1.32303868 0.38880505
v 9.38401135 1.48683103 0.39970247
v 8.99251653 1.34004734 0.44459287
v 8.92081391 1.54722628 0.42996903
v 9.11251389 1.74766135 0.41969788
v 9.93576455 1.71295156 0.38814181
v 9.54981376 1.62200375 0.41200001
v 11.51946232 1.43045673 0.41656754
v 10.11513509 1.68912549 0.34225650
v 10.34041340 1.69982577 0.33625279
v 10.95288890 1.68148177 0.39022834
v 11.15689672 1.50920992 0.33201082
v 11.30962850 1.76937133 0.44995800
v 9.00301172 1.89003325 0.29421208
v 10.37910912 2.33912064 0.29361863
v 11.10992977 2.22679847 0.28816257
v 9.33398056 2.09398443 0.29020807
v 9.41983504 1.96301451 0.40779717
v 9.58680104 2.12560350 0.35564209
v 10.00096344 2.31915559 0.28001645
v 9.99642330 2.17204115 0.39845042
v 10.50218583 1.86570760 0.43142813
v 10.09174834 1.82326794 0.42176700
v 10.09719616 2.02001295 0.44667327
v 10.69228491 1.95729309 0.44860106
v 11.05250180 2.06559988 0.41415730
v 10.75666251 2.28199309 0.32177936
v 10.39796281 2.19373552 0.40474152
v 12.23880993 1.62109893 0.35115506
v 12.90243881 1.33210885 0.25596614
v 13.07638734 1.49194474 0.31169273
v 13.59486104 1.59712987 0.23265025
v 13.40086002 1.61081652 0.30904558
v 11.62477941 1.12193048 0.31650168
v 12.10999966 1.39722530 0.38532309
v 11.69110459 1.31218801 0.42551754
v 12.10999966 1.29822197 0.41710347
v 11.96253223 1.58651585 0.37841330
v 11.92403608 1.36469428 0.44474560
v 11.65903402 1.80126615 0.39688076
v 12.26936789 1.44569631 0.42766020
v 12.58711307 1.76265709 0.41755478
v 12.86774149 1.47533410 0.38605516
v 13.03164451 1.62904294 0.41101409
v 13.23943807 1.63718451 0.37158141
v 13.57898879 1.68900815 0.34189725
v 13.79542779 1.68551800 0.32436792
v 14.05376611 1.67489746 0.32666988
v 13.67338165 1.80272014 0.40929065
v 13.90443721 1.82046810 0.41331107
v 11.78810614 1.93332351 0.21894428
v 11.44248780 2.09691238 0.27962938
v 12.46543714 1.89266417 0.29363216
v 13.84042943 2.34621669 0.28535277
v 12.79086664 2.09649070 0.28608924
v 12.85475820 1.99430927 0.38740712
v 12.95377923 1.78930368 0.44987435
v 14.13142928 1.88339393 0.43887203
v 13.57201761 1.95559302 0.44816496
v 13.02775953 2.12645039 0.34872895
v 13.46402876 2.31976540 0.28016046
v 13.47592452 2.13475554 0.41621688
v 13.84752471 2.20782536 0.39842703
v 14.86498833 -0.00636565 0.10766287
v 16.28754746 0.02187810 0.00929457
v 16.25092147 0.39064956 -0.07633315
v 16.22215745 0.37914586 0.17693929
v 14.90173641 0.38436597 0.13389095
v 15.05602459 0.95901906 0.02910374
v 16.11660575 0.77526712 0.18870004
v 16.07514860 0.96041707 0.08869812
v 16.22319366 1.11296757 0.00529586
v 14.99600266 0.77772147 0.11504869
v 14.93340844 1.11577495 0.10302226
v 15.10153425 0.96622775 0.18655693
v 16.18256027 1.13750088 0.19597567
v 18.85302577 -0.00155350 0.04000406
v 19.74853099 -0.00443038 0.01423373
v 18.83997865 0.24459195 0.08619835
v 19.71628441 0.37098425 -0.05742056
v 18.77822242 0.49980832 0.09639380
v 19.68461258 0.37368736 0.17274324
v 18.88716787 -0.00486995 0.17654109
v 18.86558041 0.35037230 0.22066195
v 19.61632989 0.76799479 -0.08299393
v 19.49332923 1.08538096 0.00914826
v 14.97117597 -0.00893092 0.30493356
v 16.22350577 0.01340920 0.23104523
v 15.56999969 0.24633920 0.37256983
v 15.25414017 0.02588358 0.44623042
v 15.03176963 0.35178596 0.33722839
v 15.21930192 0.27378961 0.43681317
v 16.05531479 -0.00581036 0.39392052
v 16.09867912 0.34284525 0.34598713
v 15.64719944 0.68123290 0.44498671
v 15.03127869 1.13615382 0.27957049
v 15.20289466 0.98117061 0.31596809
v 15.99353603 0.97334366 0.25579447
v 16.13840351 1.30323403 0.37342366
v 15.88616668 0.98517890 0.35557548
v 15.44336732 0.65667361 0.44785021
v 15.14703540 1.16691207 0.37732253
v 15.41029961 0.97754912 0.43049466
v 15.56985515 1.12956392 0.44418843
v 15.87683157 0.61521064 0.42997232
v 15.60286865 0.92098139 0.44924760
v 15.74588779 1.06482633 0.43430015
v 18.97356951 0.01145843 0.30961499
v 18.81598328 0.54712226 0.23022921
v 18.94326690 0.49077703 0.34888181
v 19.12467819 0.05080964 0.41461060
v 18.99845915 0.25232547 0.34938560
v 19.33473147 0.07750846 0.44678650
v 19.53707160 0.01015985 0.38037756
v 19.55130117 0.36967998 0.34874339
v 19.34044065 0.34584884 0.44427039
v 18.70643057 0.73752622 0.18109040
v 19.55500610 0.72391944 0.25644169
v 18.86028145 0.68839765 0.34247158
v 18.59689931 0.96397064 0.23392557
v 18.41576591 1.11110598 0.14598986
v 19.38991958 1.19367691 0.17501316
v 18.50127005 1.16538095 0.31078675
v 19.40710227 0.70856887 0.38843432
v 18.69280630 1.11927002 0.39839373
v 19.08494496 1.18780529 0.42378799
v 15.56999969 1.72957765 0.04683043
v 16.39062282 1.26187232 -0.07175673
v 16.82078720 1.47418188 -0.00167675
v 14.53272382 1.39317607 0.07656130
v 14.72505268 1.27857789 0.07816863
v 14.30417937 1.48655856 0.08334916
v 15.56999969 1.61851609 0.24834018
v 16.38654582 1.26877802 0.10526051
v 16.59535031 1.38488147 0.04970318
v 16.56946675 1.41645878 0.19294801
v 16.81080282 1.50331322 0.16063426
v 14.95129993 2.17456086 0.07939398
v 14.22584427 2.41238731 0.07506606
v 16.17999033 2.16763355 0.08505796
v 16.91792839 2.40512731 0.10824094
v 15.27098425 1.97419369 0.09529830
v 14.59176766 2.32407292 0.07695118
v 15.86519035 1.96332178 0.12123767
v 16.54941961 2.32496300 0.07449272
v 17.05594841 1.53274948 -0.02740501
v 18.23991034 1.22954815 -0.00199887
v 17.73491315 1.48621253 -0.01854383
v 17.29444439 1.55310803 -0.04504670
v 17.05743235 1.54220859 0.09438262
v 17.29985419 1.55563185 0.07082481
v 17.53594981 1.53516357 0.04743464
v 18.02928557 1.37573498 0.08423579
v 18.24312130 1.26924898 0.16442323
v 17.78051834 1.49463557 0.13210105
v 17.29723430 1.59365491 0.19180325
v 17.54249801 1.56758067 0.17440436
v 19.01265679 1.72390036 0.12796518
v 18.06033815 2.31179538 -0.11274135
v 17.33676053 2.44380862 0.04190745
v 17.67367160 2.40954689 0.09332225
v 17.30140829 2.39722334 0.21020106
v 18.05213477 2.30774294 0.14047361
v 18.72941290 1.97758381 0.08665360
v 18.41273224 2.17161132 0.08677452
v 14.84409029 1.28639258 0.26349827
v 14.64909904 1.40501391 0.24784806
v 16.36198298 1.33188073 0.25603773
v 16.53636290 1.49201154 0.31177470
v 15.69889263 1.62187334 0.35069656
v 16.86570456 1.61581814 0.31342936
v 14.80516447 1.43134003 0.35940407
v 14.99325431 1.29623962 0.36682395
v 15.56999969 1.39722530 0.38532309
v 15.15915081 1.32056581 0.42934343
v 15.56999969 1.29822197 0.41710347
v 14.97597619 1.46502521 0.42654863
v 15.36595712 1.37917147 0.44508863
v 15.21246724 1.89834168 0.28923231
v 14.44477489 1.68284192 0.39850144
v 14.82206612 1.78436328 0.44678589
v 16.32710079 1.47542685 0.38630967
v 16.49143199 1.62999734 0.41141439
v 16.69896321 1.63781217 0.37204947
v 15.72760270 1.45363873 0.42495928
v 16.04351586 1.76487617 0.41598764
v 14.90819284 2.08625353 0.28777802
v 14.55767655 2.23130529 0.28749672
v 15.92319433 1.89247596 0.29216980
v 16.23054871 2.06456972 0.30871991
v 16.59676749 2.21747645 0.30724984
v 16.93811214 2.29311278 0.31422194
v 14.83243394 1.95984993 0.40388111
v 14.47728041 2.08009949 0.41179913
v 16.41072907 1.79919802 0.44931184
v 16.95465276 2.12383371 0.42244605
v 18.34687817 1.26279146 0.27534101
v 18.12759263 1.40293369 0.26076202
v 17.06163567 1.59996756 0.23641088
v 18.30031290 1.45901157 0.38651098
v 17.09262765 1.75068295 0.38336510
v 17.27275746 1.67895832 0.31737891
v 17.51463799 1.66867722 0.32141594
v 17.78330547 1.59020527 0.29761611
v 18.03880580 1.53840778 0.34168489
v 17.34979621 1.80202837 0.40519582
v 17.70253522 1.76434456 0.40901225
v 18.50670786 1.29432627 0.38726887
v 18.77666983 1.48300495 0.43899478
v 18.92622546 1.63290876 0.32953150
v 18.66211893 1.89378332 0.30014776
v 17.28450847 2.27708931 0.35226704
v 17.98759105 2.18831847 0.33763014
v 17.02949983 1.95006064 0.44774515
v 17.89423389 2.01776280 0.43561681
v 17.62292328 2.31329818 0.29417830
v -0.07856556 -2.26652327 -0.35705156
v 0.13260780 -2.29844706 -0.32615339
v -0.74103593 -2.01896558 -0.42116154
v -0.50437941 -2.14827539 -0.39532060
v -0.90766798 -1.84398757 -0.44548931
v -0.49027384 -1.92061231 -0.44906553
v -0.11848872 -2.05151190 -0.44521202
v 0.25427405 -2.14593138 -0.41683910
v -0.05399254 -1.80600302 -0.40697895
v 0.08644607 -1.93598600 -0.44549744
v -0.87889315 -2.18256348 -0.26920888
v -1.58152464 -1.85470908 -0.06369608
v -0.55116928 -2.30847172 -0.23735330
v -1.14496899 -1.86795551 -0.40367943
v -1.05582171 -1.72309156 -0.44786787
v -1.28036506 -1.44386853 -0.44491770
v -1.51048043 -1.32304693 -0.44889524
v -1.68613629 -1.44614015 -0.38629834
v -1.81122963 -1.54074138 -0.22991363
v -1.09912712 -1.58119784 -0.44417776
v -0.68245153 -1.78218591 -0.44061430
v -1.53689048 -1.76395060 -0.28484633
v -2.04905444 -1.25262443 -0.18480376
v 0.50535698 -2.16423929 -0.38563855
v 0.55609207 -1.90597649 -0.44915501
v 0.76948736 -1.89470091 -0.44596507
v 0.91857922 -1.99539719 -0.40197876
v 1.10785156 -1.89755046 -0.40125293
v 1.22947636 -2.02185669 -0.24887782
v 0.31839617 -1.76545038 -0.40129790
v 0.72060572 -1.71292855 -0.42872147
v 1.05629663 -1.56595968 -0.43565955
v 1.17564286 -1.69037877 -0.44512738
v 1.44125394 -1.62394267 -0.41201563
v 1.25112995 -1.48189786 -0.44570171
v 1.49479399 -1.36796797 -0.44753378
v -0.18951447 -2.42936995 -0.07112289
v 0.18071083 -2.41548853 -0.13182927
v -0.56388314 -2.37417671 -0.02846794
v -0.92704009 -2.25583539 -0.04542977
v 0.55318913 -2.33308716 -0.19409659
v 0.89410666 -2.19741189 -0.23907653
v 1.26880667 -2.08412200 -0.03175743
v -1.91753159 -1.15923345 -0.37442167
v -2.01158073 -0.75843436 -0.42122993
v -2.15403354 -0.88319943 -0.29823034
v -2.10784628 -0.55965465 -0.40811837
v -1.83933637 -0.38139173 -0.43335631
v -1.94089408 -0.17043081 -0.44640391
v -2.15896363 -0.17101021 -0.41415529
v -2.28223991 -0.56057292 -0.27240224
v -2.35086375 -0.18689907 -0.26203036
v 1.83976407 -0.78383704 -0.44953839
v 1.96255325 -0.95372170 -0.40899871
v 2.03145271 -0.76708352 -0.41222650
v 2.12460214 -0.40293695 -0.41654964
v 1.89521352 -0.08654894 -0.43783853
v 2.22187442 -0.06345325 -0.38712045
v -2.24356436 -0.95352255 -0.06075719
v -2.37208723 -0.56821428 -0.04147564
v 2.36242365 -0.56851334 -0.09988416
v 2.42679809 -0.19926239 -0.07863991
v -1.26865105 -2.08366988 -0.03770739
v -1.55167644 -1.83213519 0.18650086
v -0.15655217 -2.42190283 0.11303137
v 0.19187653 -2.42511452 0.08807369
v -1.23699346 -2.04843488 0.20535397
v -0.55644404 -2.33279318 0.19294873
v -0.91783902 -2.22460019 0.17292842
v -1.85630373 -1.58655610 0.00659306
v -1.79507465 -1.55050063 0.23964709
v -2.08878479 -1.25037050 0.08136606
v -1.97821324 -1.20954456 0.30922796
v 0.91306187 -2.26517996 0.00357332
v 0.55831919 -2.30232984 0.24439697
v 1.24827073 -2.04689210 0.19477751
v 1.59642568 -1.84525001 -0.03202730
v 1.58316340 -1.80699864 0.18326742
v -0.53450430 -2.19778244 0.36036313
v -0.18325562 -2.33423205 0.28253795
v 0.18687706 -2.32902306 0.28830318
v -0.87027059 -2.12271313 0.33266168
v -1.08660086 -1.85708473 0.42020205
v -0.86886849 -1.95933365 0.42372652
v -0.49159288 -2.00149502 0.44470130
v -0.19589238 -2.16113541 0.41244457
v 0.17653209 -2.14484969 0.41982149
v -0.06919577 -1.88117987 0.43414147
v 0.16183554 -1.92110259 0.44479305
v -1.44979149 -1.74528936 0.35448804
v -1.43612915 -1.52857909 0.43698979
v -1.17291397 -1.48569548 0.43671069
v -1.70365230 -1.28434726 0.42866888
v -1.54271966 -1.31121014 0.44756680
v -1.44089415 -1.02464539 0.38483024
v -1.06091679 -1.64117772 0.44682854
v 0.91685226 -2.13553997 0.30317192
v 0.60178555 -2.12643499 0.39439730
v 0.37775591 -2.06063859 0.43774684
v 0.60288331 -1.96738033 0.44526906
v 0.81622555 -1.99331389 0.41905301
v 1.57095423 -1.66883444 0.33688056
v 0.41794672 -1.85833043 0.43985916
v 0.77557204 -1.82692954 0.44927581
v 0.98331534 -1.80261777 0.44550563
v 1.06204231 -1.56636946 0.43646666
v 1.15645824 -1.92610030 0.37082204
v 1.21216573 -1.72532921 0.43472417
v 1.39610597 -1.66198294 0.41217983
v 1.28334782 -1.50089088 0.44849368
v 1.54021977 -1.27858543 0.44938955
v -2.21959618 -0.91362165 0.18803249
v -2.33044598 -0.55519922 0.19917960
v -2.43350696 -0.19077885 -0.01878557
v 2.35575559 -0.57331453 0.12229172
v 2.41550138 -0.19345925 0.12759660
v -1.83102426 -1.13757045 0.41836917
v -1.65916922 -1.10680822 0.44993252
v -2.10209169 -0.84548391 0.35711013
v -1.83435787 -0.63678483 0.44562472
v -1.69046158 -0.74516556 0.42454333
v -2.37238460 -0.17951146 0.22786050
v -2.14556294 -0.57467992 0.38685390
v -1.86663912 -0.41249222 0.44149814
v -1.96482208 -0.53827846 0.44665606
v -2.20472651 -0.15476599 0.39322482
v -2.04345202 -0.10457205 0.44593254
v -1.90435258 -0.17630569 0.44172854
v 2.00532672 -0.76555492 0.42249846
v 2.24253141 -0.56024558 0.31783985
v 2.29501414 -0.17867819 0.32598863
v 2.07311598 -0.54618371 0.42345653
v 1.88994287 -0.56167798 0.44802716
v 1.81274710 -0.17477551 0.41370988
v 2.10696258 -0.14702300 0.43290286
v 1.92508467 -0.06442350 0.44450309
v -2.10619131 0.25295481 -0.43108649
v -1.85991115 0.22057051 -0.43189547
v -2.32718344 0.19828112 -0.28940623
v -2.11259554 0.50449162 -0.41155013
v -1.90029371 0.44378482 -0.44664905
v -2.28504538 0.54969181 -0.27218166
v -1.97313025 0.83657596 -0.42356507
v -1.79409721 0.88052088 -0.44994822
v -1.61684550 0.97456923 -0.43582448
v -1.73225218 1.08008899 -0.44625027
v -1.97651662 1.22401465 -0.30204723
v -2.24562774 0.93044356 -0.09617256
v 1.90424701 0.13784343 -0.44097647
v 2.04912015 0.22982079 -0.44471067
v 2.22430943 0.16989309 -0.38049482
v 2.04907066 0.58505337 -0.42880170
v 2.24104888 0.57691324 -0.31496309
v 1.92961837 0.77531997 -0.44074538
v 2.13339153 0.78563878 -0.35195649
v -2.43027510 0.19455857 -0.05606954
v 2.39565515 0.19336222 -0.18034643
v 2.36053557 0.57674589 -0.09952498
v -1.52608577 1.47205861 -0.43182697
v -1.28779399 1.49869435 -0.44858978
v -1.75009897 1.46401461 -0.34344106
v -1.41642287 1.66940705 -0.40435187
v -1.18724150 1.71715649 -0.43953849
v -0.97985117 1.77193161 -0.44771405
v -1.09482048 1.91222006 -0.39789350
v -0.53064912 1.78835918 -0.42981016
v -1.82801560 1.59157366 -0.12573934
v -1.52755217 1.80573669 -0.25077196
v -0.75539437 1.79625905 -0.44642926
v -0.37020871 1.96681362 -0.44960059
v -0.86614339 1.99817919 -0.40924829
v -0.60499340 1.99046171 -0.44140500
v -0.14426000 1.92845420 -0.44526277
v 0.11028930 1.90548058 -0.44075200
v 0.02999335 2.07865631 -0.44190981
v -1.21635508 2.02328734 -0.25810339
v -0.53109518 2.27605453 -0.28754811
v 0.15285476 2.23699875 -0.37354059
v -0.90606983 2.18119056 -0.25611403
v -0.16055655 2.35955825 -0.25122539
v 1.43365411 1.19427130 -0.43052108
v 1.56932218 1.41527958 -0.43278973
v 1.20366871 1.55167792 -0.44745724
v 0.95710514 1.56564926 -0.41958902
v 0.34774443 1.86815620 -0.43821336
v 0.56260936 1.78907442 -0.43177441
v 1.10141936 1.76114552 -0.44130495
v 1.03360450 1.92746817 -0.40677275
v 1.54940785 1.66182506 -0.35343517
v 0.51232372 1.97924581 -0.44602717
v 0.71223497 1.90471867 -0.44696406
v 0.51214160 2.16100774 -0.38659647
v 0.86344261 2.04334043 -0.38821340
v 1.20771227 1.91629458 -0.35770509
v 0.55327863 2.31201802 -0.23090271
v -1.27051652 2.08214598 -0.04184474
v -0.56668628 2.37018936 -0.06954310
v 0.19342908 2.42722856 -0.07875913
v 1.57519740 1.79884362 -0.20870110
v 0.91887144 2.19933253 -0.22065889
v 1.27283466 2.08450290 0.00079389
v -2.38942380 0.19836819 0.19443912
v -2.37159175 0.56907720 -0.04504959
v -2.33344629 0.55814644 0.19044839
v -2.22681701 0.92476688 0.16154832
v -2.07728843 1.25336453 0.11578564
v -1.98134744 1.20237546 0.31048878
v 2.42670256 0.18758780 0.08286495
v 2.34598137 0.57467697 0.15158595
v -2.12095177 0.06886558 0.43102110
v -1.93432992 0.06000007 0.44520330
v -2.20181074 0.50930305 0.36204755
v -2.06337271 0.44659238 0.43323671
v -1.87681775 0.48909636 0.44568201
v -2.10417145 0.89000504 0.34086757
v -1.66816878 0.79605193 0.42407694
v -1.94966451 0.89638443 0.42306307
v -1.85650528 0.73712104 0.44972869
v -1.65252073 1.14131851 0.44909148
v -1.86336752 1.09421660 0.41632292
v -1.57069905 0.99042406 0.42834404
v 2.31265716 0.18967941 0.30720696
v 1.90288241 0.16568324 0.44117488
v 2.10507323 0.22550589 0.43187355
v 2.21083011 0.55687368 0.34501994
v 2.09644184 0.42678007 0.42561415
v 1.91995754 0.40066262 0.44736380
v 2.23829369 0.77579810 0.25136123
v 2.11930358 0.79434117 0.36025408
v 1.99837852 0.84590405 0.41238990
v -1.84612106 1.56853879 0.13072155
v -1.57907855 1.85977813 -0.03481584
v -1.56097327 1.82478665 0.18541117
v -1.77604786 1.49283380 0.30764711
v -0.93366603 2.25416786 -0.03274786
v -0.18941557 2.43170189 -0.04308388
v -1.25468129 2.04626178 0.18796754
v -0.55980034 2.33992043 0.17426829
v 0.18285205 2.39393914 0.18648622
v -0.91260104 2.20272990 0.21944892
v -0.19039092 2.39186577 0.19005932
v 0.93584602 2.25581089 0.00276766
v 0.57188183 2.37429555 -0.00319567
v 1.22382065 2.02806694 0.24504747
v 1.56382292 1.78985846 0.23197694
v 0.91279269 2.20938496 0.20926451
v 0.55815184 2.31734110 0.22056792
v -1.48248542 1.71078128 0.35877774
v -1.57815692 1.30629039 0.44569174
v -1.23972706 1.53838869 0.44850822
v -1.39865057 1.58380759 0.43273793
v -1.08127544 1.70655989 0.44793071
v -1.05712613 1.88437901 0.41693140
v -0.92007048 1.66309555 0.43846367
v -0.34802233 1.78261964 0.41110813
v -1.19745735 1.93604898 0.34786546
v -0.84758007 2.02831183 0.40047960
v -0.72951615 1.78265418 0.44465518
v -0.71040563 1.92997728 0.44517708
v -0.60368890 2.07806972 0.41587740
v -0.50506924 1.92338840 0.44955130
v -0.01742891 1.91858635 0.44214385
v -0.11367963 2.11517869 0.43156035
v 0.10616654 2.08965247 0.43783061
v -0.52639543 2.22400132 0.34014322
v 0.16762276 2.25878851 0.35767144
v -0.17549934 2.26316748 0.35340196
v 1.55639022 1.19990652 0.44754723
v 1.36814100 1.50688328 0.44679919
v 1.39446618 1.70817766 0.39662472
v 0.61673478 1.78061791 0.43420909
v 1.19361234 1.63645051 0.44796943
v 1.21453332 1.84026309 0.39715809
v 0.87106253 2.09407633 0.35506831
v 0.42595659 1.82774224 0.43314672
v 0.55930071 1.97152115 0.44575440
v 0.79794624 1.91174393 0.44263706
v 0.53597759 2.16984603 0.37789336
v 3.06630325 -1.93522628 -0.44840750
v 2.90301358 -1.83347354 -0.44185512
v 2.60591500 -2.01773717 -0.40365795
v 2.84276439 -2.25207121 -0.29132003
v 2.25874897 -2.00855493 -0.28393319
v 2.42867810 -1.89888862 -0.41739308
v 2.42432860 -1.70632132 -0.44982787
v 2.05909286 -1.50798000 -0.44505342
v 2.66645229 -1.81353541 -0.44884196
v 2.40262305 -1.49534448 -0.41645089
v 2.03994856 -1.72316720 -0.37940442
v 2.22272283 -1.43599916 -0.43767665
v 1.89408924 -1.38528418 -0.43810574
v 1.88996744 -1.79912821 -0.21383759
v 2.54967206 -2.19320628 -0.23527531
v 2.93368255 -2.34966164 -0.17025886
v 1.86702262 -1.84977274 0.01673741
v 1.52260312 -0.53801487 -0.44876617
v 1.61019713 -0.37080470 -0.43521204
v 1.32388227 -0.53706078 -0.39789768
v 1.30421248 -0.13011127 -0.41680416
v 1.52267970 -0.14726710 -0.44597918
v 1.11761806 -0.17222345 -0.27401233
v 1.16109129 -0.56618919 -0.24683495
v 1.02859200 -0.18965402 -0.04658003
v 3.38860604 -2.25841641 -0.36434458
v 3.60258752 -2.30324061 -0.32138848
v 3.93004659 -2.10767036 -0.41688102
v 3.19397495 -2.12226806 -0.42625772
v 3.74988912 -2.17356133 -0.40423335
v 3.52806185 -1.92645302 -0.44463331
v 3.30650278 -1.82755556 -0.41915009
v 4.02209908 -1.91743623 -0.44985457
v 3.72586130 -1.79584574 -0.40967844
v 4.28192807 -1.92570376 -0.43732101
v 4.41639830 -2.10004607 -0.32236551
v 4.66319099 -1.81901035 -0.40837937
v 4.67608734 -2.00221818 -0.28117442
v 4.19152805 -1.76337004 -0.44095078
v 4.43542310 -1.48754067 -0.39346920
v 4.83517473 -1.65757394 -0.41922098
v 4.68871482 -1.46708273 -0.44202961
v 4.91201435 -1.40982483 -0.44795582
v 5.07530682 -1.38088599 -0.42974815
v 5.01972762 -1.77287634 -0.25746856
v 4.01929787 -2.33424447 -0.18791793
v 3.64122677 -2.41721481 -0.12446964
v 4.40647578 -2.23005933 -0.13063457
v 3.26024628 -2.42599638 -0.08181823
v 4.73733490 -2.07773970 -0.04432174
v 5.54407275 -0.70667096 -0.40163319
v 5.59031467 -0.85869054 -0.33044140
v 5.36726914 -0.33832767 -0.44524099
v 5.36149088 -0.55307126 -0.44875501
v 5.55221156 -0.47405771 -0.42273752
v 5.34730723 -0.11379583 -0.43645523
v 5.71718390 -0.54478935 -0.30534408
v 5.67224329 -0.10093063 -0.39121491
v 5.81928756 -0.56554156 -0.11552372
v 5.87719277 -0.17722315 -0.12587436
v 2.52558215 -2.25477639 0.02191549
v 2.88800716 -2.36893699 0.06927534
v 2.16285256 -2.05176651 -0.11112439
v 2.55017925 -2.18835191 0.24293440
v 2.22373515 -2.01273561 0.25580200
v 2.90003999 -2.28563583 0.26869209
v 2.30677169 -1.84202053 0.41107429
v 2.59101643 -2.06745676 0.37321423
v 2.92373759 -2.12187355 0.40472008
v 2.72967500 -2.00183016 0.42882566
v 2.70368823 -1.78951350 0.44596499
v 1.89422187 -1.79933654 0.21810107
v 1.94353199 -1.70251372 0.34525595
v 2.48447831 -1.74951323 0.44940164
v 2.11320813 -1.66518237 0.42447602
v 2.15280160 -1.46539871 0.44758591
v 1.97228785 -1.30194661 0.44865613
v 1.09041889 -0.58272656 -0.02935632
v 1.07142404 -0.18600811 0.19883423
v 1.36412723 -0.75404351 0.38411439
v 1.64331078 -0.71627630 0.44673755
v 1.26674828 -0.56732384 0.35757358
v 1.59414546 -0.49987869 0.44503915
v 1.44419568 -0.40261776 0.44524262
v 1.42463232 -0.16903013 0.44616955
v 1.30446285 -0.01227054 0.42074939
v 1.59454740 -0.10077410 0.43096236
v 3.65063004 -2.42217851 0.10071166
v 4.39052233 -2.24456336 0.10015538
v 3.24406159 -2.39832059 0.16962192
v 4.00031755 -2.30461430 0.24763978
v 4.71412454 -2.04741399 0.18629300
v 5.05277615 -1.84815068 -0.03412321
v 5.04042629 -1.80908723 0.18372631
v 3.65125759 -2.32729843 0.28991881
v 3.28185007 -2.25150537 0.36318421
v 4.34408823 -2.14873579 0.30357930
v 3.68386467 -2.17823309 0.40445059
v 3.53405078 -2.04069992 0.44633819
v 3.37834442 -1.83294337 0.41903981
v 3.63105005 -1.89151838 0.43854802
v 3.90913295 -2.16398055 0.39386120
v 4.04278335 -1.97640508 0.44494672
v 4.27820576 -1.98373312 0.42241588
v 5.00268014 -1.69577595 0.33506103
v 3.87044930 -1.85611626 0.43891918
v 4.22971541 -1.83075663 0.44937800
v 4.43865206 -1.79249109 0.44637963
v 4.51121344 -1.54016319 0.42972306
v 4.61540437 -1.92272602 0.37292900
v 4.66762741 -1.69960718 0.44057684
v 4.85107129 -1.64464772 0.41901538
v 4.72377800 -1.50450281 0.44770716
v 5.00942398 -1.34005482 0.44568546
v 5.83267434 -0.17615503 0.22781865
v 5.89548212 -0.13267051 0.05179871
v 4.89165978 -1.22207909 0.43450502
v 5.54105696 -0.76788576 0.38927223
v 5.28595582 -0.78266631 0.44941912
v 5.69483390 -0.55620033 0.32515817
v 5.34187906 -0.42260807 0.44484519
v 5.51601053 -0.50603819 0.43161875
v 5.29275282 -0.19300567 0.42259086
v 5.68010858 -0.19055729 0.38207258
v 5.38906845 -0.03855928 0.44465641
v 1.40563896 0.07781999 -0.44523970
v 1.38412842 0.42752367 -0.43138189
v 1.60309625 0.36481948 -0.43653835
v 1.10007839 0.20751809 -0.24460131
v 1.19997047 0.56820006 -0.29567576
v 1.87738642 1.38870169 -0.43451260
v 2.03784509 1.12353389 -0.40964645
v 1.30369015 0.76685624 -0.33997431
v 1.10278792 0.58346065 -0.10647825
v 2.29340343 1.33595378 -0.39071357
v 2.22180978 1.49366648 -0.44574475
v 2.59586679 1.59155860 -0.40858410
v 2.18328551 1.63851667 -0.44179042
v 2.36273177 1.66126145 -0.44967984
v 2.25493635 1.81323478 -0.41001894
v 2.72518547 1.77387412 -0.44359070
v 3.10653036 1.86819888 -0.43854522
v 2.04585916 1.70538937 -0.39007368
v 2.78451138 1.62156879 -0.38033840
v 3.02724302 1.67770555 -0.36542772
v 1.90192716 1.79165818 -0.23584970
v 2.49836575 1.80962785 -0.44592808
v 2.64736169 1.97658654 -0.42604447
v 2.87828188 1.91838178 -0.44942042
v 2.98199263 2.09521958 -0.42113915
v 2.21046175 2.01194851 -0.24554813
v 2.91087721 2.28162789 -0.27624051
v 2.09952223 2.02732194 -0.03853837
v 5.34609810 0.12501258 -0.43637685
v 5.49508689 0.21288954 -0.44591999
v 5.68114891 0.15529854 -0.38313554
v 5.50945503 0.56770613 -0.42968695
v 5.69590080 0.55717601 -0.32407425
v 5.40600198 0.76377422 -0.43816426
v 5.57950969 0.86125258 -0.33815370
v 5.85506651 0.19127407 -0.18216432
v 5.81871883 0.57131557 -0.11220346
v 4.39538763 1.54573918 -0.40782074
v 3.76340679 1.82011708 -0.42193014
v 3.71326856 1.98643455 -0.44949888
v 4.52727426 1.70723096 -0.44846307
v 3.29823533 1.74286013 -0.37637168
v 3.57650954 1.72245020 -0.36074643
v 3.83259221 1.68032310 -0.35611488
v 4.91591683 1.21485549 -0.43781725
v 5.03154257 1.31663195 -0.44555858
v 5.04753101 1.47705116 -0.41386012
v 4.51264946 1.92233631 -0.40445619
v 4.90600430 1.67099681 -0.39342907
v 3.32464296 1.92669728 -0.44506936
v 3.20501039 2.11000683 -0.43013202
v 3.94089378 1.94534789 -0.44920853
v 4.15115065 1.84426292 -0.44798959
v 3.88125458 2.12090833 -0.41626527
v 4.33211130 2.05883108 -0.37737701
v 3.64404667 2.19243039 -0.39934771
v 3.28511151 2.31679398 -0.30372633
v 3.84533956 2.29531576 -0.30551383
v 4.68698114 1.99279101 -0.28392974
v 5.00770413 1.80087339 -0.23540244
v 3.65455305 2.37195056 -0.22663700
v 4.37147426 2.19372073 -0.23377929
v 3.27231280 2.43041353 -0.06118187
v 4.02725270 2.37338123 -0.02830077
v 4.73557692 2.07933883 -0.03865060
v 1.02847153 0.22440595 -0.01029741
v 1.09780615 0.58102775 0.08861175
v 1.16194629 0.54914432 0.25470913
v 1.10071995 0.19629329 0.24708980
v 1.55422518 0.22304817 0.44295318
v 1.30262593 0.59473069 0.37691701
v 1.43289374 0.39586020 0.44449958
v 1.52047299 0.60337050 0.44739820
v 1.62846635 0.77667524 0.44964494
v 1.88766978 1.80507866 0.20384109
v 2.88696269 2.37032066 -0.04901935
v 2.20147462 2.05255825 0.17010243
v 2.53434578 2.22141060 0.17282195
v 2.89203006 2.33616266 0.17849847
v 2.00583997 1.75022373 0.34884288
v 1.90484800 1.24308351 0.44968661
v 2.27158215 1.50941797 0.44347960
v 2.09116360 1.60786808 0.43299489
v 2.26658070 1.94450399 0.34349686
v 2.33741696 1.70528402 0.44631272
v 3.11644184 1.84302770 0.43209375
v 2.58033992 2.11002096 0.33962927
v 2.65950142 1.97700370 0.42781458
v 2.75491183 1.81016298 0.44592356
v 2.92693909 1.99938505 0.44335938
v 5.81063112 0.57229148 0.14198555
v 5.88920237 0.19582986 0.06843012
v 5.78967147 0.18376169 0.28783112
v 5.40405861 0.18928887 0.44676976
v 5.62455415 0.18243164 0.41146730
v 5.67364537 0.55027113 0.34399522
v 5.54094170 0.39390955 0.43208441
v 5.35538732 0.42984277 0.44601546
v 5.58476802 0.76368147 0.36543755
v 5.46601928 0.84432486 0.40970795
v 3.65377008 2.43433579 -0.00526327
v 4.39576441 2.25478358 -0.01526189
v 3.27368872 2.39760716 0.17697347
v 4.02353515 2.33124507 0.19258538
v 3.64952760 2.38074376 0.21293319
v 4.37383525 2.20657178 0.21286579
v 4.70724028 2.04362402 0.20282941
v 5.03471635 1.79268232 0.21688158
v 4.06805570 1.74953075 0.42541717
v 4.79104424 1.51626800 0.44813779
v 4.91424697 1.68720948 0.38256041
v 3.29187942 2.26809171 0.34969224
v 3.32028479 1.82245357 0.41658749
v 3.67641790 1.92122823 0.44514102
v 3.43998556 1.96348952 0.44725053
v 3.34998176 2.12095492 0.43024278
v 3.56838321 2.09307417 0.43696725
v 4.31588288 2.06556930 0.37736782
v 3.89221418 1.87544792 0.44452856
v 4.02397251 1.97272257 0.44557607
v 4.22257404 1.90629842 0.44532805
v 4.00117976 2.17621027 0.37334288
v 3.63317287 2.24332026 0.36868683
v 5.67028147 -2.00601364 -0.25367710
v 5.61150525 -1.60594894 -0.44278381
v 5.47972331 -1.71182779 -0.37663046
v 5.33118340 -1.37282825 -0.43585932
v 5.66834666 -1.44101153 -0.44084298
v 5.35270167 -1.79116396 -0.22665744
v 6.73927917 -2.28890470 -0.33106927
v 7.09543812 -2.31661346 -0.30388705
v 6.42521756 -2.12348778 -0.40809126
v 6.08862415 -1.94192127 -0.43284208
v 6.33094355 -1.93649301 -0.44789490
v 6.86236879 -2.08958239 -0.43876448
v 7.19159519 -2.18879714 -0.39735184
v 7.08938983 -2.06653337 -0.44218643
v 6.99574146 -1.95231029 -0.44671588
v 7.22996522 -1.90666975 -0.44467229
v 7.02419413 -1.79178586 -0.40272654
v 6.03014625 -2.15937657 -0.28944208
v 7.42289880 -2.19579201 -0.36713186
v 7.45474859 -1.94369905 -0.44834260
v 7.65198603 -1.88364208 -0.44790459
v 7.78540082 -1.96208603 -0.42322133
v 7.80701087 -2.10264554 -0.34305696
v 8.11035439 -1.82452129 -0.40921380
v 6.36898157 -2.29678267 -0.25601603
v 8.15075647 -1.99662435 -0.27777413
v 6.21893718 -1.74507734 -0.43407322
v 5.78615297 -1.63069775 -0.44913138
v 6.79410845 -1.90283027 -0.44041051
v 7.69749944 -1.71285938 -0.43394931
v 8.08417107 -1.63999015 -0.44899230
v 7.91694325 -1.59644160 -0.43445014
v 8.29819961 -1.68154390 -0.41083147
v 8.26793026 -1.46889213 -0.44988398
v 8.09101403 -1.46712346 -0.43301266
v 8.38520035 -1.28751382 -0.44656477
v 8.47744721 -1.77844896 -0.25295634
v 5.32878815 -1.85181572 -0.01155136
v 6.72975550 -2.42027297 -0.10877518
v 7.10888437 -2.41447719 -0.13336240
v 7.47276559 -2.32906608 -0.20380479
v 7.84552330 -2.23390838 -0.14498152
v 6.35569555 -2.37219223 -0.05180812
v 5.99068731 -2.25444308 -0.05074026
v 8.19693009 -2.07740987 -0.05060205
v 5.52943970 -1.25289582 -0.43179857
v 5.11123206 -0.75873185 -0.44744243
v 4.94573314 -0.81162434 -0.42709611
v 4.99944591 -0.33631827 -0.44622377
v 4.96258601 -0.58065414 -0.44644378
v 4.72024060 -0.56811531 -0.35199417
v 5.01504771 -0.11315783 -0.44067937
v 4.56754766 -0.18236938 -0.26001980
v 4.58979939 -0.57052728 -0.19109192
v 4.49020906 -0.18795692 -0.06882322
v 5.64667118 -2.08218717 -0.02267023
v 5.34574446 -1.80274200 0.20485000
v 5.69807323 -2.03645857 0.23495523
v 6.73370196 -2.42097791 0.10713274
v 7.11310972 -2.42503841 0.08798649
v 7.84589093 -2.24215899 0.11684193
v 6.37916082 -2.34644197 0.16963077
v 6.00276303 -2.22782570 0.16626971
v 7.46700226 -2.30384996 0.24630197
v 8.17747294 -2.05247951 0.17159655
v 8.51192947 -1.84937883 -0.02922589
v 8.49462779 -1.81810083 0.17624745
v 5.75204624 -1.89385692 0.38402915
v 5.70845717 -1.74872297 0.42999901
v 5.91022534 -1.80574444 0.44367881
v 5.56131780 -1.58658795 0.43847987
v 5.30013014 -1.35384663 0.43314151
v 5.69695540 -1.36793673 0.41936868
v 5.45109272 -1.36953195 0.44900757
v 5.52445406 -1.16874552 0.41343944
v 6.73762281 -2.32719598 0.29085708
v 7.11096771 -2.32420145 0.29357163
v 6.04170008 -2.12034013 0.33190748
v 7.78623372 -2.13907263 0.32103647
v 8.10263146 -1.94040276 0.35132163
v 6.51092564 -2.07663812 0.43223960
v 6.08888217 -1.95590029 0.42975568
v 6.73086411 -2.16342682 0.41171569
v 7.11247117 -2.13660760 0.42271588
v 6.69924209 -1.97685140 0.44954552
v 6.88586862 -1.87667518 0.43239746
v 7.09844054 -1.95177606 0.44730995
v 7.32003963 -2.04325907 0.44056379
v 7.71267909 -1.99492226 0.42217956
v 7.75881610 -1.81761582 0.44949282
v 8.41792842 -1.72352111 0.34188588
v 5.80075462 -1.59086831 0.44584811
v 7.27884214 -1.86580549 0.43828680
v 7.82316169 -1.58911893 0.41619267
v 7.97374841 -1.76648697 0.44503239
v 8.25890976 -1.53043452 0.44688409
v 8.27021751 -1.30146186 0.43200674
v 8.46775645 -1.38940252 0.44078603
v 4.54804203 -0.56469193 0.05355897
v 4.50503314 -0.17514430 0.13582762
v 4.77113273 -0.76322008 0.34705737
v 4.92178711 -0.74984456 0.42772718
v 5.09458011 -0.75067426 0.44841352
v 4.65551432 -0.55556245 0.29405183
v 4.59488611 -0.14363863 0.29686452
v 4.81941105 -0.54496338 0.41247541
v 5.01043345 -0.53331813 0.44901090
v 4.88931258 -0.37899640 0.44453547
v 4.87585047 -0.18555647 0.44537604
v 4.74149727 -0.07914445 0.40905665
v 5.02446646 -0.07161843 0.43763326
v 4.79378226 0.20822903 -0.42650578
v 5.01357345 0.13490379 -0.44144418
v 4.98947913 0.37920215 -0.44777918
v 4.77810278 0.42081102 -0.40782850
v 4.54357192 0.17954213 -0.22125800
v 4.65339954 0.54922446 -0.29337441
v 4.95389858 0.80004705 -0.43034946
v 5.53421944 1.14004157 -0.40260859
v 4.75454180 0.75617576 -0.33623506
v 4.56216690 0.57861972 -0.10867711
v 5.33475904 1.39189756 -0.43353162
v 5.70512019 1.30108469 -0.39369036
v 5.68020810 1.49880847 -0.44613555
v 5.65282914 1.69668066 -0.43263194
v 5.83742395 1.67596964 -0.44993614
v 5.48707388 1.70117877 -0.38454241
v 5.38517260 1.79766298 -0.25308723
v 5.69931458 2.00196399 -0.27860734
v 6.04540815 1.59925186 -0.41358011
v 6.18584698 1.77129692 -0.44295633
v 6.56640368 1.86803982 -0.43851510
v 6.24464548 1.62063433 -0.37977620
v 6.48766711 1.67814363 -0.36562873
v 6.75844802 1.74344845 -0.37672194
v 7.03665331 1.72349254 -0.36164634
v 8.37374655 1.16311017 -0.42932679
v 8.46278447 1.32602242 -0.44680348
v 8.50903453 1.48262435 -0.41188106
v 8.12581963 1.54604982 -0.44722966
v 7.16867188 1.99012748 -0.44923672
v 8.00934730 1.74481711 -0.44502261
v 7.29434803 1.68685306 -0.36190582
v 8.46873341 1.66169437 -0.35389567
v 5.99533452 1.82851354 -0.44610440
v 6.12537205 1.98718178 -0.42484098
v 6.35241168 1.91489173 -0.44994873
v 6.46789380 2.06576199 -0.43236723
v 6.78412528 1.92638126 -0.44504769
v 6.66376568 2.10533375 -0.43123041
v 7.09605576 2.18833211 -0.40182597
v 7.39490844 1.95597751 -0.44850287
v 7.63070089 1.85733223 -0.44953343
v 7.32931261 2.13780614 -0.41059660
v 7.76245256 2.05749230 -0.38511405
v 6.04169345 2.16586344 -0.28759316
v 6.74113578 2.31521340 -0.30521059
v 6.37368798 2.30853994 -0.23910074
v 8.10122607 1.90129155 -0.37586973
v 8.49493581 1.79761878 -0.21050370
v 7.10848591 2.36863511 -0.23282653
v 7.83348116 2.19150961 -0.23586604
v 5.99195425 2.25412731 -0.06063848
v 6.72929686 2.43009485 -0.06221511
v 8.20220564 2.07554656 -0.03572029
v 7.45114479 2.35117497 -0.16396627
v 4.48536466 0.19361065 -0.00161715
v 4.55535722 0.58037353 0.07930049
v 4.62805472 0.56767463 0.25735084
v 4.56339807 0.18922197 0.25236816
v 4.73638661 0.16232898 0.40422803
v 5.02009825 0.15277179 0.44021533
v 4.88679959 0.22846584 0.44597198
v 4.76139642 0.53885182 0.38420066
v 4.83165806 0.38814168 0.43067575
v 4.93779857 0.61081887 0.44301179
v 5.00550491 0.38402183 0.44663781
v 5.10677309 0.79581078 0.44888784
v 4.93905587 0.82907775 0.42175782
v 8.45711012 1.19210809 0.44599001
v 5.33510566 1.85420212 -0.04071724
v 5.34130061 1.80441309 0.19504937
v 5.66299633 2.04904715 0.17927764
v 6.35318047 2.37221710 -0.04401552
v 7.11154910 2.43416486 -0.00965619
v 7.85521425 2.25423963 -0.02435089
v 5.99988222 2.22489197 0.17016361
v 6.73138668 2.39782376 0.17601314
v 6.35549013 2.33668995 0.17921284
v 7.10786511 2.38083521 0.21299747
v 8.18839484 2.03446726 0.19496881
v 8.49147168 1.80240860 0.20822438
v 7.48487086 2.33024444 0.19418654
v 7.84162890 2.21112102 0.19957372
v 5.45293643 1.74553098 0.34472053
v 5.71016139 1.55935409 0.44823438
v 5.49315896 1.60069118 0.42325100
v 5.74071689 1.92937737 0.36087441
v 5.82627398 1.77636699 0.43914751
v 6.54347257 1.80575172 0.42321868
v 8.12821744 1.49065407 0.44314018
v 8.31757647 1.50964000 0.44512451
v 7.58424035 1.57975464 0.34996465
v 7.75514714 1.70457706 0.43741930
v 7.98840422 1.60084976 0.44434711
v 6.04713216 2.11602303 0.33710543
v 6.12699006 1.98474517 0.42603358
v 6.27841748 1.79870420 0.44052304
v 6.38131451 2.00401401 0.44195924
v 6.77688145 1.81740250 0.41460621
v 7.11401722 1.91614729 0.44460240
v 6.89539705 1.96366818 0.44729302
v 6.80892813 2.12004597 0.43044109
v 7.02575939 2.09228899 0.43720533
v 7.09138714 2.24291348 0.36902222
v 6.75005935 2.26807752 0.34958202
v 8.12432544 1.89836152 0.36998637
v 7.78761115 2.07562315 0.36889933
v 7.47267413 1.97214986 0.44582826
v 7.69012112 1.90894492 0.44490703
v 7.45953187 2.17694116 0.37314247
v 8.86810786 -0.65674143 -0.44547594
v 9.01344966 -0.78227132 -0.37885028
v 8.79613004 -0.43762364 -0.44468062
v 8.78338706 -0.08258072 -0.43012277
v 9.05564333 -0.05164591 -0.42770596
v 9.27203425 -0.59819750 -0.11314048
v 9.34926420 -0.19087711 -0.07111649
v 9.28345358 -0.55621961 0.10769100
v 9.08412011 -0.81080764 0.31938306
v 8.96388177 -0.74796044 0.41049606
v 9.14648804 -0.58192258 0.32696652
v 8.77468743 -0.48934254 0.44301984
v 8.95251610 -0.47983418 0.43859354
v 9.01699785 -0.21517951 0.43400741
v 8.86021334 -0.07869797 0.44578215
v 9.00372228 -0.01224407 0.44102894
v 8.80090964 0.11482375 -0.43493880
v 9.12248312 0.16051517 -0.39432254
v 8.88507205 0.58241363 -0.44582347
v 9.12261705 0.57283245 -0.34867021
v 8.82779212 0.81352837 -0.44208028
v 9.15520010 0.77751106 -0.25496613
v 9.25518270 0.57409760 -0.17734216
v 9.34787766 0.19695225 0.07490034
v 9.28824751 0.57860857 0.05813582
v 9.24841018 0.18454261 0.28923572
v 9.19657367 0.56052659 0.27888603
v 9.08830816 0.16941900 0.41033668
v 8.75528345 0.09314137 0.42038367
v 8.92238469 0.13936188 0.44894910
v 9.06414762 0.52628136 0.39464505
v 8.77126644 0.45569840 0.44032737
v 9.04833651 0.75206533 0.36614324
v 8.84162843 0.81581735 0.43879092
v 8.49246756 -0.80133080 -0.44552588
v 8.15821466 -0.76731118 -0.27680135
v 8.39523050 -0.27147717 -0.44951716
v 8.44175378 -0.56999380 -0.44811161
v 8.21778273 -0.51880268 -0.38491783
v 8.32546623 -0.04896180 -0.44540484
v 8.48104971 -0.11515302 -0.43927613
v 8.12937038 -0.03233569 -0.37100003
v 8.04103339 -0.19067165 -0.27631119
v 8.05129300 -0.56867619 -0.19565580
v 7.94915952 -0.18803485 -0.05540949
v 8.00530122 -0.55166612 0.05834719
v 7.98067978 -0.18847108 0.17242738
v 8.38490956 -0.77433554 0.42503164
v 8.11783944 -0.55369079 0.29722030
v 8.09983226 -0.19342815 0.33767731
v 8.28801777 -0.55690488 0.41479436
v 8.38145681 -0.41028070 0.44642642
v 8.53667056 -0.39074109 0.43481705
v 8.25982967 -0.08323627 0.43093724
v 8.42188456 -0.22101288 0.44807256
v 8.22909202 0.17099106 -0.41749274
v 8.48029837 0.12312823 -0.43960724
v 8.47198238 0.50594123 -0.44838745
v 8.26190702 0.42712456 -0.41683334
v 8.02214659 0.18473650 -0.25090201
v 8.13646013 0.58225606 -0.31065367
v 8.43234239 0.78144544 -0.43616731
v 8.22737093 0.77167435 -0.34130827
v 7.94578380 0.19363317 -0.00691976
v 8.00742912 0.55834530 0.06484557
v 8.01880314 0.17831783 0.24627024
v 8.19266742 0.13189138 0.40367983
v 8.32654584 0.25205721 0.44376451
v 8.48938332 0.16353413 0.43818956
v 8.28917681 0.46624370 0.42405633
v 8.47599803 0.38708027 0.44588871
v 8.34288159 0.84325546 0.39649560
v 8.47634020 0.77770553 0.44506335
v 9.36037711 -1.92254055 -0.41155383
v 10.00793174 -2.09067009 -0.43103421
v 9.93031403 -1.93866927 -0.44970363
v 9.75586699 -1.88575371 -0.44899106
v 9.56166944 -2.00641715 -0.41368840
v 10.24213688 -2.33136609 -0.29007636
v 10.50761193 -2.31708127 -0.30774639
v 10.88206000 -2.17189938 -0.38153314
v 10.23542663 -2.09561385 -0.43567371
v 10.46753053 -2.02093724 -0.44781004
v 10.62448593 -2.16926740 -0.40749207
v 10.71718473 -1.96267618 -0.44947317
v 10.52160288 -1.82974861 -0.41967073
v 10.93693488 -1.98404349 -0.44483674
v 11.15251198 -1.92971380 -0.44098293
v 11.26264113 -2.10993142 -0.33872278
v 9.78800903 -2.27826735 -0.26832507
v 9.18469237 -2.01470260 -0.28142404
v 9.42408175 -1.76052811 -0.44946883
v 9.29262037 -1.64457305 -0.44814863
v 8.96676409 -1.51603305 -0.44286783
v 9.56360979 -1.84791412 -0.44796050
v 9.92069612 -1.78254794 -0.42187295
v 9.67327756 -1.72197920 -0.42945568
v 8.95530478 -1.72802542 -0.37527965
v 9.16576942 -1.48237577 -0.44256471
v 9.22843376 -1.30883422 -0.37203710
v 8.80889897 -1.38178796 -0.43770212
v 10.29783832 -1.87082103 -0.43189952
v 11.16076868 -1.71721194 -0.43521899
v 11.54518979 -1.63825703 -0.44906694
v 11.37805892 -1.59549785 -0.43439677
v 8.80913183 -1.79898286 -0.21312985
v 11.57036011 -1.82322403 -0.40967211
v 11.61273748 -1.99422877 -0.27895736
v 11.75835814 -1.68135193 -0.41084935
v 11.72866326 -1.46858741 -0.44990327
v 11.55246633 -1.46528121 -0.43290244
v 11.84536388 -1.28964788 -0.44668402
v 11.93744692 -1.77851663 -0.25287246
v 9.45292840 -2.21936259 -0.17609054
v 9.83258047 -2.36678561 -0.10273712
v 8.78333835 -1.84643937 0.01854231
v 10.93679875 -2.33358237 -0.19088964
v 10.55951264 -2.41796062 -0.12192508
v 11.31895992 -2.22775996 -0.14628525
v 10.18358992 -2.42792912 -0.07486382
v 11.65661616 -2.07742258 -0.05255467
v 12.18147844 -0.81665863 -0.44866079
v 12.36066322 -0.65334104 -0.44062976
v 12.38074226 -0.89783554 -0.40322531
v 12.52869730 -0.77564933 -0.34311687
v 12.26012632 -0.47017128 -0.44558721
v 12.41249494 -0.41096571 -0.44247018
v 12.27429118 -0.08785100 -0.43764170
v 12.58965417 -0.55533008 -0.34630800
v 12.61036874 -0.06913574 -0.38164110
v 12.73759616 -0.57230790 -0.11579610
v 12.80089611 -0.18917028 -0.10653228
v 9.44475514 -2.25388596 0.02836694
v 9.80631804 -2.36648756 0.07833197
v 9.08395113 -2.05274577 -0.11003336
v 10.57090015 -2.42200293 0.10135452
v 11.31094572 -2.24508805 0.09745311
v 9.46676168 -2.18388115 0.24755466
v 9.14670552 -2.02102891 0.24676734
v 10.16471296 -2.39827943 0.16984503
v 10.91925665 -2.30295379 0.25068801
v 11.63681566 -2.05383359 0.16963235
v 11.97154289 -1.84975375 -0.02879255
v 11.95301763 -1.81913831 0.17686944
v 9.81797833 -2.28714802 0.26639998
v 10.57501727 -2.32206265 0.29570268
v 10.20822749 -2.25699177 0.35892705
v 11.26277309 -2.15075571 0.30197866
v 9.16005425 -1.83208354 0.39970671
v 9.50550322 -2.01137079 0.40285626
v 9.83220232 -2.13944283 0.39436948
v 9.79100787 -1.97676998 0.44480429
v 9.57394824 -1.88658256 0.44545255
v 9.71300290 -1.81757139 0.44531312
v 9.94098610 -1.89350435 0.44603994
v 10.25003363 -2.09108482 0.43703704
v 10.40381646 -2.00838372 0.44919266
v 10.17579276 -1.93807518 0.44639127
v 10.55150461 -1.89743857 0.43997792
v 10.84061726 -2.14143984 0.40415222
v 10.97544473 -2.00234064 0.43916017
v 11.18395925 -1.96842549 0.42947183
v 8.80659371 -1.78209902 0.23144741
v 9.35744231 -1.84418530 0.43417718
v 9.49334575 -1.72032644 0.44496808
v 9.06895135 -1.64169606 0.43583837
v 8.77942691 -1.38336517 0.43205853
v 9.11092535 -1.45305442 0.44489027
v 8.94157636 -1.32057369 0.44665237
v 10.80029615 -1.92000365 0.44772917
v 11.47584773 -1.60664998 0.44594526
v 11.55882051 -1.95353866 0.34343211
v 11.87558283 -1.72613422 0.34148864
v 11.65105694 -1.39750410 0.43591056
v 11.75154781 -1.57779201 0.43807835
v 11.90462266 -1.37450414 0.44540803
v 12.73840278 -0.57509496 0.10980077
v 12.79642593 -0.16258580 0.13386694
v 12.53041478 -0.79658287 0.33489443
v 12.61930216 -0.56346837 0.31998240
v 12.66280651 -0.18849458 0.33575504
v 12.27968030 -0.51138902 0.44784786
v 12.46502717 -0.42999216 0.42909923
v 12.33575091 -0.08173471 0.44702379
v 12.53598861 -0.03877742 0.41969817
v 8.85748680 1.23868322 -0.44750170
v 9.00508002 1.13733007 -0.39724370
v 12.28281581 0.13460712 -0.44057176
v 12.42221047 0.22651080 -0.44527500
v 12.56803602 0.17360478 -0.40202851
v 12.34669499 0.58312966 -0.44568570
v 12.58297272 0.57249841 -0.34844077
v 12.29627241 0.81052211 -0.44047055
v 12.61485960 0.77625453 -0.25626825
v 12.71498291 0.57421839 -0.17774441
v 8.74772655 1.36815051 -0.42863309
v 9.17234881 1.31412059 -0.39689797
v 9.52921270 1.62792633 -0.41857059
v 9.49664394 1.49472793 -0.36766633
v 9.11548064 1.54749471 -0.44967402
v 9.32370705 1.71064276 -0.44868638
v 9.15540101 1.80684781 -0.40804058
v 10.04112487 1.94205642 -0.44792148
v 8.95427376 1.68764324 -0.39374346
v 9.70523642 1.58825488 -0.36014279
v 9.94496937 1.67297763 -0.36248330
v 11.33738201 1.60371652 -0.43096605
v 10.67980406 2.07341663 -0.43806978
v 11.46775397 1.78946009 -0.43721047
v 10.19017223 1.73057275 -0.37019538
v 10.44429490 1.74675443 -0.37405729
v 10.77416411 1.66342042 -0.34634849
v 8.82034541 1.78977535 -0.23651184
v 9.56892344 1.80245272 -0.44856320
v 9.59298373 1.98857491 -0.42551650
v 9.81453242 1.91311792 -0.44987599
v 9.92649819 2.06559201 -0.43232858
v 10.24700693 1.90591491 -0.44128525
v 10.12529301 2.10562409 -0.43118956
v 11.14923738 2.02560357 -0.41412930
v 10.90442083 2.10375290 -0.41318965
v 10.54067024 2.19771945 -0.39723398
v 9.12317832 2.01531132 -0.23462495
v 9.50565140 2.15734991 -0.29860984
v 9.83339571 2.30870700 -0.23872331
v 11.28278392 2.15687287 -0.28634717
v 10.20132299 2.31526247 -0.30517039
v 10.93156210 2.29901864 -0.25224925
v 11.84175181 1.20226692 -0.43691688
v 11.94174632 1.49204703 -0.41796001
v 11.72761207 1.57890581 -0.44161797
v 11.85064045 1.70792772 -0.36633182
v 11.57539055 1.93062720 -0.35275102
v 10.56801654 2.36824412 -0.23352481
v 9.02119041 2.02894609 -0.03199621
v 10.18897849 2.43013758 -0.06135375
v 11.31242196 2.25266555 -0.05650566
v 11.95847790 1.81086557 -0.18351569
v 11.63761572 2.04395511 -0.18901727
v 12.81120183 0.19607985 0.04277082
v 12.74874943 0.57660210 0.05788579
v 12.74196131 0.18990221 0.24353574
v 12.67834315 0.54332150 0.25647343
v 12.59048154 0.17096793 0.38891685
v 12.21836742 0.09266460 0.42164554
v 12.40064569 0.13709335 0.44752599
v 12.54404325 0.59402038 0.37303270
v 12.23622312 0.45096236 0.44122179
v 12.27087468 0.83850232 0.44354271
v 8.80544083 1.80378028 0.20272586
v 9.81166487 2.37186356 -0.04388745
v 10.57123808 2.43463637 -0.00397621
v 10.94964502 2.37342071 -0.02069384
v 9.12418229 2.05305993 0.17249225
v 9.46806168 2.22648933 0.17417019
v 9.81350454 2.33709135 0.17714526
v 10.18935776 2.39572635 0.18069128
v 11.30136233 2.22110473 0.17748365
v 10.56864019 2.37587884 0.22098591
v 10.94184931 2.31995367 0.21499655
v 11.95315747 1.86395137 0.04337915
v 11.65171125 2.08246617 0.03040946
v 11.96836236 1.77098590 0.22938036
v 8.90954076 1.73649197 0.34871974
v 8.80010187 1.33120391 0.44400255
v 9.15193358 1.52216925 0.44693673
v 9.20976387 1.93562380 0.36036107
v 9.33569725 1.67337820 0.44831069
v 9.31427527 1.83376575 0.43088501
v 9.74074575 1.69293038 0.40865083
v 10.74346286 1.79774975 0.41871857
v 11.50738375 1.66959114 0.44851724
v 9.65229799 1.93900396 0.44304559
v 9.89490366 1.88573261 0.44629262
v 9.84059808 2.06219656 0.42829450
v 11.26878507 2.09367853 0.34957276
v 10.26624835 1.86161370 0.43028592
v 10.32813867 2.04326723 0.44627357
v 10.54268348 2.07041384 0.44138153
v 11.25267665 1.94798292 0.42747813
v 11.11047017 1.86197178 0.44953091
v 10.92487924 2.20255751 0.35431030
v 10.77763378 2.11156854 0.42232981
v 10.89334820 1.93429404 0.44945895
v 10.56774299 2.23723813 0.37171125
v 10.19857053 2.23108443 0.37578675
v 11.99555280 1.17016034 0.44960985
v 11.83632223 1.73617506 0.35679191
v 11.73744233 1.56422262 0.44276932
v 11.43939311 1.91489138 0.40562974
v 11.59300279 2.01360078 0.27166857
v 12.73788666 -1.85786952 -0.41655638
v 13.73378049 -2.26005907 -0.36071365
v 13.97088519 -2.29994342 -0.32499117
v 13.06627472 -2.03904641 -0.40825545
v 13.30572832 -2.11781169 -0.40655418
v 12.98171904 -1.82567868 -0.44831670
v 13.41250350 -1.92915274 -0.44856418
v 13.75310088 -2.03877425 -0.44641016
v 14.09603426 -2.14224942 -0.41830684
v 13.79170290 -1.80640250 -0.40695875
v 13.96113763 -1.96396787 -0.44791453
v 12.91950990 -2.16536725 -0.26917234
v 12.70343530 -2.03797495 -0.29416740
v 13.28804260 -2.30464786 -0.24313859
v 12.85525988 -1.65131938 -0.44418290
v 12.49773002 -1.56170811 -0.44483449
v 12.41630714 -1.71800047 -0.38036586
v 12.31402446 -1.43923788 -0.43698039
v 12.54763737 -1.37466260 -0.43505998
v 12.36330703 -1.24547300 -0.44509923
v 13.36967578 -1.72962487 -0.40156019
v 12.73908092 -1.48402314 -0.42309091
v 14.02666900 -1.76939949 -0.39383612
v 12.27782576 -1.79590215 -0.22620724
v 12.25717220 -1.85610473 0.03937862
v 13.64840053 -2.42941609 -0.06994284
v 14.02048154 -2.41547962 -0.13194155
v 13.27483567 -2.37362729 -0.03146474
v 12.90334099 -2.25259131 -0.03671192
v 11.99183250 -0.73082648 -0.44947302
v 11.61743048 -0.77807459 -0.27111282
v 11.87764354 -0.55877776 -0.44646757
v 11.97585865 -0.37096684 -0.43857883
v 11.65082223 -0.56701198 -0.36102999
v 11.87112558 -0.14352931 -0.44843937
v 12.03513352 -0.18661577 -0.41083155
v 11.64452097 -0.15526768 -0.39886759
v 11.50797961 -0.57737840 -0.18293373
v 11.46559584 -0.17713392 -0.22486995
v 14.34797262 -2.16048776 -0.38750555
v 14.41516943 -1.97280516 -0.44536339
v 14.63643495 -1.91895062 -0.44117293
v 14.72814509 -2.10616847 -0.33989670
v 15.03339152 -1.82036393 -0.41002725
v 15.07363459 -1.99364689 -0.27898956
v 14.61583444 -1.69355386 -0.42950060
v 15.01045257 -1.62774545 -0.44955741
v 15.22892307 -1.68451946 -0.40699774
v 15.23240199 -1.48397221 -0.44693066
v 15.32109328 -1.28917011 -0.44760376
v 15.16903973 -1.26317954 -0.41790951
v 15.40042920 -1.77895290 -0.24915906
v 14.39805131 -2.33248551 -0.19276441
v 14.77990259 -2.22717179 -0.14672764
v 15.11701198 -2.07717519 -0.05260746
v 15.74494798 -0.79814351 -0.44413093
v 15.84944919 -0.93431646 -0.39078837
v 15.92952625 -0.77735609 -0.38223462
v 15.72074013 -0.46055160 -0.44545704
v 15.88659870 -0.40456419 -0.43952744
v 15.75023982 -0.08482759 -0.44141348
v 15.96302405 0.01343094 -0.43157095
v 16.20473994 -0.56154797 -0.09726610
v 16.21927706 -0.19381425 -0.21477638
v 12.56482300 -2.08235107 0.00857972
v 13.66140235 -2.41555009 0.13226552
v 14.03176471 -2.42508636 0.08822769
v 12.59676108 -2.02810417 0.22838788
v 13.28796610 -2.33748012 0.18440542
v 12.92022039 -2.22264486 0.17550482
v 13.32387396 -2.20795466 0.35556471
v 13.67295577 -2.32421553 0.29575965
v 14.02617611 -2.32897555 0.28842340
v 12.96850253 -2.05762860 0.37820425
v 13.13091743 -1.91001994 0.44667265
v 13.06641423 -1.71789541 0.43470909
v 13.37702412 -1.99495513 0.44573072
v 13.61735783 -1.99225299 0.44923066
v 14.01445478 -2.14797902 0.41859300
v 13.76398191 -1.90547202 0.44010240
v 13.99784280 -1.92677889 0.44521506
v 12.24229669 -1.74855491 0.24737031
v 12.38170589 -1.73589488 0.35587744
v 12.76869504 -1.95049337 0.38538661
v 12.69653885 -1.73177105 0.44204651
v 12.48221252 -1.60313954 0.43558891
v 12.51506186 -1.31383872 0.42931319
v 12.63850766 -1.52821009 0.44593687
v 12.32559186 -1.38723767 0.44536838
v 12.45845614 -1.09945438 0.38521935
v 13.29911970 -1.79531329 0.43201378
v 12.84045655 -1.62704091 0.44106039
v 11.40611587 -0.18110772 0.02366342
v 11.47079575 -0.57568150 0.05499061
v 11.84585864 -0.77385808 0.42547186
v 11.56785569 -0.52578420 0.29346988
v 11.54900471 -0.29386369 0.32167876
v 11.74981456 -0.55769192 0.41544393
v 11.84307402 -0.41104297 0.44653651
v 11.99562384 -0.38854958 0.43493896
v 11.65677542 -0.10660975 0.40620556
v 11.87165134 -0.19442579 0.44871325
v 14.77429383 -2.24373516 0.09732215
v 14.40273193 -2.29998628 0.24644082
v 15.09840981 -2.05282041 0.16970730
v 15.43201004 -1.84933018 -0.02903120
v 15.41446361 -1.81821396 0.17629747
v 14.74149613 -2.14253265 0.30248610
v 15.02725187 -1.94726453 0.34424104
v 14.37115446 -2.16856560 0.37935076
v 14.43454934 -1.99815839 0.44018986
v 14.68463601 -1.93917007 0.43223216
v 15.33682230 -1.72453291 0.34184222
v 14.25584955 -1.86347513 0.44094600
v 14.89855604 -1.81045551 0.43657334
v 14.94635825 -1.52680679 0.43391938
v 15.08126515 -1.34636251 0.41746916
v 15.20610381 -1.57357816 0.43970145
v 15.40348298 -1.31339691 0.44620824
v 16.19757014 -0.56512635 0.12290585
v 15.98774416 -0.80565889 0.33403243
v 15.82998635 -0.84063357 0.41644945
v 15.68472660 -0.74748300 0.44972524
v 16.06687812 -0.56672127 0.32968152
v 16.12319240 -0.17787875 0.33613939
v 15.88703748 -0.45418282 0.43663522
v 15.72151808 -0.32383410 0.43999810
v 15.91705782 -0.21733393 0.43875391
v 15.85981796 0.00594094 0.44840350
v 11.98458214 0.05248448 -0.42739800
v 11.76682302 0.08821844 -0.44212513
v 11.92494260 0.50407401 -0.44889344
v 11.70517136 0.56977554 -0.39397364
v 11.47678421 0.19593189 -0.24071384
v 11.53214003 0.57541608 -0.22906186
v 11.89210662 0.72778875 -0.44105982
v 11.76315699 0.80016844 -0.38407142
v 12.31453796 1.18780520 -0.44507018
v 12.47152047 1.14147234 -0.39588698
v 11.63152698 0.77990197 -0.28558709
v 12.24219726 1.36441180 -0.43553015
v 12.60443349 1.49460382 -0.44566649
v 12.42187194 1.53226550 -0.43913018
v 12.57640544 1.65323007 -0.44114810
v 12.75709670 1.66304280 -0.44920722
v 12.69604662 1.81525501 -0.42257003
v 12.45281284 1.77361132 -0.36894584
v 13.00026338 1.60115905 -0.40668877
v 13.10565460 1.78031562 -0.44463051
v 13.49986681 1.94371266 -0.44807181
v 14.08333183 1.85093651 -0.43017092
v 13.18196930 1.59251554 -0.35802921
v 13.40848733 1.67410498 -0.36271885
v 13.68077702 1.73860110 -0.37363915
v 13.95539316 1.70941931 -0.34954194
v 12.26747174 1.79080180 -0.22154838
v 12.91814914 1.81357102 -0.44727928
v 13.05019614 1.97776763 -0.42869785
v 13.27823120 1.91196872 -0.44971961
v 13.38636260 2.06576680 -0.43228002
v 13.97685578 1.98394531 -0.44958414
v 13.58475163 2.10702911 -0.43084202
v 14.01536281 2.20466641 -0.39226830
v 12.61316922 1.96832227 -0.30852500
v 12.96653405 2.15878026 -0.29745466
v 13.66205579 2.31521825 -0.30528969
v 13.29340093 2.30870997 -0.23872057
v 14.02651361 2.36370168 -0.24113039
v 12.48101669 2.02901533 -0.03008671
v 13.64927738 2.43006962 -0.06251604
v 15.76515666 0.13114913 -0.44492205
v 15.96935644 0.22834761 -0.42454983
v 15.80667643 0.58734052 -0.44560952
v 16.04242411 0.57634674 -0.34812788
v 16.07467699 0.77669002 -0.25627160
v 15.93649335 0.75885253 -0.38263065
v 16.17485446 0.57516524 -0.17751077
v 15.29032401 1.22943624 -0.43907351
v 15.41586296 1.32089067 -0.44508087
v 15.42621603 1.47765666 -0.41411207
v 15.06139884 1.56638264 -0.44924900
v 14.27190098 1.80617929 -0.42843156
v 14.20815434 1.92510449 -0.44715979
v 14.86816896 1.70509557 -0.44978013
v 14.88487894 1.91010518 -0.41047629
v 14.21113464 1.66630281 -0.34414382
v 15.28204133 1.66893483 -0.39597485
v 14.35925375 1.98571705 -0.44540271
v 14.54026247 1.94358183 -0.44449127
v 14.69178285 2.03861754 -0.39363837
v 15.06396050 1.99252911 -0.28604542
v 14.38569829 2.26729456 -0.29354824
v 15.41255214 1.79366585 -0.21795809
v 14.74938389 2.19033452 -0.24020946
v 15.11414489 2.07953510 -0.04605586
v 14.40951187 2.37064956 -0.05543341
v 11.40602864 0.19748117 -0.00618243
v 11.47396630 0.19173799 0.23665358
v 11.52163336 0.58042176 0.21042592
v 11.65340720 0.16525506 0.40289860
v 11.81828197 0.24462268 0.44677558
v 11.95818964 0.16237161 0.43605338
v 11.75624187 0.41086134 0.43047184
v 11.94337023 0.39598220 0.44548685
v 11.79765059 0.79299162 0.40392408
v 11.88686634 0.61920365 0.44606194
v 12.26604937 1.80449196 0.20237297
v 13.27167822 2.37186538 -0.04390455
v 14.03149849 2.43283819 -0.02656333
v 12.58442006 2.05354214 0.17179798
v 12.92644979 2.22628872 0.17312518
v 13.65114926 2.39760492 0.17649638
v 13.27315217 2.33698043 0.17720722
v 14.02981667 2.38932653 0.19629876
v 12.37777915 1.74324033 0.34890737
v 12.30547004 1.22882410 0.44771757
v 12.64697558 1.54298468 0.44638965
v 12.42954157 1.59575388 0.42870360
v 12.67215415 1.94314962 0.35593379
v 12.80676862 1.68089070 0.44835969
v 12.80374582 1.86030727 0.42914338
v 13.42891889 1.77930253 0.41588438
v 13.00745733 1.95320833 0.43022331
v 13.17848672 1.82847835 0.44594296
v 13.37471356 1.96136048 0.44826698
v 13.22893398 2.04947142 0.42671596
v 13.76558720 1.93253479 0.44515129
v 13.72479919 2.09081842 0.43737998
v 13.95796520 2.04246421 0.44592733
v 14.02228866 2.25051198 0.36375446
v 13.66834105 2.26192250 0.35472341
v 16.26715181 0.19824278 0.07750101
v 16.20802825 0.57836135 0.06158962
v 16.16350070 0.18533321 0.29491171
v 16.09303439 0.55468754 0.30736882
v 15.68148249 0.04490109 0.42137877
v 15.79406703 0.21849946 0.44773839
v 15.98679752 0.18683753 0.41867883
v 15.93607453 0.39728220 0.42835122
v 15.34235934 1.17304311 0.43978238
v 15.79139087 0.83740865 0.43017927
v 15.97376461 0.78547783 0.35171365
v 14.77327830 2.25486643 -0.02641290
v 15.09569860 2.04475695 0.18978739
v 15.40057691 1.79772883 0.22563140
v 14.40230527 2.33778302 0.17788507
v 14.75645711 2.21414544 0.19759980
v 15.21099104 1.73911636 0.39153504
v 14.64149891 1.68347818 0.42962406
v 14.25799677 1.75157044 0.40535101
v 14.99841297 1.66417673 0.44760178
v 15.18176046 1.52866686 0.44684406
v 15.01847281 1.89003553 0.38265351
v 14.37762672 2.22154063 0.33994682
v 14.70075900 2.08913788 0.36235519
v 14.36012676 1.90735826 0.44859828
v 14.61630630 1.89132906 0.44600498
v 14.22592996 2.11454079 0.42226420
v 16.21886027 -1.90020061 -0.40611308
v 16.93411020 -2.07878669 -0.43416425
v 16.45829775 -1.97557669 -0.42181089
v 16.70766800 -2.27715889 -0.26949743
v 16.08728014 -2.00901926 -0.27643048
v 16.33691176 -1.79088846 -0.44712948
v 15.99351219 -1.58882008 -0.44504153
v 16.53261415 -1.77500779 -0.44524159
v 15.84679583 -1.71499967 -0.36998715
v 15.76317465 -1.46030066 -0.43169932
v 15.79157242 -1.26854210 -0.44818701
v 15.72474715 -1.79676065 -0.21123492
v 17.22517743 -2.28247838 -0.34367619
v 17.44566840 -2.30192992 -0.32230078
v 17.82490913 -2.18816515 -0.36853207
v 17.15658765 -2.09583852 -0.43564173
v 17.62809379 -2.11963422 -0.42532530
v 17.54474806 -1.92977288 -0.44598897
v 17.32703453 -1.90828827 -0.43985301
v 17.78328782 -1.90192747 -0.44750248
v 17.86665568 -2.02529837 -0.43540263
v 17.69432818 -1.74202252 -0.39835634
v 18.03753065 -1.89162218 -0.44715505
v 18.22117167 -2.00679962 -0.39538535
v 18.42941412 -1.88631405 -0.40036047
v 18.53633596 -2.02352593 -0.24068152
v 18.14140416 -1.65652217 -0.42681738
v 18.36316060 -1.66149335 -0.44828856
v 17.92570350 -1.71418648 -0.41465580
v 18.76636020 -1.58130041 -0.41871351
v 18.53431316 -1.51943615 -0.44709292
v 18.89883987 -1.20407374 -0.44969082
v 18.72427187 -1.16441275 -0.42134598
v 18.95989502 -1.42793731 -0.40425018
v 18.81129623 -1.77276146 -0.29650012
v 19.38403425 -1.08345467 -0.28063530
v 16.37166489 -2.21871966 -0.17635804
v 16.75260053 -2.36671840 -0.10302922
v 15.70631898 -1.84905811 0.01783398
v 17.85593388 -2.33324262 -0.19217892
v 17.48364436 -2.41756619 -0.12221339
v 18.19773874 -2.19707170 -0.23731583
v 17.10232134 -2.42815584 -0.07350373
v 18.88680179 -1.85079426 -0.05795894
v 19.10144048 -1.54041452 -0.24244636
v 19.38464644 -1.25631424 -0.08313151
v 15.44449831 -0.72399040 -0.44980142
v 15.90546617 -1.12024386 -0.39959016
v 15.38169157 -0.50241351 -0.44911241
v 15.41941561 -0.31344445 -0.43919531
v 15.15395027 -0.52481389 -0.39371863
v 15.39064864 -0.11735446 -0.44181475
v 14.99394642 -0.56517740 -0.23584954
v 15.06111299 -0.16152662 -0.37196521
v 19.03465005 -1.01788098 -0.44865481
v 18.88619989 -0.97632439 -0.42975261
v 19.20425614 -1.05944287 -0.40938669
v 19.20897536 -0.72489441 -0.44627116
v 19.04446973 -0.76716410 -0.44002972
v 19.33622519 -0.85454471 -0.39434728
v 19.08081025 -0.31659026 -0.40732814
v 19.16848255 -0.54301163 -0.44603582
v 19.25253564 -0.12094198 -0.44701359
v 19.50798650 -0.17295989 -0.39034960
v 19.58271763 -0.39909523 -0.31612946
v 14.86679587 -0.19612035 -0.01729257
v 19.51282096 -0.88232633 -0.22315343
v 19.66807719 -0.58474084 -0.04200191
v 19.66570927 -0.19731373 -0.23646727
v 16.36486399 -2.25394961 0.02814844
v 16.72652367 -2.36645747 0.07865471
v 16.00081630 -2.05095535 -0.10956915
v 16.39007091 -2.18829201 0.24295737
v 16.06775434 -2.02135062 0.24721598
v 17.50893709 -2.41576168 0.12143832
v 18.23729932 -2.25400621 -0.01693055
v 17.08415532 -2.39786620 0.17073677
v 17.84990049 -2.25169988 0.31020567
v 18.55764821 -2.04919219 0.17816204
v 19.15935679 -1.58340970 -0.00304521
v 19.14293567 -1.51165510 0.22137031
v 16.73999139 -2.28516422 0.26921744
v 16.14789982 -1.91761730 0.37666790
v 16.42942588 -2.06584957 0.37375289
v 16.76290674 -2.12090175 0.40503211
v 16.56517798 -1.99745051 0.42938568
v 16.53711727 -1.81369029 0.44792686
v 15.74496305 -1.78839385 0.24314027
v 16.12635522 -1.75779596 0.43290465
v 16.35426279 -1.71841541 0.44727655
v 15.95905718 -1.58167652 0.44215377
v 16.75716189 -1.91457857 0.44957109
v 16.37984324 -1.53078259 0.39838260
v 16.02356789 -1.43822291 0.44420783
v 15.79479972 -1.39183645 0.44568535
v 17.47216225 -2.31125240 0.31046582
v 17.12112559 -2.25174013 0.36293505
v 18.21985009 -2.13179249 0.30589091
v 18.49317751 -1.94312460 0.34461289
v 17.35904653 -2.04535597 0.44606468
v 17.21854953 -1.90794627 0.44079905
v 17.46130775 -1.91219749 0.44332857
v 17.71648975 -2.14721072 0.40610078
v 18.11177773 -1.98463275 0.42309262
v 19.35225631 -1.25392058 0.17655140
v 17.72297175 -1.92295529 0.44800506
v 18.39811319 -1.77524803 0.43882533
v 18.38729952 -1.59646401 0.44490705
v 18.76661656 -1.71835796 0.36267132
v 18.58808232 -1.64596052 0.43864936
v 18.57790988 -1.45360133 0.44537609
v 19.03084178 -1.37486385 0.39385669
v 14.92818149 -0.57744827 -0.01733371
v 14.97866681 -0.56921678 0.20998575
v 14.92024902 -0.18650088 0.21494197
v 19.55146543 -0.93283198 0.06863275
v 19.64110705 -0.53705635 0.18433141
v 15.25957722 -0.77373300 0.40772583
v 15.48863807 -0.81561933 0.44935025
v 15.09257411 -0.13269718 0.39263503
v 15.15184104 -0.54399897 0.38970482
v 15.43563673 -0.30753366 0.43506461
v 15.41713008 -0.08492940 0.43484452
v 15.27435308 -0.18233617 0.44685217
v 19.44742929 -0.89914543 0.29822994
v 18.78469547 -1.29910457 0.44832932
v 19.07388497 -0.98559089 0.44734577
v 19.20187773 -1.18028122 0.37586586
v 19.19274805 -0.77131463 0.44605227
v 19.61866867 -0.17960220 0.30109735
v 19.48778863 -0.54659590 0.36564494
v 19.09652507 -0.38269688 0.42008943
v 19.28249686 -0.56893031 0.44473445
v 19.44687882 -0.15074725 0.41982172
v 19.27271205 -0.10005936 0.44847216
v 15.37401950 0.13138765 -0.44498835
v 15.12804286 0.19688384 -0.40792978
v 15.38995988 0.50475483 -0.44852085
v 15.17243915 0.43215561 -0.41252017
v 14.93281820 0.18867235 -0.23517422
v 15.01574686 0.57271612 -0.26677393
v 15.39664263 0.70986098 -0.44713507
v 15.79857043 1.17295738 -0.43959873
v 16.01720303 1.18886936 -0.37475870
v 15.11538037 0.80901980 -0.29838249
v 19.10130437 0.49271711 -0.43070915
v 19.46055374 0.51949915 -0.38581214
v 19.46893040 0.30482574 -0.40566478
v 19.23473247 0.88033875 -0.42992907
v 19.18144176 1.19896851 -0.38057465
v 19.42348365 0.89374385 -0.32435628
v 19.68121371 0.21694104 -0.20864451
v 19.65323254 0.58432883 -0.12180077
v 19.53930981 0.92029467 -0.13679003
v 19.32022210 1.24153581 -0.24084574
v 15.69612721 1.36473123 -0.43436863
v 16.13493256 1.36709465 -0.40345776
v 16.38426497 1.56132764 -0.40907683
v 16.01984610 1.55813600 -0.44823363
v 16.21976598 1.59610651 -0.44459157
v 16.10014084 1.80378827 -0.41449545
v 16.85464768 1.91676848 -0.44794260
v 16.75742731 1.77883954 -0.42825131
v 15.87772876 1.69521204 -0.39158512
v 16.57776547 1.66405372 -0.41076015
v 15.73953717 1.78965690 -0.23579996
v 16.61950180 1.87790022 -0.44987885
v 16.47911333 2.02515626 -0.40608864
v 16.70814489 2.05875987 -0.42482672
v 16.05383509 1.99329042 -0.27165746
v 16.76497951 2.26049422 -0.30424220
v 16.39009259 2.17689159 -0.26021165
v 18.42601304 1.67830485 -0.44798726
v 17.21968802 1.72385548 -0.35951353
v 17.40901256 1.67712162 -0.32152829
v 17.72068650 1.68365433 -0.36725130
v 18.71321800 1.27469603 -0.43935726
v 18.82355919 1.45626762 -0.43475933
v 18.56517969 1.45928712 -0.44506473
v 18.69747454 1.63670020 -0.41979837
v 18.22403111 1.87462917 -0.43927500
v 19.03235550 1.47960613 -0.34632465
v 17.10711547 1.94639250 -0.44697572
v 17.48006352 1.99279270 -0.44945191
v 17.38310208 2.17615971 -0.40989816
v 17.70950212 1.93131119 -0.44839825
v 17.97499108 1.97172601 -0.44062296
v 17.80745210 2.12855241 -0.40481612
v 18.14755351 2.06579542 -0.37919874
v 17.15111653 2.19545979 -0.39918718
v 17.50170277 2.32994367 -0.28585908
v 17.86680090 2.29405700 -0.25432380
v 18.51298485 2.00221704 -0.28307976
v 18.82421721 1.79022793 -0.27104532
v 15.97754770 2.04975637 -0.04796475
v 16.73098217 2.37042671 -0.05966407
v 19.15852259 1.58290324 0.01532192
v 17.12210647 2.36763809 -0.23581378
v 18.21060920 2.19769984 -0.22830360
v 17.49927540 2.43003252 -0.05443469
v 18.57202049 2.07989780 -0.05626458
v 14.86541792 0.19054435 0.00535924
v 14.92787327 0.57972652 -0.00673561
v 14.99606521 0.56876235 0.23785207
v 19.72368432 0.18456072 0.09642973
v 19.64304756 0.68055016 0.06712921
v 19.39496141 1.25022597 -0.03769587
v 14.93392828 0.17971775 0.23813523
v 15.08976454 0.12821089 0.39112973
v 15.40317454 0.15069112 0.43943740
v 15.16771488 0.51804913 0.40228021
v 15.38134836 0.42653210 0.44774030
v 15.91325205 1.19191772 0.41691252
v 19.62555167 0.18263412 0.29275804
v 19.61515733 0.55257018 0.22617660
v 19.17602370 0.22415161 0.43583136
v 19.47303305 0.18969522 0.40771835
v 19.12780073 0.43136626 0.43346458
v 19.27143034 0.58347974 0.44531580
v 19.44281169 0.88309965 0.31045222
v 19.05701762 0.68430634 0.43518556
v 18.89811523 1.03847611 0.44001982
v 19.25972021 0.81021703 0.43083181
v 19.08233335 0.94243772 0.44855709
v 15.72659562 1.80472101 0.20281029
v 16.35813868 2.25100198 -0.03005500
v 16.04048213 2.04380572 0.18691975
v 16.74583396 2.33614952 0.18633297
v 16.38996359 2.20087086 0.22386679
v 18.88234636 1.85825121 -0.02256551
v 17.13068522 2.43516352 0.01920141
v 18.23892710 2.25444297 0.00384695
v 17.87172920 2.37399373 -0.00738846
v 17.48394779 2.40338708 0.16346857
v 17.11352786 2.35870137 0.24929551
v 17.83742631 2.31564971 0.23117990
v 18.55168393 2.04727796 0.18966152
v 18.84427133 1.81581611 0.22045221
v 15.83756399 1.74377714 0.34843793
v 15.73933201 1.27366313 0.44841443
v 16.10572269 1.54457976 0.44654966
v 15.88886723 1.59815799 0.42815783
v 16.26511825 1.68351689 0.44860455
v 16.24823149 1.87980135 0.41971622
v 16.87176354 1.78263776 0.41889583
v 16.10178854 1.93676556 0.34700449
v 16.45893093 2.01088843 0.40835652
v 16.63888865 1.83380049 0.44631902
v 16.83902120 1.95939064 0.44849757
v 16.71079568 2.06179319 0.42385834
v 16.78040833 2.21335432 0.35037360
v 18.16700602 1.65462435 0.43004725
v 17.92551408 1.69641232 0.40780281
v 18.30064398 1.86427228 0.43281004
v 17.83266797 1.85787993 0.44503128
v 18.41082077 1.63260886 0.44831022
v 18.54140564 1.77863772 0.41438577
v 18.04783925 1.85091426 0.44981267
v 19.00113834 1.41908548 0.39008677
v 18.54862937 1.45371920 0.44269710
v 18.61764813 1.61076512 0.44047033
v 18.74146354 1.70951443 0.37723778
v 17.44551882 2.31731098 0.30582732
v 18.13697223 2.04099469 0.39577235
v 17.21347080 1.93419674 0.44535714
v 17.22155729 2.10831555 0.43387384
v 17.41251544 1.97509416 0.44873678
v 17.48627924 2.17215848 0.40819201
v 17.74913782 2.17367177 0.38806785
v 17.10958639 2.23426126 0.37340674
v 18.48217371 1.93846882 0.35293971
v -0.21441353 -2.35697040 -0.24853164
v -0.87355761 -1.63375772 -0.42557985
v 1.56217514 -1.77537662 -0.25175437
v 2.27582314 -0.54631965 -0.28363818
v 2.37629055 -0.13256086 -0.22751643
v 0.85343797 -1.62657897 0.41866878
v -2.28726519 -0.35659793 0.32064751
v -1.72930004 -0.53289940 0.40749844
v -1.54354674 1.14023224 -0.44219306
v 1.58721183 1.85630757 -0.00112804
v 0.97527523 1.55227031 0.41879396
v 2.22765238 -1.81430544 -0.40371642
v 3.24028790 -2.32475750 -0.29027183
v 5.79110256 -0.19733465 -0.28490484
v 1.22768620 -0.17081086 0.37554550
v 4.28928552 -1.61851709 0.41056933
v 1.28471600 0.24306694 -0.40504618
v 5.11485098 1.14611305 -0.44873686
v 4.50110259 1.14495122 0.01972923
v 4.19479647 1.65336889 -0.40865597
v 4.01489382 2.31353716 -0.22786757
v 5.05200272 1.84912154 -0.03111749
v 1.48901326 0.03382775 0.44792614
v 1.38998075 0.82779761 0.38144727
v 5.67659548 -1.80812235 -0.40350645
v 6.49701479 -1.66317854 0.35191111
v 5.65083398 2.08102403 -0.06303206
v 7.90800128 1.56823566 -0.42721278
v 8.50799955 1.85504900 -0.00680645
v 8.87976058 -0.91457185 -0.41629567
v 8.89759505 -0.23318936 -0.44968107
v 9.19586635 -0.50209136 -0.29571529
v 9.33918961 -0.13900527 0.13008537
v 8.48364434 -0.03279536 0.43709708
v 9.51154331 -1.60588478 -0.41459793
v 12.71860667 -0.19837958 -0.27602238
v 10.33963132 -1.79931780 0.40376571
v 11.22636006 -1.55787907 0.38888250
v 8.96560286 -1.10169017 0.40130119
v 10.01557252 1.79537583 -0.41785302
v 11.10275417 1.67791422 -0.41616337
v 11.33255881 1.54819150 0.41241741
v 11.14593108 1.66264939 0.41716897
v 13.63568597 -2.36673799 -0.23388954
v 16.00569041 -0.57072188 -0.37539152
v 16.13400946 -0.52295407 -0.26927474
v 16.12814197 -0.10315995 -0.33693400
v 13.22942782 -1.59823706 0.34699836
v 11.48165790 -0.15472940 0.25395837
v 14.71618657 -1.69137672 0.43874888
v 16.25075408 -0.15706684 0.15079007
v 11.46755153 0.57706865 -0.01065696
v 13.47742194 1.79747259 -0.41852076
v 13.70289740 1.92046359 -0.44458957
v 12.57866350 2.05330586 -0.16500124
v 15.70702703 0.99961214 -0.43407373
v 11.97554396 -0.02602799 0.42931074
v 15.73136468 0.44167886 0.44592481
v 15.42684308 1.85612873 -0.00591550
v 14.80096668 1.58259268 0.42642995
v 16.60148254 -1.63774033 -0.39493942
v 17.10664860 -2.36609568 -0.23634567
v 19.26155555 -1.24946186 -0.30141304
v 19.49087759 -0.54724507 -0.36356678
v 18.91096804 -0.39417302 -0.29689037
v 19.59339299 -0.62730402 -0.23226101
v 18.57401041 -2.08099481 -0.03108842
v 18.96982643 -1.60462734 0.31723872
v 19.69123159 -0.01281406 0.21851295
v 15.69164295 -1.00288795 0.43764477
v 19.68181690 0.52285960 0.05584314
v 19.56288179 0.89049043 0.09345102
v 19.29386752 1.05561816 0.36769220
v 18.92002204 0.84754157 0.41506558
v 17.53246322 1.82974046 0.42262934
v 18.86278801 1.25506050 0.44924092
v -1.00148013 -2.03538374 -0.35876611
v -0.66104458 -1.64017760 -0.38750870
v 1.43335107 -1.94626530 -0.16243170
v -0.67250919 -1.86674228 0.44906595
v -0.69534745 -1.67436822 0.41044440
v 1.84516371 0.80130637 0.44861680
v -0.25919415 1.96404965 0.44877608
v 0.79164290 1.67931262 0.42765364
v 3.06669213 -1.75618124 -0.40481912
v 4.14251176 -2.16556432 0.35760135
v 1.51070273 0.79808703 -0.43426885
v 2.49215667 2.23703035 -0.06784746
v 1.90672572 1.88322489 -0.02117150
v 2.27085610 2.13165880 -0.04567403
v 2.90743564 2.21403899 0.34320863
v 3.20210892 1.99175302 0.44905168
v 5.31075763 0.80871440 0.44798500
v 6.64553665 -2.10034030 -0.43208479
v 6.62267162 -1.67179174 -0.33395520
v 7.31104751 -2.23772089 0.35578335
v 7.54651159 -2.14216095 0.38144960
v 7.38695255 -1.73770204 0.40449645
v 4.82999886 -0.01049321 -0.43955458
v 5.36244533 1.24982918 0.44982328
v 6.36783512 2.21365931 0.34360481
v 8.00349627 2.06741387 0.29725306
v 6.65807459 1.98736743 0.44937185
v 9.05371206 -0.62662798 -0.38648289
v 9.32890407 0.17960802 -0.15097416
v 9.17190142 -1.81797864 -0.40767948
v 11.07113553 -1.68566069 0.41410953
v 11.99375349 -1.16559547 0.44930044
v 9.41690992 2.23924781 -0.06491928
v 8.82754099 1.88380479 -0.02229589
v 9.19116567 2.13251637 -0.03841522
v 12.15360140 1.04215935 0.44909869
v 9.81299009 2.21990175 0.33543557
v 12.57072641 -2.04723370 -0.16749679
v 12.87694196 2.23926323 -0.06489386
v 12.28690602 1.88332024 -0.02173586
v 12.65138420 2.13285055 -0.03623882
v 15.15345187 1.10837821 -0.35415738
v 15.74550097 0.81322949 -0.44261760
v 16.24875877 0.18792705 -0.14974369
v 11.68590642 0.58715511 0.37996503
v 12.47569295 1.38693222 0.44580357
v 13.26573024 2.21642118 0.33688310
v 15.56999969 0.48459546 0.40309601
v 16.17051748 -1.69595837 -0.44665586
v 18.88103758 -1.81032744 0.18048156
v 18.03992314 -2.17366062 0.33507126
v 19.71783892 -0.18975986 0.11907524
v 19.05334765 -0.59775799 0.42524523
v 15.29196892 0.85043352 -0.40796434
v 19.16037236 0.68326978 -0.44892650
v 18.32676409 1.48308976 -0.40546364
v 15.74906637 1.88496320 -0.02369469
v 15.92663677 1.40053928 0.44708471
v 19.21585747 1.31222759 0.30865812
v 19.10906242 1.53705136 0.23653469
v 18.67825831 1.30059929 0.43700673
v 17.65212919 1.98065825 0.44887103
v -1.28700496 -1.69639680 -0.42958186
v 0.56547978 -2.37353700 0.03164542
v -0.25742196 -1.95517144 0.44806637
v -0.21652182 -1.78290657 0.40271042
v 1.24629916 -1.05968070 0.27037759
v -0.30809365 1.77760997 -0.40521126
v -2.11374822 1.09652706 -0.23433469
v 0.60492305 1.44147525 -0.12261655
v 1.25407146 2.02827563 -0.21888350
v 3.33063204 -1.56862541 -0.15543159
v 4.45953221 -1.28937643 -0.26236642
v 5.17517328 -1.07512002 -0.44760484
v 5.81832836 -0.56685170 0.11814365
v 2.08180792 -1.10577939 0.38617756
v 4.02742890 -2.37273140 0.03583004
v 4.75059975 -1.21195309 0.38762127
v 4.05587484 1.44139104 -0.10782394
v 1.30501581 0.18058526 0.41549150
v 4.34644096 1.45027003 0.33799269
v 7.50441309 -2.36900587 0.03146776
v 5.60449734 -1.10644381 -0.35441708
v 7.06655269 -1.66552297 0.31264234
v 5.39630245 -1.69479535 0.34626164
v 5.55449757 -1.83967383 0.33989881
v 5.78758831 1.86656675 -0.40689754
v 5.83372610 1.26309830 -0.30566468
v 7.51574401 1.44364800 -0.11632707
v 7.88523352 1.90956237 -0.42750975
v 8.17553659 2.01449100 -0.23686924
v 7.34290661 1.64260826 0.33475930
v 8.21254695 0.79634586 0.32148624
v 10.09634317 -1.91701568 -0.44522596
v 10.94714069 -2.37276585 0.03626122
v 8.95866514 -1.75028355 0.36621725
v 9.87152558 -1.74365422 0.41092864
v 10.98073007 1.44019726 -0.11097859
v 11.01028245 1.87997950 -0.44875572
v 8.75952034 1.44929861 0.41093908
v 12.69394355 -1.28015415 -0.35342943
v 14.42490036 -1.45211688 -0.13167958
v 12.39718901 -1.88035448 0.24798170
v 14.41167913 -2.37175628 0.03526974
v 12.68629776 1.28242871 -0.35916532
v 14.44254331 1.43896023 -0.10910268
v 11.63018281 0.78899934 0.28003977
v 14.26800416 1.59321568 0.28589199
v 16.75120619 -1.74124117 -0.41386449
v 16.37082994 -1.58751213 -0.42126980
v 14.92904186 -0.19445787 -0.22826830
v 17.86904056 -2.37465478 0.00719564
v 16.57271949 -1.62307694 0.39337819
v 18.61982869 1.11761457 -0.36345066
v 16.96454674 1.77206946 -0.40562662
v 17.53441772 1.78707488 -0.40502040
v 19.11846768 1.55913372 -0.19994142
v 15.12704885 0.76624471 0.32700318
v -1.80704713 -0.78316808 -0.44805516
v 2.13826988 -0.56684085 -0.39233793
v 1.81645844 -0.75991543 0.44803910
v -2.18359047 1.10778616 0.01454880
v 1.07835902 2.06229358 -0.30553309
v -2.06514833 1.27082540 -0.12091564
v 5.30647705 -0.74216730 -0.44969233
v 2.56830908 2.14982469 -0.29898076
v 3.51921730 2.00571614 -0.44918333
v 4.00739263 2.20555041 -0.35131439
v 4.49780567 1.75812959 0.44625255
v 4.71285965 -0.18349624 -0.39036000
v 8.02897666 1.39857175 -0.39697968
v 6.97722910 2.00554366 -0.44920922
v 7.98333195 2.05529466 -0.32079868
v 12.76381101 -0.02856387 -0.22860086
v 12.78482714 0.17654734 -0.16139844
v 10.50832927 1.94550332 -0.44650589
v 11.55406836 1.63790598 -0.44872434
v 9.50390330 1.79988604 0.44965966
v 16.25860758 -0.35396688 0.04490806
v 16.24752770 -0.01091205 -0.18635002
v 14.21851908 2.31642397 0.28327779
v 19.71991598 0.00376912 -0.15779918
v 18.03402507 1.79780434 -0.44589640
v 17.85939354 1.81435205 -0.43751282
v 17.69110821 2.38616666 -0.16073584
v 15.28352539 0.64881695 0.43284992
v 15.30769510 0.82098306 0.41868378
v 15.47654722 0.81672437 0.44973449
v 18.21219913 2.19320443 0.23410604
v 9.23448966 -0.20465240 0.30368179
v -1.16508306 -1.28644400 -0.36696759
v 1.08256576 -2.17508501 -0.12524587
v -1.52818321 -0.61381273 -0.28312325
v -0.12337293 -1.69387454 0.33680186
v 1.12304984 -1.36646673 0.38759146
v -0.65031428 1.59693530 -0.35899758
v 1.05225520 1.20814433 0.21730497
v -0.01140090 2.35351417 0.27579750
v 2.18761707 -2.07951683 0.05798709
v 3.14825533 -1.85223463 0.43246120
v 2.62608047 1.63328058 0.41680556
v 6.58093942 1.58114388 0.24111131
v 8.34998509 0.07621903 0.44716567
v 9.10388358 -2.07680856 0.06255365
v 11.26056801 -1.40120196 0.29259332
v 9.28376434 -1.39226939 0.38894753
v 11.66095975 1.09897839 -0.32776013
v 9.29700040 1.26551139 -0.30532210
v 11.17870094 1.39163696 0.22028460
v 14.87166856 -1.28798197 0.28623716
v 12.52127552 1.14443621 0.37381375
v 13.24027084 1.52662422 0.27510174
v 14.46342586 1.49579932 0.24750205
v 14.61255101 1.53607324 0.35090044
v 18.29171605 -1.45678608 -0.38258345
v 18.14732072 -1.38818605 -0.25705186
v 18.39092557 -2.17197221 -0.12389407
v 16.02764670 -2.07967825 0.05642801
v 18.53917068 -1.01558186 0.21693705
v 18.81358596 -0.60275518 0.26145312
v 19.58104707 0.20368655 -0.33623630
v 18.41804555 1.88713560 -0.40272949
v 18.89746842 0.16658729 0.22311458
v 16.03511950 1.11202025 0.32454182
v 19.46638255 0.55372945 0.37741602
v 18.77276824 0.88314951 0.35295395
v 16.70058954 1.52693510 0.27529601
v 17.94543339 1.47639583 0.23194463
v 18.35940659 2.07090582 0.30853918
v -1.74713015 -1.01397749 -0.44797581
v 2.44591608 -0.01534607 -0.03654492
v -1.94249710 1.38299273 0.22833991
v 3.30612004 -2.04046048 0.44586257
v 4.19630655 1.56837522 0.36443595
v 5.02631191 1.23180347 0.44977821
v 4.82229874 0.60192374 -0.40811717
v 11.40838221 -1.83812986 0.43468758
v 15.00241956 -1.42176932 -0.42001765
v 15.70911137 -0.53731056 0.44597898
v 11.61900390 0.19846123 -0.38114747
v 16.85528616 -1.89871247 -0.44654480
v 19.72756194 -0.20497206 -0.07358705
v 15.89940564 -1.72611295 0.38579516
v 17.14234311 -2.05020653 0.44507215
v 18.18040657 -1.74821140 0.44670162
v 19.28689380 1.39914726 0.11955544
v 11.05231308 -2.16902141 0.35676115
v -0.38569987 -2.30307185 -0.29655742
v -1.54251715 -0.75416766 -0.34997387
v 1.54095894 -0.90922848 -0.43075794
v 3.05940768 -2.24675118 -0.34635174
v 2.38469524 1.25023913 -0.28581365
v 2.39689420 1.48015597 -0.41231380
v 4.08412267 1.46617538 0.20258372
v 5.19000006 1.50079824 0.33606843
v 7.96433705 -1.25747881 0.26865834
v 5.85765855 1.44565641 -0.40037056
v 8.96762389 0.15245963 -0.44530761
v 8.12167214 0.56987156 0.29716118
v 9.12820063 -1.21695213 0.37148094
v 13.17532538 -1.71705068 -0.42195173
v 12.79556371 1.46483052 -0.40283141
v 15.39124168 1.59124889 0.38869253
v 16.91424358 -1.52939802 0.16331130
v 17.69896813 -1.52966616 0.17141169
v 18.95292141 -1.14671637 0.44884183
v 19.73100188 0.16619750 -0.07196915
v -1.39774441 1.40129708 0.44838023
v 3.89264787 -1.80280041 -0.42746973
v 5.52135844 -0.23478483 -0.44219325
v 4.30110543 1.74452138 0.44524516
v 5.49794419 -1.97256380 -0.12059669
v 8.18221974 1.12075030 -0.32766564
v 7.14561109 1.73926383 0.37724706
v 10.10025968 -2.25920174 -0.34978214
v 12.48894445 -0.22728052 0.43091064
v 16.27278140 -0.16099810 -0.05778656
v 17.02542302 -2.25697366 -0.35203222
v 15.74231965 -1.60277866 0.38073301
v 19.46326299 1.03573488 0.20090144
v 9.27043345 -0.26343906 -0.25290310
v 17.09113103 -1.89285421 -0.43958330
v 1.73000002 -1.49845518 0.33737211
v 0.16849337 1.73646823 -0.37277922
v -0.07407251 2.24871235 -0.37016203
v -0.21941304 2.11182528 -0.43036765
v 6.07455195 1.43681026 0.30670007
v 7.79899105 1.49519167 0.36650742
v 9.38522198 -1.48037750 -0.39593125
v 9.32670933 1.46375784 -0.40437363
v 12.93831336 -1.48466306 -0.36827854
v 13.71331544 -1.65371633 -0.29698775
v 13.50513202 -2.33504925 0.26761042
v 18.73515833 -1.37511967 -0.44925291
v 0.72370622 -2.31587100 0.13764394
v -2.12867718 0.88812180 -0.32208850
v 3.52009733 1.84709467 -0.42419868
v 4.57422564 2.15091309 -0.14960322
v 6.97929305 1.84777622 -0.42445477
v 7.49396583 2.37346499 -0.00728875
v 8.41880462 1.68298793 0.36674566
v 8.18602091 1.69859237 0.43246167
v 13.21852331 -1.88590547 -0.44892188
v 12.28838247 -1.61576026 -0.37708554
v 17.74189611 -2.37914665 0.14855433
v 17.96332632 -1.83058166 0.44615115
v 19.09129795 1.06748136 -0.43938399
v 8.99377953 -0.46340627 -0.42985454
v 9.31628097 -0.04704665 -0.20587813
v 17.96873880 -2.31565178 0.16982910
v -0.46048564 -1.72068702 -0.39509725
v 17.90669907 -2.05745167 0.42391533
v 0.12060545 -1.72123368 -0.35998275
v 0.39812344 -1.52900914 0.16938688
v 0.79610604 -1.36297880 0.16549318
v 1.13548743 -0.60449374 0.18528375
v 4.40096036 1.89751880 0.43262207
v 8.03250555 0.55075614 -0.16154666
v 11.49582629 1.07909045 0.05190616
v 10.65136396 1.75262757 -0.38764299
v 11.38619297 1.17390829 0.01140983
v 14.64774003 1.34200936 -0.13536192
v 19.36571715 0.70041711 -0.40967362
v 18.83722355 1.07017872 -0.43150577
v -0.25948562 -1.86809060 -0.43459447
v -1.23863157 -1.99266845 -0.27690299
v 1.34935525 -1.31624867 0.43416148
v 0.06871348 2.35283566 -0.27131070
v -1.27287440 1.31834918 0.41714795
v 1.49181546 0.23056363 -0.44892417
v 4.59940073 1.91616495 0.38150775
v 8.93148616 -1.54522508 0.43200464
v 10.56490101 1.68857479 0.33641120
v 15.27178323 -1.40080790 0.44963258
v 2.72557896 -2.17268867 -0.33764439
v 4.82934198 1.14244684 0.39667892
v 4.60817590 -1.34127217 0.38584568
v 4.71105499 1.10301527 0.30767862
v 7.30082428 1.54145932 0.18892438
v 11.80311255 1.98794921 -0.04929817
v 10.80305050 1.60345969 0.29623273
v 13.45272655 -1.60691275 -0.29036695
v 13.44283629 -1.57064843 0.24660889
v 18.75851853 -0.80269310 -0.30220204
v 19.35025881 -0.35006994 -0.44173396
v 19.38712621 -0.76309835 0.38695176
v 18.31790973 1.22276293 -0.19644452
v 17.91640199 1.42119992 -0.04693348
v 7.50234793 2.25863850 -0.29338536
v 8.99587908 -1.92317022 0.25434945
v 9.66475019 -2.03187149 0.42030743
v 13.61017361 -1.92550746 -0.44556085
v 16.17463004 -1.26864929 -0.33442482
v 17.40101304 -1.70413399 -0.34406132
v 17.51355495 -1.76122997 -0.39012651
v 19.31147416 0.47955579 -0.44353661
v 9.32494595 -0.30777015 0.13408974
v 9.19762120 -0.04411551 -0.34988881
v -1.65650042 -0.39029225 -0.33980935
v -1.19679952 -1.01895734 0.15028177
v -1.40419725 0.96301808 0.33861634
v 3.32384137 -2.02576234 -0.44712910
v 7.88564314 1.32367241 -0.26774982
v 10.03107427 -1.61947786 0.29420259
v 9.27865729 -1.14924498 0.19228373
v 16.46037557 -1.30329137 0.06014603
v -1.38617865 -1.80046226 -0.35393924
v -1.39198002 -1.92557848 0.24426634
v 4.73189196 1.54628768 -0.44936848
v 4.85123142 -1.43594684 0.44987365
v 12.33862338 1.05080862 0.41716199
v 2.96653468 -2.11637989 -0.41109071
v 8.92000313 -1.94229561 0.11969290
v -1.43149835 -1.16764573 0.42450169
v -1.64357614 0.16035554 -0.28821779
v -0.06770938 1.55328559 -0.08320053
v 4.34151246 -1.29175167 0.11737223
v 6.77611472 -1.56468862 0.14868570
v 10.27028260 -1.61925580 -0.25136436
v 9.48008659 -1.27070598 0.08256799
v 13.64204626 -1.62732615 0.27265610
v 14.09407673 -1.73602969 0.37663805
v 14.26774896 -1.55382073 0.23151200
v 16.74148787 -1.45447789 -0.09860145
v 19.58784647 -0.83493702 -0.08590887
v 16.25228954 1.23826242 -0.24996125
v 16.42586645 1.35419696 -0.23254581
v 3.95505082 -2.21247131 -0.35601715
v 4.58138658 -1.71080788 -0.44599026
v 6.43421592 -2.25746868 0.32038535
v 14.32176933 -1.66687939 0.36598998
v 2.18077576 -0.80344017 -0.30506105
v 8.47432290 -0.38870500 -0.44604724
v 8.31061112 -0.39900143 -0.43450341
v 16.95301478 -1.68671547 -0.35631879
f 2339 6 2347
f 2 2337 2343
f 2338 2 2344
f 2340 5 4187
f 44 2338 2374
f 3980 4265 2350
f 9 2352 4130
f 7 2354 2353
f 11 2354 2355
f 3905 3981 2357
f 4 2348 2358
f 3981 16 12
f 12 52 13
f 13 14 2345
f 2366 4252 15
f 13 50 14
f 13 52 50
f 16 53 51
f 12 16 51
f 3 2361 2360
f 2361 2367 2362
f 20 2364 2365
f 2360 59 2377
f 18 2369 2364
f 24 2367 37
f 24 27 2368
f 27 28 2371
f 37 38 24
f 38 29 27
f 26 40 70
f 65 66 37
f 37 66 38
f 38 66 67
f 38 67 29
f 46 2349 2375
f 2347 46 2376
f 270 2373 2401
f 268 2374 2402
f 48 2406 2355
f 50 52 54
f 50 272 14
f 50 275 272
f 52 55 54
f 275 54 276
f 55 274 54
f 55 51 56
f 2348 267 2400
f 54 274 276
f 55 56 274
f 50 54 275
f 2377 283 4043
f 4131 2365 2379
f 65 68 66
f 66 69 67
f 15 68 65
f 66 68 69
f 15 57 68
f 68 293 69
f 67 69 294
f 69 300 294
f 3906 70 71
f 68 57 293
f 69 293 300
f 2352 2353 8
f 2352 8 4130
f 76 2381 4098
f 79 2381 2382
f 78 80 82
f 11 2359 2380
f 8 82 81
f 112 111 81
f 82 112 81
f 82 4188 113
f 4188 4132 113
f 79 2387 2383
f 83 2384 86
f 84 2386 2385
f 2384 2385 87
f 85 2388 2386
f 87 587 592
f 87 592 119
f 119 592 629
f 2372 88 34
f 88 93 34
f 88 89 96
f 88 96 4189
f 28 29 89
f 2389 2390 93
f 2389 93 94
f 89 97 96
f 29 120 89
f 95 2392 4099
f 106 104 107
f 125 3907 2397
f 111 112 115
f 115 112 369
f 2382 110 2395
f 112 113 368
f 53 111 56
f 49 2408 2359
f 112 368 369
f 2387 116 2396
f 368 4132 118
f 368 118 376
f 4298 119 118
f 118 119 377
f 117 2450 2388
f 377 629 857
f 118 377 376
f 119 629 377
f 67 120 29
f 120 121 97
f 125 383 100
f 383 124 100
f 120 67 384
f 120 384 121
f 384 380 121
f 387 2398 2452
f 2399 266 2403
f 269 2375 2404
f 266 2376 2405
f 270 2401 2416
f 306 2402 2417
f 307 2404 2415
f 310 2405 2418
f 279 2406 2407
f 271 272 275
f 272 273 57
f 271 314 280
f 272 280 273
f 274 319 276
f 274 56 277
f 274 277 319
f 273 293 57
f 271 275 276
f 271 276 281
f 319 277 282
f 271 280 272
f 273 280 316
f 280 315 316
f 276 319 281
f 314 281 317
f 271 281 314
f 281 319 317
f 319 282 321
f 284 4043 2411
f 285 2379 2412
f 339 2412 2443
f 288 2413 2414
f 293 299 300
f 273 4253 293
f 294 300 4254
f 300 299 4254
f 4254 347 348
f 295 4254 348
f 308 2416 2422
f 312 2417 2423
f 309 2415 2421
f 310 2418 2420
f 2422 313 4044
f 2423 2435 2425
f 2400 4307 2426
f 322 324 2407
f 336 390 326
f 280 314 315
f 329 320 3984
f 318 330 4045
f 315 331 316
f 314 318 4133
f 314 317 318
f 282 390 321
f 319 321 320
f 317 319 320
f 2426 323 2427
f 321 390 336
f 317 320 329
f 316 331 332
f 332 331 335
f 318 329 330
f 323 2419 2432
f 333 3983 3984
f 328 333 3984
f 4044 2424 4045
f 2424 2425 334
f 320 321 328
f 337 2411 2434
f 2414 349 2438
f 2433 342 2437
f 337 2434 2435
f 2436 2437 2440
f 299 4253 346
f 316 332 346
f 346 356 347
f 4254 299 347
f 347 3909 348
f 346 332 355
f 347 356 3909
f 2439 356 355
f 2444 2445 2446
f 373 2395 2448
f 375 2396 2449
f 368 370 369
f 368 376 370
f 370 374 369
f 56 115 277
f 277 115 372
f 115 369 4299
f 279 2409 2408
f 372 4299 326
f 369 374 391
f 370 379 374
f 391 374 393
f 277 372 282
f 282 372 390
f 370 376 379
f 376 377 378
f 376 378 379
f 379 378 400
f 377 857 378
f 855 2450 2458
f 378 857 860
f 374 379 399
f 378 860 400
f 400 860 883
f 294 295 384
f 383 409 124
f 384 4046 380
f 383 2397 2451
f 409 2451 2466
f 419 2452 2467
f 2448 389 2455
f 374 399 393
f 395 393 397
f 394 2409 2453
f 391 393 2431
f 2431 395 2454
f 393 399 397
f 396 2456 398
f 2449 392 2459
f 379 400 399
f 397 399 402
f 402 400 403
f 403 883 888
f 399 400 402
f 2461 2456 2460
f 400 883 403
f 404 888 2464
f 401 2463 2462
f 409 407 124
f 417 407 409
f 405 410 4046
f 405 4266 410
f 410 412 406
f 411 412 410
f 411 415 412
f 416 2465 4100
f 417 2466 2468
f 2469 427 423
f 2467 911 2471
f 2470 425 423
f 427 2472 2470
f 2473 2476 2477
f 595 2476 2478
f 588 591 594
f 587 4314 592
f 632 2475 2492
f 4314 588 627
f 589 2480 590
f 2480 2481 596
f 590 596 591
f 591 597 602
f 596 599 597
f 597 601 634
f 599 648 601
f 601 649 635
f 594 591 633
f 597 634 602
f 601 635 634
f 606 2486 2487
f 108 607 2485
f 612 2487 2493
f 2486 608 609
f 609 2488 2489
f 671 614 615
f 671 621 614
f 2517 615 623
f 616 2517 623
f 617 610 618
f 617 618 2490
f 620 619 614
f 616 623 643
f 667 616 644
f 667 644 707
f 624 2491 625
f 640 2489 2494
f 624 625 878
f 629 592 4314
f 629 630 856
f 627 594 631
f 627 631 630
f 630 631 858
f 594 633 631
f 629 856 857
f 2492 855 2538
f 630 858 856
f 631 863 858
f 2478 632 2539
f 631 633 863
f 633 636 864
f 634 635 637
f 634 637 636
f 636 637 867
f 635 692 637
f 633 864 863
f 636 867 864
f 2484 869 2541
f 637 927 867
f 2493 874 2544
f 644 643 877
f 644 877 646
f 624 878 647
f 600 2495 648
f 649 651 655
f 2495 2498 2496
f 650 2498 2504
f 658 2510 4223
f 2502 4047 657
f 657 4047 697
f 635 649 655
f 690 2503 2497
f 635 655 692
f 651 656 655
f 655 656 693
f 655 693 692
f 656 4135 693
f 657 697 694
f 697 658 698
f 658 4223 698
f 2500 2507 2505
f 662 2507 2515
f 703 2512 2532
f 2513 704 2533
f 671 2517 2518
f 672 2518 674
f 679 680 2520
f 683 2523 2520
f 665 669 2525
f 668 680 670
f 652 670 708
f 667 707 679
f 680 714 4049
f 670 680 708
f 652 708 700
f 2525 682 674
f 2522 2521 2526
f 683 2527 2529
f 684 2526 2528
f 4102 2529 2536
f 688 2528 2531
f 637 692 927
f 692 693 695
f 693 694 696
f 692 695 927
f 927 695 928
f 693 696 695
f 694 699 696
f 695 696 929
f 696 699 930
f 694 697 699
f 699 698 4315
f 697 698 699
f 698 700 934
f 938 2503 2567
f 695 929 928
f 696 930 929
f 700 950 937
f 2504 691 2568
f 2515 703 2571
f 2516 705 2572
f 2532 947 2573
f 707 955 714
f 708 950 700
f 714 954 4049
f 715 2535 3913
f 2531 718 2579
f 961 2578 2536
f 857 856 861
f 856 858 859
f 856 859 861
f 858 865 859
f 861 859 885
f 857 861 860
f 860 861 884
f 859 896 885
f 862 2540 2539
f 858 863 865
f 863 864 866
f 863 866 865
f 859 865 896
f 865 866 870
f 864 867 868
f 864 868 866
f 866 868 871
f 867 927 931
f 867 931 868
f 868 931 939
f 865 870 896
f 896 870 4300
f 866 871 870
f 870 871 898
f 868 939 871
f 2544 906 2558
f 646 955 707
f 874 2494 2545
f 647 878 881
f 646 914 4136
f 647 881 2564
f 2564 881 916
f 2538 882 892
f 860 884 883
f 861 885 884
f 887 885 891
f 883 884 886
f 888 889 2547
f 2463 2547 2546
f 884 885 887
f 900 2548 2549
f 2540 890 2548
f 891 896 899
f 2541 895 2551
f 870 898 4300
f 871 972 898
f 902 898 4268
f 885 896 891
f 896 4300 899
f 900 2553 2551
f 4300 898 902
f 903 2555 2556
f 2545 2564 2561
f 2558 912 2560
f 912 2561 2562
f 914 913 919
f 914 919 915
f 914 915 4136
f 919 920 2604
f 2604 920 926
f 2604 926 1014
f 922 2566 3985
f 931 928 932
f 927 928 931
f 928 929 933
f 928 933 932
f 929 935 933
f 929 930 935
f 931 932 940
f 932 933 941
f 933 935 942
f 930 4315 936
f 930 936 935
f 934 937 936
f 935 936 943
f 936 937 944
f 897 2543 2542
f 4171 2570 2567
f 931 940 939
f 932 941 940
f 933 942 941
f 871 939 972
f 939 940 973
f 940 941 974
f 935 943 942
f 936 944 943
f 941 942 975
f 942 943 976
f 943 944 977
f 938 2569 2568
f 2571 945 2576
f 946 2577 2572
f 990 2573 2592
f 994 2574 2601
f 1025 2575 2602
f 950 956 937
f 937 956 944
f 950 954 956
f 954 996 956
f 954 955 996
f 955 997 996
f 956 998 944
f 953 3913 2581
f 2579 963 2583
f 962 2578 2582
f 1008 2580 2609
f 979 972 982
f 939 973 972
f 940 974 973
f 982 973 986
f 941 975 974
f 942 976 975
f 943 977 976
f 986 974 987
f 987 975 2591
f 983 976 984
f 984 977 985
f 901 2556 2543
f 2587 981 2584
f 972 973 982
f 973 974 986
f 974 975 987
f 975 976 983
f 976 977 984
f 986 987 2594
f 987 2591 2597
f 2569 971 2584
f 990 2593 2576
f 981 2589 2592
f 993 2595 2593
f 2597 995 2596
f 2598 988 2600
f 995 2599 2603
f 2600 1030 2602
f 956 996 998
f 996 1007 998
f 996 997 1007
f 997 1003 3914
f 944 998 985
f 985 998 999
f 1007 999 998
f 2611 999 2607
f 1005 2581 2606
f 1007 997 3914
f 997 915 1003
f 1005 1006 1011
f 1005 1011 960
f 1006 1005 2605
f 1024 2583 2614
f 1023 2582 2610
f 1028 2610 2613
f 1030 2612 2614
f 23 2619 2620
f 2623 32 31
f 32 42 33
f 3988 31 41
f 2624 30 2626
f 39 40 2627
f 2622 2627 35
f 2624 36 43
f 32 2624 42
f 39 2625 2628
f 39 70 40
f 41 73 154
f 41 72 73
f 41 33 72
f 63 2675 2629
f 2619 62 2677
f 63 2630 2676
f 64 2631 2628
f 72 74 73
f 72 42 75
f 73 74 296
f 74 298 296
f 72 75 74
f 43 123 75
f 74 75 297
f 74 297 298
f 94 93 4189
f 92 34 93
f 35 98 36
f 92 93 2390
f 92 2390 98
f 36 98 123
f 98 2390 99
f 91 97 122
f 98 100 123
f 98 99 100
f 90 2634 2632
f 102 2632 2633
f 102 2633 104
f 91 2638 2634
f 2633 2636 107
f 639 2637 2639
f 122 97 121
f 126 100 124
f 75 123 126
f 122 121 381
f 381 121 380
f 123 100 126
f 75 126 297
f 122 2692 2638
f 388 2693 2639
f 2615 2646 4301
f 2641 129 2644
f 130 2649 2650
f 133 2651 2652
f 190 2641 2661
f 189 2650 2662
f 139 140 2653
f 2648 138 141
f 3988 154 2646
f 139 4208 142
f 140 139 143
f 142 153 143
f 143 2654 140
f 143 194 2654
f 136 2655 2659
f 145 146 2656
f 144 2658 156
f 2654 4052 145
f 3988 41 154
f 142 141 195
f 143 153 194
f 154 199 4051
f 2654 194 4052
f 144 156 197
f 2660 429 4056
f 191 2652 2664
f 2659 198 2707
f 2662 191 432
f 433 2661 2702
f 2663 433 2704
f 154 73 199
f 152 193 141
f 141 193 200
f 193 438 200
f 194 443 4052
f 194 153 196
f 195 442 153
f 194 196 443
f 196 447 443
f 199 439 4051
f 195 200 442
f 196 442 447
f 199 296 439
f 2658 224 149
f 224 226 227
f 224 227 229
f 146 151 226
f 151 233 226
f 151 254 233
f 2668 238 239
f 2668 2667 2669
f 2665 2669 2671
f 254 255 233
f 259 540 234
f 2671 261 2673
f 234 540 257
f 254 443 538
f 254 538 255
f 538 539 255
f 544 2674 2730
f 289 2675 2678
f 291 2676 2680
f 292 2686 2631
f 296 302 439
f 296 298 302
f 298 297 303
f 298 304 302
f 479 302 350
f 298 303 304
f 304 303 353
f 302 304 350
f 304 352 358
f 303 386 353
f 344 2678 2682
f 343 2680 2683
f 341 2679 2681
f 345 2684 2685
f 341 2687 2686
f 350 351 479
f 304 353 352
f 352 353 364
f 353 363 364
f 2687 341 2689
f 351 358 360
f 2689 359 2690
f 358 352 362
f 2691 2690 366
f 365 2691 367
f 381 380 385
f 126 124 382
f 297 126 382
f 297 382 303
f 382 124 386
f 303 382 386
f 353 386 363
f 381 385 4255
f 386 407 363
f 386 124 407
f 363 407 4055
f 363 4055 366
f 366 4055 2691
f 414 415 411
f 4055 408 416
f 414 4055 416
f 414 416 415
f 425 422 423
f 418 423 2697
f 413 2698 2696
f 430 4056 2705
f 432 2664 2706
f 473 2702 2709
f 434 2703 2711
f 340 2704 2710
f 474 2706 2724
f 438 440 441
f 439 440 438
f 438 441 200
f 439 479 440
f 440 445 441
f 441 442 200
f 442 446 447
f 441 446 442
f 441 481 446
f 435 2707 2708
f 479 445 440
f 441 445 481
f 445 480 481
f 439 302 479
f 486 4316 487
f 447 446 485
f 446 484 485
f 475 2709 2712
f 472 2705 2716
f 477 2710 4172
f 2711 478 2718
f 2712 476 2713
f 2717 2718 2721
f 445 479 480
f 446 481 484
f 482 4139 2714
f 480 491 483
f 479 482 480
f 479 351 482
f 481 480 483
f 481 483 484
f 483 489 492
f 484 490 485
f 485 3919 487
f 483 491 489
f 482 351 360
f 484 483 492
f 485 490 3919
f 2714 2715 491
f 2720 493 492
f 487 3919 2723
f 488 497 495
f 443 4316 538
f 538 541 539
f 540 555 257
f 486 541 538
f 541 550 539
f 555 4054 2734
f 544 2730 2729
f 555 552 257
f 2732 554 552
f 2732 552 555
f 550 4057 556
f 557 558 556
f 557 561 558
f 560 2732 2733
f 565 2729 2738
f 2732 2734 2736
f 562 2735 568
f 2737 570 568
f 572 2739 2737
f 569 2738 572
f 603 607 108
f 603 2740 4269
f 2742 610 607
f 611 2744 2741
f 605 618 610
f 605 619 618
f 621 620 614
f 2746 620 621
f 2746 622 620
f 2746 626 622
f 626 625 622
f 645 878 625
f 626 645 625
f 2744 641 2748
f 642 876 643
f 876 877 643
f 2748 873 2806
f 621 671 672
f 676 2745 674
f 673 2750 2749
f 2749 4192 681
f 2751 2758 710
f 2765 686 2754
f 677 2757 2760
f 2758 2759 711
f 678 2756 2759
f 626 2749 4191
f 645 4191 709
f 2751 710 681
f 681 710 709
f 676 674 682
f 2758 711 710
f 2759 785 711
f 2761 2762 2755
f 2764 689 2766
f 720 2767 2765
f 719 3991 4105
f 645 709 951
f 709 710 712
f 710 711 713
f 709 712 951
f 710 713 712
f 711 825 713
f 712 713 952
f 712 952 957
f 713 1084 952
f 715 3992 2760
f 2766 722 2815
f 2767 968 2816
f 3991 969 2817
f 724 2768 2769
f 724 2769 2770
f 242 725 2768
f 729 2770 2775
f 2769 726 727
f 727 2771 2772
f 732 728 733
f 732 733 2773
f 734 2773 2774
f 736 772 2784
f 741 2774 763
f 753 2772 2776
f 736 742 758
f 780 736 759
f 780 759 821
f 2775 756 2831
f 759 758 1040
f 741 763 761
f 761 763 1042
f 759 1040 3922
f 783 784 2777
f 2759 2781 785
f 2756 2789 2781
f 4236 2778 2782
f 2781 2782 824
f 2782 2783 826
f 3923 784 771
f 2783 771 822
f 2778 770 2783
f 3921 2784 2785
f 775 2786 777
f 773 4308 2788
f 787 2788 2799
f 784 827 4058
f 711 785 825
f 785 824 825
f 2781 824 785
f 2782 826 824
f 771 784 822
f 2783 822 826
f 780 821 783
f 787 786 777
f 4106 788 2795
f 788 2790 2796
f 789 790 2794
f 795 2794 2801
f 2795 792 2800
f 781 2787 2798
f 721 2802 2796
f 831 2798 2804
f 821 1085 827
f 784 783 827
f 713 825 1084
f 823 1091 828
f 825 824 1086
f 822 823 826
f 824 826 1086
f 1086 826 828
f 826 823 828
f 827 1090 4058
f 825 1086 1084
f 2800 833 2840
f 829 2841 2801
f 786 2799 3925
f 2802 965 2842
f 2803 834 1097
f 872 2808 2805
f 880 951 958
f 875 2807 2806
f 917 916 881
f 880 958 917
f 2809 3926 426
f 2811 2812 2810
f 2807 907 2810
f 879 2810 3927
f 917 1010 916
f 908 921 2812
f 2812 2813 3927
f 924 926 920
f 923 925 918
f 918 916 923
f 926 924 925
f 957 952 959
f 952 1087 959
f 958 957 1000
f 917 958 1012
f 957 959 1000
f 1000 959 1021
f 953 2814 3992
f 2815 964 2818
f 1031 2816 2823
f 970 2817 2826
f 958 1000 1012
f 917 1012 1010
f 1012 1000 1018
f 1001 960 1011
f 1010 1012 1013
f 1001 1011 1019
f 1012 1018 1015
f 1019 1011 1014
f 1013 1015 2821
f 1001 1019 2822
f 1021 1022 2828
f 2814 960 1001
f 1027 2818 3994
f 1032 2827 2826
f 1020 1032 2823
f 1033 2828 2827
f 762 1124 3922
f 756 2776 2830
f 761 1042 1062
f 762 1040 1044
f 1062 1042 1064
f 762 1063 1124
f 2831 1053 2832
f 2830 1062 2835
f 2832 1059 2834
f 1059 2835 2836
f 1062 1064 2838
f 1063 762 4277
f 1066 2839 3996
f 4275 1067 1068
f 4275 1068 4174
f 4174 1068 1072
f 4174 1072 1136
f 952 1084 1087
f 959 1087 1002
f 1084 1086 1088
f 1084 1088 1087
f 1086 828 1088
f 1087 1088 1092
f 1088 828 1093
f 828 1091 1093
f 1090 1123 4193
f 1087 1092 1125
f 1088 1093 1092
f 1125 1092 1126
f 1092 1093 1130
f 1091 1131 1093
f 1097 2840 2844
f 1101 2841 2845
f 1089 3925 2847
f 1149 2842 2851
f 1150 2843 2861
f 1145 2846 4270
f 1123 4173 4193
f 1123 1124 4060
f 1092 1130 1126
f 1093 1131 1130
f 1002 1125 1129
f 1129 1125 1126
f 1144 2847 2850
f 1129 1126 2852
f 1126 1130 1132
f 1131 4173 2848
f 1130 1131 1133
f 1133 2848 2858
f 1144 1139 4194
f 1139 2850 2849
f 1153 2844 2862
f 1158 2845 2857
f 2854 2853 2856
f 1157 2859 2861
f 1155 2855 2851
f 2856 1157 2862
f 155 156 2866
f 150 148 2867
f 147 2866 2908
f 150 256 213
f 155 2865 2868
f 155 197 156
f 157 2869 2874
f 157 2875 2870
f 2880 134 2872
f 161 2881 158
f 161 2884 2885
f 163 2886 2888
f 2871 164 2887
f 201 2869 2901
f 202 2870 2902
f 2881 160 2903
f 160 2885 2904
f 2873 2872 2889
f 159 168 169
f 3998 168 181
f 171 182 2879
f 172 2892 2883
f 173 174 2892
f 162 2893 2886
f 2893 2896 2895
f 173 170 185
f 174 173 186
f 166 2895 2899
f 174 177 2894
f 178 1216 175
f 177 179 2897
f 186 187 174
f 187 180 177
f 2889 184 181
f 181 212 3998
f 181 211 212
f 171 3998 182
f 3998 208 182
f 3998 212 208
f 182 208 209
f 182 209 183
f 209 210 183
f 184 213 211
f 181 184 211
f 183 210 185
f 185 217 186
f 185 210 217
f 176 1216 1252
f 217 218 186
f 186 218 187
f 187 218 219
f 187 219 180
f 2863 137 2918
f 4211 2900 2868
f 205 2887 2905
f 2880 205 2906
f 2903 450 4061
f 206 2888 2907
f 2899 223 2928
f 448 2901 2921
f 449 2902 2922
f 2904 206 452
f 208 212 215
f 208 460 209
f 209 456 210
f 211 214 212
f 211 213 216
f 212 214 215
f 460 215 462
f 214 459 215
f 211 216 214
f 213 256 216
f 459 216 468
f 210 222 220
f 217 220 218
f 218 221 219
f 219 464 263
f 210 220 217
f 218 220 221
f 220 463 221
f 219 221 464
f 221 470 464
f 209 460 456
f 456 222 210
f 215 459 462
f 214 216 459
f 208 215 460
f 220 222 463
f 221 463 470
f 149 224 4053
f 2867 2908 150
f 225 4053 231
f 225 228 232
f 256 4062 234
f 235 230 233
f 230 2913 2912
f 236 4109 237
f 2911 2914 241
f 243 2913 2916
f 752 2915 2917
f 244 246 245
f 244 1284 1283
f 244 245 1284
f 246 247 250
f 179 180 247
f 247 251 250
f 180 263 247
f 216 256 260
f 258 255 539
f 2916 258 2961
f 219 263 180
f 216 260 468
f 263 464 545
f 263 545 251
f 545 546 251
f 2918 431 2920
f 437 2919 2900
f 453 2905 2924
f 431 2906 2925
f 451 4061 2926
f 452 2907 2927
f 454 2921 2938
f 499 2922 2939
f 500 2924 4329
f 436 2925 2940
f 502 2923 2941
f 503 2927 2942
f 457 460 4317
f 456 457 222
f 456 460 457
f 457 458 222
f 457 467 458
f 459 461 462
f 459 468 461
f 458 463 222
f 466 460 462
f 466 462 513
f 461 516 513
f 458 515 469
f 455 2928 2929
f 463 469 470
f 458 469 463
f 464 470 465
f 467 515 458
f 466 514 4317
f 467 529 4063
f 462 461 513
f 461 468 516
f 516 468 517
f 470 471 465
f 465 522 4195
f 470 469 471
f 469 519 471
f 471 521 522
f 465 471 522
f 4065 2920 2930
f 488 2919 4064
f 488 496 497
f 517 553 2935
f 2932 2931 2930
f 517 2935 531
f 2954 2935 2933
f 496 2934 497
f 559 2936 2937
f 501 2938 2945
f 508 2939 2946
f 2929 1501 2953
f 505 4329 2943
f 506 2940 2944
f 2945 510 2947
f 2941 512 2951
f 512 2942 2957
f 511 2951 2952
f 467 514 529
f 513 3929 466
f 514 528 529
f 514 3929 528
f 515 524 519
f 468 551 517
f 516 517 518
f 513 516 523
f 518 517 531
f 469 515 519
f 519 532 521
f 1501 536 520
f 471 519 521
f 521 2956 522
f 522 534 4195
f 3929 523 525
f 529 530 4063
f 2948 530 529
f 2948 2949 530
f 523 518 527
f 519 524 4001
f 521 532 2956
f 2953 520 2958
f 2957 535 2956
f 260 257 551
f 258 539 542
f 542 539 550
f 754 2917 2962
f 2961 542 2966
f 468 260 551
f 464 465 545
f 545 547 546
f 465 547 545
f 547 573 546
f 551 257 552
f 517 551 553
f 553 551 552
f 554 560 2937
f 559 557 498
f 559 561 557
f 559 2937 560
f 559 560 561
f 2965 561 2733
f 566 2966 2968
f 564 2967 2962
f 570 567 568
f 562 568 2969
f 2969 2970 2968
f 2972 2967 566
f 567 2973 2971
f 547 574 573
f 573 579 575
f 574 579 573
f 574 2959 579
f 579 577 575
f 578 537 580
f 578 577 579
f 578 580 577
f 2976 728 725
f 730 2979 2977
f 731 733 728
f 739 738 737
f 2981 738 739
f 2981 740 738
f 2981 2985 743
f 2981 743 740
f 740 743 763
f 2999 750 751
f 4212 2999 751
f 4212 751 767
f 801 4212 768
f 801 768 842
f 2978 752 3029
f 2979 755 2983
f 757 1039 758
f 1039 1040 758
f 2983 1036 3030
f 760 1043 763
f 1043 1042 763
f 768 767 1049
f 760 1102 1043
f 768 1049 1050
f 739 3921 775
f 779 2984 777
f 776 2986 2985
f 4067 4196 807
f 811 4066 2991
f 782 2989 2990
f 743 2985 4067
f 743 4067 760
f 779 777 786
f 832 1100 3930
f 2992 2995 835
f 2995 2996 836
f 2996 2997 808
f 796 2994 2996
f 2994 3011 2997
f 4238 803 2998
f 2997 2998 839
f 2998 3005 841
f 1760 2999 3000
f 797 3001 799
f 800 805 3006
f 3931 813 3004
f 806 843 3005
f 803 804 3005
f 2995 836 835
f 2996 808 836
f 836 808 840
f 808 839 840
f 2997 839 808
f 2998 841 839
f 810 846 4068
f 806 810 843
f 3005 843 841
f 3006 1803 799
f 3007 3008 2993
f 812 3013 4111
f 812 3012 3019
f 817 3023 3013
f 814 3016 4288
f 4112 3017 3024
f 830 3025 3018
f 3019 853 3026
f 786 3043 2990
f 760 807 1102
f 807 835 837
f 835 836 838
f 807 837 1102
f 1102 837 1109
f 835 838 837
f 836 840 838
f 837 838 1103
f 838 840 1104
f 840 839 1105
f 839 841 1105
f 1105 841 845
f 842 1114 846
f 844 1108 845
f 843 844 841
f 837 1103 1109
f 838 1104 1103
f 841 844 845
f 840 1105 1104
f 1108 4068 1113
f 3020 852 3046
f 854 3047 3023
f 847 3022 3932
f 3024 850 3048
f 3025 1095 3049
f 3027 1116 3053
f 1035 3032 3029
f 1039 1041 1040
f 1041 1044 1040
f 1038 3031 3030
f 1041 1061 1044
f 1043 1135 1042
f 1135 1064 1042
f 1043 1102 1166
f 1050 1114 842
f 1052 3033 3032
f 2973 571 3034
f 1055 3035 3033
f 3037 3038 3036
f 1054 1060 3039
f 3035 3039 3037
f 3031 1058 3036
f 3038 1060 3040
f 3038 3040 3041
f 1069 1071 1064
f 1070 1068 3040
f 1070 1072 1068
f 1071 1072 1070
f 1078 1077 1079
f 1078 1079 1080
f 1078 1080 1081
f 1078 1081 1163
f 1080 1079 1083
f 1080 1172 1081
f 1080 1083 3042
f 3042 1083 2047
f 3042 2047 1173
f 1089 3044 3043
f 1152 3045 3060
f 1102 1109 1110
f 1109 1103 1111
f 1103 1106 1111
f 1103 1104 1106
f 1111 1106 4141
f 1104 1105 1107
f 1104 1107 1106
f 1105 845 1107
f 1106 1107 1112
f 1108 1165 4278
f 1110 1109 1159
f 1109 1111 1159
f 1159 1111 1167
f 1106 1112 1160
f 1107 845 1112
f 1160 1112 1162
f 1112 845 1161
f 1108 1113 1165
f 1113 1114 1164
f 1114 1163 1164
f 3046 1115 3051
f 1121 3047 3052
f 2069 3932 3054
f 1116 3048 3056
f 1119 3049 3068
f 1180 3050 3078
f 1177 3053 3079
f 1181 3055 3083
f 1135 1166 1140
f 1127 4194 1147
f 1140 1141 3058
f 1127 1147 3059
f 1142 3058 3059
f 3044 1094 1127
f 1148 3061 3060
f 1159 1167 1169
f 1112 1161 1162
f 1167 4141 1168
f 1162 1161 4213
f 1168 1160 1162
f 1078 1163 1050
f 1164 1163 4227
f 1081 1174 1163
f 1161 4278 4071
f 1164 3065 1165
f 1166 4226 1141
f 1167 1168 3062
f 1168 1162 3072
f 1162 4213 1170
f 1141 1169 1143
f 1174 1172 3063
f 1175 1173 2119
f 1175 2119 2078
f 3065 4227 3066
f 1185 3051 4004
f 1189 3052 3077
f 4005 3056 3080
f 1182 3069 3068
f 1183 3070 3069
f 3074 3073 3076
f 1186 3075 3078
f 3076 1191 3077
f 1191 3081 3083
f 3086 1287 1288
f 1289 3088 4297
f 1313 3935 3089
f 1313 1557 1286
f 1557 1312 1286
f 1557 1558 1312
f 1558 1556 1312
f 1557 3089 3091
f 1558 3091 3094
f 1558 3092 1556
f 1571 3092 3093
f 1573 581 580
f 1573 3093 1575
f 3094 1578 3096
f 1575 3096 3095
f 1581 3098 1579
f 1578 4129 3097
f 1751 3100 4197
f 3088 4197 3101
f 1291 746 3100
f 4197 1752 1753
f 1753 3102 3103
f 3102 1754 1757
f 3102 1757 3104
f 3102 3104 1758
f 1759 749 1760
f 1756 3103 3106
f 3105 1786 1784
f 4008 2012 3107
f 2012 3106 3108
f 1784 1786 2016
f 3107 2013 3109
f 1784 2016 2015
f 2013 3108 3110
f 2015 2016 2038
f 3109 2036 3111
f 3098 3113 3112
f 3099 3111 3113
f 3110 3116 3114
f 2041 1075 3115
f 2015 2038 3116
f 2042 3117 2041
f 245 246 250
f 249 250 3119
f 3119 251 264
f 249 3122 3121
f 3120 3124 1290
f 253 3122 3127
f 764 3126 3128
f 264 251 546
f 3127 264 3129
f 549 3130 3128
f 264 546 548
f 548 546 573
f 3129 548 3132
f 573 575 576
f 584 3132 3134
f 583 3133 3130
f 1579 3136 1577
f 1574 1577 3136
f 582 3135 3134
f 3123 3139 3140
f 747 3139 3143
f 745 1754 746
f 747 3144 3142
f 749 750 1760
f 3143 764 3147
f 3144 747 4257
f 766 1048 767
f 1048 1049 767
f 1046 3149 3147
f 1047 4198 3148
f 1051 1077 1049
f 1073 3150 3149
f 3137 4142 3150
f 2033 1075 3154
f 3151 3154 3153
f 4198 1074 3153
f 1076 3155 4072
f 1076 3156 3155
f 1082 2041 3156
f 2045 2047 1083
f 3173 1244 1192
f 3163 1193 3167
f 3168 3170 3164
f 1194 3171 3172
f 3173 1245 3198
f 3164 1248 3200
f 1249 3163 3201
f 1248 3172 3202
f 1199 3174 3157
f 4073 3179 1204
f 3179 3180 1209
f 3180 1217 1201
f 1209 1201 1253
f 1215 1216 3184
f 3177 3184 1202
f 4228 3182 3183
f 1203 1311 3183
f 3168 3169 1205
f 1206 3186 3171
f 1207 1208 3186
f 1205 3169 1211
f 1209 1218 1204
f 1207 1205 1212
f 1208 1207 1213
f 1211 1220 1212
f 1212 1262 1213
f 1208 1234 3188
f 1213 1214 1208
f 1213 1221 1214
f 1215 3181 3189
f 1215 1252 1216
f 1209 1253 1218
f 1217 1254 1255
f 1253 1201 1255
f 1211 1219 1220
f 1218 1258 4318
f 1220 1257 1262
f 1220 1219 1257
f 1212 1220 1262
f 1213 1262 1221
f 1214 1221 1261
f 1196 3190 3191
f 1195 3187 3190
f 3187 3193 3192
f 1227 3192 3196
f 1235 1241 1232
f 1234 1236 3194
f 1214 1238 1234
f 1233 1241 1274
f 1214 1261 1238
f 1250 3216 3197
f 3174 1246 3218
f 3200 1450 4074
f 1250 3198 3217
f 3202 1268 1474
f 1455 3201 3219
f 3203 1455 3223
f 1258 1218 1256
f 1251 3199 3189
f 1255 1254 1458
f 1253 1255 1256
f 1464 1256 1460
f 1255 1457 1256
f 1254 1311 1458
f 1219 1259 1257
f 1257 1260 1262
f 1258 1259 4318
f 1257 1259 1260
f 1258 1464 1259
f 1259 1461 1260
f 1221 1263 1261
f 1261 1264 1315
f 1260 1265 1465
f 1221 1262 1263
f 1262 1465 1263
f 1261 1263 1264
f 1263 1266 1264
f 1256 1457 1460
f 1255 1458 1457
f 1464 1461 1259
f 1260 1461 1265
f 1258 1256 1464
f 1262 1260 1465
f 1263 1465 1266
f 1264 1266 1466
f 1268 3191 3204
f 3196 1281 3226
f 178 244 1283
f 1283 3933 1203
f 1203 3933 1285
f 1311 1203 1286
f 1292 1294 1293
f 1292 1293 1295
f 1294 1297 1299
f 1236 1238 1297
f 1295 1293 3205
f 1297 1317 1299
f 1238 1315 1297
f 1300 3207 3208
f 3206 3210 3212
f 1307 1304 1308
f 1458 1311 1555
f 1311 1286 1555
f 1555 1286 1312
f 1264 1466 1316
f 1261 1315 1238
f 1315 1316 1317
f 1264 1316 1315
f 1321 1563 1301
f 3212 1322 3214
f 1563 1319 1301
f 1316 1560 1317
f 1563 3214 3260
f 1568 3215 3261
f 1452 3216 3221
f 1451 4074 3224
f 1454 3217 3228
f 1494 3219 3229
f 1456 3220 3231
f 1492 3223 3230
f 1457 1459 1460
f 1459 1503 1502
f 1459 4319 1468
f 1462 1461 1464
f 1461 1463 1265
f 1462 1463 1461
f 1462 1469 1463
f 1463 1506 1470
f 1462 1464 1460
f 1465 1471 1266
f 1265 1471 1465
f 1265 1470 1471
f 1266 1472 1466
f 1460 1459 1502
f 1459 1468 1503
f 1503 1468 1515
f 1469 1506 1463
f 1265 1463 1470
f 1469 1505 1506
f 1470 1507 1508
f 1470 1508 1471
f 1266 1471 1472
f 1471 1508 1472
f 1466 1510 1564
f 1466 1472 4144
f 1474 3204 3225
f 1525 3225 3255
f 1476 3226 3227
f 1496 3221 3233
f 1495 3228 3234
f 1497 3229 1499
f 1493 3224 3243
f 3234 1498 3235
f 1498 3230 3239
f 3231 1500 3245
f 1501 1516 536
f 1505 4303 1517
f 1502 1504 1512
f 1512 1504 1511
f 1468 1570 1515
f 1503 1515 1504
f 1502 1503 1504
f 1469 1502 4303
f 1470 1506 1507
f 1506 1518 1507
f 1507 1519 1508
f 1508 1520 1509
f 1472 1508 1509
f 1509 3941 4144
f 1517 1512 4076
f 1512 1511 4076
f 3237 4076 1511
f 1504 1515 1514
f 4199 3252 3251
f 536 1516 3250
f 1507 1518 1519
f 1519 1518 1521
f 1520 1519 1522
f 1508 1519 1520
f 1509 1520 3941
f 3253 1523 1522
f 3941 1524 3254
f 3227 1535 3256
f 1500 3255 4176
f 1535 1545 1541
f 3256 1541 3258
f 1543 3254 3257
f 1458 1555 4319
f 4304 1312 1556
f 1555 1312 4304
f 1468 4304 1570
f 1316 1564 1560
f 1563 1567 1319
f 1567 1562 1319
f 1466 1564 1316
f 1564 1582 1560
f 1567 3262 1562
f 1567 3260 3263
f 3261 2049 3264
f 1556 1571 3942
f 3942 1571 1573
f 4199 3942 3252
f 1572 580 537
f 1572 3942 1573
f 1572 1573 580
f 1510 1544 1564
f 1564 1544 1582
f 1582 1588 1584
f 1587 3262 1595
f 1544 1588 1582
f 1588 1586 1584
f 1544 3257 1588
f 4011 1586 1588
f 4011 1591 1586
f 1590 1592 1591
f 1595 1596 3265
f 1603 3267 1601
f 3269 1759 1760
f 3270 1759 3269
f 3270 1761 1759
f 3269 1760 3279
f 3279 1760 797
f 3270 1762 1761
f 3270 3280 1763
f 3270 1763 1762
f 1766 3272 3273
f 1309 1767 3271
f 3272 1771 1772
f 1772 3274 3275
f 3274 1770 1775
f 3274 1775 3276
f 3274 3276 1776
f 1780 1777 1779
f 3312 1778 4146
f 4146 1778 1782
f 1774 3275 3278
f 4146 1782 1790
f 1823 4146 1791
f 1823 1791 1843
f 1785 2017 1786
f 2017 2016 1786
f 1785 2067 2017
f 4114 2018 3323
f 3277 1793 1789
f 2018 3278 3324
f 1791 1790 2025
f 1789 1793 2026
f 1796 3279 799
f 1794 3283 3280
f 4147 4229 1802
f 3282 3288 1839
f 1851 3285 3306
f 1797 3287 3296
f 4229 3281 3282
f 3281 1798 3288
f 3288 3289 1840
f 3289 3293 1806
f 1798 3943 3289
f 3943 3286 3301
f 3943 3301 3293
f 4115 4259 3294
f 3293 3294 1846
f 3294 4259 1848
f 1800 3944 1801
f 1801 1844 3295
f 4259 1800 3295
f 1763 3280 4147
f 1763 4147 1785
f 3282 1839 1802
f 1796 799 1803
f 3288 1840 1839
f 3289 1806 1840
f 1840 1806 1847
f 1804 1843 1849
f 1805 1849 4077
f 1806 1846 1847
f 3293 1846 1806
f 3294 1848 1846
f 1801 1805 1844
f 3295 1844 1848
f 4115 1808 3305
f 1808 3302 3310
f 1810 3303 3309
f 3305 1813 3317
f 1815 3304 3311
f 1852 3318 3306
f 1851 4012 3307
f 1854 3319 3310
f 1870 3309 3320
f 1779 3312 1816
f 1819 1820 3314
f 3313 3314 3315
f 1829 3315 3321
f 1829 1828 1818
f 3316 1810 3322
f 1785 1802 2067
f 1802 1839 1841
f 1839 1840 1842
f 1802 1841 2067
f 2067 1841 2075
f 1839 1842 1841
f 1840 1847 1842
f 1841 1842 2068
f 1843 2080 1849
f 1842 1847 2070
f 1845 2081 1850
f 1847 1846 2071
f 1844 1845 1848
f 1846 1848 2071
f 2071 1848 1850
f 1841 2068 2075
f 1842 2070 2068
f 1848 1845 1850
f 2081 4077 2079
f 1847 2071 2070
f 847 4013 3296
f 3308 1853 3334
f 3311 1856 3336
f 3317 1855 3335
f 3318 2085 3337
f 4012 2086 3338
f 1858 3321 3344
f 2017 2067 2074
f 2017 2039 2016
f 2029 2080 4260
f 2039 2038 2016
f 2017 2074 2039
f 3323 2019 3325
f 1789 2026 2024
f 2029 4258 2030
f 2019 3324 3326
f 2024 2026 2057
f 2029 2030 2154
f 2040 2038 2043
f 2043 2046 2040
f 2046 2044 2040
f 2047 2045 2044
f 2046 2047 2044
f 2049 3325 3327
f 3267 3329 3328
f 3268 3327 3329
f 2024 2057 2063
f 2059 2065 2154
f 2030 2059 2154
f 2065 2059 2066
f 2065 2156 2154
f 2065 2066 3370
f 3370 4015 2157
f 2067 2075 2074
f 2075 2068 2077
f 2068 2072 2077
f 2068 2070 2072
f 2077 2072 2118
f 2070 2071 2073
f 2070 2073 2072
f 2071 1850 2073
f 2072 2073 2082
f 2073 1850 2083
f 2039 2074 2120
f 2074 2075 2076
f 2074 2076 2120
f 2075 2077 2076
f 2120 2076 2113
f 2076 2077 2115
f 1850 2081 2083
f 2081 2079 2116
f 2079 2080 4148
f 2072 2082 2118
f 2073 2083 2082
f 2118 2082 2130
f 2082 2083 4272
f 2081 4280 2083
f 2069 3333 4013
f 3334 2084 3339
f 3336 2091 3343
f 2091 3335 3342
f 2137 3337 3350
f 2088 3338 2139
f 2135 3340 3369
f 2172 3341 3359
f 2092 3344 3346
f 2171 3345 3374
f 2076 2115 2113
f 2122 2113 2127
f 2077 2118 2115
f 2114 2078 2119
f 2113 2115 3353
f 2060 2117 2029
f 2081 2116 4280
f 2116 4148 2132
f 2117 2128 3945
f 2115 2118 2129
f 2118 2130 2129
f 2116 2131 4280
f 2039 2120 2121
f 2114 2119 4079
f 2120 2113 2122
f 2046 2123 3348
f 1173 3348 4079
f 2121 2122 3349
f 2114 2124 3347
f 2113 3353 2127
f 2115 2129 2126
f 2129 2130 3360
f 2130 4272 2142
f 2131 2132 3946
f 3333 2078 2114
f 2140 3339 4016
f 2147 3342 3368
f 2136 3343 3365
f 2138 3356 2139
f 2125 3352 3350
f 3356 3357 3358
f 3361 2142 3362
f 3364 2133 3363
f 3373 3359 3363
f 3367 2146 3366
f 2141 2144 3369
f 3362 3366 3368
f 2158 3346 3371
f 2117 2060 2128
f 2158 2159 2155
f 3355 2128 3372
f 2158 2155 2099
f 2158 3371 3372
f 2133 3355 3373
f 2160 3374 3373
f 1223 3379 3381
f 1229 3386 3378
f 1224 3376 3382
f 1224 3383 3377
f 3379 1228 3388
f 1267 3377 3401
f 3380 3375 3389
f 1222 3387 3375
f 1231 3391 3390
f 4243 1241 3392
f 4242 3380 4200
f 3384 1276 3397
f 4243 3391 3398
f 4243 1274 1241
f 3396 4080 1243
f 1243 4080 1318
f 1276 1242 3397
f 1242 1277 1344
f 1240 4230 1280
f 1279 1240 1280
f 3387 1269 4017
f 1272 3388 3402
f 3386 1272 3403
f 1480 3400 3440
f 1475 3401 3441
f 1271 3399 3398
f 1275 4281 1483
f 1276 1278 1277
f 1276 4231 1278
f 1278 1282 1277
f 1278 1482 1282
f 1280 1243 1484
f 1279 1280 1483
f 1483 1280 1486
f 1243 1318 1484
f 1278 1485 1482
f 1280 1484 1486
f 1275 1483 1485
f 1293 1294 1299
f 1235 1292 1295
f 3393 3394 1237
f 1295 3207 1296
f 1296 3207 1300
f 1318 1237 1301
f 3405 1317 1320
f 1298 3408 3406
f 1302 3407 1304
f 3410 1308 1304
f 3407 3409 3410
f 3410 1309 1308
f 1310 3413 3411
f 3412 1310 3408
f 1484 1318 1561
f 1561 1301 1319
f 1318 1301 1561
f 1320 1317 1560
f 1559 3467 3413
f 1320 3468 3412
f 1225 3415 3414
f 1323 3416 3417
f 1325 3418 3419
f 3414 1368 3427
f 1368 3417 3428
f 1332 3420 3416
f 1332 1225 1239
f 1324 3421 3418
f 3421 3423 3422
f 1334 3420 1335
f 1328 3422 3426
f 1338 1343 1336
f 1335 1346 1334
f 1335 1345 1346
f 1333 1239 1344
f 1337 1343 1377
f 1346 1345 1378
f 1346 1378 1339
f 1344 1383 4081
f 3427 1604 4083
f 1373 3419 3429
f 3426 1382 3480
f 3428 1373 1606
f 1344 1277 1383
f 1345 1379 1378
f 1378 1614 1427
f 1378 1379 1614
f 1379 1384 1614
f 1383 1615 4081
f 1383 1282 1615
f 1400 1399 1398
f 4177 1339 3425
f 1398 1399 1405
f 1400 1407 1399
f 1400 1401 1407
f 3425 1339 1401
f 1401 1408 1407
f 1339 1427 1401
f 1406 3434 3948
f 1418 1413 1414
f 1433 3949 3437
f 1378 1427 1339
f 1427 1428 1408
f 1433 1702 1410
f 1702 1432 1410
f 1427 1614 1697
f 1427 1697 1428
f 1697 1698 1428
f 1473 3442 3439
f 1479 3402 3443
f 1473 3403 3444
f 1527 3441 3447
f 1528 3443 3445
f 1477 3444 3448
f 1478 4082 3399
f 1482 1485 1536
f 1482 1489 1282
f 1482 1490 1489
f 1483 1487 1485
f 1483 1486 1487
f 1486 1484 1488
f 1489 1615 1282
f 1536 1485 1487
f 1487 1486 1491
f 1491 1488 1539
f 1482 1536 1490
f 1536 1487 4282
f 1490 1538 1489
f 1490 1537 1538
f 1486 1488 1491
f 4082 3442 1540
f 4232 3446 1529
f 1532 3447 3453
f 1530 3445 3451
f 1531 3449 3450
f 1529 1532 1534
f 3453 1533 3455
f 4082 3457 3456
f 1535 1547 1545
f 1539 1583 1554
f 1490 1536 4320
f 1487 3951 4282
f 4320 1549 1537
f 1537 1550 1538
f 1490 4320 1537
f 1491 1539 1551
f 3457 1540 3460
f 1540 3458 3459
f 3466 1554 3462
f 1549 1548 1552
f 4320 1548 1549
f 1537 1549 1550
f 1550 4321 1538
f 1550 1549 1553
f 1553 4321 1550
f 3454 3455 1553
f 1488 1561 1565
f 1561 1319 1565
f 1565 1319 1562
f 1320 1560 1566
f 1484 1561 1488
f 1539 1565 1583
f 1566 1560 1582
f 1488 1565 1539
f 1566 3470 3468
f 1565 1562 1583
f 1554 1583 3461
f 1562 1587 3464
f 3461 1583 3464
f 1589 4011 1546
f 1582 1584 1585
f 1598 3470 3472
f 1601 3474 1599
f 1593 1599 3474
f 1594 3473 3472
f 1598 3475 3471
f 1605 4083 3478
f 1606 3429 3479
f 1608 3477 3482
f 1645 3479 3483
f 1609 3480 3481
f 1614 1384 1616
f 1615 1622 1384
f 1384 1655 1616
f 1615 1489 4322
f 1384 1622 1655
f 1643 3478 3484
f 3481 1653 3487
f 3482 1649 3486
f 1649 3483 3489
f 1643 3484 1533
f 3485 3486 1659
f 1653 1662 1660
f 1654 1658 1655
f 1658 1654 3953
f 3487 1660 3492
f 3488 1659 4330
f 1655 1658 4149
f 1703 4149 3491
f 1614 1616 1697
f 1697 1703 1698
f 1702 1706 1432
f 1706 1701 1432
f 1616 4149 1697
f 1702 3437 3494
f 1706 3494 3498
f 1706 3495 1701
f 1722 3495 3496
f 1703 1719 1716
f 1703 3491 1719
f 1719 1717 1716
f 1718 1663 3973
f 1718 1717 1719
f 3973 3496 3497
f 3498 1732 3500
f 1732 3499 3502
f 1765 1770 1767
f 1768 3507 3506
f 3514 3507 3509
f 1778 3511 1782
f 1777 1778 1779
f 1777 3510 1778
f 3512 1780 1779
f 3513 1780 3512
f 3513 1781 1780
f 3515 3512 1779
f 3515 1779 1816
f 3513 4084 1783
f 3513 1783 1781
f 1781 1783 1793
f 3508 1787 3571
f 3514 2023 1790
f 2023 2025 1790
f 1792 2027 1793
f 2027 2026 1793
f 1792 2093 2027
f 1822 3515 1818
f 1821 3516 4084
f 4084 4201 1830
f 1832 3520 3538
f 3522 3526 1859
f 3956 3524 3957
f 1826 3535 3525
f 3522 1825 3526
f 3526 3527 1860
f 3527 3528 1831
f 1825 3956 3527
f 3956 3957 3528
f 1826 1827 3529
f 3528 3529 1863
f 3529 3560 1865
f 1783 4084 1792
f 1822 1818 1828
f 3526 1860 1859
f 3527 1831 1860
f 1860 1831 1864
f 3560 1983 1865
f 1831 1863 1864
f 3528 1863 1831
f 3529 1865 1863
f 3531 3532 3523
f 1833 3537 3535
f 1833 3536 3540
f 1838 3542 3537
f 1869 3543 3958
f 1868 4018 3539
f 3540 1872 3544
f 1792 1830 2093
f 1830 1859 1861
f 1859 1860 1862
f 1830 1861 2093
f 2093 1861 2101
f 1859 1862 1861
f 1860 1864 1862
f 1861 1862 2094
f 1862 1864 2095
f 1864 1863 2096
f 1863 1865 2096
f 2096 1865 1866
f 1861 2094 2101
f 1862 2095 2094
f 1865 1984 1866
f 1864 2096 2095
f 1858 4019 3530
f 3541 1871 3582
f 1873 3583 3542
f 3543 2108 3584
f 4018 2109 3585
f 1415 1878 3545
f 3546 1880 1881
f 1881 3547 3548
f 3552 1888 4021
f 4021 1888 1891
f 3547 1879 1886
f 3547 1886 4022
f 3547 4022 3550
f 4021 1891 1914
f 1939 4021 1914
f 1939 1914 1915
f 1939 1915 1982
f 1884 3548 3551
f 3549 1918 1916
f 4023 2186 3606
f 1915 1914 2189
f 2186 3551 3607
f 1916 1918 2191
f 1889 3552 3553
f 1935 1938 3555
f 1934 3554 1936
f 1950 1951 1938
f 1938 1935 1950
f 1938 1940 3558
f 1827 3525 3556
f 3555 3561 1937
f 1942 1940 1944
f 1944 1983 3560
f 1827 1942 3560
f 1953 3561 3567
f 1939 1982 1950
f 1950 1982 4261
f 1951 4261 4085
f 1944 1951 1983
f 1953 1952 1936
f 1941 3557 3562
f 1957 3563 3564
f 1958 1834 3566
f 1943 3559 3565
f 1961 3564 3568
f 1991 3565 3569
f 3566 1993 3570
f 1982 2251 4261
f 1951 1950 4261
f 1984 2252 1866
f 1983 1984 1865
f 2252 4085 2250
f 1985 3567 3962
f 3568 1992 3617
f 3569 2258 3618
f 2014 3572 3571
f 2023 2028 2025
f 2028 2030 2025
f 2027 2031 2026
f 2027 2093 2100
f 2022 3573 3955
f 2028 4086 2030
f 2031 2057 2026
f 2027 2100 2031
f 2053 3572 3574
f 2051 3575 3574
f 2050 2055 3578
f 3575 3578 3577
f 3573 2053 4024
f 2031 2058 4150
f 2031 2150 2058
f 2062 4015 2066
f 2093 2101 2100
f 2101 2094 2103
f 2094 2097 2103
f 2094 2095 2097
f 2103 2097 2152
f 2095 2096 2098
f 2095 2098 2097
f 2096 1866 2098
f 2097 2098 2104
f 2098 1866 2105
f 2031 2100 2150
f 2100 2101 2102
f 1866 2252 2105
f 2100 2102 2150
f 2101 2103 2102
f 2150 2102 2151
f 2102 2103 4151
f 2097 2104 2152
f 2098 2105 2104
f 2152 2104 2167
f 2104 2105 2168
f 2092 3581 4019
f 3582 2107 3587
f 2259 3583 3588
f 2175 3584 3593
f 2112 3585 2180
f 2174 3586 3605
f 2149 2099 2155
f 2150 2151 2163
f 2163 2151 2164
f 2103 2152 2153
f 2105 4087 2168
f 2104 2168 2167
f 2153 2152 2166
f 2151 4151 2165
f 2152 2167 2166
f 2149 2155 2161
f 2161 2155 2157
f 2149 2161 3592
f 4025 3591 3592
f 2151 2165 2164
f 2165 2153 3596
f 2166 2167 2169
f 2167 2168 2170
f 3591 2163 3594
f 3581 2099 2149
f 2181 3587 4026
f 4120 3588 3604
f 2162 3595 3593
f 2176 3597 2180
f 2177 3598 3597
f 3598 3596 3599
f 3599 2182 3600
f 2182 3602 3605
f 3603 3632 3604
f 3606 2187 3608
f 1916 2191 2190
f 2187 3607 3609
f 2190 2191 2218
f 3608 2214 3612
f 1731 3610 2209
f 3610 3503 3611
f 3609 3616 2225
f 2190 2218 3616
f 2216 2217 2222
f 2222 2217 3614
f 3614 2223 2224
f 3614 2224 2296
f 2215 2221 4027
f 2252 2250 4152
f 2250 2251 2287
f 2251 2286 2287
f 2252 4087 2105
f 2247 3962 3619
f 2258 3617 3621
f 2299 3618 3627
f 2308 3620 3628
f 2286 2292 2287
f 2216 2293 2286
f 2287 4153 4152
f 2286 2293 2292
f 2292 2293 2297
f 4202 2298 2294
f 2297 3963 2292
f 2168 4087 3624
f 4202 2294 2253
f 2300 3623 3631
f 3626 4202 3622
f 2307 3621 3629
f 2313 3629 3631
f 3636 1370 1326
f 3636 1371 3670
f 1331 3637 3633
f 4089 1349 3964
f 3964 1348 4088
f 4028 1340 3639
f 1347 1343 3642
f 1347 3641 3644
f 1347 1377 1343
f 3964 1349 1348
f 4089 1350 1349
f 1348 1349 1380
f 1349 1350 1380
f 3648 3634 4221
f 3649 1351 3650
f 1351 3649 3646
f 3649 3653 3647
f 1354 3657 3658
f 3647 1386 3672
f 1387 3646 3673
f 3661 3659 3655
f 3659 3661 1363
f 3659 4154 3660
f 1363 4154 3659
f 1353 3660 3657
f 1355 1357 3667
f 4154 1364 1360
f 1365 3666 3677
f 1362 1391 1393
f 1356 1393 1392
f 1356 1362 1393
f 4154 1363 4155
f 1356 1392 1363
f 1388 3667 3676
f 1360 1364 1358
f 1375 3702 3669
f 3637 1372 3704
f 1375 3670 3703
f 1376 3671 3644
f 1380 1350 1618
f 1348 1380 4323
f 1350 1431 1618
f 1381 4323 1623
f 1380 1618 1617
f 3672 1626 4091
f 1628 3673 3707
f 3675 1628 3709
f 1361 1390 4293
f 1390 1631 1391
f 1392 1394 4155
f 4155 1636 1364
f 1391 1397 1393
f 1392 1393 1394
f 1393 1635 1394
f 4155 1394 1636
f 1394 1639 1636
f 1395 3677 3712
f 1631 1397 1391
f 1389 1381 1632
f 1393 1397 1635
f 1394 1635 1639
f 1399 1402 1405
f 1338 1398 1405
f 1342 3643 3680
f 1405 3431 3680
f 1342 3680 1430
f 3680 3431 1409
f 1403 1407 1404
f 1404 1408 1429
f 1403 3683 3681
f 1411 3681 1413
f 1404 3685 3683
f 1419 3686 1412
f 3682 3684 1414
f 1358 1420 3665
f 1420 1422 3688
f 1422 1425 3691
f 1421 3690 3692
f 3668 3692 3699
f 1358 1438 1436
f 1396 3966 3678
f 3690 3694 1423
f 3693 1443 1896
f 3697 3696 3701
f 3693 3968 1443
f 1443 1903 1896
f 1429 1408 1428
f 1350 4292 1431
f 1618 1431 1700
f 1700 1410 1432
f 1429 1428 1699
f 1699 1428 1698
f 1431 1410 1700
f 1429 3745 3685
f 4283 1437 1426
f 1436 1437 4283
f 1436 1440 1437
f 1437 1441 1442
f 1439 3699 4324
f 1438 1636 1708
f 1436 1438 1440
f 1438 1708 1440
f 1437 1440 1441
f 1437 1442 1426
f 1442 1444 3968
f 1442 1445 1444
f 1443 1444 1920
f 1444 1447 1920
f 1443 1920 1903
f 1441 1445 1442
f 1444 1445 1447
f 1447 2197 1920
f 1610 3702 3705
f 1612 3703 3714
f 1613 3720 3671
f 1623 1617 1619
f 1617 1618 4305
f 1619 4305 1624
f 1619 1624 1657
f 1657 1624 1667
f 1627 3970 3711
f 1672 3707 3728
f 1647 3709 3729
f 1673 3711 3731
f 1631 1633 1397
f 1631 1632 1633
f 1633 1634 1397
f 1632 1680 1633
f 1633 1681 1634
f 1634 1635 1397
f 1635 1638 1639
f 1634 4204 1635
f 1636 1639 1637
f 1633 1680 1681
f 1681 1682 1634
f 1639 1640 1637
f 1637 1685 1712
f 1639 1638 1640
f 1640 1684 1685
f 1637 1640 1685
f 1651 3705 3716
f 1650 3714 3717
f 1648 3706 3715
f 1648 4182 3720
f 1653 4218 1662
f 1656 1664 4203
f 1680 1664 1690
f 1652 3721 3715
f 1657 1667 3725
f 1665 3726 3723
f 1662 4218 3727
f 1665 3725 1669
f 1675 3728 1676
f 1671 3710 3735
f 4029 3971 3741
f 1677 3729 4183
f 3730 1679 3736
f 1679 3731 3739
f 1638 4204 1683
f 1680 1690 1681
f 1681 1686 1682
f 1682 1687 1683
f 1683 1688 1684
f 1640 1638 1684
f 1684 1689 1685
f 1685 1692 1734
f 1681 1690 1686
f 1686 1687 1682
f 1683 1687 1691
f 1684 1688 1689
f 1689 1688 4184
f 1678 3733 1690
f 3733 3734 1686
f 3738 4245 1691
f 1685 1689 1692
f 1693 3741 3742
f 1692 1694 1734
f 1692 3740 3743
f 1696 3744 3758
f 1699 1698 1704
f 1700 1432 1705
f 1618 1700 1620
f 1704 1698 1716
f 1667 1624 1668
f 1699 3746 3745
f 2184 3698 3747
f 1636 1637 1708
f 1708 1710 1440
f 1642 3678 3737
f 1708 1712 1710
f 1440 1710 1441
f 1710 1737 1441
f 1441 1737 1445
f 1710 1713 1737
f 1637 1712 1708
f 1710 1712 4158
f 3748 1738 3757
f 1711 3700 3749
f 1447 1715 2197
f 1447 1445 1715
f 1445 1745 1715
f 1737 4159 1445
f 1745 1747 1715
f 1715 1747 2203
f 1715 2203 2197
f 1701 1722 1724
f 1668 1701 1724
f 1721 3751 1720
f 1668 1724 1670
f 1724 1722 3973
f 1723 3973 1663
f 1723 1724 3973
f 1727 3746 3753
f 1727 3752 3747
f 1721 1720 1728
f 1730 3754 1728
f 1721 1728 3754
f 1721 1729 3753
f 1729 3754 3756
f 1685 1734 1712
f 1713 4158 1735
f 1694 1735 1734
f 1735 1740 1739
f 1695 3737 3760
f 3749 1746 1748
f 1737 1739 4159
f 1739 1743 4159
f 1694 3743 3758
f 1739 1740 1743
f 1743 1745 4159
f 1744 4032 1743
f 1747 2228 2203
f 1747 1750 2228
f 1747 1745 3764
f 4032 3764 1745
f 4285 3763 3765
f 1750 2231 2228
f 3762 2234 3766
f 1749 3767 1750
f 1874 3769 3768
f 1415 3768 1878
f 1875 3772 3769
f 1877 1879 1878
f 1882 3773 3771
f 1885 4033 3774
f 1887 1888 1889
f 1887 4033 1888
f 3775 1890 3959
f 3776 1890 3775
f 3788 3775 1889
f 3788 1889 1934
f 3777 1914 1891
f 3777 1913 1914
f 3776 1892 1890
f 1890 1892 1918
f 3695 1893 1894
f 1896 1903 1897
f 1893 1896 1897
f 1897 1901 1895
f 1897 1903 1901
f 1901 1921 1900
f 1907 1921 1909
f 1901 1919 1921
f 1900 1907 1898
f 1907 1909 1910
f 1907 1910 1905
f 1900 1921 1907
f 1909 1927 1910
f 1925 3783 3786
f 1911 3834 3772
f 3773 1912 3835
f 1913 2189 1914
f 1917 2192 1918
f 1918 2192 2191
f 1917 2248 2192
f 1903 1920 1919
f 1901 1903 1919
f 1921 1922 1909
f 1919 1922 1921
f 1919 1923 1922
f 1922 1924 1926
f 1919 1920 1923
f 1920 2197 1923
f 1922 1923 1924
f 1909 1926 1927
f 1922 1926 1909
f 1930 1927 1926
f 1930 1926 1931
f 2200 3785 3974
f 1928 1927 1930
f 1928 1930 1933
f 1930 1932 1933
f 1933 2241 2267
f 1924 1931 1926
f 1930 1931 1932
f 1933 1932 2241
f 2205 3786 3975
f 1947 3788 1936
f 1945 3791 3789
f 3790 3797 1955
f 1948 3796 3798
f 3797 3795 1956
f 1956 4094 2000
f 1892 4325 1917
f 3790 1955 1954
f 1954 1955 4326
f 1955 1987 1986
f 1947 1936 1952
f 3797 1956 1955
f 1955 1956 1987
f 1956 2000 1987
f 1949 3799 3797
f 1959 3801 3803
f 1965 3800 3804
f 1994 3827 3802
f 3803 1997 3828
f 4035 1971 1972
f 4094 3794 3815
f 4095 3816 3818
f 1966 4095 3807
f 3807 4095 2001
f 3805 3812 3811
f 1968 4035 3811
f 1969 3810 3814
f 1908 3782 3787
f 1967 3813 3805
f 3812 1970 3826
f 1972 1973 1974
f 1972 1971 1973
f 1971 1998 1973
f 1973 4287 1999
f 2000 3806 2003
f 1973 1999 1974
f 4093 1928 1968
f 1959 3822 3815
f 1978 3821 3831
f 1977 3817 3823
f 1980 3822 3830
f 1981 3820 3824
f 2009 3832 3823
f 2010 3825 3833
f 1986 1987 1989
f 2248 1988 2255
f 1986 1989 1988
f 1987 2002 1989
f 1988 1989 2249
f 1989 2002 2266
f 1987 2000 2002
f 1988 2249 2255
f 1989 2266 2249
f 1985 4036 3798
f 3804 1996 3858
f 3827 2264 3859
f 1973 1998 4287
f 1933 2267 4286
f 1999 2268 2005
f 2003 3807 2005
f 2000 2003 2002
f 1999 2005 2001
f 2002 2003 2269
f 3826 2010 3862
f 1999 4287 2268
f 4287 1998 2273
f 2002 2269 2266
f 2003 2005 2269
f 3824 4124 3865
f 3830 1995 3863
f 3831 2279 3864
f 2188 3834 3840
f 2188 3836 3835
f 1913 2193 2189
f 2193 2195 2189
f 2192 2248 2254
f 2192 2196 2191
f 2193 4097 2195
f 2196 2218 2191
f 2192 2254 2196
f 1923 2197 2199
f 2197 2203 2199
f 1923 2199 1924
f 2199 2201 1924
f 1924 2201 1931
f 2199 2204 2201
f 2201 2229 2237
f 2199 2203 4162
f 3972 3837 3846
f 2201 2204 2229
f 2201 2237 1931
f 1932 1931 2237
f 1932 2240 2241
f 2241 2274 2267
f 1932 2237 2240
f 2202 3974 3847
f 2238 3975 3852
f 2207 3841 3840
f 2210 2212 3841
f 3755 1731 3842
f 2196 2219 4163
f 2196 2288 2219
f 2226 2224 2223
f 3845 2227 2220
f 2227 2224 2226
f 2204 4162 2232
f 2228 2231 2232
f 3846 2235 3849
f 3847 2238 4164
f 2232 3848 3850
f 3850 2236 3851
f 2229 2230 2239
f 2237 2239 4165
f 2243 2240 2245
f 2241 2240 2243
f 3852 3976 3855
f 3977 3856 3854
f 3853 3851 3855
f 2240 4165 2245
f 2243 2245 2328
f 2248 2255 2254
f 2255 2249 2257
f 2249 2270 2257
f 2196 2254 2288
f 2254 2255 2256
f 2254 2256 2288
f 2255 2257 2256
f 2288 2256 2289
f 2256 2257 4166
f 2247 3857 4036
f 2260 3861 3858
f 2310 3859 3878
f 2312 3860 3883
f 2249 2266 2270
f 2005 2268 2272
f 2257 2270 2319
f 2267 2274 2273
f 2268 2275 2272
f 2266 2269 2271
f 2269 2005 2272
f 2266 2271 2270
f 2269 2272 2271
f 2270 2271 2276
f 2271 2272 2277
f 2272 2275 2277
f 2268 4287 2275
f 2275 2273 4167
f 2273 2274 2318
f 2274 2317 2318
f 2270 2276 2319
f 2271 2277 2276
f 2319 2276 2322
f 2276 2277 2323
f 2275 2324 2277
f 3865 2281 3868
f 2282 3863 3867
f 2285 3864 4128
f 2278 3862 3870
f 2336 3866 3895
f 2331 3869 3903
f 2288 2289 2302
f 2302 2289 2303
f 2257 2319 2291
f 2290 2253 2294
f 2291 2319 2321
f 2289 4166 2304
f 2290 2294 2305
f 2227 3845 3872
f 2305 2294 2296
f 2290 2305 3874
f 2289 2304 2303
f 2304 2291 3877
f 4037 3873 3874
f 3873 2302 3875
f 3857 2253 2290
f 2310 3879 3861
f 2306 3876 3878
f 2315 3880 3879
f 3880 3877 3881
f 3881 2316 3882
f 2241 2243 2317
f 2318 2325 4167
f 2317 2320 2318
f 2277 2324 2323
f 2276 2323 2322
f 2319 2322 2321
f 4039 2330 3891
f 2243 2328 2317
f 2330 3870 3894
f 2320 3888 3884
f 2322 2323 2326
f 2324 2325 3885
f 2324 3885 2327
f 3885 3884 3890
f 2317 2328 2320
f 3892 2329 3893
f 2246 3891 3979
f 3894 2329 2330
f 2332 3867 3902
f 2333 3868 3901
f 3898 3899 3900
f 2336 3895 3900
f 2316 3898 3902
f 3889 3903 3886
f 2350 2341 3980
f 2338 2337 2
f 2340 1 5
f 2339 2340 6
f 2339 2341 2357
f 2340 2339 2342
f 2357 2342 2339
f 4250 4264 2342
f 2341 2339 3980
f 2347 3980 2339
f 2345 2343 4264
f 2344 2346 3
f 2344 2 2346
f 58 2338 2344
f 3 2346 2366
f 2349 6 2340
f 5 2337 3904
f 2337 2338 44
f 2347 6 46
f 2337 44 3904
f 2338 58 2374
f 2356 2351 4042
f 4042 2352 2356
f 7 2358 10
f 7 2352 4042
f 2356 2352 9
f 7 2353 2352
f 2354 77 2353
f 78 2353 77
f 2354 7 10
f 77 2354 11
f 10 2355 2354
f 2341 2350 2351
f 3905 2357 2341
f 2341 2351 3905
f 2356 3905 2351
f 2342 2357 4250
f 9 3905 2356
f 2346 2345 4252
f 16 9 53
f 3905 9 16
f 2358 7 4306
f 2348 48 2358
f 10 2358 48
f 2355 10 48
f 2359 11 49
f 59 2360 17
f 17 2360 2361
f 2360 2344 3
f 2360 58 2344
f 2361 3 2366
f 17 2362 2363
f 2362 17 2361
f 2367 18 2362
f 2363 2362 18
f 2364 21 2365
f 2377 58 2360
f 17 2363 2378
f 2363 20 2378
f 4131 2378 20
f 20 2365 4131
f 2363 2364 20
f 2361 2366 25
f 2361 25 2367
f 2367 24 18
f 18 2368 2369
f 18 2364 2363
f 21 2364 2369
f 2368 2371 2369
f 2371 2372 2370
f 26 2370 2372
f 2372 2371 28
f 27 2371 2368
f 2372 34 26
f 24 38 27
f 27 29 28
f 6 2349 46
f 2349 47 2375
f 4265 3980 45
f 2376 45 2347
f 60 2374 58
f 268 2373 44
f 266 2399 45
f 4 2399 267
f 2348 4 267
f 44 2374 268
f 270 2375 47
f 46 2375 269
f 2376 46 269
f 45 2376 266
f 2373 268 2401
f 2374 60 2402
f 47 2373 270
f 11 2355 49
f 2406 49 2355
f 2406 48 278
f 48 2348 278
f 2400 278 2348
f 283 2377 59
f 58 2377 60
f 59 2378 283
f 2365 3982 2379
f 2378 4131 2410
f 288 2379 3982
f 4131 2379 285
f 3982 2413 288
f 71 2413 3906
f 301 2413 71
f 2353 78 8
f 77 4169 78
f 2380 77 11
f 2382 76 110
f 76 4098 4169
f 2383 2381 79
f 83 2381 2383
f 80 78 4169
f 4098 86 80
f 76 2382 2381
f 82 80 4188
f 2359 110 2380
f 76 2380 110
f 79 2382 116
f 2384 83 84
f 2383 84 83
f 2387 85 2383
f 84 2383 85
f 2384 87 4298
f 84 2385 2384
f 2386 84 85
f 2386 585 586
f 587 2385 586
f 2385 587 87
f 2388 85 117
f 2388 585 2386
f 85 2387 117
f 2387 79 116
f 585 2388 628
f 28 88 2372
f 28 89 88
f 2391 2390 2389
f 95 2389 102
f 2391 2389 95
f 99 2390 2391
f 95 4099 2391
f 102 104 95
f 2392 95 106
f 95 104 106
f 103 106 2393
f 106 103 2392
f 2392 103 105
f 2394 105 103
f 106 107 2393
f 606 103 2393
f 2394 103 606
f 107 108 2393
f 3907 127 2397
f 2395 110 114
f 110 2359 114
f 2395 116 2382
f 2408 114 2359
f 114 2408 371
f 2395 114 371
f 116 2395 373
f 2396 116 373
f 2396 117 2387
f 2450 628 2388
f 117 2396 375
f 2450 117 375
f 628 2450 855
f 125 2397 383
f 387 2397 127
f 127 2398 387
f 2403 267 2399
f 2375 270 2404
f 269 2405 2376
f 284 2402 60
f 306 2401 268
f 310 2403 266
f 2405 269 307
f 268 2402 306
f 2401 306 2416
f 2402 284 2417
f 269 2404 307
f 2404 270 308
f 266 2405 310
f 307 2418 2405
f 337 2417 284
f 49 2406 279
f 278 2407 2406
f 2408 49 279
f 2407 278 322
f 278 2400 322
f 2409 279 325
f 4234 2410 287
f 2379 288 2412
f 2410 285 287
f 338 2411 4234
f 285 2412 339
f 354 2412 288
f 2412 354 2443
f 288 2414 354
f 2413 301 2414
f 349 2414 301
f 267 2403 4307
f 2403 310 305
f 308 2415 2404
f 311 2415 308
f 312 2416 306
f 270 2416 308
f 306 2417 312
f 2416 312 2422
f 2417 337 2423
f 2418 307 309
f 305 2419 323
f 307 2415 309
f 2415 311 2421
f 308 2422 311
f 2435 2423 337
f 309 2420 2418
f 4044 2421 311
f 309 2421 3983
f 310 2420 2419
f 3983 2420 309
f 2419 2420 333
f 3983 333 2420
f 313 2422 312
f 311 2422 4044
f 312 2423 313
f 2425 313 2423
f 2439 2425 2435
f 313 2425 2424
f 279 2407 325
f 324 325 2407
f 2426 305 323
f 322 2426 2427
f 323 2432 2428
f 2427 323 2428
f 324 322 2427
f 336 327 2428
f 336 326 327
f 324 2430 2429
f 2430 324 2427
f 2427 2428 327
f 325 324 2429
f 2429 2430 2454
f 2430 2427 327
f 2454 2430 4313
f 331 334 335
f 330 4044 4045
f 2432 2419 333
f 330 3984 3983
f 2432 333 328
f 334 4045 2424
f 2425 335 334
f 335 2425 2439
f 328 2428 2432
f 284 2411 337
f 287 2433 338
f 2411 338 2434
f 2437 2434 338
f 2438 354 2414
f 342 2433 339
f 2437 2436 2434
f 339 2443 342
f 2444 2443 354
f 2434 2436 2435
f 2435 2436 2439
f 356 2439 2436
f 2441 2437 342
f 2437 2441 2440
f 332 335 355
f 354 2438 2445
f 357 2445 2438
f 2439 355 335
f 2436 2440 356
f 3909 356 2440
f 3909 2440 2441
f 2441 2442 3909
f 342 2443 2441
f 2444 2441 2443
f 2442 2441 2444
f 2446 2442 2444
f 3909 2442 348
f 4134 4266 405
f 2442 2446 4134
f 2445 357 2446
f 411 2447 367
f 371 2448 2395
f 373 2449 2396
f 2448 371 389
f 2409 389 2408
f 371 2408 389
f 2449 373 392
f 375 2458 2450
f 2458 375 3910
f 383 2451 409
f 2397 387 2451
f 419 2451 387
f 2451 419 2466
f 2452 905 2467
f 2455 389 394
f 373 2448 392
f 2455 392 2448
f 389 2409 394
f 325 2453 2409
f 326 2431 4313
f 2453 325 2429
f 2453 2429 2454
f 394 2453 396
f 2454 396 2453
f 2459 2455 398
f 395 397 2457
f 397 3911 2457
f 397 402 3911
f 394 398 2455
f 398 394 396
f 2456 396 2457
f 2454 395 396
f 2457 3911 2456
f 375 2449 3910
f 2459 3910 2449
f 3910 2459 401
f 855 2458 882
f 2462 3910 401
f 2462 882 2458
f 402 404 3911
f 402 403 404
f 3911 2460 2456
f 398 2461 2459
f 2461 398 2456
f 401 2461 2460
f 403 888 404
f 882 2462 2546
f 404 2464 2460
f 401 2464 2463
f 2464 401 2460
f 2464 888 2547
f 2546 2462 2463
f 2463 2464 2547
f 417 408 407
f 410 4266 2447
f 408 417 2465
f 408 2465 416
f 416 4100 415
f 418 4100 2469
f 2466 417 409
f 424 2466 419
f 911 2467 905
f 417 2468 2465
f 2466 424 2468
f 2469 423 418
f 427 2469 2468
f 419 2467 424
f 2471 424 2467
f 2470 426 425
f 2470 423 427
f 2472 427 2471
f 424 2471 427
f 2559 426 2472
f 2472 2471 910
f 910 2471 911
f 586 2474 587
f 586 585 2473
f 585 2475 2473
f 2474 586 2473
f 2473 2475 593
f 587 2474 4314
f 2473 2477 2474
f 2476 2473 593
f 2477 590 588
f 2476 589 2477
f 590 2477 589
f 589 2476 595
f 593 2478 2476
f 588 590 591
f 2475 585 628
f 593 2475 632
f 628 2492 2475
f 2478 593 632
f 595 2478 638
f 2480 589 2479
f 2480 596 590
f 2481 599 596
f 591 596 597
f 2482 2480 598
f 599 2481 3912
f 2482 3912 2481
f 2483 653 598
f 3912 2482 600
f 597 599 601
f 601 648 649
f 4103 2483 4048
f 2393 2485 606
f 2486 606 2485
f 606 2487 2394
f 2485 2393 108
f 2486 2485 608
f 609 2487 2486
f 2485 607 608
f 3908 2394 612
f 640 2487 609
f 2487 640 2493
f 610 608 607
f 617 608 610
f 608 617 2488
f 2488 609 608
f 2491 2489 2488
f 609 2489 640
f 2489 2491 624
f 2517 671 615
f 616 667 664
f 2517 616 664
f 617 2490 2488
f 620 2490 619
f 2488 2490 2491
f 2490 622 2491
f 622 2490 620
f 2491 622 625
f 2489 624 2494
f 2492 628 855
f 632 2492 862
f 2538 862 2492
f 2539 632 862
f 2539 638 2478
f 4103 4048 4101
f 638 2539 869
f 2484 638 869
f 4048 2484 4101
f 874 2493 640
f 612 2493 4170
f 2544 4170 2493
f 640 2494 874
f 647 2494 624
f 648 3912 600
f 600 2497 2495
f 2497 600 653
f 2496 648 2495
f 2495 2497 654
f 2496 651 649
f 2498 2499 2496
f 651 2496 2499
f 2498 2495 654
f 2499 2498 650
f 2501 2499 650
f 654 2504 2498
f 2505 4135 656
f 2500 2499 2501
f 2505 2502 4135
f 658 2509 2510
f 4047 2509 658
f 4135 2502 657
f 653 2483 690
f 2497 653 690
f 2503 654 2497
f 2504 654 691
f 2501 2512 661
f 2505 656 2500
f 2507 2508 2505
f 2502 2505 2508
f 2507 2500 2501
f 2506 2502 2508
f 4047 2502 2506
f 2507 2501 661
f 2508 660 2506
f 2508 2507 662
f 660 2513 663
f 2509 4047 2506
f 2510 2509 2511
f 4223 2510 2521
f 2521 2510 659
f 2511 659 2510
f 660 4225 2506
f 661 2515 2507
f 2511 4225 4224
f 2514 2511 4224
f 659 2511 2514
f 650 702 2512
f 2532 2512 702
f 662 2515 704
f 2513 662 704
f 663 2513 705
f 2533 705 2513
f 2516 663 705
f 2516 4267 4224
f 2515 661 703
f 2517 664 665
f 665 2518 2517
f 671 2518 672
f 2519 665 664
f 666 2519 664
f 674 2518 2525
f 666 664 667
f 666 667 679
f 666 2520 2519
f 2522 652 2521
f 2520 668 683
f 668 2522 2527
f 2527 683 668
f 2523 2519 2520
f 669 665 2519
f 2525 2518 665
f 2524 2523 683
f 2519 2523 669
f 2524 2530 2523
f 668 670 2522
f 652 2522 670
f 687 2525 669
f 2525 687 2535
f 717 2535 687
f 659 2526 2521
f 2522 2526 2527
f 2521 652 4223
f 2529 2524 683
f 659 2528 2526
f 2528 659 685
f 2527 2526 684
f 684 2529 2527
f 2524 2529 4102
f 688 2529 684
f 2529 688 2536
f 669 2530 687
f 4102 2530 2524
f 2528 685 2531
f 684 2528 688
f 4102 2536 716
f 2530 4102 4050
f 2531 685 718
f 2536 688 961
f 2503 690 701
f 654 2503 691
f 2568 691 938
f 691 2503 938
f 701 2567 2503
f 650 2504 702
f 2568 702 2504
f 661 2512 703
f 2571 704 2515
f 2572 706 2516
f 702 2568 947
f 2532 702 947
f 703 2532 945
f 2573 945 2532
f 2571 703 945
f 704 2571 948
f 2533 704 948
f 705 2533 946
f 2574 946 2533
f 2572 705 946
f 706 2572 949
f 2575 963 2534
f 2525 2535 682
f 682 2535 715
f 2535 717 3913
f 688 2531 961
f 2579 961 2531
f 2578 716 2536
f 962 2537 716
f 3913 717 966
f 2580 966 2537
f 716 2578 962
f 2538 855 882
f 862 2538 890
f 2540 862 890
f 2540 869 2539
f 2541 869 895
f 869 2540 895
f 906 2544 874
f 2558 905 2544
f 874 2545 906
f 2494 647 2545
f 2564 2545 647
f 892 890 2538
f 892 882 2546
f 886 889 888
f 2547 889 893
f 2547 893 2546
f 892 2546 893
f 2548 890 892
f 895 2548 900
f 887 894 2550
f 887 891 894
f 892 2549 2548
f 889 2550 893
f 2550 2549 893
f 900 2549 2550
f 2548 895 2540
f 2551 897 2541
f 2543 897 901
f 2551 895 900
f 891 2552 894
f 891 899 2552
f 899 2557 2552
f 900 2554 2553
f 2554 900 2550
f 901 2551 2553
f 903 2554 2552
f 2553 2554 903
f 897 2551 901
f 899 4300 2557
f 2556 2553 903
f 2556 901 2553
f 2552 2557 903
f 2555 903 2557
f 2585 2555 902
f 902 4268 4207
f 978 2556 2555
f 905 2558 911
f 912 2558 906
f 2561 906 2545
f 906 2561 912
f 2561 2564 2565
f 2560 911 2558
f 426 2559 909
f 2559 2472 910
f 911 2560 910
f 2562 2560 912
f 2559 910 2560
f 2561 2565 922
f 909 2563 921
f 2563 909 2559
f 2563 2559 2560
f 2562 2563 2560
f 2561 922 2562
f 2562 922 2563
f 3985 921 922
f 918 2565 916
f 2564 916 2565
f 919 1004 915
f 2565 918 2566
f 925 2566 918
f 2565 2566 922
f 3985 2813 921
f 2813 3985 924
f 2566 925 3985
f 2567 701 4171
f 701 2542 4171
f 2569 938 971
f 2570 971 2567
f 938 2567 971
f 2569 947 2568
f 2576 948 2571
f 2574 2533 948
f 2577 949 2572
f 2573 947 989
f 947 2569 989
f 945 2573 990
f 989 2592 2573
f 990 2576 945
f 2574 948 991
f 2577 946 994
f 2575 949 4137
f 948 2576 991
f 946 2574 994
f 991 2601 2574
f 949 2577 4137
f 4137 2602 2575
f 2602 4137 992
f 953 2581 960
f 960 2581 1005
f 3913 966 2581
f 2578 961 967
f 961 2579 967
f 2583 967 2579
f 967 2582 2578
f 1008 2581 966
f 1023 2580 962
f 966 2580 1008
f 962 2582 1023
f 2582 967 1024
f 2570 4171 978
f 2584 971 980
f 2556 978 2543
f 4171 2543 978
f 971 2570 980
f 978 980 2570
f 2555 2585 978
f 980 978 2585
f 902 4207 2585
f 980 2585 4207
f 2586 979 982
f 989 2584 981
f 2584 980 2587
f 2586 2587 4207
f 981 2587 2586
f 2586 2588 981
f 2589 981 2588
f 982 986 2590
f 983 984 2598
f 984 985 988
f 984 988 2598
f 986 2594 2590
f 2594 987 2597
f 993 2588 2590
f 2589 2588 993
f 2590 2594 993
f 2584 989 2569
f 2593 991 2576
f 994 2603 2577
f 2592 989 981
f 990 2592 2589
f 2593 990 2589
f 2595 993 2594
f 2593 2589 993
f 2596 2593 2595
f 2594 2597 2595
f 991 2593 2596
f 2601 991 2596
f 2596 995 2601
f 2595 2597 2596
f 995 2597 3986
f 2591 983 3986
f 2598 3986 983
f 2599 995 3986
f 2598 2600 2599
f 1030 2600 988
f 2598 2599 3986
f 994 2601 995
f 2603 994 995
f 1025 2602 1030
f 992 2603 2599
f 2599 2600 992
f 2602 992 2600
f 2581 1008 2606
f 1003 915 1004
f 2604 1004 919
f 1011 1006 1014
f 2604 1006 1004
f 2605 1004 1006
f 1003 1004 2605
f 2605 2608 1003
f 3914 1003 2608
f 2604 1014 1006
f 985 999 2611
f 2609 2606 1008
f 3987 3914 1009
f 2608 1009 3914
f 2607 3987 2613
f 1009 2613 3987
f 2606 2609 2608
f 1005 2606 2605
f 1009 2608 2609
f 2609 2580 1028
f 967 2583 1024
f 1025 2614 2583
f 1024 2614 1029
f 1024 2610 2582
f 2610 1024 1029
f 1023 2610 1028
f 1028 2613 1009
f 2611 2607 2612
f 988 2611 1030
f 2612 1030 2611
f 2607 2613 2612
f 2612 2613 1029
f 2610 1029 2613
f 1029 2614 2612
f 1009 2609 1028
f 2614 1025 1030
f 2623 19 2617
f 2617 2620 2623
f 19 2615 4311
f 2616 2615 19
f 2620 2617 23
f 61 2630 4190
f 2619 22 3915
f 62 2619 23
f 2628 22 64
f 2620 3915 2621
f 30 2621 3915
f 2619 3915 2620
f 2624 2621 30
f 2622 2625 39
f 2620 2621 2623
f 2623 2621 32
f 2624 32 2621
f 19 2623 2616
f 31 2616 2623
f 3988 2615 2616
f 2616 31 3988
f 22 2625 3915
f 32 33 31
f 2626 2622 35
f 2622 2626 30
f 39 2627 2622
f 2627 40 34
f 2626 36 2624
f 92 2627 34
f 2627 92 35
f 2626 35 36
f 43 36 123
f 42 2624 43
f 22 2628 2625
f 39 2628 70
f 23 2629 62
f 2629 4274 63
f 286 2630 61
f 2675 62 2629
f 286 2676 2630
f 2631 71 2628
f 70 2628 71
f 71 2631 301
f 102 2389 94
f 94 4189 90
f 35 92 98
f 91 96 97
f 2638 91 122
f 90 2632 94
f 94 2632 102
f 2634 90 91
f 2634 101 2632
f 2633 2632 101
f 107 104 2633
f 2638 109 2634
f 101 2634 109
f 101 2636 2633
f 101 109 2635
f 2636 101 2635
f 2635 2637 604
f 2636 603 107
f 108 107 603
f 109 2638 128
f 2637 109 128
f 604 2637 639
f 128 2639 2637
f 2692 122 381
f 2692 128 2638
f 128 2692 388
f 2639 128 388
f 2693 872 2639
f 639 2639 872
f 2643 4301 2640
f 189 4327 130
f 2646 2645 4301
f 2644 129 131
f 131 129 2645
f 188 2641 2644
f 2646 2615 3988
f 2645 2648 131
f 130 2642 2647
f 2647 2642 131
f 2647 131 4208
f 2649 130 2647
f 2649 2647 2653
f 133 2650 2649
f 2651 136 2652
f 2640 2641 190
f 129 2641 2640
f 2660 188 4327
f 2640 190 3916
f 2641 188 2661
f 130 2650 189
f 191 2662 2650
f 2650 2652 191
f 133 2652 2650
f 192 2652 136
f 2646 138 2645
f 2648 2645 138
f 2653 132 2649
f 4328 2654 2656
f 2653 140 132
f 2654 4328 132
f 2646 152 138
f 138 152 141
f 2648 141 142
f 139 142 143
f 2654 145 2656
f 2651 2655 136
f 2655 2651 4328
f 2656 2657 2655
f 144 2655 2657
f 2655 144 2659
f 2657 2656 146
f 2657 2658 144
f 2658 2657 224
f 2658 149 156
f 145 151 146
f 197 2659 144
f 198 2659 197
f 428 2661 188
f 429 2660 189
f 433 2663 190
f 188 2660 428
f 189 2662 429
f 2652 192 2664
f 136 2659 192
f 2707 192 2659
f 61 2663 286
f 190 2661 433
f 2703 429 2662
f 2661 428 2702
f 2704 286 2663
f 432 2703 2662
f 435 2664 192
f 191 2664 432
f 192 2707 435
f 444 2707 198
f 146 224 2657
f 146 226 224
f 2665 228 4104
f 4104 228 231
f 2666 228 2665
f 2665 4104 2668
f 4104 238 2668
f 228 2666 232
f 234 2666 259
f 2666 234 232
f 2668 2669 2665
f 2668 239 2667
f 2669 240 2671
f 261 2671 240
f 2667 2670 4209
f 2669 2667 4209
f 2672 240 4209
f 2672 4209 724
f 241 242 2670
f 2665 2671 259
f 2666 2665 259
f 240 2672 3917
f 2672 729 3917
f 2673 259 2671
f 259 2673 540
f 544 2673 261
f 1045 2674 729
f 2673 544 4054
f 261 2674 544
f 2674 1045 2730
f 63 2676 291
f 2675 63 291
f 62 2675 289
f 290 2676 286
f 2678 2675 291
f 289 4138 62
f 64 2677 4138
f 2679 292 4138
f 2631 64 292
f 2676 290 2680
f 2678 291 343
f 344 2679 289
f 2686 292 341
f 2686 301 2631
f 289 2678 344
f 291 2680 343
f 343 2682 2678
f 340 2680 290
f 2680 340 2683
f 477 2683 340
f 292 2679 341
f 2679 344 2681
f 2681 344 345
f 2684 2682 343
f 343 2683 2684
f 2684 2683 361
f 361 2683 477
f 344 2682 345
f 2684 345 2682
f 361 2685 2684
f 345 2685 2688
f 4139 361 477
f 2687 349 2686
f 301 2686 349
f 4222 349 365
f 2689 365 2687
f 4139 482 360
f 2689 341 2681
f 2681 345 2688
f 2688 359 2681
f 359 2689 2681
f 365 2689 2690
f 360 2685 361
f 360 361 4139
f 2688 2685 362
f 362 2685 358
f 359 2688 362
f 364 363 366
f 364 2690 359
f 2691 365 2690
f 2690 364 366
f 367 2691 414
f 362 364 359
f 388 4255 420
f 2693 388 420
f 412 2694 406
f 2694 412 413
f 413 412 2695
f 2695 4100 418
f 2691 4055 414
f 872 2693 904
f 420 2696 421
f 2696 2694 413
f 413 2697 2698
f 2697 413 2695
f 2697 2695 418
f 423 422 2697
f 421 2696 2698
f 2698 2697 422
f 3918 420 421
f 2701 422 425
f 421 2699 3918
f 2699 421 2698
f 2699 2698 422
f 422 2701 2699
f 904 3918 2700
f 425 426 2701
f 2700 2699 3926
f 430 2702 428
f 429 2703 434
f 434 2705 4056
f 474 2703 432
f 2664 435 2706
f 286 2704 290
f 473 2704 433
f 2702 430 2709
f 2703 474 2711
f 433 2702 473
f 2704 473 2710
f 472 2709 430
f 3989 2705 434
f 432 2706 474
f 494 2706 435
f 2706 494 2724
f 435 2708 494
f 2707 444 2708
f 488 2708 444
f 430 2705 472
f 434 2711 3989
f 290 2704 340
f 475 2710 473
f 2709 472 2712
f 2717 2716 3989
f 478 2711 474
f 2719 494 2708
f 340 2710 477
f 473 2709 475
f 2710 475 4172
f 2716 2712 472
f 2718 2717 3989
f 2713 4172 475
f 2714 4139 4172
f 2714 4172 2713
f 476 2712 2716
f 475 2712 2713
f 2713 2715 2714
f 2713 476 2715
f 2720 2715 476
f 2716 2717 476
f 476 2717 2720
f 493 2720 2717
f 2722 2718 478
f 2718 2722 2721
f 474 2724 478
f 2725 2724 494
f 488 2719 2708
f 2715 489 491
f 489 2715 2720
f 2720 492 489
f 2717 2721 493
f 3919 493 2721
f 3919 2721 2722
f 2722 2723 3919
f 493 3919 490
f 494 2719 2726
f 495 2726 2719
f 478 2724 2722
f 2725 2722 2724
f 2723 2722 2725
f 495 497 2728
f 497 498 2728
f 565 2734 4054
f 544 2729 565
f 1056 2729 1037
f 1037 2729 2730
f 4057 2731 556
f 556 2731 557
f 2732 560 554
f 2733 2732 563
f 560 2733 561
f 562 2733 563
f 2734 2732 555
f 569 2734 565
f 2729 1056 2738
f 2734 569 2736
f 2732 2736 563
f 563 2735 562
f 563 2736 2735
f 2737 568 2735
f 572 2736 569
f 2735 2736 572
f 565 2738 569
f 2737 571 570
f 2737 2735 572
f 1057 2738 1056
f 2833 571 2739
f 2739 572 1057
f 2738 1057 572
f 2635 2740 2636
f 2636 2740 603
f 2741 4269 3920
f 2741 3920 611
f 603 4269 607
f 605 2741 613
f 610 2742 605
f 2741 605 2742
f 2744 613 2741
f 2743 604 639
f 613 2744 2747
f 2747 2744 642
f 2744 611 641
f 619 3990 614
f 614 3990 615
f 615 3990 623
f 3990 613 2747
f 673 621 2745
f 2746 621 673
f 2747 623 3990
f 623 2747 642
f 642 643 623
f 611 2743 641
f 2805 641 2743
f 2805 639 872
f 641 2805 873
f 2748 641 873
f 2748 642 2744
f 642 2748 876
f 2806 876 2748
f 2745 621 672
f 673 2745 675
f 2745 672 674
f 2749 626 673
f 675 2745 676
f 2750 673 675
f 2750 4192 2749
f 675 2757 2752
f 2757 675 676
f 2750 675 2752
f 4192 2753 2751
f 2753 4192 2750
f 2752 2757 2754
f 2753 2750 2752
f 2753 2752 2754
f 2754 686 2761
f 2754 2757 677
f 677 2765 2754
f 2755 678 2758
f 2751 2753 2761
f 2755 2751 2761
f 678 2755 2763
f 676 2760 2757
f 2758 678 2759
f 2759 2756 2781
f 2760 676 682
f 677 2760 720
f 2764 2756 2763
f 2756 2764 2790
f 2762 4105 689
f 2764 2763 689
f 2790 2764 791
f 2766 791 2764
f 2765 677 720
f 686 2765 719
f 4105 686 719
f 689 4105 722
f 2766 689 722
f 791 2766 721
f 2760 682 715
f 953 3992 715
f 3992 720 2760
f 2815 721 2766
f 2765 2767 3993
f 2767 3992 968
f 2816 969 3993
f 722 3991 964
f 2817 964 3991
f 2815 722 964
f 721 2815 965
f 2768 724 2670
f 724 2770 2672
f 2768 2670 242
f 2768 726 2769
f 727 2770 2769
f 2768 725 726
f 2672 2770 729
f 753 2770 727
f 2770 753 2775
f 728 726 725
f 732 726 728
f 726 732 2771
f 2771 727 726
f 734 2772 2771
f 727 2772 753
f 2772 734 741
f 732 2773 2771
f 738 2773 737
f 2771 2773 734
f 2773 738 2774
f 740 2774 738
f 2784 3921 735
f 2784 772 773
f 742 736 735
f 736 780 772
f 734 2774 741
f 2774 740 763
f 2772 741 2776
f 756 2775 753
f 729 2775 1045
f 2831 1045 2775
f 753 2776 756
f 761 2776 741
f 2777 3923 769
f 2792 769 3923
f 769 2780 2777
f 2780 769 789
f 2781 2789 4236
f 2782 2778 2783
f 2783 770 771
f 2784 773 2785
f 3921 2785 775
f 2786 775 2785
f 2780 774 2777
f 2786 2785 773
f 777 2786 787
f 774 772 780
f 774 780 783
f 4308 774 2780
f 781 2788 4308
f 2788 2786 773
f 2786 2788 787
f 2787 2780 789
f 4308 2780 781
f 2787 781 2780
f 794 2788 781
f 2788 794 2799
f 831 2799 794
f 2778 4236 2779
f 2789 4106 4236
f 2779 4236 4106
f 2789 2756 2790
f 2790 788 2789
f 4106 2789 788
f 2795 2779 4106
f 2779 2795 2793
f 2796 2790 791
f 2779 2791 2778
f 769 2792 789
f 789 2792 790
f 2794 2787 789
f 2791 2779 2793
f 2793 790 2791
f 2792 2791 790
f 2787 2794 795
f 793 2794 790
f 2794 793 2801
f 2793 2795 2797
f 788 2796 792
f 2795 788 792
f 2800 2797 2795
f 781 2798 794
f 795 2798 2787
f 795 2801 4237
f 2796 791 721
f 2802 833 2796
f 792 2796 833
f 833 2800 792
f 829 2801 793
f 794 2798 831
f 2798 795 4237
f 2798 4237 2804
f 787 2799 786
f 2803 3924 834
f 2797 2800 834
f 2840 834 2800
f 2841 4237 2801
f 2799 831 3925
f 2802 721 965
f 2840 833 1096
f 833 2802 1096
f 2842 1096 2802
f 2841 829 1098
f 829 2803 1098
f 2843 1098 2803
f 1101 2804 4237
f 3925 831 1099
f 2846 1099 2804
f 2808 875 2805
f 873 2805 875
f 2806 873 875
f 2808 872 904
f 2807 875 907
f 876 2806 879
f 2807 879 2806
f 877 876 879
f 875 2808 907
f 4059 2700 3926
f 907 4059 2811
f 426 909 2809
f 2809 2811 4059
f 4059 3926 2809
f 2810 907 2811
f 908 909 921
f 2812 2811 908
f 879 2807 2810
f 913 3927 919
f 3927 2810 2812
f 2813 920 3927
f 920 2813 924
f 923 1010 1013
f 923 1013 1016
f 2820 925 923
f 2814 953 960
f 2814 968 3992
f 2818 965 2815
f 2816 968 1026
f 968 2814 1026
f 969 2816 1031
f 1026 2823 2816
f 1031 2817 969
f 2818 964 970
f 964 2817 970
f 1031 2826 2817
f 965 2818 1027
f 2819 2814 1001
f 1013 1012 1015
f 1015 1018 4140
f 2821 1016 1013
f 926 2820 1014
f 1019 1014 2820
f 2821 1015 1017
f 1019 2820 1016
f 2824 2821 1017
f 2822 1016 2821
f 2822 2819 1001
f 2822 1020 2819
f 1026 2819 1020
f 1022 1129 2825
f 2822 1019 1016
f 2821 2824 2822
f 2822 2824 1020
f 1032 1020 2824
f 1021 2828 4140
f 1017 1033 2824
f 1032 2824 1033
f 2829 2828 1022
f 1022 2825 2829
f 2819 1026 2814
f 970 2826 1034
f 970 3994 2818
f 2823 1026 1020
f 1031 2823 1032
f 2826 1031 1032
f 2827 1034 2826
f 2827 1032 1033
f 2829 2827 2828
f 1034 2827 2829
f 3994 1034 2829
f 2829 1155 3994
f 1155 2829 3995
f 1027 3994 1155
f 756 2830 1053
f 2776 761 2830
f 1062 2830 761
f 1045 2831 1037
f 1053 2831 756
f 2730 1045 1037
f 2832 1037 2831
f 1037 2832 1056
f 1059 2832 1053
f 2835 1053 2830
f 1053 2835 1059
f 2835 1062 2838
f 2834 1056 2832
f 571 2833 1054
f 1056 2834 1057
f 2833 2739 1057
f 2833 1057 2834
f 2836 2834 1059
f 2833 2834 2836
f 2835 2838 1066
f 1054 2837 1060
f 2837 1054 2833
f 2836 2837 2833
f 2835 1066 2836
f 2836 1066 2837
f 3996 1060 1066
f 2838 1064 2839
f 1071 2839 1064
f 2838 2839 1066
f 3996 3040 1060
f 3040 3996 1070
f 2839 1071 3996
f 1089 2847 1094
f 1094 2847 1144
f 834 2840 1097
f 2843 2803 1097
f 1096 2844 2840
f 1098 2845 2841
f 1101 2846 2804
f 3925 1099 2847
f 2842 965 1027
f 2844 1096 1149
f 2845 1098 1150
f 2843 1097 1153
f 1096 2842 1149
f 1097 2844 1153
f 1027 2851 2842
f 1098 2843 1150
f 1153 2861 2843
f 1145 2847 1099
f 1158 2846 1101
f 1099 2846 1145
f 1158 4270 2846
f 2847 1145 2850
f 1132 1130 1133
f 1133 1131 2848
f 2852 1132 2854
f 2853 2854 1132
f 1132 1133 2853
f 1134 4210 4173
f 1133 2858 2853
f 4174 1137 4275
f 1065 4275 1137
f 2849 1065 1137
f 1139 1137 4174
f 2849 1137 1139
f 1144 2850 1139
f 1146 2850 1145
f 2850 1146 2849
f 1149 2862 2844
f 1150 2861 1154
f 1150 2857 2845
f 2857 1150 1154
f 2825 2852 3995
f 2854 3995 2852
f 2855 1155 3995
f 2855 3995 2854
f 1157 2856 2853
f 2856 2855 2854
f 2858 2848 2859
f 2853 2858 1157
f 2859 1157 2858
f 2848 2860 2859
f 2859 2860 1154
f 2857 1154 2860
f 1154 2861 2859
f 1149 2851 1156
f 2851 1027 1155
f 1153 2862 1157
f 2862 1149 1156
f 2861 1153 1157
f 1156 2851 2855
f 2855 2856 1156
f 2862 1156 2856
f 1145 4270 1146
f 137 2863 134
f 2863 135 3928
f 2868 135 4211
f 2863 3928 134
f 3928 2864 2890
f 2867 2890 2864
f 147 2865 155
f 135 2865 3928
f 2865 147 2864
f 2867 2864 147
f 155 2866 147
f 2866 156 149
f 2867 148 2890
f 147 2908 2867
f 2866 149 225
f 225 2908 2866
f 150 213 148
f 135 2868 2865
f 155 2868 197
f 2871 3997 164
f 3997 2869 164
f 202 2869 157
f 3997 2871 159
f 167 2872 134
f 165 2872 2873
f 165 2873 2871
f 159 2871 2873
f 159 2873 168
f 3997 2874 2869
f 159 2891 3997
f 2874 2891 2877
f 2875 2876 158
f 2874 2876 157
f 2875 157 2876
f 2876 2874 2877
f 2877 2878 2876
f 158 2876 2878
f 203 2870 2875
f 2877 2891 2879
f 2878 2877 2879
f 2872 165 2880
f 2882 158 2878
f 161 158 2882
f 203 2875 2881
f 158 2881 2875
f 2878 172 2882
f 161 2883 2884
f 2883 161 2882
f 2884 2883 162
f 2883 2882 172
f 163 2885 2884
f 160 2881 161
f 2885 160 161
f 206 2885 163
f 2886 166 2888
f 2887 165 2871
f 201 2887 164
f 164 2869 201
f 157 2870 202
f 2880 165 205
f 2869 202 2901
f 2870 203 2902
f 134 2880 137
f 2903 203 2881
f 2885 206 2904
f 163 2888 206
f 207 2888 166
f 3928 2890 167
f 2873 2889 168
f 2889 167 184
f 167 148 184
f 148 167 2890
f 2891 159 169
f 2891 169 171
f 2879 170 2878
f 2879 183 170
f 184 148 213
f 162 2883 2892
f 2892 2894 162
f 2893 162 2894
f 172 2878 170
f 172 170 173
f 2892 172 173
f 2893 2894 2897
f 2894 2892 174
f 162 2886 163
f 2886 2895 166
f 2895 2886 2893
f 2896 175 176
f 170 183 185
f 173 185 186
f 2895 176 2899
f 2894 177 2897
f 2896 2893 2897
f 175 2896 2898
f 2897 179 2896
f 175 2898 244
f 244 178 175
f 176 175 1216
f 2898 2896 179
f 174 187 177
f 177 180 179
f 1252 2899 176
f 223 2899 1252
f 2863 4211 135
f 431 2918 137
f 2900 198 2868
f 197 2868 198
f 198 2900 444
f 165 2887 205
f 2887 201 2905
f 2906 137 2880
f 204 2902 203
f 448 2905 201
f 449 2901 202
f 203 2903 204
f 160 2904 450
f 2888 207 2907
f 166 2899 207
f 2928 207 2899
f 201 2901 448
f 202 2902 449
f 205 2905 453
f 2906 205 453
f 137 2906 431
f 2901 449 2921
f 2902 204 2922
f 2923 450 2904
f 452 2923 2904
f 455 2907 207
f 206 2907 452
f 207 2928 455
f 1467 2928 223
f 232 4062 225
f 2909 229 2910
f 229 2909 231
f 238 4104 2909
f 2910 229 227
f 2912 2910 230
f 2909 2910 2912
f 2910 227 230
f 230 227 233
f 2916 235 258
f 2909 2912 238
f 237 2911 236
f 241 239 2911
f 2913 230 235
f 237 2914 2911
f 236 243 4109
f 4002 237 4109
f 2914 237 4002
f 4109 2915 723
f 2914 242 241
f 236 2913 243
f 235 2916 2913
f 243 2916 262
f 2915 243 262
f 262 2917 2915
f 244 2898 246
f 179 246 2898
f 179 247 246
f 723 2915 752
f 2961 262 2916
f 262 2961 543
f 752 2917 754
f 2917 262 543
f 4211 2918 437
f 2920 437 2918
f 2900 4211 437
f 436 2920 431
f 506 2920 436
f 2919 437 4065
f 2919 444 2900
f 2905 448 2924
f 453 2925 2906
f 451 2922 204
f 454 2924 448
f 499 2921 449
f 502 2926 4061
f 503 2923 452
f 2907 455 2927
f 2925 453 500
f 448 2921 454
f 449 2922 499
f 2921 499 2938
f 2922 451 2939
f 453 2924 500
f 431 2925 436
f 500 2940 2925
f 3999 2939 451
f 4061 450 502
f 2923 503 2941
f 452 2927 503
f 504 2927 455
f 2927 504 2942
f 455 2929 504
f 2928 1467 2929
f 1501 2929 1467
f 437 2920 4065
f 2920 506 2930
f 2930 506 2932
f 444 2919 488
f 4065 4064 2919
f 488 4064 496
f 2933 496 4064
f 4065 2930 2931
f 2931 4064 4065
f 2931 2932 2954
f 527 2954 2932
f 496 2933 2936
f 2933 2931 2954
f 531 2935 2954
f 2934 496 2936
f 2936 2933 2935
f 2934 498 497
f 2936 559 2934
f 498 2934 559
f 2937 2936 2935
f 436 2940 506
f 454 4329 2924
f 2943 4329 501
f 508 2938 499
f 454 2938 501
f 499 2939 508
f 508 2945 2938
f 2940 500 505
f 451 2926 3999
f 2926 502 4000
f 4000 3999 2926
f 2953 504 2929
f 512 2941 503
f 533 2942 504
f 500 4329 505
f 501 2945 2943
f 2950 2946 3999
f 505 2944 2940
f 505 2943 526
f 506 2944 2932
f 2944 505 526
f 2932 2944 507
f 526 507 2944
f 509 526 2943
f 510 2945 508
f 2943 2945 2947
f 508 2946 510
f 2949 510 2946
f 2949 2946 2950
f 2943 2947 509
f 2948 528 2947
f 2948 2947 510
f 510 2949 2948
f 511 2950 4000
f 502 2941 4000
f 2951 4000 2941
f 4000 2951 511
f 503 2942 512
f 2942 533 2957
f 2950 2955 2949
f 2950 511 2955
f 532 4001 511
f 2952 2951 512
f 520 2953 1501
f 4063 530 524
f 525 509 3929
f 525 507 526
f 525 526 509
f 2932 507 527
f 527 507 523
f 529 528 2948
f 2949 2955 530
f 527 531 2954
f 524 530 4001
f 504 2953 533
f 2958 533 2953
f 511 2952 532
f 2956 532 2952
f 2952 2957 2956
f 512 2957 2952
f 535 2957 533
f 2960 2958 520
f 533 2958 535
f 2959 534 2958
f 520 536 2960
f 2959 2958 2960
f 536 537 2960
f 578 2960 537
f 2960 578 2959
f 542 2961 258
f 754 2962 1035
f 543 2962 2917
f 2962 543 564
f 543 2961 564
f 2966 564 2961
f 542 550 2963
f 556 2963 550
f 2963 556 2964
f 558 2964 556
f 558 2965 2964
f 558 561 2965
f 562 2965 2733
f 2964 2965 2969
f 2966 542 2963
f 564 2966 566
f 2963 2968 2966
f 1035 2962 2967
f 2967 564 566
f 2968 2963 2964
f 2968 2964 2969
f 2969 2965 562
f 568 567 2969
f 566 2968 2970
f 2970 2969 567
f 2973 567 570
f 566 2971 2972
f 2971 566 2970
f 2971 2970 567
f 1052 2967 2972
f 570 571 2973
f 2972 2971 1055
f 1055 2971 2973
f 579 2959 578
f 4002 2975 2914
f 2914 2975 242
f 2975 725 242
f 2976 2975 2974
f 2977 2974 730
f 725 2975 2976
f 2977 2976 2974
f 728 2976 731
f 2979 4175 2977
f 731 2976 2977
f 2978 723 752
f 4175 2979 2982
f 2982 2979 757
f 2979 730 755
f 731 2980 733
f 733 2980 737
f 737 2980 735
f 2980 731 4175
f 735 2980 742
f 2980 4175 2982
f 739 2984 776
f 2981 739 776
f 2982 742 2980
f 742 2982 757
f 757 758 742
f 2999 1760 750
f 730 2978 755
f 3029 755 2978
f 3029 752 754
f 755 3029 1036
f 2983 755 1036
f 2983 757 2979
f 757 2983 1039
f 3030 1039 2983
f 2984 739 775
f 776 2984 778
f 2984 775 777
f 2985 2981 776
f 2984 779 778
f 2986 776 778
f 2986 4196 2985
f 779 2989 778
f 2987 778 2989
f 2986 778 2987
f 2986 2988 4196
f 2992 4196 2988
f 2988 2986 2987
f 3007 2988 4066
f 2987 2989 782
f 2991 4066 782
f 779 2990 2989
f 2990 779 786
f 782 2990 832
f 2991 782 832
f 2993 796 2995
f 3007 2993 2992
f 796 2993 3009
f 2995 796 2996
f 2996 2994 2997
f 2997 3011 4238
f 2998 803 3005
f 2999 798 3000
f 800 3000 798
f 1760 3000 797
f 3001 797 3000
f 798 3002 800
f 3001 3000 800
f 3002 798 4110
f 799 3001 3006
f 4110 798 801
f 4110 801 4302
f 3931 3002 4110
f 3931 802 813
f 802 3015 813
f 3015 802 806
f 805 800 3002
f 3006 3001 800
f 3004 3002 3931
f 4069 3004 813
f 3002 3004 805
f 4069 3021 3004
f 806 802 810
f 3005 804 806
f 818 3006 805
f 3006 818 3022
f 849 3022 818
f 3010 2994 3009
f 811 3018 3008
f 2994 3010 3012
f 3008 3018 815
f 3010 3009 815
f 3020 816 815
f 3012 3010 816
f 803 4238 3003
f 3011 4111 4238
f 3003 4238 4111
f 3011 2994 3012
f 3012 812 3011
f 4111 3011 812
f 3013 3003 4111
f 3003 3013 3016
f 3019 3012 816
f 812 3019 817
f 3013 812 817
f 3023 819 3013
f 3016 3013 819
f 3003 3014 803
f 3017 3015 814
f 813 3015 4069
f 3014 3003 3016
f 3016 814 3014
f 3015 3014 814
f 4069 3017 4112
f 820 3017 814
f 3017 820 3024
f 805 3021 818
f 4112 3021 4069
f 819 4288 3016
f 814 4288 820
f 3025 852 3018
f 815 3018 852
f 3020 815 852
f 816 3020 853
f 3019 816 853
f 817 3019 854
f 3026 854 3019
f 3023 817 854
f 819 3023 851
f 4112 3024 848
f 818 3021 4070
f 3021 4112 4070
f 4288 819 3028
f 3028 850 4288
f 850 3024 820
f 1089 3043 786
f 3043 832 2990
f 832 3043 1100
f 3045 1095 3930
f 3006 3022 1803
f 1803 3022 847
f 3046 853 3020
f 3047 851 3023
f 3022 849 3932
f 3048 848 3024
f 3025 830 1095
f 852 3025 1115
f 3049 1115 3025
f 3046 852 1115
f 853 3046 1117
f 3026 853 1117
f 3047 854 1118
f 854 3026 1118
f 3050 1118 3026
f 3027 848 1116
f 3932 849 1120
f 3053 1120 3027
f 1122 3048 850
f 848 3048 1116
f 850 3028 4239
f 3029 754 1035
f 3032 1038 3029
f 1036 3029 1038
f 3030 1036 1038
f 3032 1035 1052
f 3031 1038 1058
f 1039 3030 1041
f 3031 1041 3030
f 1038 3032 1058
f 3033 1058 3032
f 3033 1052 2972
f 3033 2972 1055
f 1055 3034 3035
f 3034 1055 2973
f 1058 3033 3037
f 571 1054 3034
f 3039 3034 1054
f 3037 3033 3035
f 3035 3034 3039
f 3036 1058 3037
f 1061 3036 3038
f 3038 3039 1060
f 3039 3038 3037
f 1041 3031 1061
f 3036 1061 3031
f 1061 1067 1044
f 1061 3041 1067
f 3041 1061 3038
f 1067 3041 1068
f 1068 3041 3040
f 1069 1135 1140
f 1069 1140 1142
f 4003 1071 1069
f 3044 1089 1094
f 3044 1100 3043
f 3045 1100 1151
f 1100 3044 1151
f 1095 3045 1152
f 1151 3060 3045
f 2069 3054 2078
f 3051 1117 3046
f 3050 3026 1117
f 1118 3052 3047
f 3932 1120 3054
f 3055 4239 1121
f 3048 1122 3056
f 1152 3049 1095
f 3051 1115 1119
f 3050 1117 1185
f 3052 1118 1180
f 1115 3049 1119
f 1152 3068 3049
f 1117 3051 1185
f 1118 3050 1180
f 1185 3078 3050
f 1177 3054 1120
f 4005 3053 1116
f 1120 3053 1177
f 1181 3056 1122
f 3056 4005 1116
f 1122 3055 1181
f 1189 3083 3055
f 3057 3044 1127
f 1140 1166 1141
f 1140 3058 1142
f 1071 4003 1072
f 1072 4003 1136
f 1147 1136 4003
f 3058 1141 1143
f 1147 4003 1142
f 3061 3058 1143
f 3059 3057 1127
f 3059 1148 3057
f 1151 3057 1148
f 3059 1147 1142
f 1148 3059 3058
f 3058 3061 1148
f 3057 1151 3044
f 3060 1151 1148
f 1152 3060 1182
f 1182 3060 3061
f 3054 1177 4240
f 3070 1167 3062
f 1143 1169 1183
f 1169 3070 1183
f 1143 1183 3061
f 3062 3071 3070
f 3072 1170 3074
f 3073 3074 1170
f 1170 4213 3073
f 1174 1081 1172
f 1174 3067 4227
f 3042 1172 1080
f 1172 3042 1176
f 1176 3042 1173
f 1175 1176 1173
f 1174 3063 3067
f 1176 3064 1172
f 3064 3063 1172
f 1179 3067 4241
f 3064 4241 3063
f 3065 1178 4071
f 4227 3067 3066
f 3065 3066 1178
f 3066 3067 1179
f 3066 3082 1178
f 3082 3066 1188
f 4240 3064 1175
f 4241 4240 1177
f 1119 3068 1184
f 1119 4004 3051
f 1180 3077 3052
f 1181 3083 1190
f 3056 1181 3080
f 1190 3080 1181
f 3068 1152 1182
f 3069 1184 3068
f 1183 1182 3061
f 3069 1182 1183
f 3071 3069 3070
f 1184 3069 3071
f 4004 1184 3071
f 3071 1186 4004
f 1186 3071 4006
f 3062 3072 4006
f 3074 4006 3072
f 3075 1186 4006
f 3075 4006 3074
f 3073 1191 3076
f 3076 3075 3074
f 1185 4004 1186
f 1180 3078 1187
f 3078 1185 1186
f 1189 3077 1191
f 3077 1180 1187
f 1187 3078 3075
f 3075 3076 1187
f 3077 1187 3076
f 4005 3080 1188
f 1188 3079 4005
f 1188 3080 3082
f 1171 1178 3081
f 3073 1171 1191
f 3081 1191 1171
f 1178 3082 3081
f 3081 3082 1190
f 3080 1190 3082
f 1190 3083 3081
f 3079 1188 1179
f 3083 1189 1191
f 3084 3933 248
f 1287 3084 248
f 3085 1285 3933
f 1285 3085 1313
f 1313 1286 1285
f 4007 4247 3935
f 3934 1290 3087
f 1290 1291 3087
f 3935 1314 3089
f 1313 3089 1557
f 1314 3090 4296
f 3090 2011 3936
f 1557 3091 1558
f 1576 3091 4296
f 3091 1576 3094
f 1558 3094 3092
f 3092 1571 1556
f 1571 3093 1573
f 581 1573 1575
f 1574 581 1575
f 1578 3094 1576
f 2034 4129 2032
f 3092 3094 3093
f 3096 3093 3094
f 1574 3095 1577
f 1575 3095 1574
f 3096 1575 3093
f 3097 3096 1578
f 1577 3095 1581
f 1581 3096 3097
f 3096 1581 3095
f 1576 4129 1578
f 1579 1577 1581
f 1581 3097 3098
f 3099 3098 3097
f 1580 1579 3112
f 3112 1579 3098
f 4129 2034 3097
f 3099 3097 2034
f 3100 1751 3087
f 3100 3087 1291
f 3100 1752 4197
f 1753 3101 4197
f 3100 746 1752
f 1756 3101 1753
f 3101 1756 1755
f 1754 1752 746
f 3102 1752 1754
f 1752 3102 1753
f 1758 3103 3102
f 1753 3103 1756
f 3105 3103 1758
f 749 3104 1757
f 1759 3104 749
f 3104 1761 1758
f 1761 3104 1759
f 1762 1758 1761
f 1758 1762 3105
f 3105 1762 1786
f 3103 3105 3106
f 1784 3106 3105
f 3107 2011 4008
f 1756 3106 2012
f 1784 3108 3106
f 2013 3107 2012
f 2012 3108 2013
f 3936 2011 2032
f 3109 2032 3107
f 3108 1784 2015
f 2015 3110 3108
f 3109 2034 2032
f 3109 2013 2036
f 2013 3110 2036
f 3116 3110 2015
f 3111 2034 3109
f 2037 3111 2036
f 1580 3112 2033
f 3113 3098 3099
f 2034 3111 3099
f 3113 2035 3112
f 2033 3112 2035
f 2035 3113 2037
f 3111 2037 3113
f 3114 2036 3110
f 2036 3114 2037
f 2033 3115 1075
f 3115 2033 2035
f 3115 2035 2037
f 2042 3114 3116
f 2037 2042 3115
f 2041 3115 2042
f 3114 2042 2037
f 2038 2040 3116
f 3116 3117 2042
f 3116 2040 3117
f 2044 3117 2040
f 2041 3117 2045
f 2045 3117 2044
f 3118 1284 245
f 1284 3118 248
f 1287 248 3118
f 3118 245 250
f 3121 3118 249
f 3118 250 249
f 3119 250 251
f 3127 3119 264
f 3118 3121 1287
f 1290 1288 4332
f 3122 249 3119
f 3123 252 3125
f 3124 3120 3123
f 3124 1291 1290
f 252 3122 253
f 3119 3127 3122
f 253 3127 265
f 3126 253 265
f 3125 3126 764
f 265 3128 3126
f 3129 265 3127
f 265 3129 549
f 3128 265 549
f 3130 1046 3128
f 764 3128 1046
f 548 3129 264
f 3130 549 583
f 549 3129 583
f 3132 583 3129
f 548 573 576
f 576 575 3131
f 577 3131 575
f 577 581 3131
f 581 577 580
f 3131 581 582
f 582 581 1574
f 3132 548 576
f 583 3132 584
f 576 3134 3132
f 3133 1073 3130
f 1046 3130 1073
f 3133 583 584
f 3134 576 3131
f 3134 3131 582
f 582 3136 3135
f 3136 582 1574
f 584 3134 3135
f 3135 3136 3138
f 3138 3136 1579
f 584 3138 3137
f 3138 584 3135
f 1073 3133 3137
f 1579 1580 3937
f 3139 3123 3125
f 3123 3140 3124
f 3124 3140 1291
f 3140 746 1291
f 744 3139 3142
f 3139 744 3140
f 745 3140 744
f 3142 3139 747
f 746 3140 745
f 3125 3143 3139
f 3142 3141 744
f 744 3141 745
f 1754 745 3141
f 1757 3141 3145
f 1754 3141 1757
f 3142 748 3141
f 3145 3141 748
f 3144 748 3142
f 764 3143 3125
f 748 3144 3146
f 3146 3144 766
f 3145 749 1757
f 750 3145 751
f 748 3146 3145
f 3146 751 3145
f 751 3146 766
f 766 767 751
f 747 3143 765
f 3147 765 3143
f 3147 764 1046
f 1047 3148 765
f 4257 766 3144
f 766 4257 1048
f 3148 1048 4257
f 3149 1047 3147
f 3149 1046 1073
f 1048 3148 1051
f 1049 1048 1051
f 3150 1074 3149
f 3150 1073 3137
f 3152 4142 3937
f 1580 2033 3152
f 3154 3152 2033
f 3153 1074 3151
f 3151 3152 3154
f 1082 3154 1075
f 3154 1082 3153
f 1076 3153 1082
f 3153 1076 4198
f 1079 3155 1083
f 3156 1076 1082
f 1075 2041 1082
f 3156 1083 3155
f 2041 2045 3156
f 1083 3156 2045
f 3175 3178 3157
f 1192 3161 3160
f 3178 3160 3161
f 3161 3157 3178
f 1192 3159 3158
f 3159 1192 3160
f 3157 3161 1199
f 1244 3161 1192
f 3197 1199 1244
f 3165 3162 4214
f 3165 1193 3162
f 1248 3164 1194
f 1193 3165 3166
f 3165 3158 4073
f 3185 3166 3165
f 3167 3166 3168
f 3167 1193 3166
f 1247 3163 3167
f 3166 3185 3169
f 3168 3166 3169
f 1194 3164 3170
f 3164 3167 3168
f 3164 1247 3167
f 3168 1206 3170
f 3171 3170 1206
f 1196 3172 3171
f 1268 3172 1196
f 1245 3173 1197
f 3174 1198 4009
f 1246 3174 1199
f 3189 1198 1251
f 3162 3163 1249
f 1193 3163 3162
f 3200 1247 3164
f 3163 1247 3201
f 1194 3172 1248
f 3172 1268 3202
f 3182 3176 1200
f 3174 4009 3157
f 3176 3175 4009
f 3176 3182 4228
f 3177 3182 1200
f 3177 3181 1215
f 3181 1200 4009
f 3180 3160 3178
f 3180 3175 3938
f 4228 3938 3176
f 3179 3159 3160
f 3160 3180 3179
f 1198 3181 4009
f 3938 1217 3180
f 3181 3177 1200
f 1202 3182 3177
f 1215 3184 3177
f 3184 1216 178
f 1283 3184 178
f 3184 1283 1202
f 1202 3183 3182
f 1202 1203 3183
f 1217 4228 1254
f 3185 4073 1204
f 1195 3171 3186
f 3186 3188 1195
f 3187 1195 3188
f 1206 3168 1205
f 1206 1205 1207
f 3186 1206 1207
f 3187 3188 3194
f 3188 3186 1208
f 1204 1210 3185
f 1205 1211 1212
f 1207 1212 1213
f 3188 1234 3194
f 1208 1214 1234
f 1198 3189 3181
f 1215 3189 1252
f 3190 1227 3191
f 1196 3191 1268
f 1270 3191 1227
f 1195 3190 1196
f 3190 3192 1227
f 3192 3190 3187
f 3193 1232 1233
f 3192 1233 3196
f 3193 3187 3194
f 1232 3193 3195
f 3194 1236 3193
f 1232 3195 1292
f 1292 1235 1232
f 1233 1232 1241
f 3195 3193 1236
f 1234 1238 1236
f 1274 3196 1233
f 1281 3196 1274
f 1199 3197 1246
f 3197 1244 1250
f 1244 3173 1250
f 1448 3198 1245
f 3216 1246 3197
f 1449 3201 1247
f 1450 3200 1248
f 1455 3203 1249
f 1247 3200 1449
f 1248 3202 1450
f 1448 3217 3198
f 1245 3203 1448
f 1249 3201 1455
f 3220 1450 3202
f 3201 1449 3219
f 3223 1448 3203
f 1474 3220 3202
f 3199 223 3189
f 1252 3189 223
f 223 3199 1467
f 3191 1270 3204
f 1227 3196 1270
f 3226 1270 3196
f 1476 3204 1270
f 1268 3204 1474
f 1270 3226 1476
f 1481 3226 1281
f 1203 1202 1283
f 1292 3195 1294
f 1236 1294 3195
f 1236 1297 1294
f 1295 3205 3207
f 3206 3207 3205
f 3206 3205 1302
f 3207 3206 3208
f 1302 1304 3209
f 1302 3209 3206
f 3210 3206 3209
f 1305 3212 3210
f 3210 3209 1307
f 3209 1304 1307
f 3206 3212 3208
f 1322 3212 1305
f 1303 1307 3211
f 1307 1303 3210
f 3210 1303 1305
f 3213 1305 1303
f 1307 1308 3211
f 1766 1303 3211
f 3213 1303 1766
f 1308 1309 3211
f 3208 3212 1321
f 1305 3213 3939
f 3213 1773 4113
f 3214 1321 3212
f 1321 3214 1563
f 1568 3214 1322
f 2020 3215 4113
f 3214 1568 3260
f 1322 3215 1568
f 3215 2020 3261
f 1250 3217 1454
f 3216 1250 1454
f 1246 3216 1452
f 1453 3217 1448
f 3221 3216 1454
f 1452 4143 1246
f 1251 3218 4143
f 3222 4289 4312
f 1451 3219 1449
f 1450 3220 1456
f 1456 3224 4074
f 1525 3220 1474
f 3217 1453 3228
f 3221 1454 1495
f 1496 3222 1452
f 3246 4289 4075
f 1448 3223 1453
f 1494 3223 1455
f 3219 1451 3229
f 3220 1525 3231
f 1455 3219 1494
f 3223 1494 3230
f 1493 3229 1451
f 4186 3224 1456
f 3246 1467 3199
f 3204 1476 3225
f 1474 3225 1525
f 1526 3225 1476
f 3225 1526 3255
f 1476 3227 1526
f 3226 1481 3227
f 1535 3227 1481
f 1452 3221 1496
f 1454 3228 1495
f 1495 3233 3221
f 1492 3228 1453
f 3228 1492 3234
f 1498 3234 1492
f 3222 1496 3232
f 1451 3224 1493
f 1456 3231 4186
f 1453 3223 1492
f 1497 3230 1494
f 3229 1493 1499
f 1500 3231 1525
f 3232 1496 3247
f 1495 3234 4290
f 3235 1498 3238
f 3241 3238 1498
f 3236 3233 4290
f 3233 3236 3247
f 3237 3236 3235
f 3247 3236 3248
f 3237 3248 3236
f 3235 3238 3237
f 1517 3238 3241
f 3237 3238 4076
f 1517 4076 3238
f 1492 3230 1498
f 1494 3229 1497
f 3230 1497 3239
f 3243 1499 1493
f 3240 3239 1497
f 1498 3239 3241
f 1497 1499 3240
f 3240 1499 3242
f 3253 3242 1499
f 3240 3241 3239
f 3940 1517 3241
f 3940 3241 3240
f 3240 3242 3940
f 1523 3253 3244
f 1467 3246 1501
f 3248 1513 3247
f 1511 3248 3237
f 3248 1511 1514
f 1513 3248 1514
f 1570 4145 1515
f 1514 1515 4145
f 4145 3251 1513
f 3250 1516 4271
f 1513 3251 3249
f 3249 3251 4271
f 4199 3251 4145
f 3250 537 536
f 3252 1572 3250
f 537 3250 1572
f 1514 4145 1513
f 1519 1521 1522
f 1520 1522 4010
f 3242 1521 1518
f 1521 3242 3253
f 3253 1522 1521
f 1524 1523 3245
f 3245 4176 1524
f 3254 1524 4176
f 1523 1524 4010
f 3941 4010 1524
f 3256 1526 3227
f 1542 3255 1526
f 1525 3255 1500
f 3255 1542 4176
f 1541 3256 1535
f 1526 3256 1542
f 3258 1542 3256
f 3254 4176 1542
f 3259 3258 1541
f 1542 3258 3254
f 1543 3257 1544
f 1541 1545 3259
f 3254 3258 3257
f 3257 3258 3259
f 3259 1588 3257
f 3259 4011 1588
f 1563 3260 1567
f 1597 3260 1568
f 2021 3261 2020
f 3260 1597 3263
f 1568 3261 1597
f 2049 3261 2021
f 3264 1597 3261
f 1572 3252 3942
f 1567 3263 3262
f 3262 1587 1562
f 1595 3262 1596
f 1587 1595 1590
f 1592 1590 1595
f 1593 1592 1595
f 3268 3264 2049
f 3262 3263 1596
f 3266 1596 3263
f 1593 3265 1599
f 1595 3265 1593
f 3266 3265 1596
f 4215 3266 1600
f 1599 3265 1603
f 1603 3266 4215
f 3266 1603 3265
f 1597 3264 1600
f 3264 3268 4215
f 1601 1599 1603
f 1603 4215 3267
f 3268 3267 4215
f 1602 1601 3328
f 3328 1601 3267
f 3211 3271 1766
f 3272 1766 3271
f 1766 3273 3213
f 3271 3211 1309
f 3272 3271 1771
f 1772 3273 3272
f 3271 1767 1771
f 3213 3273 1773
f 1774 3273 1772
f 3273 1774 1773
f 1770 1771 1767
f 3274 1771 1770
f 1771 3274 1772
f 1776 3275 3274
f 1772 3275 1774
f 3277 3275 1776
f 1777 3276 1775
f 1780 3276 1777
f 3276 1781 1776
f 1781 3276 1780
f 3312 1779 1778
f 3312 1817 1819
f 3312 4146 1817
f 1776 1781 3277
f 3277 1781 1793
f 3275 3277 3278
f 1789 3278 3277
f 1773 4114 4113
f 3323 2020 4114
f 1774 3278 2018
f 1789 3324 3278
f 3269 3279 1795
f 1795 1794 3269
f 3279 797 799
f 3269 1794 3270
f 3280 3270 1794
f 3279 1796 1795
f 3283 1794 1795
f 3283 4229 3280
f 1796 3287 1795
f 3283 1795 3287
f 3283 3284 4229
f 3281 4229 3284
f 3283 3287 3285
f 3284 3283 3285
f 3285 1807 3284
f 3297 3284 1807
f 3285 3287 1797
f 3306 3285 1797
f 3297 1798 3281
f 3281 3284 3297
f 1798 3297 3299
f 3943 3299 3286
f 1796 3296 3287
f 3282 3281 3288
f 3288 1798 3289
f 3289 3943 3293
f 1820 1804 3290
f 1809 3292 3290
f 3944 4078 1809
f 1810 3316 3292
f 1799 4078 1800
f 4259 1799 1800
f 3293 3301 3294
f 1801 3944 1805
f 3295 1800 1801
f 3296 1796 1803
f 1797 3296 1852
f 3300 3286 3299
f 3286 3300 3302
f 3300 3299 1811
f 3308 1812 1811
f 3302 3300 1812
f 1799 4115 3291
f 3301 3286 3302
f 3302 1808 3301
f 4115 3301 1808
f 3305 3291 4115
f 3310 3302 1812
f 3303 1810 1809
f 3303 3304 1815
f 1815 3309 3303
f 1808 3310 1813
f 3305 1808 1813
f 3291 3305 1814
f 3317 1814 3305
f 3304 3291 1814
f 1814 3311 3304
f 3306 1797 1852
f 1807 3285 1851
f 3307 1807 1851
f 1811 3307 1853
f 3308 1811 1853
f 1812 3308 1854
f 1810 3309 1870
f 3310 1812 1854
f 3319 1855 3310
f 1813 3310 1855
f 1855 3317 1813
f 1815 3311 1857
f 1857 3309 1815
f 3309 1857 3320
f 3311 1814 1856
f 3312 1819 1816
f 1817 1820 1819
f 1820 3290 4116
f 3313 1816 1819
f 1818 3313 1829
f 1820 1817 1823
f 1824 3314 4116
f 1819 3314 3313
f 3314 1824 3315
f 3313 3315 1829
f 3292 3316 1824
f 1867 3315 1824
f 3315 1867 3321
f 1824 3316 1867
f 3322 1867 3316
f 3322 1810 1870
f 3296 1803 847
f 2069 4013 847
f 4013 1852 3296
f 3334 1854 3308
f 1814 3317 1856
f 3336 1857 3311
f 3335 1856 3317
f 3306 3318 4014
f 3318 4013 2085
f 3337 2086 4014
f 1853 4012 2084
f 3338 2084 4012
f 3334 1853 2084
f 1854 3334 2087
f 3319 1854 2087
f 3335 1855 2089
f 3340 2089 3319
f 1855 3319 2089
f 2090 3320 1857
f 1870 3320 2106
f 3341 2106 3320
f 1857 3336 2090
f 1829 3321 1828
f 1828 3321 1858
f 1858 3344 2092
f 3321 4279 3344
f 1870 3345 3322
f 3345 1870 2106
f 2019 3323 2018
f 2018 3324 2019
f 2020 3323 2021
f 3325 2021 3323
f 2021 3325 2049
f 3324 1789 2024
f 2024 3326 3324
f 2043 2039 2121
f 2123 2046 2043
f 2043 2121 2123
f 3325 2019 2054
f 3325 2054 3327
f 2019 3326 2054
f 3330 3326 2024
f 2049 3327 3268
f 2056 3327 2054
f 1602 3328 2050
f 3329 3267 3268
f 3329 2052 3328
f 2050 3328 2052
f 2052 3329 2056
f 3327 2056 3329
f 3330 2054 3326
f 2054 3330 2056
f 2050 3331 2055
f 3331 2050 2052
f 3331 2052 2056
f 2064 3330 2063
f 2056 2064 3331
f 2055 3331 2064
f 3330 2064 2056
f 2024 2063 3330
f 2057 2061 2063
f 2063 3332 2064
f 2063 2061 3332
f 2055 2064 2062
f 2062 3332 4015
f 2065 3370 2159
f 3333 2069 2078
f 3333 2085 4013
f 3339 2087 3334
f 3340 3319 2087
f 1856 3335 2091
f 2090 3341 3320
f 3336 1856 2091
f 3343 2090 3336
f 2089 3342 3335
f 3337 2085 2134
f 2085 3333 2134
f 2086 3337 2137
f 2134 3350 3337
f 2137 3338 2086
f 3339 2084 2088
f 2084 3338 2088
f 2137 2139 3338
f 2087 3339 2140
f 3340 2087 2140
f 3342 2089 2135
f 2136 3341 2090
f 2089 3340 2135
f 2140 3369 3340
f 3341 2172 2106
f 3341 2136 3359
f 2090 3343 2136
f 3343 2091 2147
f 2092 3346 2099
f 2099 3346 2158
f 3344 2171 3346
f 2106 3374 3345
f 2172 3374 2106
f 3347 3333 2114
f 2121 2120 2122
f 2121 3349 2123
f 2046 3348 2047
f 2047 3348 1173
f 2124 3348 2123
f 3349 2122 3351
f 2123 3349 2124
f 2124 2125 3347
f 2134 3347 2125
f 2126 2129 2143
f 2125 2124 3349
f 3349 3351 2125
f 3352 2125 3351
f 3352 3351 4117
f 3353 2126 3357
f 2126 2143 3357
f 4117 3351 2127
f 2143 2129 3360
f 3946 3945 2133
f 3355 2133 3945
f 3946 3364 2131
f 3364 3946 2133
f 3347 2134 3333
f 2088 4016 3339
f 2091 3342 2147
f 2135 3368 3342
f 2147 3365 3343
f 3350 2134 2125
f 2137 3350 2138
f 2139 2137 2138
f 2138 3350 3352
f 4117 2138 3352
f 2127 3353 4117
f 3356 2138 4117
f 3353 3357 3356
f 2144 3357 2143
f 2139 3356 3358
f 4016 2139 3358
f 3358 2141 4016
f 3357 2144 3358
f 2141 3358 2144
f 2140 4016 2141
f 2172 3359 3373
f 3365 2146 2136
f 2146 3359 2136
f 3361 3360 2142
f 2144 3360 3361
f 3354 2145 2142
f 2147 3368 3366
f 2143 3360 2144
f 3361 3369 2144
f 3366 3362 2145
f 3354 2131 3367
f 3367 2145 3354
f 2131 3364 3367
f 3363 2146 3364
f 3366 3365 2147
f 3366 2146 3365
f 3359 2146 3363
f 2145 3367 3366
f 2146 3367 3364
f 2135 3369 2148
f 3369 2140 2141
f 3368 2135 2148
f 2148 3369 3361
f 3361 3362 2148
f 3368 2148 3362
f 3346 2171 3371
f 2160 3371 2171
f 2128 2060 2156
f 2155 2159 2157
f 3370 2157 2159
f 2156 2065 2159
f 3945 2128 3355
f 2156 3372 2128
f 3372 2156 2159
f 3355 3372 2160
f 3372 2159 2158
f 3371 2160 3372
f 3373 3355 2160
f 2133 3373 3363
f 2171 3374 2160
f 3374 2172 3373
f 3375 3380 1222
f 3377 3376 1224
f 3379 1223 1228
f 3379 3378 4242
f 3378 3379 1229
f 3378 3380 4242
f 4242 3381 3379
f 1223 3381 4291
f 3395 1226 3381
f 3386 1222 3378
f 3380 3378 1222
f 1228 1223 3376
f 3384 3382 4291
f 3383 3385 1225
f 3382 3385 1224
f 3383 1224 3385
f 3385 3382 3384
f 1367 3377 3383
f 3385 3384 3397
f 3397 1225 3385
f 3398 1230 1271
f 3388 1229 3379
f 1273 3388 1228
f 1228 3376 3947
f 3376 3377 1267
f 1272 3386 1229
f 3376 1267 3947
f 3377 1367 3401
f 1222 3386 3387
f 3389 1231 3396
f 1231 3389 3375
f 3387 1230 3375
f 1231 3375 1230
f 1231 3390 3396
f 3393 3396 3390
f 3392 3390 4243
f 3391 1231 1230
f 3393 3390 3392
f 3392 1241 1235
f 3393 1237 4080
f 3392 3394 3393
f 3392 1235 3394
f 3381 4242 3395
f 3397 1239 1225
f 3389 3396 4230
f 1230 3398 3391
f 4243 3398 1274
f 1230 3387 4017
f 1229 3388 1272
f 3388 1273 3402
f 3387 3386 1269
f 3403 1269 3386
f 1369 3401 1367
f 1475 3400 1267
f 3439 1269 1473
f 1267 3401 1475
f 1480 3402 1273
f 1272 3402 1479
f 1479 3403 1272
f 1269 3403 1473
f 3400 1475 3440
f 3401 1369 3441
f 1273 3400 1480
f 3399 1281 3398
f 1274 3398 1281
f 1281 3399 1481
f 3404 1293 1298
f 1293 3404 3205
f 1302 3205 3404
f 1298 1293 1299
f 3404 1298 3406
f 3405 1299 1317
f 1298 1299 3405
f 3412 3405 1320
f 3404 3406 1302
f 3407 1302 3406
f 3407 3406 1306
f 3408 1306 3406
f 3410 1304 3407
f 3408 1310 1306
f 3405 3408 1298
f 3409 1306 3411
f 1306 3409 3407
f 3409 3411 3505
f 3505 3411 1764
f 3409 3504 3410
f 1309 3410 3504
f 1310 3411 1306
f 3413 1764 3411
f 3408 3405 3412
f 3413 1310 1559
f 1310 3412 1559
f 1764 3413 1787
f 3467 1787 3413
f 3468 1559 3412
f 1368 3414 1323
f 1323 3414 3415
f 3414 3383 1225
f 3414 1367 3383
f 1225 1332 3415
f 3416 1323 3415
f 3416 3415 1332
f 1325 3417 3416
f 1373 3417 1325
f 3418 1328 3419
f 3427 1367 3414
f 1323 3417 1368
f 3417 1373 3428
f 1325 3419 1373
f 1374 3419 1328
f 1324 3416 3420
f 1324 1334 3421
f 1334 1324 3420
f 1333 1332 1239
f 3420 1332 1333
f 1324 3418 1325
f 3418 3422 1328
f 3422 3418 3421
f 1337 3422 3423
f 3422 1337 3426
f 3423 3421 4177
f 1336 3423 3424
f 4177 3425 3423
f 1336 3424 1398
f 1398 1338 1336
f 1337 1336 1343
f 3424 3423 3425
f 4177 1346 1339
f 1377 3426 1337
f 1382 3426 1377
f 1604 3427 1368
f 1367 3427 1369
f 1368 3428 1604
f 3419 1374 3429
f 1328 3426 1374
f 3480 1374 3426
f 3477 1604 3428
f 1606 3477 3428
f 1609 3429 1374
f 1373 3429 1606
f 1374 3480 1609
f 1621 3480 1382
f 1398 3424 1400
f 3425 1400 3424
f 3425 1401 1400
f 1405 3430 3431
f 3432 3431 3430
f 1405 1402 3430
f 1411 3430 1402
f 1406 3430 1411
f 3432 3430 1406
f 3432 1409 3431
f 1409 3432 1433
f 1433 1410 1409
f 1406 3948 3432
f 1411 1413 3433
f 1411 3433 1406
f 3434 1406 3433
f 1417 3948 3434
f 3434 3433 1418
f 3433 1413 1418
f 3948 1417 3949
f 1416 1418 3435
f 1418 1416 3434
f 3434 1416 1417
f 3436 3950 1416
f 1418 1414 3435
f 3436 1416 3435
f 1414 1415 3435
f 3949 1434 3437
f 1433 3437 1702
f 1434 3438 4216
f 3442 1478 3439
f 1271 3439 1478
f 3399 1271 1478
f 3402 1480 3443
f 3403 1479 3444
f 1605 3441 1369
f 1527 3440 1475
f 3442 1473 1477
f 3442 1477 3458
f 1528 3444 1479
f 1475 3441 1527
f 3440 1527 3446
f 3441 1605 3447
f 1479 3443 1528
f 3443 1480 4232
f 1473 3444 1477
f 3444 1528 3448
f 1643 3447 1605
f 3456 1481 3399
f 1478 3442 4082
f 3458 1540 3442
f 1477 3448 3458
f 4232 3445 3443
f 1529 3445 4232
f 1532 3446 1527
f 1480 3440 4232
f 1527 3447 1532
f 1532 1529 3446
f 3447 1643 3453
f 3448 1528 1530
f 1528 3445 1530
f 3445 1529 3451
f 1533 3453 1643
f 3452 3451 1529
f 1530 3451 3449
f 3448 1530 3449
f 3458 3448 1531
f 3449 1531 3448
f 3450 3449 3465
f 1552 3451 3452
f 3449 3451 3465
f 1552 3465 3451
f 1532 3453 1534
f 3455 1534 3453
f 3488 3455 1533
f 3452 1534 3454
f 3454 1552 3452
f 1534 3455 3454
f 1481 3456 1535
f 3457 4082 1540
f 1535 3456 1547
f 3460 1547 3457
f 3459 3458 1531
f 3459 3466 3462
f 1547 3460 3463
f 3460 1540 3459
f 3460 3459 3462
f 1546 1545 3463
f 3463 3460 3461
f 3463 1589 1546
f 1549 1552 1553
f 1531 3466 3459
f 3466 1531 3450
f 3450 1551 3466
f 1553 1552 3454
f 3455 4321 1553
f 4321 3455 3488
f 3466 1551 1554
f 3467 1559 1569
f 1569 3471 3952
f 3468 1320 1566
f 1559 3468 1569
f 3470 1569 3468
f 1566 1582 1585
f 1589 3463 3461
f 1585 1584 3469
f 1586 3469 1584
f 1586 1592 3469
f 1592 1586 1591
f 3469 1592 1594
f 1594 1592 1593
f 1569 3470 3471
f 3470 1566 1585
f 3471 3470 1598
f 3470 1585 3472
f 3472 1585 3469
f 3472 3469 1594
f 1594 3474 3473
f 3474 1594 1593
f 1598 3472 3473
f 3473 3474 3476
f 3476 3474 1601
f 1598 3476 3475
f 3476 1598 3473
f 2048 3952 3475
f 1601 1602 3960
f 3475 3476 2051
f 1604 3477 1608
f 1608 3478 4083
f 1645 3477 1606
f 3429 1609 3479
f 3477 1645 3482
f 1644 3478 1608
f 1606 3479 1645
f 1646 3479 1609
f 3479 1646 3483
f 1609 3481 1646
f 3480 1621 3481
f 1653 3481 1621
f 1605 3478 1643
f 1608 3482 1644
f 3478 1644 3484
f 3485 3484 1644
f 3487 1646 3481
f 1649 3482 1645
f 1661 3483 1646
f 3486 3485 1644
f 1645 3483 1649
f 3483 1661 3489
f 3484 3485 1533
f 1533 3485 3488
f 1659 3488 3485
f 3953 1659 3486
f 1660 3487 1653
f 1646 3487 1661
f 3492 1661 3487
f 3488 4330 4321
f 1649 3489 3486
f 3486 3489 3953
f 3490 3953 3489
f 1659 3953 1654
f 3490 3489 1661
f 3493 4273 1660
f 1661 3492 3490
f 1658 3490 4149
f 4149 3490 3491
f 1660 1662 3493
f 3491 3490 3492
f 1662 1663 3493
f 3493 1719 4273
f 1702 3494 1706
f 1726 3494 4118
f 3494 1726 3498
f 1706 3498 3495
f 3495 1722 1701
f 3496 3495 1725
f 1722 3496 3973
f 1720 3751 3497
f 3973 3497 3751
f 3496 1725 3497
f 1720 3497 4178
f 1732 3498 1726
f 2213 3499 2208
f 3495 3498 1725
f 3500 1725 3498
f 3502 3500 1732
f 3501 3500 3502
f 1726 3499 1732
f 1730 1728 3501
f 1733 3501 3502
f 1731 1730 3610
f 3610 1730 1733
f 3503 1733 3502
f 3499 2213 3502
f 3503 3502 2213
f 3505 3504 3409
f 3504 1767 1309
f 1765 3504 3505
f 3505 1764 4179
f 1768 3505 4179
f 1767 3504 1765
f 3506 1765 1768
f 1770 1765 3506
f 3507 1768 1769
f 1775 3506 3510
f 1770 3506 1775
f 3507 3510 3506
f 3510 3507 3511
f 3511 3507 3514
f 1769 3509 3507
f 3508 1764 1787
f 3510 1777 1775
f 3511 1778 3510
f 1782 3511 3514
f 3514 1790 1782
f 3509 1769 1788
f 3571 1788 3508
f 3515 1821 3512
f 3515 3517 1821
f 3515 1816 1818
f 3512 1821 3513
f 4084 3513 1821
f 3517 3515 1822
f 1821 3517 3516
f 3516 4201 4084
f 3517 3521 3518
f 3521 3517 1822
f 3516 3517 3518
f 4201 3519 3522
f 3519 4201 3516
f 3518 3521 3520
f 3518 3519 3516
f 3519 3518 3520
f 3531 3519 3520
f 3538 3520 3521
f 1822 3530 3521
f 3523 1825 3522
f 3522 3519 3531
f 3523 3522 3531
f 1825 3523 3533
f 3956 3533 3524
f 1826 3957 3535
f 1826 3525 1827
f 3526 1825 3527
f 3527 3956 3528
f 3528 1826 3529
f 3529 1827 3560
f 3530 1822 1828
f 3521 3530 1869
f 3534 3524 3533
f 3524 3534 3536
f 3534 3533 1836
f 3541 1837 1836
f 3536 3534 1837
f 3525 3535 3557
f 3957 3524 3536
f 3536 1833 3957
f 3535 3957 1833
f 3537 1834 3535
f 3557 3535 1834
f 3540 3536 1837
f 1833 3540 1838
f 3537 1833 1838
f 3542 1835 3537
f 1834 3537 1835
f 3538 3521 1869
f 1832 3538 1868
f 1868 3539 1832
f 1836 3539 1871
f 3541 1836 1871
f 1837 3541 1872
f 3540 1837 1872
f 1838 3540 1873
f 3544 1873 3540
f 3542 1838 1873
f 1835 3542 1993
f 3530 1828 1858
f 2092 4019 1858
f 4019 1869 3530
f 3582 1872 3541
f 3583 1993 3542
f 3958 3543 4020
f 3543 4019 2108
f 3584 2109 4020
f 1871 4018 2107
f 3585 2107 4018
f 3582 1871 2107
f 1872 3582 2110
f 3544 1872 2110
f 3583 1873 2111
f 1873 3544 2111
f 3586 2111 3544
f 1993 3583 2259
f 3435 3545 3436
f 3546 3436 3545
f 3545 3435 1415
f 3546 3545 1880
f 3545 1878 1880
f 1884 3546 1881
f 3546 1884 1883
f 1879 1880 1878
f 3547 1880 1879
f 1880 3547 1881
f 3550 3548 3547
f 1881 3548 1884
f 3549 3548 3550
f 3552 1889 1888
f 3552 1935 1937
f 1887 4022 1886
f 1890 4022 3959
f 4022 1890 3550
f 3550 1890 3549
f 3549 1890 1918
f 3548 3549 3551
f 1916 3551 3549
f 3606 2185 4023
f 1884 3551 2186
f 3551 1916 3607
f 3552 1937 3553
f 1889 3553 1934
f 3554 1934 3553
f 1935 3555 1937
f 3554 3553 1937
f 1936 3554 1953
f 1938 1951 1940
f 1935 1939 1950
f 3558 3555 1938
f 3558 1940 1957
f 1940 1941 1957
f 1941 3556 3557
f 1957 1941 3563
f 3559 3558 1957
f 1941 1940 1942
f 3556 1941 1942
f 1827 3556 1942
f 3561 3555 1943
f 3561 3554 1937
f 3554 3561 1953
f 3555 3558 1943
f 3559 1943 3558
f 1944 1940 1951
f 3560 1942 1944
f 1962 3561 1943
f 3561 1962 3567
f 1991 3567 1962
f 1941 3562 3563
f 3557 3556 3525
f 3562 3557 1834
f 3564 3563 1958
f 1957 3564 3559
f 3563 3562 1958
f 1834 1958 3562
f 3559 3564 1961
f 3564 1958 1963
f 3564 1963 3568
f 1943 3565 1962
f 1961 3565 3559
f 1835 3566 1834
f 1958 3566 1963
f 1961 3568 1990
f 1962 3565 1991
f 3565 1961 1990
f 1990 3569 3565
f 3566 1835 1993
f 1963 3566 1992
f 3570 1992 3566
f 1992 3568 1963
f 1953 3567 1952
f 1952 3567 1985
f 3567 1991 3962
f 3617 1990 3568
f 3569 1990 2258
f 3962 1991 2262
f 3618 2262 3569
f 2263 3617 1992
f 1990 3617 2258
f 3570 1993 2259
f 1992 3570 2263
f 3620 2263 3570
f 3572 2022 3571
f 1788 3571 2022
f 3955 1788 2022
f 3572 2014 2048
f 3573 2022 2053
f 2023 3955 2028
f 3573 2028 3955
f 2028 3573 4086
f 2022 3572 2053
f 2048 3574 3572
f 4086 4024 3579
f 2053 3574 3577
f 3574 2048 3475
f 3574 3475 2051
f 2051 3576 3575
f 3576 2051 3960
f 3577 3574 3575
f 1602 2050 3576
f 3578 3576 2050
f 3575 3576 3578
f 4024 2053 3577
f 3580 3578 2055
f 3578 3580 3577
f 2059 3579 2066
f 3579 4024 3580
f 2055 2062 3580
f 3580 2062 3579
f 4150 2058 4025
f 2061 4150 4310
f 3581 2092 2099
f 3581 2108 4019
f 3587 2110 3582
f 3586 3544 2110
f 2111 3588 3583
f 3584 2108 2173
f 2108 3581 2173
f 2109 3584 2175
f 2173 3593 3584
f 2175 3585 2109
f 3587 2107 2112
f 3586 2110 2181
f 3588 2111 2174
f 2107 3585 2112
f 2175 2180 3585
f 2110 3587 2181
f 2111 3586 2174
f 2259 3588 4120
f 2181 3605 3586
f 3589 3581 2149
f 2058 2163 3591
f 3591 4025 2058
f 4015 3590 2157
f 2161 2157 3590
f 4150 4025 3590
f 2161 3590 4025
f 3592 3589 2149
f 3592 2162 3589
f 2173 3589 2162
f 3592 2161 4025
f 2162 3592 3591
f 3591 3594 2162
f 3595 2162 3594
f 3595 3594 2177
f 2164 2165 3598
f 2169 2167 2170
f 2170 2168 2178
f 3594 2164 2177
f 2164 3598 2177
f 3596 2169 2179
f 3601 2179 2169
f 2169 2170 3601
f 2170 3603 3601
f 3589 2173 3581
f 2112 4026 3587
f 2174 3604 3588
f 3593 2173 2162
f 2175 3593 2176
f 2176 3593 3595
f 2180 2175 2176
f 3597 2176 3595
f 3597 3595 2177
f 3600 3597 3598
f 3596 2179 3599
f 2180 3597 3600
f 4026 2180 3600
f 3600 2182 4026
f 3598 3599 3600
f 2182 3599 2179
f 3602 2179 3601
f 3601 3603 3602
f 3602 2182 2179
f 3632 3603 2178
f 2181 4026 2182
f 2174 3605 2183
f 3605 2181 2182
f 4120 3604 3632
f 3604 2174 2183
f 2183 3605 3602
f 3602 3603 2183
f 3604 2183 3603
f 2187 3606 2186
f 2186 3607 2187
f 3954 2185 2208
f 3608 2208 3606
f 2190 3607 1916
f 3607 2190 3609
f 2208 3608 2213
f 2214 3608 2187
f 2187 3609 2214
f 3616 3609 2190
f 3612 2213 3608
f 3613 3612 2214
f 2213 3612 3503
f 3503 3612 3611
f 3611 2209 3610
f 3611 3612 3613
f 3613 2214 3609
f 3961 2209 3611
f 3961 3611 3613
f 3961 2215 4027
f 3613 2225 3961
f 2215 3961 2225
f 2218 2220 3616
f 2222 2295 2293
f 2225 3615 2215
f 3616 3615 2225
f 3616 2220 3615
f 2227 3615 2220
f 2221 2215 4127
f 2215 3615 2226
f 2226 3615 2227
f 2247 3619 2253
f 2253 3619 4202
f 3962 2262 3619
f 3620 3570 2259
f 3617 2263 3621
f 2299 3619 2262
f 2307 3618 2258
f 2262 3618 2299
f 2307 3627 3618
f 2308 3621 2263
f 3620 2259 4120
f 3621 2307 2258
f 2263 3620 2308
f 4120 3628 3620
f 3619 2299 3622
f 2293 2295 2297
f 3614 2295 2222
f 2295 3626 2297
f 2295 3614 2298
f 2298 3614 2296
f 2294 2298 2296
f 2298 3626 2295
f 3963 2297 3625
f 2292 3963 4153
f 3624 2300 3630
f 2300 3631 3630
f 3625 2301 3963
f 3623 3963 2301
f 2301 3631 3623
f 3625 3626 3622
f 3627 3625 3622
f 2301 3625 3627
f 3627 2307 2313
f 3621 2308 3629
f 2307 3629 2313
f 3628 2314 2308
f 2314 3629 2308
f 2299 3627 3622
f 2313 3631 2301
f 3630 2178 3624
f 2314 3632 3630
f 3630 3631 2314
f 3632 2314 3628
f 2314 3631 3629
f 3630 3632 2178
f 2301 3627 2313
f 3628 4120 3632
f 3638 3635 3633
f 1326 3635 1327
f 3640 1327 3635
f 3635 3638 3640
f 1326 4180 3634
f 1327 4088 4180
f 3633 3635 1331
f 1370 3635 1326
f 3669 1331 1370
f 1371 3636 1329
f 3637 1330 1340
f 3637 1331 1372
f 3644 1330 1376
f 3633 4028 3638
f 3637 1340 3633
f 4028 3633 1340
f 4028 3639 1341
f 1342 1341 3639
f 3642 3641 1347
f 3641 3639 1340
f 3640 4088 1327
f 3638 4089 3640
f 3640 4089 3964
f 1330 3641 1340
f 3641 3642 3639
f 1342 3639 3642
f 3642 1343 1338
f 3642 3643 1342
f 3642 1338 3643
f 1405 3643 1338
f 1342 1430 4292
f 4089 1341 1350
f 1330 3644 3641
f 1347 3644 1377
f 3648 4217 3634
f 3648 1351 3645
f 1386 3647 1352
f 4221 3651 3648
f 3650 1351 3651
f 1385 3646 3649
f 3649 3652 3653
f 3652 3649 3650
f 1352 3647 3653
f 3647 1385 3649
f 3652 3650 3654
f 3654 3661 3652
f 3655 3652 3661
f 1352 3655 3656
f 3655 1352 3653
f 3655 3653 3652
f 3656 3655 1353
f 3657 1355 3658
f 3645 3646 1387
f 1351 3646 3645
f 3672 1385 3647
f 3645 1387 3965
f 3646 1385 3673
f 1352 3656 3674
f 3656 1354 3674
f 4156 3674 1354
f 1354 3658 4156
f 3656 3657 1354
f 1388 3658 1355
f 1353 3655 3659
f 1353 3657 3656
f 3660 1353 3659
f 1357 3657 3660
f 1355 3657 1357
f 1365 3667 3662
f 4233 3663 1360
f 4233 3666 3662
f 3666 1365 3662
f 3665 4233 1360
f 1359 3666 3664
f 1358 3665 1360
f 1366 3666 1359
f 3663 4154 1360
f 3666 1366 3677
f 1355 3667 1388
f 1395 3667 1365
f 1365 3677 1395
f 3667 1395 3676
f 1396 3677 1366
f 1331 3669 1372
f 1375 3669 1370
f 1370 3636 1375
f 1607 3670 1371
f 1372 3669 3702
f 1607 3703 3670
f 3671 1382 3644
f 1377 3644 1382
f 1382 3671 1621
f 1625 3673 1385
f 1626 3672 1386
f 1628 3675 1387
f 1385 3672 1625
f 1386 3674 1626
f 3658 1388 3970
f 1371 3675 1607
f 1387 3673 1628
f 3673 1625 3707
f 3709 1607 3675
f 3674 4156 3708
f 3970 1388 1630
f 3677 1396 3712
f 1641 3676 1395
f 1642 3712 1396
f 1395 3712 1641
f 1396 3678 1642
f 1403 1399 1407
f 3679 1399 1403
f 1399 3679 1402
f 1411 1402 3679
f 3643 1405 3680
f 1404 1407 1408
f 3685 1404 1429
f 1403 3681 3679
f 3679 3681 1411
f 3682 1413 3681
f 3683 1412 3681
f 1412 3683 1419
f 1414 1413 3682
f 3683 1403 1404
f 1419 3683 3685
f 1412 3684 3682
f 3684 1412 1874
f 3684 1415 1414
f 3686 1419 4090
f 3664 3688 3687
f 3688 3664 3665
f 3687 3688 3691
f 3688 3665 1420
f 1359 3687 3689
f 3687 1359 3664
f 3689 3687 1421
f 1359 3689 3966
f 3688 1422 3691
f 3691 1425 3694
f 1421 3692 3689
f 1421 3691 3690
f 3691 1421 3687
f 3689 3692 3668
f 3690 3691 3694
f 1423 3692 3690
f 1420 4283 1422
f 1422 1426 1425
f 1424 3692 1423
f 3692 1424 3699
f 3969 3699 1424
f 3693 3694 1425
f 4284 3694 3693
f 3694 4284 1423
f 1425 1426 3968
f 1423 4284 3967
f 3695 4284 3693
f 4284 3696 3697
f 1894 3696 3695
f 3693 1896 3695
f 1902 3696 1894
f 3696 1902 3701
f 3967 3697 3969
f 3745 1429 1699
f 1419 3685 1435
f 3745 1435 3685
f 3698 1911 4090
f 1875 3686 4090
f 1435 3745 1707
f 3698 1435 1707
f 1911 3698 2184
f 1439 3678 3668
f 3668 3699 1439
f 4324 3699 3969
f 3969 3700 4324
f 1709 3678 1439
f 1439 3748 1709
f 1711 3748 4324
f 4324 3700 1711
f 2198 4181 4121
f 3697 3701 1446
f 1714 3700 1446
f 1446 4181 1714
f 1375 3703 1612
f 1612 3702 1375
f 1372 3702 1610
f 1611 3703 1607
f 1612 3705 3702
f 3704 1372 4157
f 3706 1613 4157
f 1376 3704 4157
f 3671 1376 1613
f 3703 1611 3714
f 1650 3705 1612
f 3706 1610 1651
f 3720 1613 1648
f 3720 1621 3671
f 1626 3708 1629
f 3970 1630 3711
f 1607 3709 1611
f 1672 3709 1628
f 3707 4244 1671
f 3708 1627 1629
f 1628 3707 1672
f 3709 1672 3729
f 4030 3710 4249
f 1627 3711 1673
f 1674 3711 1630
f 3711 1674 3731
f 3676 1641 4029
f 3712 1642 3713
f 1642 3737 1695
f 1610 3705 1651
f 1612 3714 1650
f 3705 1650 3716
f 1647 3714 1611
f 3714 1647 3717
f 1677 3717 1647
f 1613 3706 1648
f 1651 3715 3706
f 3715 1651 1652
f 3716 1650 3718
f 1650 3717 3718
f 3718 3717 3724
f 1677 3724 3717
f 3718 1652 3716
f 1651 3716 1652
f 3719 3718 3724
f 1652 3718 3719
f 1678 3724 1677
f 1621 3720 1653
f 1653 3720 4218
f 3723 4218 4182
f 1648 3715 3721
f 1652 3722 3721
f 3722 1665 3721
f 4218 3723 3727
f 3723 3721 1665
f 1666 1678 1664
f 1666 3719 3724
f 1666 3724 1678
f 3722 3719 4092
f 3725 1665 3722
f 1668 1670 1669
f 3725 1667 1669
f 3726 1665 1669
f 3727 3723 3726
f 1670 3726 1669
f 3727 1663 1662
f 1663 3727 1723
f 3726 1670 3727
f 4244 3710 1671
f 1629 3730 4030
f 1611 3709 1647
f 3729 1672 1675
f 3728 1671 3735
f 1679 3730 1673
f 3741 1674 4029
f 1693 3731 1674
f 1647 3729 1677
f 1672 3728 1675
f 3729 1675 4183
f 3735 1676 3728
f 3732 4183 1675
f 3733 1678 4183
f 3733 4183 3732
f 1675 1676 3732
f 3732 3734 3733
f 3732 1676 3734
f 3738 3734 1676
f 4245 3738 4251
f 1673 3731 1679
f 3731 1693 3739
f 1641 3713 3971
f 3713 1695 3744
f 1686 1690 3733
f 3734 1687 1686
f 1687 3734 3738
f 3738 1691 1687
f 3736 1679 4184
f 3740 4184 3739
f 4245 4184 1688
f 1674 3741 1693
f 1696 3741 3971
f 3742 3739 1693
f 3740 3739 3742
f 3741 1696 3742
f 3742 3743 3740
f 3971 3744 1696
f 1692 3743 1694
f 3742 1696 3743
f 3758 3743 1696
f 3760 4205 3744
f 3746 1699 1704
f 3746 1707 3745
f 1707 3747 3698
f 3747 1707 1727
f 3678 1709 3737
f 1736 3737 1709
f 1738 3748 1711
f 1709 3748 1736
f 3757 1736 3748
f 1711 3749 1738
f 3700 1714 3749
f 1746 3749 1714
f 3750 1704 1716
f 1717 3750 1716
f 1717 3751 3750
f 3751 1717 1718
f 3750 3751 1721
f 1670 1724 1723
f 1707 3746 1727
f 1704 3753 3746
f 3750 3753 1704
f 3752 2207 3747
f 2184 3747 2207
f 1727 3753 1729
f 3753 3750 1721
f 1721 3754 1729
f 3752 1727 1729
f 3755 3754 1730
f 1729 3756 3752
f 3754 3755 3756
f 1730 1731 3755
f 3752 3756 2210
f 2210 3756 3755
f 3737 1736 3760
f 1742 3760 1736
f 3763 4285 1738
f 4285 3757 1738
f 1694 1741 1735
f 1695 3760 3744
f 1736 3757 1742
f 3761 1742 4285
f 1694 3758 1741
f 1741 4205 1740
f 1740 3759 1744
f 3760 1742 3759
f 1740 1744 1743
f 1743 4032 1745
f 3765 3761 4285
f 3761 3759 1742
f 3759 3761 1744
f 4032 1744 3761
f 1738 3749 3763
f 1748 3763 3749
f 1746 3762 1748
f 2234 3762 3972
f 1749 3763 1748
f 3764 4032 3765
f 3763 1749 3765
f 3765 1749 3764
f 3766 1748 3762
f 1748 3766 1749
f 1749 3766 3767
f 1749 1750 3764
f 2231 1750 3767
f 3767 3766 2233
f 2233 3766 2234
f 1874 3768 3684
f 3684 3768 1415
f 3769 1874 1875
f 1876 3769 3771
f 3769 1876 3768
f 1877 3768 1876
f 3771 3769 1882
f 3768 1877 1878
f 3772 1882 3769
f 3770 1876 3771
f 1876 3770 1877
f 1879 1877 3770
f 1886 3770 3774
f 1879 3770 1886
f 3771 1885 3770
f 3774 3770 1885
f 3773 1885 3771
f 3772 1875 1911
f 1885 3773 3777
f 3773 1882 1912
f 3774 1887 1886
f 1887 3774 4033
f 4033 1891 1888
f 1885 3777 4033
f 1893 1899 1894
f 3780 1894 1899
f 1893 1895 1899
f 1894 3780 4160
f 3778 1898 4034
f 4295 1899 3778
f 3778 1899 1895
f 4262 3779 4295
f 1895 1900 3778
f 3780 3779 1904
f 4263 1906 1905
f 4295 4034 4262
f 3781 4262 4034
f 1906 4034 1898
f 3781 1906 4246
f 3781 4034 1906
f 1908 3783 3781
f 1898 1907 1905
f 4262 3783 1925
f 4263 1969 4246
f 4246 3782 1908
f 3781 4246 1908
f 1905 1910 4263
f 2004 3782 1969
f 1929 3783 1908
f 1908 3787 1929
f 3783 1929 3786
f 1882 3772 1912
f 3834 1912 3772
f 3834 1911 2184
f 3777 3773 1913
f 3835 1913 3773
f 1902 3784 4121
f 1904 3785 2200
f 3784 2200 4206
f 2205 3785 1925
f 3785 2205 3838
f 1925 3786 2205
f 2206 3786 1929
f 1929 3787 3839
f 3786 2206 3975
f 3788 1946 1945
f 1945 3775 3788
f 3788 1934 1936
f 3775 1945 3776
f 3789 3776 1945
f 1946 3788 1947
f 3791 1945 1946
f 3792 3789 3791
f 3789 3792 1954
f 1946 3796 3791
f 3796 1946 1947
f 3791 3796 3793
f 3792 3791 3793
f 3793 1949 3792
f 3793 3796 1948
f 3802 3793 1948
f 3790 3792 1949
f 3797 3790 1949
f 3795 4094 1956
f 4094 3795 3794
f 1947 3798 3796
f 3798 1947 1952
f 1948 3798 1994
f 1949 3793 1964
f 1949 3800 3799
f 3795 3797 3799
f 3799 3800 3801
f 3794 3795 3799
f 3794 3799 3801
f 3800 1949 1964
f 3801 1959 3794
f 3815 3794 1959
f 3801 3800 1965
f 3803 3801 1965
f 1964 3804 3800
f 1959 3803 1960
f 3802 1948 1994
f 1965 3804 1997
f 3803 1965 1997
f 1960 3803 1995
f 3828 1995 3803
f 3804 1964 1996
f 4035 1972 1967
f 4094 3815 3806
f 4095 1966 3816
f 4122 1967 1974
f 4095 3818 3808
f 3806 1966 3807
f 1974 1967 1972
f 3809 3810 1969
f 1968 3811 3809
f 3811 4035 3805
f 3812 3810 3811
f 3809 3811 3810
f 1975 3814 3810
f 1969 3814 2004
f 3782 2004 3787
f 1970 3805 4161
f 3812 3805 1970
f 3810 3812 1975
f 3826 1975 3812
f 2007 4096 1975
f 1975 3826 2007
f 2010 3826 1970
f 1966 3815 1976
f 3816 1966 1976
f 3822 1976 3815
f 1976 3822 3817
f 3816 1976 3817
f 3817 1977 3816
f 4122 4123 3819
f 3820 3819 3818
f 1977 3820 3818
f 3820 1977 1979
f 3819 3820 1981
f 3821 3819 1981
f 3813 3821 1978
f 3821 1981 3831
f 1977 3823 1979
f 3822 1959 1960
f 3817 3822 1980
f 3823 3817 1980
f 1960 3830 3822
f 3820 1979 3824
f 1978 3825 4161
f 1978 3831 2008
f 3830 1960 1995
f 1980 3830 2009
f 3823 1980 2009
f 3832 4124 3823
f 3824 1979 4124
f 2279 3831 1981
f 1970 3825 2010
f 3825 1978 2008
f 2008 3833 3825
f 3798 1952 1985
f 2247 4036 1985
f 1964 3802 1996
f 4036 1994 3798
f 3858 1997 3804
f 3827 4036 2264
f 1996 3827 2260
f 3859 2260 3827
f 3858 1996 2260
f 1997 3858 2265
f 3828 1997 2265
f 1995 3828 2261
f 3860 2261 3828
f 2006 3787 2004
f 3787 2006 3839
f 2004 4096 2006
f 3862 2007 3826
f 2278 3829 2007
f 2006 3829 4185
f 1981 3824 2279
f 3865 2279 3824
f 3863 2009 3830
f 3864 2008 3831
f 3863 1995 2261
f 3832 2009 2280
f 2009 3863 2280
f 3866 2281 3832
f 2008 3864 2285
f 2284 3862 2010
f 3833 2008 2285
f 2010 3833 2284
f 3869 2284 3833
f 1912 3834 2188
f 2184 3840 3834
f 3835 1912 2188
f 3840 2184 2207
f 3836 2188 2211
f 3836 2193 3835
f 1913 3835 2193
f 2193 3836 4097
f 2202 3837 2200
f 4031 2198 3972
f 3837 2202 3846
f 3975 2206 4219
f 2188 3840 2211
f 3841 2211 3840
f 2211 3841 2212
f 3841 2207 3752
f 3841 3752 2210
f 2210 3842 2212
f 3842 2210 3755
f 1731 2209 3842
f 3844 3842 2209
f 2212 3842 3844
f 3843 2211 2212
f 2212 3844 3843
f 4027 2221 3844
f 3843 3844 4125
f 3843 4097 3836
f 2217 4097 4126
f 2221 4126 4125
f 3845 4163 2219
f 3845 2219 4037
f 3972 3846 2234
f 2235 3846 2202
f 2202 3847 2235
f 3849 2234 3846
f 2236 3849 2235
f 2231 3848 2232
f 2234 3849 2233
f 2231 2233 3848
f 2233 2231 3767
f 3848 2233 2236
f 3849 2236 2233
f 4164 2235 3847
f 2235 4164 2236
f 2232 3850 2230
f 3850 3848 2236
f 3851 2236 4164
f 2230 3850 3853
f 3853 3850 3851
f 3851 4164 2244
f 2238 3852 2244
f 2239 3977 4165
f 3855 2244 3852
f 2230 3853 2239
f 3977 3853 3856
f 2244 3855 3851
f 3855 3856 3853
f 3856 3855 3976
f 4165 3854 2245
f 3856 2246 3854
f 4040 2245 3979
f 2246 3856 3976
f 3857 2247 2253
f 3857 2264 4036
f 3861 2265 3858
f 3860 3828 2265
f 3859 2264 2309
f 2264 3857 2309
f 2260 3859 2310
f 2309 3878 3859
f 2310 3861 2260
f 3860 2265 2311
f 2265 3861 2311
f 2311 3883 3860
f 3839 4185 2242
f 3829 4039 4185
f 3866 3832 2280
f 4124 3832 2281
f 2283 3864 2279
f 3865 4124 2281
f 2279 3865 2283
f 3868 2283 3865
f 3864 2283 4128
f 3869 3833 2285
f 3862 2284 3870
f 3867 3863 2261
f 3866 2280 2282
f 3868 2281 2336
f 2280 3863 2282
f 2281 3866 2336
f 3867 2261 2312
f 2282 3895 3866
f 3895 2282 2332
f 2331 3870 2284
f 2284 3869 2331
f 3871 3857 2290
f 2219 2302 3873
f 3873 4037 2219
f 3872 2224 2227
f 2224 3872 2296
f 2305 2296 3872
f 3845 4037 3872
f 2305 3872 4037
f 3874 3871 2290
f 3874 2306 3871
f 2309 3871 2306
f 2303 2304 3880
f 3874 2305 4037
f 2306 3874 3873
f 3873 3875 2306
f 3876 2306 3875
f 3876 3875 2315
f 3875 2303 2315
f 2303 3880 2315
f 3877 2321 2334
f 3871 2309 3857
f 2261 3860 2312
f 3879 2311 3861
f 3878 2309 2306
f 2310 3878 3876
f 3879 2310 3876
f 3879 3876 2315
f 3882 3879 3880
f 3877 2334 3881
f 2311 3879 3882
f 3883 2311 3882
f 3882 2316 3883
f 3880 3881 3882
f 2316 3881 2334
f 2312 3883 2316
f 3891 4038 4039
f 3976 4038 2246
f 4039 2278 2330
f 3870 2331 3894
f 2321 2322 2326
f 2326 2323 3978
f 3885 2325 3884
f 2320 3884 2325
f 2324 2327 2323
f 3897 2334 2321
f 2321 2326 3897
f 3899 3978 4041
f 2326 3899 3897
f 3884 3888 3886
f 2327 3885 3887
f 3885 3890 3887
f 3887 4041 2327
f 2329 3891 2330
f 4038 3891 2246
f 3892 4040 2329
f 3979 3854 2246
f 3979 2329 4040
f 2320 2328 3892
f 3892 3888 2320
f 3893 3888 3892
f 3891 2329 3979
f 2329 3894 3893
f 3889 3894 2331
f 3888 3893 3889
f 3894 3889 3893
f 3886 3888 3889
f 2282 3867 2332
f 2283 3868 2333
f 2312 3902 3867
f 2336 3901 3868
f 3898 2316 2334
f 3897 3898 2334
f 3897 3899 3898
f 3901 3900 4041
f 3887 3890 2335
f 2335 4041 3887
f 3896 2335 3890
f 2333 3901 2335
f 3896 2333 2335
f 4041 2335 3901
f 3902 2312 2316
f 2336 3900 3901
f 2332 3900 3895
f 2332 3902 3898
f 3898 3900 2332
f 2331 3903 3889
f 47 3904 2373
f 3981 4250 2357
f 3905 16 3981
f 12 4250 3981
f 21 2370 3906
f 24 2368 18
f 4265 45 2399
f 127 3908 2398
f 3984 320 328
f 328 321 336
f 329 3984 330
f 315 4133 331
f 3910 2462 2458
f 3911 404 2460
f 598 2479 4235
f 648 2496 649
f 679 2520 666
f 714 955 954
f 2618 4311 4190
f 3915 2625 30
f 2622 30 2625
f 61 3916 2663
f 2646 154 152
f 133 4328 2651
f 4328 2656 2655
f 199 73 296
f 261 3917 2674
f 352 364 362
f 420 3918 2693
f 482 2714 480
f 480 2714 491
f 492 493 490
f 611 3920 2743
f 645 880 878
f 951 712 957
f 3921 737 735
f 3921 739 737
f 759 3922 821
f 3922 1040 762
f 783 2777 774
f 3923 770 2792
f 2781 4236 2782
f 2797 3924 4107
f 3926 2701 426
f 879 3927 913
f 916 1010 923
f 951 957 958
f 3922 1124 1085
f 827 1085 1090
f 1129 2852 2825
f 1128 1065 1138
f 3928 2865 2864
f 225 231 228
f 518 531 527
f 2935 553 2937
f 554 2937 553
f 4002 2974 2975
f 743 760 763
f 832 3930 2991
f 2997 4238 2998
f 809 3931 4110
f 1064 1135 1069
f 846 1114 1113
f 1168 3072 3062
f 248 3933 1284
f 3086 3934 4247
f 3934 1751 3088
f 4296 3090 3936
f 3152 3937 1580
f 1051 4072 1077
f 1077 4072 1079
f 4072 3155 1079
f 3173 1192 1197
f 1245 3162 3203
f 1204 1218 1210
f 3933 1283 1284
f 1322 3939 3215
f 1504 1514 1511
f 1506 3940 1518
f 1522 1523 4010
f 1762 1763 1786
f 3301 4115 3294
f 2038 2039 2043
f 3370 2066 4015
f 1849 2080 2079
f 2117 3945 2132
f 1273 3947 3400
f 1276 1277 1242
f 4017 1269 3439
f 1237 1296 1300
f 3420 1333 1335
f 1383 1277 1282
f 4118 1434 4216
f 1554 3461 3462
f 3951 1551 3450
f 2014 3467 3952
f 1589 1591 4011
f 1589 1590 1591
f 3954 3499 1726
f 1783 1792 1793
f 1788 3955 3509
f 3957 1826 3528
f 1869 3958 3538
f 1889 3959 1887
f 3576 3960 1602
f 2163 2164 3594
f 3609 2225 3613
f 2216 2222 2293
f 4261 2251 2250
f 3963 3623 4153
f 3636 1326 1329
f 1371 3965 3675
f 1357 3662 3667
f 1363 1392 4155
f 4156 3658 3970
f 1430 3680 1409
f 3668 3966 3689
f 3966 3668 3678
f 3697 3967 4284
f 3969 3697 1446
f 4181 2198 4031
f 1630 3676 4029
f 1641 3712 3713
f 1657 3725 4092
f 3971 3713 3744
f 1691 4245 1688
f 3775 3959 1889
f 1892 1917 1918
f 1895 1901 1900
f 4093 1910 1927
f 4093 1927 1928
f 3974 3785 3838
f 1968 1971 4035
f 3819 3813 4122
f 3821 3813 3819
f 3829 2278 4039
f 3974 3838 3847
f 3836 2211 3843
f 3977 3854 4165
f 4040 2328 2245
f 2302 2303 3875
f 2326 3978 3899
f 3890 3886 3896
f 1 2343 5
f 5 3904 4187
f 3904 44 2373
f 53 9 4130
f 3982 2365 21
f 4265 2399 4
f 3980 2347 45
f 21 3906 3982
f 2413 3982 3906
f 2384 4298 86
f 2386 586 2385
f 2391 4099 4331
f 3907 125 4331
f 3907 105 127
f 3908 127 105
f 3983 2421 330
f 2426 322 2400
f 331 4133 334
f 4133 4045 334
f 328 336 2428
f 338 2433 2437
f 354 2445 2444
f 4134 2446 4266
f 387 2452 419
f 2459 392 2455
f 2459 2461 401
f 2469 2465 2468
f 2469 4100 2465
f 426 2470 2472
f 2477 588 2474
f 653 600 2482
f 599 3912 648
f 2394 2487 612
f 2490 618 619
f 668 2520 680
f 2530 669 2523
f 4101 2542 4103
f 715 3913 953
f 717 2537 966
f 887 2550 889
f 2549 892 893
f 921 2563 922
f 924 3985 925
f 2587 980 4207
f 3986 2597 2591
f 1007 3914 3987
f 985 2611 988
f 2606 2608 2605
f 2580 1023 1028
f 4274 2629 2617
f 2637 2635 109
f 4190 3916 61
f 3916 190 2663
f 133 2649 132
f 4209 2670 724
f 240 3917 261
f 3917 729 2674
f 358 2685 360
f 3918 904 2693
f 2705 3989 2716
f 3989 2711 2718
f 494 2726 2725
f 2731 4057 4309
f 498 557 2728
f 571 2737 2739
f 604 2740 2635
f 3920 2740 604
f 605 613 3990
f 2763 2756 678
f 2762 2761 686
f 3991 722 4105
f 720 3992 2767
f 719 3993 3991
f 3993 719 2765
f 3991 3993 969
f 2816 3993 2767
f 2773 733 737
f 3923 2777 784
f 3923 771 770
f 790 4107 793
f 793 3924 829
f 3924 2803 829
f 786 3925 1089
f 3924 2797 834
f 831 2804 1099
f 2701 3926 2699
f 2811 2809 908
f 2820 923 1016
f 3994 970 1034
f 2820 926 925
f 3995 2829 2825
f 1060 2837 1066
f 1070 3996 1071
f 1132 2852 1126
f 4108 4256 4210
f 1138 2849 1146
f 3997 2891 2874
f 2872 167 2889
f 168 3998 169
f 2891 171 2879
f 169 3998 171
f 162 163 2884
f 2912 2911 239
f 2911 2912 236
f 2939 3999 2946
f 3999 4000 2950
f 3929 509 528
f 523 507 525
f 2955 4001 530
f 4002 723 2974
f 723 4002 4109
f 723 730 2974
f 730 723 2978
f 2991 3930 830
f 811 2991 830
f 3009 2994 796
f 802 3931 809
f 3021 805 3004
f 3008 3007 811
f 815 816 3010
f 3018 811 830
f 830 3930 1095
f 3045 3930 1100
f 847 3932 2069
f 849 3027 1120
f 4003 1069 1142
f 4004 1119 1184
f 4005 3079 3053
f 1170 3072 1162
f 3064 1176 1175
f 4006 3071 3062
f 3086 4247 3084
f 3084 3085 3933
f 3085 3084 4007
f 3934 3087 1751
f 3085 4007 1313
f 3935 1313 4007
f 3935 1289 4220
f 4297 1755 4248
f 3936 2032 4129
f 1755 1756 4008
f 1755 4008 4248
f 1756 2012 4008
f 2011 3107 2032
f 3120 4332 4333
f 1579 3937 3138
f 3937 3137 3138
f 1244 1199 3161
f 1197 4214 1245
f 3162 1249 3203
f 3157 4009 3175
f 1200 3176 4009
f 3179 1209 1204
f 3180 1201 1209
f 3185 1210 3169
f 1195 1196 3171
f 1305 3939 1322
f 1520 4010 3941
f 3941 3254 1543
f 4011 3259 1546
f 1773 1774 4114
f 1774 2018 4114
f 3299 3943 1798
f 1804 1805 3290
f 3944 3290 1805
f 3292 1809 1810
f 4078 3944 1800
f 3298 3297 1807
f 1811 1812 3300
f 1809 4078 3303
f 3291 3304 1799
f 4012 1853 3307
f 1852 4013 3318
f 1851 4014 4012
f 4014 1851 3306
f 4012 4014 2086
f 3337 4014 3318
f 4015 3332 4310
f 4016 2088 2139
f 2122 2127 3351
f 3360 2130 2142
f 2132 3945 3946
f 2142 2145 3362
f 1223 3382 3376
f 1228 3947 1273
f 3947 1267 3400
f 1235 1295 3394
f 1226 4231 3384
f 1230 4017 1271
f 4017 3439 1271
f 1296 3394 1295
f 1324 1325 3416
f 3432 3948 1433
f 3949 1433 3948
f 3949 1417 1434
f 3950 3438 1417
f 3950 1883 4119
f 3456 3457 1547
f 1552 1548 3465
f 1787 3467 2014
f 1569 3952 3467
f 2014 3952 2048
f 3952 3471 3475
f 1601 3960 3476
f 1644 3482 3486
f 3953 3490 1658
f 3954 2208 3499
f 4178 3497 1725
f 1720 4178 1728
f 3501 4178 3500
f 3500 4178 1725
f 3505 1768 1765
f 1769 3508 1788
f 3509 3955 2023
f 3514 3509 2023
f 3533 3956 1825
f 3532 3531 1832
f 1836 1837 3534
f 3538 3958 1868
f 4018 1871 3539
f 1869 4019 3543
f 1868 4020 4018
f 4020 1868 3958
f 4018 4020 2109
f 3584 4020 3543
f 3436 3546 1883
f 1883 1884 4023
f 3552 4021 1935
f 4021 1939 1935
f 1887 3959 4022
f 1883 4023 4119
f 1884 2186 4023
f 1985 3962 2247
f 1991 3569 2262
f 3571 1787 2014
f 3960 2051 3476
f 4024 4086 3573
f 4026 2112 2180
f 3598 2165 3596
f 3596 2166 2169
f 2178 2168 3624
f 2178 3603 2170
f 2185 3606 2208
f 4027 2209 3961
f 2297 3626 3625
f 2300 4153 3623
f 1370 1331 3635
f 4028 4089 3638
f 1351 3648 3651
f 1329 4217 1371
f 3965 1387 3675
f 3654 1356 3661
f 4221 4334 1361
f 1366 3966 1396
f 4156 3970 1627
f 1388 3676 1630
f 1874 1412 3686
f 1359 3966 1366
f 1425 3968 3693
f 1423 3967 1424
f 3695 1896 1893
f 3969 1424 3967
f 4181 4031 1714
f 1630 4029 1674
f 1642 1695 3713
f 4092 3719 1666
f 1664 1678 1690
f 1668 1669 1667
f 3727 1670 1723
f 4030 3730 3736
f 4029 1641 3971
f 4184 3740 1689
f 1714 4031 1746
f 3762 4031 3972
f 4031 3762 1746
f 4033 3777 1891
f 1893 1897 1895
f 4034 4295 3778
f 3778 1900 1898
f 1906 1898 1905
f 3806 3815 1966
f 3808 3818 4123
f 4263 3809 1969
f 4035 1967 3805
f 1977 3818 3816
f 3802 3827 1996
f 1994 4036 3827
f 2200 3974 2202
f 2198 3837 3972
f 2205 3975 3838
f 3838 3975 2238
f 2206 3839 2242
f 2209 4027 3844
f 3976 3852 4219
f 2242 4038 3976
f 2239 3853 3977
f 2285 4128 4168
f 3886 3903 4168
f 3880 2304 3877
f 4039 4038 4185
f 2278 3870 2330
f 3978 2323 2327
f 3978 2327 4041
f 3886 3890 3884
f 2328 4040 3892
f 4041 3900 3899
f 1 2340 2342
f 4042 2351 2350
f 111 4130 81
f 4130 111 53
f 89 120 97
f 318 4045 4133
f 318 317 329
f 4046 406 380
f 384 405 4046
f 4046 410 406
f 4047 658 697
f 4223 652 700
f 598 4048 2483
f 680 4049 708
f 717 4050 2537
f 4050 717 687
f 708 4049 950
f 4049 954 950
f 2537 962 2580
f 145 4052 151
f 154 4051 152
f 152 4051 193
f 4052 443 254
f 193 4051 438
f 4051 439 438
f 149 4053 225
f 226 233 227
f 151 4052 254
f 540 2673 4054
f 304 358 350
f 350 358 351
f 385 380 406
f 385 406 2694
f 4055 407 408
f 487 2723 4276
f 541 4057 550
f 784 4058 822
f 822 4058 823
f 823 4058 1091
f 4058 1090 1091
f 4059 2808 904
f 1002 1129 1022
f 1123 4060 4173
f 4060 1124 1128
f 1128 1138 1134
f 168 2889 181
f 2879 182 183
f 4053 224 229
f 4053 229 231
f 150 4062 256
f 4062 232 234
f 247 263 251
f 467 4063 515
f 513 523 3929
f 515 4063 524
f 523 516 518
f 519 4001 532
f 553 552 554
f 4066 2987 782
f 4067 2985 4196
f 4067 807 760
f 810 4068 843
f 4069 3015 3017
f 849 4070 3027
f 843 4068 844
f 844 4068 1108
f 4068 846 1113
f 1078 1050 1049
f 1110 1159 4226
f 1174 4227 1163
f 4071 1165 3065
f 1161 4071 4213
f 3137 3133 584
f 3165 4073 3185
f 3178 3175 3180
f 1297 1315 1317
f 1510 1543 1544
f 1823 1843 1804
f 1805 4077 1844
f 3303 4078 3304
f 1844 4077 1845
f 1845 4077 2081
f 4077 1849 2079
f 2116 2132 2131
f 2114 4079 2124
f 1173 4079 2119
f 1237 3394 1296
f 4080 1237 1318
f 1237 1300 1301
f 1333 1344 1345
f 1335 1333 1345
f 1344 4081 1345
f 1345 4081 1379
f 1379 4081 1384
f 4081 1615 1384
f 1401 1427 1408
f 4082 3456 3399
f 1622 1654 1655
f 1703 1716 1698
f 4084 1830 1792
f 1951 4085 1983
f 1983 4085 1984
f 1984 4085 2252
f 4085 4261 2250
f 4086 2059 2030
f 4086 3579 2059
f 2153 2166 3596
f 2216 2195 2217
f 2217 2223 3614
f 2287 2292 4153
f 4087 2300 3624
f 1364 1636 1438
f 4090 1435 3698
f 3968 1426 1442
f 3968 1444 1443
f 1656 4092 1666
f 1683 1691 1688
f 1713 1735 1739
f 1713 1739 1737
f 1747 3764 1750
f 4093 1968 3809
f 1910 4093 4263
f 4094 3806 2000
f 4325 3789 1954
f 2248 4325 4326
f 4095 3808 2001
f 1968 1928 4286
f 4096 2004 3814
f 1998 2267 2273
f 4097 2217 2195
f 2204 2232 2230
f 2204 2230 2229
f 2229 2239 2237
f 2291 2321 3877
f 2318 2320 2325
f 1 2342 4264
f 17 2378 59
f 2367 25 37
f 4043 60 2377
f 4098 2381 83
f 80 4169 4098
f 4098 83 86
f 4132 86 4298
f 4099 2392 3907
f 60 4043 284
f 283 2410 4234
f 4044 313 2424
f 348 2442 4134
f 357 2447 4266
f 427 2468 424
f 4314 2474 588
f 2541 4101 2484
f 650 2512 2501
f 2483 4103 690
f 687 2530 4050
f 4102 716 4050
f 2537 4050 716
f 4101 897 2542
f 897 4101 2541
f 894 2552 2554
f 2554 2550 894
f 963 2575 1025
f 2583 963 1025
f 2586 982 2588
f 2588 982 2590
f 2677 64 22
f 2647 139 2653
f 4056 428 2660
f 428 4056 430
f 429 434 4056
f 2727 2725 2726
f 540 4054 555
f 544 565 4054
f 2763 2755 2762
f 686 4105 2762
f 2763 2762 689
f 770 2791 2792
f 2791 770 2778
f 790 2793 4107
f 4059 907 2808
f 1128 1134 4060
f 4173 4060 1134
f 4108 4270 4256
f 4270 4108 1146
f 2903 4061 204
f 2908 4062 150
f 4104 231 2909
f 2913 236 2912
f 2915 4109 243
f 204 4061 451
f 450 2923 502
f 2933 4064 2931
f 4001 2955 511
f 534 2959 574
f 2987 4066 2988
f 3007 4066 811
f 3014 804 803
f 804 3014 3015
f 3009 2993 3008
f 3009 3008 815
f 818 4070 849
f 848 4070 4112
f 4070 848 3027
f 1121 3052 1189
f 3055 1121 1189
f 4071 1171 4213
f 4247 1289 3935
f 3088 1289 3934
f 4248 2011 3090
f 3089 1314 3091
f 3126 3125 252
f 1074 3150 3151
f 4073 3158 3159
f 3175 3176 3938
f 3183 1254 4228
f 4073 3159 3179
f 3173 3198 1250
f 3218 1251 1198
f 4074 1449 3200
f 3213 4113 3939
f 1449 4074 1451
f 1450 1456 4074
f 1516 1501 3246
f 3249 4075 3232
f 1545 1546 3259
f 4113 4114 2020
f 4115 1799 4259
f 3290 3944 1809
f 3299 3297 3298
f 1807 3307 3298
f 3298 3307 1811
f 3299 3298 1811
f 3304 4078 1799
f 4116 3290 3292
f 1820 1823 1804
f 1820 4116 3314
f 1824 4116 3292
f 4079 3348 2124
f 4117 3353 3356
f 3393 4080 3396
f 4083 1369 3427
f 3950 1417 1416
f 1434 4118 3437
f 4119 2185 4216
f 1545 1547 3463
f 1369 4083 1605
f 1604 1608 4083
f 3437 4118 3494
f 3610 1733 3503
f 3533 3523 3532
f 1832 3539 3532
f 3532 3539 1836
f 3533 3532 1836
f 3950 3436 1883
f 4127 2215 2226
f 1341 4089 4028
f 3640 3964 4088
f 1352 3674 1386
f 3661 1356 1363
f 3636 3670 1375
f 3704 1376 1330
f 4091 1625 3672
f 4090 1419 1435
f 4090 1911 1875
f 1446 3700 3969
f 4181 3701 4121
f 1902 4121 3701
f 1625 4091 4244
f 1626 1629 4249
f 3736 4251 4030
f 1904 1925 3785
f 4121 3784 4206
f 1929 3839 2206
f 1964 3793 3802
f 4122 3813 1967
f 1974 4123 4122
f 4096 2007 3829
f 4123 3818 3819
f 1979 3823 4124
f 4096 3829 2006
f 2007 3862 2278
f 4125 3844 2221
f 2217 4126 2223
f 4125 4097 3843
f 2223 4127 2226
f 2221 4127 4126
f 4127 2223 4126
f 4125 4126 4097
f 2245 3854 3979
f 2333 4128 2283
f 4128 2333 3896
f 8 78 82
f 2797 4107 2793
f 1085 1124 1123
f 1138 1065 2849
f 4247 3934 1289
f 3936 4129 4296
f 1763 1785 1786
f 3954 1726 4118
f 3847 3838 2238
f 2220 4163 3845
f 330 2421 4044
f 2542 701 4103
f 690 4103 701
f 2677 22 2619
f 2728 557 2731
f 4107 3924 793
f 2912 239 238
f 4220 4248 3090
f 4248 4008 2011
f 3121 1288 1287
f 3120 4333 252
f 3218 1198 3174
f 3939 4113 3215
f 3224 4186 3243
f 3950 4119 3438
f 4119 4023 2185
f 3704 1330 3637
f 3808 4123 1974
f 3896 4168 4128
f 2285 4168 3869
f 4168 3903 3869
f 4130 8 81
f 56 111 115
f 314 4133 315
f 348 4134 405
f 588 594 627
f 616 643 644
f 644 646 707
f 4135 694 693
f 694 4135 657
f 646 4136 955
f 914 646 877
f 4268 898 979
f 4136 915 997
f 992 4137 2603
f 955 4136 997
f 999 1007 3987
f 42 43 75
f 2667 239 241
f 2679 4138 289
f 736 758 759
f 878 880 881
f 1021 959 1002
f 1000 1021 1018
f 1021 1002 1022
f 1015 4140 1017
f 1002 1087 1125
f 522 2956 535
f 4212 767 768
f 768 1050 842
f 1043 1166 1135
f 1166 1102 1110
f 4141 1106 1160
f 1111 4141 1167
f 4141 1160 1168
f 1050 1163 1114
f 4142 3151 3150
f 1203 1285 1286
f 3222 4143 1452
f 1472 1509 4144
f 1466 4144 1510
f 4145 1570 4199
f 4144 3941 1543
f 1510 4144 1543
f 4146 1790 1791
f 4258 2029 4260
f 4147 3280 4229
f 4147 1802 1785
f 2079 4148 2116
f 2080 2117 4148
f 4148 2117 2132
f 2115 2126 3353
f 3397 1242 1239
f 1239 1242 1344
f 1489 1538 4322
f 1615 4322 1622
f 1616 1655 4149
f 4322 1538 4321
f 4149 1703 1697
f 2031 4150 2057
f 4151 2103 2153
f 2102 4151 2151
f 4151 2153 2165
f 2194 2216 2286
f 4152 2250 2287
f 2251 2194 2286
f 2252 4152 4087
f 4153 2300 4152
f 4087 4152 2300
f 4293 1362 4294
f 4154 3663 3660
f 3654 1362 1356
f 4154 4155 1364
f 4157 1610 3706
f 1656 1657 4092
f 1638 1683 1684
f 1710 4158 1713
f 4158 1712 1734
f 4159 1745 1445
f 4158 1734 1735
f 1902 4160 3784
f 1928 1933 4286
f 1970 4161 3825
f 4286 1998 1971
f 4286 2267 1998
f 2199 4162 2204
f 2203 2228 4162
f 2196 4163 2218
f 4162 2228 2232
f 2237 4165 2240
f 4166 2257 2291
f 4167 2273 2318
f 2256 4166 2289
f 4166 2291 2304
f 2275 4167 2324
f 4167 2325 2324
f 3886 4168 3896
f 2410 283 2378
f 285 2410 4131
f 4169 2380 76
f 4169 77 2380
f 2398 4170 2452
f 4222 367 357
f 598 653 2482
f 651 2499 2500
f 656 651 2500
f 2579 718 963
f 2452 4170 905
f 2543 4171 2542
f 4137 2577 2603
f 2607 999 3987
f 2667 241 2670
f 4138 2677 62
f 4138 292 64
f 2696 385 2694
f 3918 2699 2700
f 477 4172 4139
f 4140 1018 1021
f 1017 4140 1033
f 4140 2828 1033
f 1101 2845 1158
f 4173 4210 2848
f 1139 4174 1136
f 160 450 2903
f 2977 4175 731
f 3015 806 804
f 851 3047 1121
f 4239 851 1121
f 4198 1047 1074
f 3151 4142 3152
f 4142 3137 3937
f 4143 3218 1246
f 3250 4271 3252
f 4271 3251 3252
f 1500 4176 3245
f 1600 3266 3263
f 4146 1823 1817
f 1279 4200 1240
f 3421 1334 4177
f 1334 1346 4177
f 1730 3501 1733
f 3508 4179 1764
f 4179 3508 1769
f 1768 4179 1769
f 4202 3619 3622
f 4180 1326 1327
f 3708 1626 3674
f 1627 3708 4156
f 4157 1372 1610
f 4157 1613 1376
f 1677 4183 1678
f 4184 4245 3736
f 1679 3739 4184
f 3751 1718 3973
f 1735 1741 1740
f 1894 4160 1902
f 3780 1904 4160
f 3784 4160 1904
f 2200 3784 1904
f 4161 3805 3813
f 4096 3814 1975
f 1978 4161 3813
f 4185 3839 2006
f 2244 4164 2238
f 4038 2242 4185
f 4264 4250 13
f 821 3922 1085
f 1197 1192 3158
f 1329 1326 3634
f 5 2343 2337
f 2391 4331 99
f 3907 4331 4099
f 4170 2544 905
f 1600 3263 1597
f 3438 1434 1417
f 4178 3501 1728
f 1412 3682 3681
f 3701 4181 1446
f 3710 4030 4251
f 4059 904 2700
f 1078 1049 1077
f 2058 2150 2163
f 4182 1648 3721
f 2219 2288 2302
f 415 4100 2695
f 415 2695 412
f 1314 4296 3091
f 3723 4182 3721
f 1085 1123 1090
f 2061 2057 4150
f 2220 2218 4163
f 2340 4187 2349
f 4264 13 2345
f 25 65 37
f 51 53 56
f 4188 86 4132
f 2480 2482 2481
f 660 2508 662
f 33 42 72
f 4189 93 88
f 4190 2643 3916
f 2640 3916 2643
f 4208 2648 142
f 381 4255 2692
f 414 411 367
f 488 495 2719
f 2743 639 2805
f 626 4191 645
f 4192 2751 681
f 4191 2749 681
f 4191 681 709
f 783 821 827
f 1090 4193 1091
f 1091 4193 1131
f 4193 4173 1131
f 1144 4194 1094
f 4194 1139 1136
f 465 4195 547
f 4195 534 574
f 547 4195 574
f 4194 1127 1094
f 4194 1136 1147
f 1169 1167 3070
f 1051 4198 4072
f 4214 1197 3158
f 3183 1311 1254
f 4199 1556 3942
f 4199 1570 4304
f 1551 1539 1554
f 4201 3522 1830
f 1915 2189 2194
f 3645 4217 3648
f 1656 1619 1657
f 4203 1623 1656
f 4204 1638 1635
f 1634 1682 4204
f 4203 1664 1680
f 4204 1682 1683
f 3759 4205 3760
f 2198 4206 3837
f 4187 47 2349
f 285 2433 287
f 2433 285 339
f 2513 660 662
f 659 2514 685
f 979 2586 4268
f 19 4274 2617
f 2643 4311 2615
f 4208 131 2648
f 2647 4208 139
f 2669 4209 240
f 2692 4255 388
f 4255 2696 420
f 626 2746 673
f 736 2784 735
f 4237 2841 1101
f 528 509 2947
f 2999 4212 798
f 4212 801 798
f 3028 819 851
f 4213 1171 3073
f 3086 1288 1290
f 1751 4197 3088
f 4198 1051 3148
f 3165 4214 3158
f 3243 3253 1499
f 3253 3243 3244
f 4075 1516 3246
f 3245 1523 3244
f 3264 4215 1600
f 4280 3354 4272
f 2060 2154 2156
f 4200 3380 1240
f 3389 1240 3380
f 3954 4216 2185
f 1663 1718 3493
f 2062 2066 3579
f 4202 3626 2298
f 4217 1329 3634
f 1361 3651 4221
f 3965 4217 3645
f 1357 3663 3662
f 4233 3662 3663
f 3663 1357 3660
f 1627 3730 1629
f 3730 1627 1673
f 4205 3758 3744
f 4205 3759 1740
f 3758 4205 1741
f 1899 4295 3780
f 4206 2200 3837
f 3975 4219 3852
f 4219 2206 2242
f 1314 4220 3090
f 4118 4216 3954
f 4187 3904 47
f 2398 3908 4170
f 2848 4210 2860
f 4108 4210 1134
f 2918 4211 2863
f 3935 4220 1314
f 4297 4220 1289
f 4214 3162 1245
f 4217 3965 1371
f 1874 3686 1875
f 1689 3740 1692
f 3976 4219 2242
f 4200 1279 3395
f 4188 80 86
f 4072 4198 1076
f 4119 4216 3438
f 4180 4221 3634
f 4121 4206 2198
f 880 917 881
f 1656 1623 1619
f 3086 1290 3934
f 1047 3149 1074
f 4222 365 367
f 4182 4218 3720
f 4186 3244 3243
f 12 51 52
f 51 55 52
f 82 113 112
f 295 348 405
f 299 346 347
f 346 355 356
f 2438 349 4222
f 391 2431 326
f 295 405 384
f 4235 638 2484
f 4223 700 698
f 663 4224 4225
f 4224 663 2516
f 2534 4267 706
f 913 914 877
f 886 884 887
f 31 33 41
f 195 141 200
f 484 492 490
f 645 951 880
f 879 913 877
f 1166 1110 4226
f 1164 4227 3065
f 4226 1169 1141
f 749 3145 750
f 3938 4228 1217
f 4229 3282 1802
f 2029 2154 2060
f 4272 2083 4280
f 2029 2117 2080
f 2082 4272 2130
f 1243 4230 3396
f 3384 4231 1276
f 4230 1243 1280
f 4232 3440 3446
f 1487 1491 3951
f 1529 1534 3452
f 3464 1583 1562
f 4233 3664 3666
f 1623 4203 1381
f 1632 4203 1680
f 4203 1632 1381
f 3776 3789 4325
f 1892 3776 4325
f 3808 1974 1999
f 26 34 40
f 4043 4234 2411
f 338 4234 287
f 410 2447 411
f 4235 595 638
f 2484 4048 4235
f 598 4235 4048
f 2511 2509 4225
f 2506 4225 2509
f 663 4225 660
f 4267 2514 4224
f 2534 718 685
f 886 887 889
f 2630 2618 4190
f 90 4189 96
f 4301 129 2640
f 349 2687 365
f 2727 2726 4309
f 2761 2753 2754
f 4108 1134 1138
f 850 4239 1122
f 3055 1122 4239
f 4239 3028 851
f 1178 1171 4071
f 4240 4241 3064
f 1179 4241 3079
f 1177 3079 4241
f 3084 1287 3086
f 765 3147 1047
f 4257 765 3148
f 3171 1194 3170
f 3208 1321 1301
f 4279 3321 1867
f 1867 3322 4279
f 3391 4243 3390
f 4242 4200 3395
f 3389 4230 1240
f 3461 3460 3462
f 3520 1832 3531
f 4233 3665 3664
f 4244 3707 1625
f 4244 4249 3710
f 1671 3728 3707
f 4030 4249 1629
f 3735 3738 1676
f 3738 3735 4251
f 4246 1969 3782
f 1906 4263 4246
f 2366 15 25
f 129 4301 2645
f 3920 604 2743
f 908 2809 909
f 4247 4007 3084
f 4297 4248 4220
f 4186 3231 3245
f 4226 1159 1169
f 283 4234 4043
f 3245 3244 4186
f 1626 4249 4091
f 2438 4222 357
f 979 898 972
f 4108 1138 1146
f 4245 4251 3736
f 4250 12 13
f 3710 4251 3735
f 1065 4277 4275
f 3395 4281 1226
f 2534 685 4267
f 2514 4267 685
f 90 96 91
f 2078 3054 4240
f 3493 1718 1719
f 4091 4249 4244
f 2345 14 4252
f 4252 14 15
f 113 4132 368
f 4132 4298 118
f 273 316 4253
f 4253 299 293
f 294 4254 295
f 4253 316 346
f 372 326 390
f 888 883 886
f 4314 627 630
f 679 707 714
f 680 679 714
f 2591 975 983
f 944 985 977
f 142 195 153
f 153 442 196
f 2812 921 2813
f 1063 1065 1128
f 2860 4256 2857
f 809 4302 846
f 810 809 846
f 1165 1113 1164
f 1791 2025 4258
f 4259 3295 1848
f 1804 1849 1805
f 4260 2080 1843
f 4258 2025 2030
f 1275 1485 1278
f 3464 1587 1590
f 1589 3464 1590
f 2194 2251 1982
f 1362 4293 1391
f 4293 1390 1391
f 1705 1432 1701
f 4262 3781 3783
f 4263 4093 3809
f 1 4264 2343
f 4265 4306 2350
f 2346 4252 2366
f 4267 2516 706
f 2534 706 949
f 2534 963 718
f 2575 2534 949
f 4268 2586 4207
f 2642 2644 131
f 2696 4255 385
f 4276 2723 2727
f 4269 2740 3920
f 2742 4269 2741
f 4269 2742 607
f 919 3927 920
f 2896 176 2895
f 2967 1052 1035
f 4257 747 765
f 3193 1233 3192
f 3247 1496 3233
f 3249 4271 4075
f 3232 3247 1513
f 1337 3423 1336
f 1589 3461 3464
f 4273 3492 1660
f 4273 3491 3492
f 4273 1719 3491
f 3580 4024 3577
f 1652 3719 3722
f 4032 3761 3765
f 3779 4262 1925
f 2629 23 2617
f 4256 2860 4210
f 4231 1275 1278
f 357 4266 2446
f 2618 2630 63
f 1158 4256 4270
f 4256 1158 2857
f 1124 1063 1128
f 1791 4260 1843
f 4260 1791 4258
f 357 367 2447
f 4271 1516 4075
f 3249 3232 1513
f 4274 19 4311
f 4279 3345 2171
f 4272 3354 2142
f 1915 2194 1982
f 1430 1409 1410
f 3344 4279 2171
f 1705 1701 1668
f 3779 1925 1904
f 4274 2618 63
f 1063 4277 1065
f 1226 1275 4231
f 2078 4240 1175
f 1430 1410 1431
f 2369 2371 2370
f 2660 4327 189
f 487 4276 486
f 762 1044 4277
f 1067 4277 1044
f 809 810 802
f 1108 4278 845
f 845 4278 1161
f 4278 1165 4071
f 4289 3246 4312
f 1505 1517 3940
f 4279 3322 3345
f 4280 2131 3354
f 4281 1279 1483
f 1536 4282 4320
f 4282 1548 4320
f 2194 2189 2195
f 2194 2195 2216
f 1390 1632 1631
f 1390 1389 1632
f 4283 1426 1422
f 1358 1436 1420
f 4284 3695 3696
f 4292 1430 1431
f 1620 1700 1705
f 1620 1705 1624
f 2001 3808 1999
f 4287 2273 2275
f 2358 4306 4
f 2370 21 2369
f 305 310 2419
f 395 2457 396
f 2555 2557 902
f 4327 2642 130
f 2654 132 140
f 4276 4057 541
f 534 535 2958
f 4288 850 820
f 1188 3066 1179
f 1495 4290 3233
f 3235 4290 3234
f 3236 4290 3235
f 3242 1518 3940
f 4291 3381 1226
f 1223 4291 3382
f 3384 4291 1226
f 1342 4292 1341
f 1341 4292 1350
f 4293 3651 1361
f 3650 3651 4294
f 4293 4294 3651
f 3650 4294 3654
f 4092 3725 3722
f 4285 1742 3757
f 1505 3940 1506
f 4 4306 4265
f 4297 3101 1755
f 1968 4286 1971
f 3126 252 253
f 4296 4129 1576
f 4294 1362 3654
f 4143 3222 4312
f 2479 589 595
f 4297 3088 3101
f 4199 4304 1556
f 3395 1279 4281
f 4295 3779 3780
f 3908 612 4170
f 4235 2479 595
f 3951 1491 1551
f 4277 1067 4275
f 4281 1275 1226
f 4306 4042 2350
f 2727 2723 2725
f 4289 3222 3232
f 4274 4311 2618
f 4289 3232 4075
f 4298 87 119
f 105 2394 3908
f 4307 305 2426
f 391 4299 369
f 115 4299 372
f 4299 391 326
f 2431 393 395
f 602 634 636
f 633 602 636
f 2615 4301 2643
f 466 3929 514
f 2992 835 807
f 801 842 4302
f 1210 1219 1211
f 4303 1512 1517
f 1502 1512 4303
f 1469 4303 1505
f 4319 1555 4304
f 4304 1468 4319
f 4305 1618 1620
f 1617 4305 1619
f 4305 1620 1624
f 3806 3807 2003
f 3807 2001 2005
f 2 2343 2346
f 2400 267 4307
f 4307 2403 305
f 2480 2479 598
f 4300 902 2557
f 2755 2758 2751
f 774 4308 772
f 4308 773 772
f 2993 2995 2992
f 4110 4302 809
f 3067 3063 4241
f 3120 252 3123
f 3169 1210 1211
f 3951 3450 3465
f 4310 4150 3590
f 1954 3792 3790
f 100 99 4331
f 4276 4309 4057
f 4309 4276 2727
f 605 3990 619
f 4310 3332 2061
f 1548 3951 3465
f 4015 4310 3590
f 4282 3951 1548
f 1358 1364 1438
f 1656 1666 1664
f 522 535 534
f 4309 2728 2731
f 4196 2992 807
f 4311 2643 4190
f 4309 2726 495
f 2728 4309 495
f 4302 842 846
f 1361 1389 1390
f 1361 4334 1389
f 4042 4306 7
f 486 4276 541
f 4312 3246 3199
f 1420 1436 4283
f 3199 1251 4312
f 4143 4312 1251
f 14 272 57
f 15 14 57
f 67 294 384
f 327 4313 2430
f 591 602 633
f 629 4314 630
f 4315 698 934
f 700 937 934
f 699 4315 930
f 4315 934 936
f 4316 443 447
f 447 485 4316
f 487 4316 485
f 4316 486 538
f 235 233 255
f 258 235 255
f 256 234 257
f 4317 460 466
f 457 4317 467
f 4317 514 467
f 1201 1217 1255
f 1218 4318 1210
f 1218 1253 1256
f 4318 1259 1219
f 1457 1458 4319
f 4319 1459 1457
f 1462 1460 1502
f 1462 1502 1469
f 1816 3313 1818
f 4321 4330 4322
f 1348 4323 1381
f 1617 4323 1380
f 4323 1617 1623
f 1439 4324 3748
f 1624 1705 1668
f 4326 1955 1986
f 1917 4325 2248
f 1988 4326 1986
f 2248 4326 1988
f 2241 2317 2274
f 2454 4313 2431
f 326 4313 327
f 2642 4327 2644
f 132 4328 133
f 3928 167 134
f 4062 2908 225
f 4329 454 501
f 2992 2988 3007
f 1290 4332 3120
f 2064 3332 2062
f 1654 4330 1659
f 3121 4332 1288
f 4332 3121 4333
f 3122 4333 3121
f 1622 4330 1654
f 4330 1622 4322
f 4088 1348 4334
f 4326 4325 1954
f 2392 105 3907
f 4333 3122 252
f 1830 3522 1859
f 3208 1301 1300
f 25 15 65
f 1210 4318 1219
f 4327 188 2644
f 256 257 260
f 2346 2343 2345
f 100 4331 125
f 4088 4334 4180
f 4334 4221 4180
f 1381 1389 1348
f 4334 1348 1389
f 70 3906 2370
f 70 2370 26

