# https://github.com/mikedh/trimesh
v -0.13598968 -2.10790128 -0.46580561
v -0.49280671 -2.24538481 -0.37443340
v -0.11581163 -2.40643473 -0.24166272
v -1.45155205 -1.33417368 -0.47865781
v -1.96066826 -1.31758043 -0.31203441
v -0.42709393 -1.70293761 -0.41438654
v -0.62865002 -1.80241871 -0.47094965
v -0.67677060 -1.61662005 -0.41233205
v -1.24868893 -1.46735597 -0.47356937
v -0.90314611 -1.50798616 -0.41544486
v -1.10957116 -1.36844099 -0.41702487
v -1.74776346 -1.61049627 -0.29467394
v -0.36202958 -1.57202967 -0.28293943
v -0.83022642 -1.44014157 -0.33971215
v -1.03590621 -1.30229603 -0.34139605
v -0.60678460 -1.53748946 -0.33111436
v -0.79460226 -1.38194926 -0.25465092
v -0.99098080 -1.25047696 -0.25738410
v 0.04841101 -2.14313716 -0.45490631
v 0.21956376 -2.25970486 -0.39281997
v 0.82884177 -2.03124956 -0.43695193
v 0.55592685 -2.31418030 -0.28883227
v 0.86771938 -2.21393062 -0.29372809
v 1.16991191 -2.06145898 -0.30180177
v -0.19167031 -1.73370155 -0.40736871
v 0.92214279 -1.69563674 -0.47399960
v 0.68374773 -1.69069401 -0.44694172
v 0.87545823 -1.55835788 -0.42960058
v 0.12408913 -1.73435802 -0.40152546
v 0.36587067 -1.63948186 -0.35641955
v -0.10526215 -1.66863808 -0.34984832
v 1.36370090 -1.65165510 -0.45640222
v 2.04978692 -1.77324850 -0.41192363
v 2.24708910 -1.54499771 -0.47576741
v 1.07790903 -1.40800663 -0.42316727
v 1.55619424 -1.47079935 -0.45691196
v 1.26360240 -1.20567067 -0.40763025
v 1.95289731 -1.40948885 -0.47810541
v 0.11822214 -1.65483563 -0.33700562
v -0.11631167 -1.59237286 -0.25901854
v 0.12212802 -1.58718644 -0.25083465
v 0.62046239 -1.58407659 -0.37570005
v 0.82652482 -1.45093349 -0.34726486
v 0.57788275 -1.49174906 -0.26498630
v 0.79002512 -1.37331258 -0.23768595
v 0.93003857 -1.21893733 -0.11524181
v 1.45653639 -1.83740238 -0.33267924
v 1.71200001 -1.55162040 -0.36311874
v 1.71200001 -1.67624599 -0.26459634
v 1.01539367 -1.29165228 -0.32104837
v -1.47737473 -1.89954314 -0.24986731
v -0.89106963 -2.30836111 -0.06170027
v -1.53897627 -1.94217324 -0.01914076
v -1.80855653 -1.68310539 -0.08816922
v -2.04156057 -1.38147131 -0.11081995
v -0.77106328 -1.33824072 -0.14978604
v -0.58054717 -1.45378042 -0.20455691
v -0.34307216 -1.50931605 -0.15828315
v -0.76518323 -1.31526218 -0.02694952
v 0.19465036 -2.41627977 -0.22104855
v 1.52703517 -1.91973649 -0.15535596
v 1.86219083 -1.86180193 -0.20460010
v 0.57136629 -2.39696173 -0.11035547
v 0.91218139 -2.29557493 -0.08778318
v 1.22818440 -2.13791822 -0.10946611
v 1.56089924 -1.91918276 0.06053525
v 1.88681250 -1.93969428 -0.06003326
v -0.11282697 -1.54242624 -0.15530823
v 0.10238825 -1.53956435 -0.14799583
v 0.33478319 -1.51161181 -0.16092694
v 0.56313903 -1.43362595 -0.13697470
v 0.75497183 -1.33116458 -0.09707511
v -0.11344074 -1.51806218 -0.03094312
v 0.55551663 -1.41676451 0.02426448
v 1.71200001 -1.77803065 -0.06986557
v -1.81810187 -1.18378752 -0.44770553
v -2.19368704 -0.72465753 -0.36230192
v -1.59421952 -0.73903280 -0.41496572
v -1.30150529 -1.27066690 -0.44545702
v -2.13883404 -1.04171014 -0.29146087
v -1.38942034 -0.93563265 -0.35212938
v -1.50590762 -0.72252100 -0.34718560
v -1.31654932 -0.90296490 -0.25890774
v -1.43630021 -0.69653731 -0.25861596
v -1.23169621 -1.13918905 -0.35414105
v -1.16671775 -1.08905095 -0.25819798
v -1.76525330 -0.39089089 -0.44123767
v -1.96093583 -0.26117136 -0.47865781
v -1.81745277 -0.16765514 -0.44847904
v -1.60753095 -0.49102976 -0.35715540
v -1.52447555 -0.47443001 -0.25910567
v -1.66744062 -0.22259215 -0.35987351
v -1.57984109 -0.23886246 -0.26077315
v 1.71270676 -1.29721686 -0.45379045
v 1.65539903 -1.07950526 -0.47865781
v 1.83444953 -0.95364488 -0.47331856
v 1.42763239 -1.01802623 -0.41283311
v 1.35022338 -1.01222533 -0.36670948
v 2.19355736 -1.17346625 -0.37606936
v 1.59073628 -0.89154455 -0.47816696
v 1.75287808 -0.76397297 -0.47143012
v 1.19324653 -0.99040971 -0.17575371
v 2.07494521 -1.01213775 -0.36580859
v 1.13172727 -1.09638970 -0.22620430
v 1.71200001 -0.58068906 -0.44018938
v 1.17788528 -0.41946890 -0.38191464
v 1.71200001 -0.37154299 -0.41341821
v 1.34250574 -0.32442324 -0.46778635
v 1.71200001 -0.14069997 -0.39015512
v -2.21956475 -1.06671389 -0.12369375
v -2.32412073 -0.72631299 -0.20021198
v -1.39201185 -0.67409068 -0.15565749
v -0.96174769 -1.21116396 -0.15545178
v -1.13147615 -1.05439240 -0.15555689
v -1.27601027 -0.87399638 -0.15563182
v -2.36799432 -0.72764494 0.03379385
v -2.40283712 -0.34994276 -0.21415881
v -1.47694287 -0.45904982 -0.15564256
v -1.52898139 -0.23349813 -0.15576466
v 1.11010508 -0.75483941 -0.19790457
v 1.04765717 -1.09855102 -0.02854260
v 1.15423987 -0.98453038 0.00690415
v 1.04912656 -0.33924860 -0.26398162
v 3.26469233 -2.16686446 -0.44756689
v 3.51262744 -2.15521580 -0.45117010
v 4.21431113 -1.92527139 -0.47150320
v 4.21704119 -2.09922257 -0.41160605
v 2.58613825 -2.22302060 -0.29387215
v 2.81554657 -2.23950729 -0.35061130
v 3.23218640 -2.43216537 -0.18801515
v 3.61167904 -2.41583321 -0.22362022
v 3.94869417 -2.36199927 -0.22883635
v 4.28967957 -2.21259871 -0.29608460
v 2.74237681 -1.73674764 -0.45949132
v 2.99702320 -1.74847774 -0.43576871
v 3.26732085 -1.78569006 -0.43212057
v 2.79010390 -1.57860275 -0.37619515
v 2.55191410 -1.58684550 -0.44128895
v 2.36332765 -1.44639101 -0.43379398
v 3.49171630 -1.85263344 -0.45705776
v 3.85543663 -1.78820304 -0.45188988
v 4.30455701 -1.56629252 -0.43412134
v 3.52861624 -1.73995902 -0.40535487
v 4.04454158 -1.65800575 -0.42157146
v 4.48575737 -1.27020299 -0.33557966
v 3.05326125 -1.62860068 -0.34708317
v 3.30087856 -1.65764160 -0.33961648
v 3.07372828 -1.55679356 -0.25769481
v 3.30741377 -1.58620885 -0.24831220
v 2.56953220 -1.45556572 -0.36412684
v 2.40464750 -1.29381963 -0.32610441
v 2.63161974 -1.39500396 -0.27257430
v 2.84530832 -1.49021309 -0.26285116
v 3.78232090 -1.66696129 -0.37922977
v 3.54249314 -1.61752169 -0.29378243
v 3.98894156 -1.52623932 -0.30312615
v 4.30682587 -1.38164807 -0.32064595
v 4.12668586 -1.45010699 -0.28606587
v 4.36456430 -1.26621686 -0.23064321
v 6.41202752 -1.91450893 -0.47857715
v 5.66305330 -1.93371753 -0.39416921
v 6.00417851 -2.22805933 -0.28560865
v 6.22631678 -2.23213513 -0.35353770
v 4.79824713 -1.61428480 -0.46265709
v 5.35203621 -1.77982984 -0.34794621
v 4.50842215 -1.40673955 -0.42443348
v 4.94356097 -1.46405529 -0.46614857
v 5.98149972 -1.49431956 -0.39361079
v 6.17093902 -1.64509552 -0.42576934
v 6.46955260 -1.77668593 -0.44378289
v 6.71973854 -1.78110776 -0.42826227
v 5.13600016 -1.52205406 -0.37894724
v 5.13600016 -1.66508364 -0.27648597
v 6.37767441 -1.64789394 -0.38713735
v 6.61212928 -1.66087098 -0.35807088
v 6.47219261 -1.55089835 -0.25970383
v 5.78937671 -1.32390065 -0.37022215
v 6.23785525 -1.51806504 -0.31256854
v 5.89506715 -1.29113875 -0.27627007
v 2.53393230 -2.30761793 -0.07272716
v 2.19985662 -2.07141162 -0.25098915
v 3.29470747 -1.53663015 -0.14588267
v 2.67299801 -1.35674189 -0.17013677
v 2.86313910 -1.44182042 -0.15698125
v 3.08301821 -1.50839120 -0.15515040
v 3.50291293 -1.54170251 -0.15345902
v 3.74529752 -1.53021986 -0.20280579
v 3.96190020 -1.44716750 -0.15274434
v 4.17651043 -1.33830398 -0.12064381
v 3.31559130 -1.51838397 0.03524923
v 3.97684980 -1.41743661 0.02234000
v 4.96090801 -1.92649317 -0.11607756
v 5.63135587 -2.08415082 -0.24004480
v 5.96046770 -2.30526142 -0.08590422
v 4.67024108 -2.12221199 -0.12528548
v 4.98837862 -1.90916633 0.08978994
v 5.31395138 -1.94193412 -0.05892894
v 6.73076671 -1.57181577 -0.22331268
v 6.06963239 -1.36816191 -0.22084020
v 6.50677976 -1.49318143 -0.09932534
v 6.28290350 -1.43864301 -0.15258061
v 5.13600016 -1.77803066 -0.06986556
v 6.29197906 -1.41673987 0.02593853
v 4.94200253 -0.90523247 -0.46671496
v 5.01238343 -1.06989286 -0.47138596
v 5.18527723 -1.11709721 -0.47865781
v 5.44988712 -0.98860360 -0.40541272
v 4.66610314 -1.13232861 -0.35773179
v 4.84852159 -1.01779307 -0.41107093
v 4.77422354 -1.01222523 -0.36670950
v 5.58252670 -1.20041509 -0.40586629
v 5.11306188 -0.88499436 -0.47659621
v 5.60005964 -0.63567892 -0.39571678
v 4.61724662 -0.99040965 -0.17575374
v 5.74115559 -1.13474799 -0.24564726
v 4.52957487 -1.10563310 -0.20651795
v 5.57927530 -1.00178615 -0.29253836
v 4.98421719 -0.47674769 -0.47329247
v 5.13600016 -0.57972759 -0.44001978
v 5.45075380 -0.29068515 -0.47674853
v 4.59996391 -0.42525494 -0.37975377
v 5.13600016 -0.37154303 -0.41341820
v 4.78379169 -0.33105402 -0.47020211
v 4.98608629 -0.21639957 -0.46332021
v 5.13600016 -0.14069992 -0.39015514
v 2.31784714 -1.11124092 -0.21489987
v 2.21150770 -0.99331055 -0.21544076
v 2.26489449 -0.98526373 -0.06392799
v 2.36923848 -0.37915587 -0.26290120
v 4.39678105 -0.35708800 -0.02696839
v 5.66713699 -0.98854323 -0.14804200
v 4.48801870 -1.08127170 -0.00796052
v 4.57824006 -0.98453041 0.00690411
v 5.78309427 -0.35360903 -0.28418845
v -0.57344513 -2.40279305 -0.08318107
v -1.22863836 -2.15315162 -0.00075778
v -0.55188346 -2.40417003 0.10532309
v -0.10951186 -2.45502322 0.12732154
v -0.88857701 -2.28167346 0.16596609
v -0.51861435 -2.30328821 0.31444978
v -0.56045200 -1.41553198 -0.03708692
v -0.33813439 -1.48430469 -0.03175140
v -0.73627994 -1.33853923 0.09063512
v -2.04764106 -1.37080635 0.11111267
v -0.55149756 -1.42706091 0.09404151
v -0.34297646 -1.49281072 0.10004344
v 0.20196154 -2.46912110 -0.01902250
v 0.55754525 -2.40085970 0.11188897
v 0.90942616 -2.28234669 0.14376048
v 1.86166842 -1.90558300 0.10744754
v 1.23412103 -2.13143721 0.12179357
v 0.11376834 -1.51778974 -0.02734878
v 0.33840444 -1.48280717 -0.01247463
v -0.11656294 -1.52803203 0.10335849
v 0.11308434 -1.53137797 0.11671491
v 0.75803144 -1.32292280 0.06771073
v 0.34205447 -1.50557624 0.14844670
v 1.71200001 -1.74374473 0.16470563
v -1.51259048 -1.90103243 0.21327366
v -0.18609055 -2.36886327 0.29523239
v -1.20788152 -2.08764376 0.24360556
v -0.87254721 -2.16611048 0.34053898
v -1.04411446 -2.03451562 0.37991891
v -1.72860500 -1.62182604 0.30215829
v -1.79232618 -1.31957968 0.42037414
v -0.35486139 -1.53784576 0.22731644
v -0.42901049 -1.63433130 0.36802732
v -0.79146655 -1.35751887 0.21578831
v -0.58201703 -1.45973956 0.21617723
v -0.88074339 -1.41208085 0.34446860
v -0.59442703 -1.52846779 0.31673261
v -1.54130902 -1.40823332 0.47066428
v -1.26146522 -1.25409431 0.42643812
v -1.42668093 -1.25775342 0.46973749
v -0.34766812 -1.74789066 0.42781686
v -0.63303887 -1.61135959 0.39611880
v -0.98376616 -1.79373845 0.47672842
v -0.82017193 -1.65071617 0.45410983
v -0.86102083 -1.50946144 0.40098033
v -1.02894959 -1.27706324 0.31703984
v -1.08796544 -1.41226130 0.42760068
v 0.15204959 -2.36492098 0.30179564
v 0.28514376 -2.26621843 0.38173379
v 0.50587196 -2.29982244 0.32114733
v 0.86843336 -2.17492427 0.33481102
v 0.05398711 -1.84550437 0.45485257
v 1.17351576 -2.04340069 0.32029450
v -0.11977328 -1.57731459 0.23327006
v 0.11662101 -1.59122133 0.25701842
v 0.35741162 -1.57408848 0.28404318
v 0.56733586 -1.45205859 0.18685517
v 0.78193683 -1.36490798 0.21843808
v 0.59505847 -1.52141905 0.30849680
v 1.71200001 -1.63521363 0.30401992
v -0.11221507 -1.76180530 0.41894064
v 0.27471010 -1.79560524 0.44535080
v -0.11193996 -1.65934576 0.34120215
v 0.13006270 -1.69333795 0.37326954
v 0.39706802 -1.66098369 0.38092605
v 0.63818619 -1.60688218 0.39488768
v 0.48624398 -1.74495633 0.44258004
v 0.67432280 -1.83615159 0.47785661
v 0.69574721 -1.70328292 0.45206060
v 0.82506335 -1.43890241 0.33658893
v 0.89318887 -1.54841993 0.42899174
v 1.51120994 -1.85601151 0.27222550
v 1.04282321 -1.33349663 0.36900821
v 1.12276648 -1.42466599 0.44201761
v 1.33744267 -1.40228135 0.47548363
v 1.71200001 -1.43955567 0.41411472
v 2.12472843 -1.24751346 0.43652678
v 1.98300634 -1.28586770 0.47407834
v -1.37064122 -0.66231837 -0.03237723
v -0.94719871 -1.19149948 -0.03063467
v -1.11584754 -1.03529421 -0.02877494
v -1.25785673 -0.85717885 -0.02911164
v -2.22620692 -1.06700819 0.09605562
v -1.38080143 -0.66455515 0.10249320
v -0.93902189 -1.21352177 0.11781614
v -1.11841441 -1.04848384 0.10762061
v -1.30144929 -0.84852195 0.17810720
v -2.45072012 -0.36505019 0.02566319
v -1.45366061 -0.45147567 -0.03167823
v -1.50492856 -0.22859285 -0.03096157
v -1.45131688 -0.47463132 0.08603511
v -1.51312146 -0.24956798 0.11381734
v 0.93866833 -1.20941519 0.10203351
v 1.17285585 -0.98733631 0.12195100
v 1.09113626 -0.78985996 0.10470892
v 0.97764922 -1.25254888 0.24731345
v 1.08204126 -1.09011557 0.13300748
v 0.99411789 -0.38466973 0.12936958
v -2.11947655 -1.05218694 0.30595413
v -1.38770396 -0.91307354 0.34025108
v -2.29731905 -0.71285693 0.25466312
v -1.26031789 -0.96227274 0.24677426
v -1.43778135 -0.70281175 0.26629297
v -2.14900891 -0.67934119 0.40549777
v -1.12679173 -1.10773422 0.23481782
v -1.42040880 -1.06825025 0.42606772
v -1.98981091 -0.86930597 0.44654174
v -1.62601943 -1.14704049 0.47865781
v -1.57256691 -0.71106739 0.39419983
v -1.76288842 -0.74999959 0.47206695
v -1.23713213 -1.11472028 0.34390029
v -2.38620251 -0.36521660 0.23956247
v -1.49362953 -0.46979124 0.20535827
v -1.54347885 -0.53144550 0.31065915
v -1.58512655 -0.27080162 0.27884543
v -2.26305163 -0.35391363 0.38059864
v -1.65008760 -0.45214791 0.38441302
v -2.16719633 -0.22252937 0.44272176
v -1.74364770 -0.54954828 0.44816623
v -1.69812673 -0.20014512 0.38373372
v -1.77838789 -0.31230465 0.43897670
v 1.14666713 -1.13310476 0.28502357
v 1.26497839 -1.22621859 0.41772384
v 1.31634715 -1.00896409 0.34017365
v 2.03060849 -1.01546034 0.39343628
v 1.55492633 -0.88787971 0.47350777
v 1.61863269 -1.09310307 0.47709963
v 1.78422759 -1.23910139 0.47496751
v 1.24057487 -0.59617642 0.39681707
v 1.71200001 -0.74260874 0.46087108
v 1.71200001 -0.56435359 0.43730727
v 1.12567961 -0.38444633 0.34420326
v 1.57772906 -0.50497357 0.47166128
v 1.87027474 -0.62663003 0.47865781
v 1.71200001 -0.31479274 0.40478435
v 2.13033703 -0.25015562 0.45492575
v 1.71200001 -0.05752568 0.38590550
v 1.47208072 -0.29175062 0.47865781
v 1.58353413 -0.16033908 0.45540852
v 2.90874120 -2.42036255 -0.03935355
v 3.25406775 -2.47088686 0.02915263
v 2.18049259 -2.14281860 -0.02800636
v 4.32901242 -2.29681467 -0.09654162
v 3.61074894 -2.47193330 -0.01215131
v 3.97663083 -2.41700972 -0.00730406
v 4.33462661 -2.28797648 0.12082528
v 2.53566142 -2.28190170 0.16558840
v 2.88732319 -2.38555916 0.17443828
v 2.67035134 -1.32263658 -0.03881393
v 2.87406108 -1.41852843 -0.02481996
v 3.08898640 -1.48424533 -0.02474179
v 3.54263436 -1.51738583 -0.03170911
v 3.75865385 -1.48363351 -0.01592852
v 4.18302974 -1.32240766 0.06729505
v 3.53878648 -1.53202016 0.11953643
v 3.76782197 -1.50638257 0.15115705
v 5.60561420 -2.14420615 -0.02112112
v 6.30068799 -2.41245484 -0.07433806
v 5.95905980 -2.29465797 0.12859872
v 5.28150344 -1.90004433 0.11283958
v 4.66342954 -2.12866404 0.11872206
v 6.30860635 -2.40460264 0.11363734
v 6.09055662 -1.32042509 -0.03418308
v 6.73524770 -1.51774727 -0.02672912
v 6.50764794 -1.49117907 0.08979430
v 5.13600016 -1.74374477 0.16470559
v 6.73122880 -1.54667505 0.16649338
v 6.07721090 -1.33697793 0.14657485
v 2.57161294 -2.18533427 0.33187694
v 3.23999023 -2.40825055 0.23759333
v 2.19930606 -2.11035901 0.18809983
v 4.31852664 -2.20499661 0.28943106
v 2.92939636 -2.25190527 0.36818490
v 2.62978320 -1.98727923 0.45740026
v 3.25169862 -1.90628415 0.47140802
v 3.60448178 -2.33927332 0.33136186
v 4.01654542 -2.23862529 0.35575842
v 3.95231643 -2.10794585 0.44646255
v 3.50267718 -1.93762861 0.47548236
v 4.52599803 -1.88627572 0.44198496
v 3.10575275 -1.51194943 0.15548277
v 3.30533310 -1.59265139 0.25950231
v 3.04877657 -1.58980481 0.30918849
v 2.68586042 -1.35944060 0.16208987
v 2.91063875 -1.45650053 0.15705069
v 2.82688503 -1.52252301 0.31058559
v 3.56091080 -1.60282915 0.27845466
v 3.79154484 -1.58050822 0.29517154
v 3.99201715 -1.45227500 0.18789670
v 4.20634309 -1.36498511 0.21886492
v 4.02448700 -1.52622154 0.31654021
v 4.46223521 -1.33713971 0.36940421
v 2.74434597 -1.59689939 0.40103965
v 2.91335690 -1.70900959 0.42946478
v 2.50427293 -1.54593486 0.43517015
v 3.02348307 -1.87152191 0.47135358
v 2.59263299 -1.43669757 0.33751296
v 2.45117471 -1.26304353 0.25765437
v 2.35528297 -1.35146744 0.39079579
v 2.28636479 -1.42719654 0.44698135
v 2.11456348 -1.60445171 0.47312403
v 3.61991311 -1.73057490 0.40568723
v 4.10489739 -1.64632725 0.42710911
v 3.85730225 -1.69810705 0.41248174
v 4.41766481 -1.74841906 0.47865781
v 4.25152664 -1.44109052 0.33941777
v 4.33174049 -1.52993941 0.42552697
v 5.62299272 -2.10578371 0.19730816
v 5.99517664 -2.21808933 0.29425218
v 6.68070920 -2.42020581 0.21774365
v 4.60972146 -2.03284317 0.32363362
v 6.34257047 -2.30607442 0.31345637
v 6.39577487 -2.16898971 0.42610984
v 5.69793439 -1.97095480 0.38656805
v 6.12368878 -1.94721538 0.47200384
v 6.77868352 -2.12263413 0.46124838
v 5.13600016 -1.61729135 0.32054053
v 6.49619970 -1.55971847 0.26311403
v 6.27506576 -1.46295297 0.21465884
v 6.03409503 -1.40658501 0.29773377
v 5.86431017 -1.25220049 0.25272394
v 5.13600016 -1.54728350 0.36563468
v 4.52560261 -1.42706840 0.43721873
v 5.02397164 -1.52204013 0.43005681
v 5.55555129 -1.58260047 0.47729158
v 5.13600016 -1.41081021 0.42323318
v 5.63949075 -1.19077939 0.37428225
v 6.17300097 -1.55818042 0.37580819
v 6.67225302 -1.76855273 0.42530940
v 6.70966601 -1.64299415 0.32809668
v 5.95901808 -1.51522250 0.41407742
v 6.46314056 -1.70707474 0.40905330
v 5.82944978 -1.34404322 0.36439357
v 5.71912569 -1.42604039 0.44422754
v 2.49381065 -1.22258185 -0.12884509
v 2.35824396 -1.08192855 -0.03021708
v 2.26451555 -0.98532088 0.06836986
v 2.34812430 -0.78536057 -0.00446600
v 4.36042588 -1.20190684 -0.06449457
v 4.36655701 -1.20744025 0.10448881
v 4.51107533 -0.80194683 0.06288636
v 2.49200847 -1.20647687 0.07484201
v 2.19952961 -0.99511602 0.23366177
v 2.33609170 -1.09999169 0.16524842
v 4.40116643 -1.25341802 0.24808838
v 2.44786820 -0.37471929 -0.04265353
v 4.43630061 -0.43580098 0.15066117
v 4.59685588 -0.98733607 0.12195094
v 5.91131276 -1.21549715 -0.11920864
v 5.77921508 -1.07894950 -0.02856360
v 5.68271168 -0.98619560 0.09283282
v 4.50849651 -1.08952719 0.13845002
v 5.90802985 -1.20227162 0.07932293
v 5.74602736 -1.09533256 0.18096421
v 5.71099794 -0.75944011 0.24179090
v 5.86317990 -0.40601704 -0.06280898
v 2.23768851 -1.15665514 0.33695843
v 2.22845336 -0.67355959 0.34772182
v 2.41103296 -0.36440816 0.19291199
v 2.29794040 -0.32320130 0.35404416
v 5.61621876 -0.99621794 0.24478305
v 4.56687416 -1.13797695 0.28627048
v 4.66717346 -1.25717446 0.42152014
v 4.74034720 -1.00896408 0.34017360
v 5.48955416 -1.01284158 0.37304874
v 4.95651945 -1.04015858 0.45540185
v 5.09165906 -1.18645824 0.47663312
v 5.27534097 -1.08808124 0.47099828
v 4.72995239 -0.60632291 0.43205043
v 5.30376557 -0.90664576 0.47093868
v 5.13600016 -0.74260901 0.46087108
v 5.13600016 -0.56435359 0.43730727
v 5.82944162 -0.38009813 0.19792000
v 4.51964552 -0.33017077 0.32493718
v 4.93777678 -0.67039355 0.47865781
v 5.13600016 -0.31479274 0.40478436
v 5.13599996 -0.05752559 0.38590550
v 4.99548585 -0.18532237 0.45970243
v 4.82933617 -0.26592576 0.47824759
v 5.27178028 -0.23071755 0.45929162
v -2.26086249 0.02649194 -0.40011484
v -2.02674317 0.42916306 -0.47242316
v -2.01068900 -0.01119426 -0.47865781
v -1.91234770 0.60512910 -0.47865781
v -1.76047470 0.58821284 -0.45738086
v -1.76245854 0.02604345 -0.41781604
v -1.60596343 0.00846379 -0.27439671
v -1.66266123 0.25795940 -0.35890932
v -1.62024136 0.51749481 -0.37619043
v -2.38355471 0.33695984 -0.24924214
v -1.52185606 0.46762306 -0.25099925
v -2.19771870 0.62031049 -0.38361784
v -1.60918947 0.77976250 -0.42940798
v -1.48748160 0.98680115 -0.42849874
v -2.28286008 0.73069224 -0.26672331
v -1.49845184 0.73532575 -0.34679834
v -1.44052472 0.68867431 -0.25932202
v -1.32562514 0.89728997 -0.26648225
v -1.38960371 0.94566674 -0.35694533
v -1.32326772 1.13985328 -0.40897866
v -1.20624250 1.09559632 -0.30465932
v 1.35125405 0.27996019 -0.46993749
v 1.54261047 0.37497104 -0.47246385
v 1.04705585 -0.02028842 -0.29312802
v 1.71200001 0.03732742 -0.38487351
v 1.71236142 0.46232224 -0.42401135
v 1.17541758 0.30675226 -0.39416791
v 1.71082280 0.26420273 -0.39787239
v 1.57091257 0.97218389 -0.46947781
v 1.71200001 0.71555320 -0.45781355
v 1.71200001 0.80538547 -0.46796539
v 1.99716761 0.96070944 -0.42710809
v 1.69367928 1.12018872 -0.47865781
v 1.36542921 0.88758855 -0.41103923
v 1.37341932 1.01396356 -0.38212233
v 2.06665694 1.01275891 -0.37219837
v 2.05143472 1.15904570 -0.43534204
v 2.23841108 0.98925556 -0.15861811
v 1.07129608 1.17288495 -0.25220811
v -1.54724570 -0.00133062 -0.15682207
v -1.53154724 0.24572952 -0.16911060
v -1.46769529 0.47270631 -0.14639551
v -2.44731995 0.36519153 -0.07089265
v -2.36078980 0.73457581 -0.07923441
v -1.39444559 0.66881699 -0.15523872
v -2.17979114 1.06407640 -0.21846108
v -1.28077186 0.86941407 -0.15904331
v -0.99512143 1.24628025 -0.25566565
v -1.14267737 1.05608688 -0.17936274
v -2.23598739 1.07168177 -0.00152849
v 0.96162599 0.00587028 -0.12334838
v 0.99270439 0.41288608 -0.09572888
v 1.04577608 0.36231104 -0.25419626
v 1.21273745 0.99334746 -0.21581377
v 1.07892560 1.08665225 -0.11254238
v 1.16618433 0.98633071 -0.09627951
v -1.54876155 1.35375828 -0.47491730
v -1.32001154 1.89974052 -0.35631398
v -1.09841287 1.60751429 -0.47689107
v -1.18429171 1.47435349 -0.46747181
v -1.14982351 1.28582562 -0.39489183
v -0.83208415 1.51093829 -0.39330610
v -0.92910290 1.56350676 -0.44473217
v -0.88625058 1.72979229 -0.47629706
v -0.63616565 1.75143242 -0.45968729
v -0.72136984 1.90927920 -0.47761413
v -0.40520967 1.79187586 -0.45075437
v -0.72154493 1.62970651 -0.42839444
v -0.35228796 1.65858225 -0.37210970
v -0.81040299 1.41589077 -0.30607105
v -0.60708362 1.55014463 -0.34201289
v -0.57711092 1.46319805 -0.21789209
v -0.35724537 1.55135536 -0.25095938
v -1.15703325 1.90780260 -0.41842361
v -0.54132852 2.06203806 -0.45897399
v -0.19151028 2.35782788 -0.30793835
v -0.54882630 2.25997645 -0.34876491
v 0.84412911 1.61345348 -0.44694034
v 0.65758566 1.68008847 -0.43703504
v 0.66481005 2.00586641 -0.46431888
v -0.15449779 1.81629079 -0.44657635
v 0.04990777 1.76967464 -0.42274093
v 0.41910476 1.67172482 -0.39238443
v 1.26098306 1.17879215 -0.39294098
v 1.57299610 1.53882009 -0.43297728
v 1.71200001 1.40429030 -0.42519629
v 1.08788883 1.36294861 -0.40474318
v 2.01119187 1.64752692 -0.44700643
v 1.36841288 1.80841850 -0.39429003
v 0.64610032 1.54932493 -0.35690857
v 0.86146015 1.46152928 -0.37237664
v 0.78544813 1.40379236 -0.27874894
v 0.58308176 1.49007647 -0.26487193
v -0.09449563 1.67174934 -0.35274324
v 0.15385353 1.66606259 -0.35147351
v -0.12184618 1.59208133 -0.25916871
v 0.11767189 1.59243422 -0.25912511
v 0.35561711 1.55924651 -0.26329155
v 0.94386614 1.30199264 -0.28112439
v 1.88257379 1.79911617 -0.29882733
v 1.71200001 1.63668983 -0.30265917
v -0.12589263 2.04773892 -0.47600348
v 0.08983514 1.93159214 -0.47456996
v 0.05470119 2.11540528 -0.46348444
v 0.84409285 2.06659564 -0.41837724
v 0.13595493 2.25705951 -0.39974627
v 1.02118072 1.92247342 -0.44397907
v 0.20979755 2.37645501 -0.28134952
v 0.86384658 2.21301081 -0.29626880
v 0.53190920 2.32870424 -0.28028227
v -1.77409531 1.65488351 -0.21843668
v -0.34295810 1.49615595 -0.11406423
v -1.82779131 1.67315591 0.01130664
v -0.77217537 1.33520241 -0.14445311
v -1.53019020 1.92183065 -0.14639377
v -1.20051367 2.05829135 -0.28671532
v -1.23197409 2.13909155 -0.09759728
v -0.89734490 2.21379044 -0.27793048
v -0.91069804 2.29088841 -0.10916255
v -0.56443174 2.38959474 -0.14659030
v -0.19095772 2.45683449 -0.11488230
v -0.11791227 1.53868330 -0.14673627
v 0.34110468 1.50862102 -0.15577785
v 0.76853550 1.34721527 -0.16764376
v 0.56189945 1.44131093 -0.15651950
v 0.11250137 1.54206771 -0.15439216
v 1.71200001 1.75652065 -0.14026764
v 0.55329007 1.41811133 -0.03270425
v 0.19119683 2.46179379 -0.09318006
v 0.86252488 2.29829497 -0.14500402
v 0.55424184 2.40532114 -0.09743604
v 1.56094627 1.87737705 -0.17692721
v 1.22648495 2.08877218 -0.22378384
v 1.87816278 1.91987208 -0.11071798
v 2.27014883 0.39540657 -0.36748942
v 2.25750019 1.12991156 -0.29904299
v 4.62576564 0.27354890 -0.41382816
v 4.95047145 0.30474990 -0.47248027
v 5.61358905 0.04311506 -0.43841287
v 5.05632356 0.00316632 -0.43106096
v 4.48244577 -0.03222871 -0.30628833
v 5.76294621 0.02045666 -0.33704742
v 5.13599992 0.03732710 -0.38487343
v 4.98821581 0.68735220 -0.47865781
v 5.47496406 0.36974793 -0.47085237
v 5.13577192 0.57407383 -0.43912484
v 5.13717736 0.26420278 -0.39787239
v 5.76832306 0.37398743 -0.29696068
v 5.33067645 0.93771047 -0.46203673
v 5.49733161 0.59768918 -0.45143878
v 4.95218379 0.90860566 -0.46860061
v 5.16492158 1.04387294 -0.47865781
v 5.17190554 1.27610963 -0.46637371
v 4.82364011 1.01592854 -0.39697591
v 4.75762304 0.90354612 -0.38681062
v 5.49065707 1.01275891 -0.37219846
v 5.56080129 1.21921743 -0.42254418
v 5.71964566 1.23164819 -0.35142982
v 5.65475356 0.99040988 -0.17575369
v 4.60811209 1.17656403 -0.34914601
v 5.65447407 0.69697898 -0.33984797
v 2.38227292 0.00753618 -0.28764417
v 4.39752798 -0.00924725 -0.16061735
v 4.47474082 0.36507140 -0.26153658
v 2.46716791 -0.01270491 -0.10010067
v 2.41277819 0.37310455 -0.18362014
v 4.37103858 0.00716062 0.03338681
v 2.43812269 1.24197507 -0.24018959
v 5.88584022 0.01214568 -0.12362740
v 5.85670308 0.38329770 -0.11862805
v 4.63673735 0.99334763 -0.21581383
v 5.75526775 1.11016508 -0.19268688
v 2.32124499 1.34001424 -0.40016202
v 2.53108440 1.68241059 -0.47028173
v 2.73739216 1.75216346 -0.46450242
v 3.11163646 1.77635981 -0.43887068
v 2.68122522 1.60547488 -0.42229960
v 3.27603508 1.87457439 -0.46418971
v 4.44883224 1.37365210 -0.38642606
v 4.30100689 1.54146293 -0.42257410
v 4.44629899 1.82793730 -0.46954420
v 3.52753243 1.77622001 -0.42590185
v 3.71059512 1.73133617 -0.41544241
v 2.68861711 1.48447501 -0.33858815
v 2.86890000 1.61570369 -0.38319074
v 2.86507976 1.48004229 -0.23584804
v 3.09007221 1.58204052 -0.28952973
v 3.35277159 1.64709041 -0.32979896
v 4.39594387 1.24663739 -0.23324762
v 4.07513267 1.61891097 -0.40613781
v 4.23981581 1.42344331 -0.31758096
v 4.01494344 1.49692692 -0.27814382
v 3.60346468 1.65233405 -0.34239396
v 3.83932601 1.63622988 -0.36596233
v 3.78569991 1.55514909 -0.25953654
v 3.27124131 2.09919165 -0.46822648
v 2.28251069 1.95219395 -0.40046916
v 2.85032121 2.17273001 -0.40778865
v 3.66679650 2.11321759 -0.46026860
v 3.85988436 1.96635261 -0.47865781
v 4.56124479 2.01700797 -0.35867254
v 3.90492544 2.15313790 -0.43161380
v 2.21907852 2.06790782 -0.27360176
v 3.22894030 2.37348609 -0.28780325
v 3.54809788 2.29807220 -0.37041624
v 3.95908053 2.28082493 -0.33399780
v 4.26981143 2.21518550 -0.30034037
v 5.32571981 1.43539603 -0.46997351
v 5.52981807 1.59684390 -0.47306788
v 4.63273047 1.42337910 -0.46105512
v 4.99700439 1.63008981 -0.39441641
v 5.13600016 1.46520363 -0.40318152
v 4.83497218 1.75811435 -0.40560259
v 5.70381804 1.42114787 -0.44696851
v 5.87896323 1.32045851 -0.31813984
v 5.92969439 1.54285024 -0.43355266
v 6.17475693 1.76634775 -0.46747651
v 6.07125921 1.94774814 -0.46933228
v 6.72842177 1.93813253 -0.47555852
v 6.13368131 1.61751559 -0.42157603
v 6.81916983 1.78849834 -0.43183136
v 5.13600016 1.66811468 -0.27369197
v 6.05284469 1.44301250 -0.32796021
v 6.26654793 1.49326132 -0.26932368
v 6.48668699 1.59070133 -0.30543129
v 6.73281138 1.62577097 -0.30415570
v 6.70962463 2.13077459 -0.45873035
v 6.72900515 2.29109765 -0.37647442
v 5.67249026 2.08498361 -0.27209566
v 6.01775021 2.24898269 -0.26363038
v 6.26472833 2.30220568 -0.29308575
v 3.08580289 1.49886017 -0.12175381
v 3.32477737 1.54658811 -0.16594222
v 3.76742399 1.50413807 -0.14537718
v 4.19776182 1.34759174 -0.17430440
v 3.98745042 1.44166334 -0.15854807
v 3.55526700 1.56021003 -0.20621061
v 2.65089049 1.34765467 -0.17372614
v 2.86396636 2.34109880 -0.24908201
v 3.24690549 2.45894723 -0.11008109
v 2.49276609 2.27613411 -0.12841976
v 2.86775105 2.41542161 -0.01334002
v 3.62319867 2.42395795 -0.20593937
v 3.95085822 2.42019462 -0.01844198
v 2.17874227 2.13628739 -0.07662391
v 5.13600016 1.77909870 -0.05938868
v 6.08920899 1.34600843 -0.15406240
v 6.56487700 1.52177799 -0.16693931
v 6.78023173 1.54269695 -0.15599994
v 4.97251539 1.91046233 -0.13302087
v 5.31424255 1.93063770 -0.10912808
v 6.65896315 2.41068843 -0.23210489
v 5.95366148 2.30727055 -0.06275181
v 6.29051088 2.40963156 -0.07513405
v 4.65116513 2.13074725 -0.13979520
v 5.61659684 2.14147979 -0.08923209
v -2.47763646 0.00439759 0.02714132
v -1.52232156 -0.00063110 -0.03161045
v -1.50539484 0.22693015 -0.03209378
v -1.45455206 0.44924053 -0.03185533
v -2.41909209 0.37335348 0.16775052
v -2.41042543 0.00289090 0.24606263
v -1.53225711 -0.00020150 0.10181939
v -1.51454759 0.22994772 0.10074409
v -1.46299889 0.45326208 0.09951201
v -1.37174944 0.66016473 -0.03159440
v -2.34075338 0.72080076 0.16534969
v -1.25891782 0.85562406 -0.03100562
v -1.11784979 1.03391482 -0.03821416
v -0.95200781 1.19218187 -0.07314342
v -1.38019948 0.66349861 0.09833543
v -2.19880125 1.05233796 0.19394243
v -1.27201204 0.85021015 0.09616120
v -0.96018799 1.19012447 0.09096275
v 0.95118226 0.04024515 0.05559540
v 0.98427496 0.38345018 0.08840047
v 1.00647590 0.00055427 0.23407076
v 0.93326274 1.20364422 -0.05985999
v 0.92262928 1.22338983 0.11306707
v 1.12017238 0.84609763 -0.13319256
v 1.09118489 1.08730453 0.14717944
v 1.15948459 0.98532087 0.06836987
v 1.07076214 0.74928148 0.08651627
v -1.57723791 -0.01692406 0.22726700
v -1.56631414 0.23119697 0.23615890
v -1.63993390 -0.05373881 0.32124888
v -1.50376212 0.46720487 0.22103043
v -1.58363482 0.48157140 0.33352001
v -2.26489596 -0.00862125 0.39827794
v -1.71547095 0.03786421 0.38726741
v -1.68946219 0.27116495 0.38312415
v -1.79825977 -0.06625452 0.43650817
v -1.86399504 0.29825133 0.46664512
v -2.28522989 0.37141138 0.35877701
v -1.69585705 0.62807342 0.44129257
v -2.24169433 0.69283993 0.33153659
v -1.41622415 0.68329081 0.21691342
v -1.31083325 0.85094652 0.20196934
v -1.48575608 0.71046931 0.32533644
v -1.34281679 0.91372702 0.29661832
v -1.16021631 1.02253553 0.16094960
v -1.62047450 0.77664965 0.43361857
v -1.94722952 0.56130156 0.47865781
v -2.08589315 1.00539834 0.36012209
v -1.43833113 0.97782014 0.40165081
v -1.91372733 0.96342961 0.45617014
v -1.74037216 1.14259877 0.47135309
v -1.80380335 1.31694375 0.41683443
v -1.21777335 1.13467003 0.34187433
v 1.12747221 -0.02250916 0.37600215
v 1.87117076 0.04315675 0.46217098
v 1.84209379 0.23642568 0.45766948
v 1.26413681 0.07067422 0.44996696
v 1.58388646 0.00596045 0.45173126
v 2.08458060 -0.02870544 0.47099171
v 1.61750238 0.34669587 0.45264018
v 1.07574277 0.36388843 0.29496343
v 1.57467738 0.54694529 0.47352263
v 1.71155895 0.53816276 0.43288465
v 1.14837682 0.77939777 0.24751754
v 1.27915183 1.00335776 0.30402180
v 1.20331103 1.16019002 0.35012813
v 1.71200001 0.73110570 0.45957112
v 1.89387507 0.66276609 0.47865781
v 1.67674727 0.92925206 0.47865781
v 1.50054379 0.91876801 0.46015817
v 1.36802412 1.01355926 0.37906599
v 1.33828163 1.24881534 0.44872942
v 1.99132073 1.01840460 0.41569218
v 1.86796926 0.88730763 0.47369475
v 1.80934354 1.13644462 0.47865781
v -0.55666535 1.41731927 -0.03664974
v -0.76397096 1.31804598 0.04858978
v -0.33990892 1.48923830 0.08107255
v -1.54559986 1.92450261 0.09651366
v -1.22581600 2.13467557 0.12681688
v -0.89816336 2.29716059 0.10614732
v -0.58816515 2.40270832 0.05001840
v -0.17730449 2.45308024 0.13585814
v -0.11371837 1.51624003 0.00674325
v 0.11319769 1.51750544 -0.02349313
v 0.33796423 1.48424554 -0.03062944
v 0.75523867 1.32135664 -0.03261387
v 1.71200001 1.76997896 0.09692267
v 0.11525405 1.53455883 0.13085707
v 0.34285572 1.49457550 0.10729630
v 0.73488856 1.33768758 0.08461153
v 0.55882188 1.42593491 0.09879931
v 0.17362895 2.44046506 0.17044468
v 0.58347894 2.39758464 0.09205392
v 1.22366709 2.15360153 -0.02419646
v 1.84384444 1.90163097 0.05744113
v 0.89753790 2.30724448 0.05046595
v 1.28405616 2.08671650 0.15256968
v 1.86237026 1.81647613 0.26369625
v -1.96609387 1.35627785 0.27933906
v -1.02880444 1.19171107 0.22597884
v -0.81414597 1.34824691 0.22467249
v -0.56907891 1.44164013 0.16389521
v -1.01420145 1.30066085 0.32876241
v -0.61026898 1.51378090 0.30778258
v -0.35919858 1.56802031 0.27707244
v -1.34001276 1.19667481 0.43438140
v -1.38569994 1.34065795 0.47361697
v -1.63112121 1.38965827 0.45535094
v -1.43595138 1.69500093 0.42270324
v -1.04069414 1.43952691 0.42562023
v -0.83247826 1.45635469 0.35421307
v -0.64879412 1.61058276 0.40031401
v -0.30523591 1.71940228 0.40927385
v -0.87176008 1.58623856 0.44095660
v -1.29322367 1.64578749 0.46987087
v -0.89540278 1.74436044 0.47865781
v -0.68691856 1.73698059 0.46026694
v -0.46932532 1.76055488 0.44717209
v -1.49706528 1.82980232 0.30848293
v -0.53653629 2.36133583 0.22691020
v -0.13500535 2.33069376 0.34006289
v -1.15525832 2.03606009 0.33542838
v -0.85336760 2.21130338 0.30220448
v -0.74964050 1.90764423 0.47657089
v -0.48032637 2.24315096 0.37743967
v -0.07758699 2.13626269 0.45703274
v 0.77793414 1.36001104 0.20752006
v 0.57738783 1.47253660 0.23284521
v 0.66499858 1.54847778 0.36382788
v 0.80448091 1.42799454 0.31655288
v -0.11659624 1.55642028 0.19106439
v 0.34840875 1.55387086 0.25219278
v 0.11150187 1.61134687 0.28601774
v 1.71200001 1.66684397 0.27486331
v 0.89310684 1.50210004 0.40825325
v -0.11410311 1.66138151 0.34309633
v -0.11164712 1.79499831 0.43497036
v 0.11196596 1.75439909 0.41522755
v 0.37225128 1.77120171 0.44071802
v 0.61616666 1.68730111 0.43446768
v 1.00684505 1.63723123 0.47280572
v 0.74101747 1.89404374 0.47865781
v 1.12975961 1.40459903 0.43645648
v 1.71200001 1.51187416 0.38328680
v 1.71200001 1.36434186 0.43722473
v 1.53102253 1.38898900 0.47369344
v 2.15808848 1.17318805 0.39252950
v 1.99836475 1.25929004 0.46975874
v 1.85676385 1.38741262 0.46956254
v 1.49179846 1.80992742 0.33005340
v 2.06639117 1.83385857 0.38408002
v 1.23778769 1.61782964 0.47808247
v 1.30582257 1.78764638 0.42589044
v 2.13212071 1.63500793 0.47133154
v 0.54348894 2.34044535 0.25863688
v 1.45644815 1.95657678 0.17918025
v 0.86535739 2.22949599 0.27590004
v 0.18548348 1.89633082 0.47021736
v 0.10488383 2.28911278 0.37783147
v 0.53269054 2.20468449 0.39517208
v 2.46809538 0.08895054 0.06990444
v 2.44704998 0.33767799 0.08154409
v 4.43528981 0.01204409 0.24091716
v 2.33218889 0.78531940 0.11475731
v 2.26646143 0.98502765 -0.04556481
v 2.35821097 1.08878039 -0.08013939
v 2.50573185 1.21422113 -0.06377155
v 2.23114320 0.99035107 0.17488149
v 4.46576756 0.66762943 -0.02674897
v 4.36351433 1.19810846 -0.04577954
v 4.36219132 1.21209193 0.11057015
v 2.48045272 1.20823089 0.10980976
v 2.13694167 1.00454957 0.31272925
v 4.36670487 1.27699976 0.24821209
v 5.89370332 0.03668042 0.08112049
v 5.84872382 0.40614131 0.13047300
v 4.48098665 1.09186098 -0.04783034
v 4.58348449 0.98532102 0.06836983
v 5.74218307 0.83274933 0.09590755
v 5.78532829 1.08345742 -0.01714387
v 5.68973169 0.98513757 -0.05411659
v 5.91254117 1.20508339 -0.07836460
v 5.65922575 0.98973564 0.16574558
v 4.53604287 1.06424600 0.13934563
v 4.52684979 1.14481079 0.25374024
v 5.90155691 1.20711502 0.11292591
v 4.62207046 0.03867275 0.42107254
v 4.46728236 0.39311220 0.23806886
v 2.39741264 -0.00876951 0.26783834
v 2.33557079 0.36125275 0.31125385
v 2.30688231 1.09036196 0.19797489
v 5.83179188 -0.00733992 0.25004679
v 5.30266765 0.00001244 0.46348609
v 5.00357673 0.05594652 0.45421610
v 5.02527660 0.29630052 0.45406456
v 5.52431313 0.07683188 0.46807679
v 4.69703505 0.29488228 0.44752897
v 4.90276550 0.60480330 0.47842364
v 5.13555909 0.53816275 0.43288466
v 5.68521778 -0.05265683 0.39853578
v 5.72099578 0.35317670 0.35187922
v 4.61679792 0.84361241 0.27632858
v 5.54395854 1.00710909 0.33014577
v 5.72824398 1.08148583 0.18593485
v 4.70315174 1.00335798 0.30402180
v 4.68638655 1.15354768 0.38227296
v 5.45826446 1.01518625 0.39136525
v 4.91467550 0.93542823 0.45525120
v 5.13600016 0.76046948 0.46288949
v 5.56341044 0.67418873 0.41289363
v 5.34630672 0.65290615 0.47865781
v 5.28583064 0.88181711 0.47486165
v 4.79587870 1.01384809 0.38124949
v 4.69139485 1.31219348 0.44818628
v 4.93029157 1.18927360 0.47269179
v 5.16232679 1.14964252 0.47797386
v 2.86865404 1.41812317 -0.04096484
v 3.31179036 1.51609743 0.00465176
v 3.55084816 1.51628266 -0.03349366
v 3.77732622 1.47896663 -0.02214973
v 4.18082675 1.32072421 -0.03420894
v 3.97837803 1.41773139 -0.03213717
v 2.66545852 1.32113696 0.04914181
v 3.08411784 1.48912098 0.08054532
v 3.54023811 1.53367647 0.12766805
v 3.76726530 1.49386164 0.10482962
v 4.17759521 1.33194530 0.09754108
v 3.98318919 1.42579782 0.09869953
v 2.18493217 2.11983682 0.14740201
v 2.51640387 2.29171026 0.11182246
v 3.27992209 2.46525157 0.08238253
v 4.31472929 2.29838934 -0.11061568
v 3.59463069 2.45539632 0.12568227
v 3.97406062 2.37723477 0.18759151
v 4.32587403 2.28893729 0.13370713
v 6.29960542 1.41847139 -0.01799905
v 6.52046256 1.48566309 -0.02859075
v 6.74063931 1.51807404 -0.03110180
v 6.08939777 1.32139616 0.05261938
v 6.50881780 1.49973738 0.12620992
v 6.73588247 1.52860379 0.10452637
v 5.28577279 1.91323273 0.08312166
v 5.61314436 2.11868017 0.15590692
v 6.61659215 2.46369238 -0.03212788
v 4.65440049 2.13689189 0.10930423
v 5.96156753 2.27668330 0.17976509
v 2.63856532 1.36593552 0.22268214
v 2.85674181 1.44279837 0.16454303
v 2.43914925 1.28057182 0.28790056
v 2.80272367 1.51547029 0.31570220
v 3.30745093 1.55589560 0.18972379
v 3.05484416 1.57136112 0.28477743
v 4.18470630 1.36810841 0.20706165
v 4.00112838 1.46461463 0.22012206
v 4.02675101 1.53176742 0.32405869
v 4.23702258 1.41414568 0.30552325
v 3.77903053 1.54270913 0.23547497
v 3.54653961 1.60326068 0.27629784
v 2.38173740 1.42123248 0.41874723
v 2.58840366 1.45335550 0.35295756
v 3.30949118 1.65976534 0.34159254
v 3.09196745 1.77082195 0.43764188
v 2.53582179 1.59344132 0.44727498
v 2.68627546 1.76725424 0.47165817
v 3.34483049 1.80455676 0.43958637
v 4.27620530 1.49763546 0.39108052
v 3.79757954 1.62916276 0.34822935
v 3.56073287 1.71244560 0.38740018
v 3.59399418 1.85527829 0.45930322
v 3.81153150 1.75008544 0.43173415
v 4.05972752 1.65276237 0.42131343
v 4.31238499 1.61921192 0.45448479
v 4.17874648 1.78398984 0.47505352
v 2.22472804 2.01067969 0.33431095
v 2.89498897 2.36458796 0.22327271
v 3.25540283 2.40437571 0.24523903
v 2.57013521 2.19629424 0.32005533
v 2.66661533 2.01249110 0.45392026
v 3.23277613 1.92971025 0.47533556
v 2.93113733 2.26267331 0.35851894
v 3.26731682 2.27406575 0.38811911
v 3.26300567 2.10644559 0.46611121
v 4.30051701 2.18435860 0.32263888
v 3.83090593 1.90582179 0.47662397
v 3.60706410 2.37348781 0.29004930
v 3.46097321 2.17853720 0.44234934
v 3.87421770 2.11790714 0.44927156
v 3.97232018 2.26606207 0.34349279
v 5.13600016 1.72116167 0.20700433
v 5.13600016 1.55649281 0.36029203
v 6.06072610 1.36436158 0.22160497
v 6.28127457 1.44714733 0.17440416
v 5.85030519 1.26814165 0.28408430
v 6.23114458 1.51336458 0.31090449
v 6.73696985 1.58072007 0.23877867
v 6.54597735 1.59505448 0.29973212
v 4.47880419 1.32669065 0.37005574
v 5.13600000 1.36434190 0.43722474
v 4.98911411 1.42991346 0.46355039
v 4.49833865 1.46463750 0.44479233
v 5.61599511 1.19002308 0.38509388
v 5.28526996 1.38055916 0.47074091
v 4.85449775 1.81344997 0.36474163
v 5.58285611 1.63347079 0.47379988
v 6.00967385 1.44149434 0.34484836
v 5.78906508 1.39410683 0.41111531
v 5.96797514 1.56150272 0.43192576
v 6.15914386 1.70715035 0.45221356
v 6.76563478 1.72355403 0.39413877
v 4.95624977 1.89695596 0.19012736
v 4.59332038 2.05741971 0.30670085
v 6.30979007 2.38648188 0.17152317
v 6.68515684 2.43473048 0.18509709
v 4.48228926 1.92991697 0.43296494
v 5.65768841 1.98697620 0.35723053
v 6.02101762 2.13546329 0.38108912
v 5.72636530 1.78507691 0.46616512
v 6.09845089 1.91633830 0.47533912
v 6.69466833 1.93015614 0.47454859
v 6.34263679 2.27626952 0.34427584
v 6.68770261 2.29025474 0.37705071
v 6.69625832 2.12002854 0.46205436
v 7.31731007 -2.08652680 -0.45798966
v 7.33033539 -1.87190833 -0.47446770
v 7.71583782 -2.10205745 -0.39060550
v 7.40428621 -2.35334473 -0.23067547
v 9.08693679 -1.99772896 -0.35171497
v 8.07660988 -2.08755890 -0.22344608
v 8.37938573 -1.90501671 -0.17653112
v 7.52734976 -1.80518687 -0.47360823
v 7.74046890 -1.55029963 -0.42965871
v 7.20028606 -1.76401954 -0.43585129
v 6.98441222 -1.75009755 -0.41282263
v 7.53635054 -1.61109900 -0.41236627
v 7.98747782 -1.37776860 -0.43015046
v 8.95823047 -1.77474457 -0.42887655
v 8.67383547 -1.53550181 -0.42588488
v 8.13876293 -1.48092155 -0.47865781
v 8.15936655 -1.22812344 -0.43363550
v 8.56000042 -1.47835517 -0.39757529
v 9.13689942 -1.41112310 -0.44052030
v 7.21202353 -1.63379642 -0.35093235
v 6.98480914 -1.60995969 -0.28730194
v 7.66445211 -1.46313924 -0.35343072
v 7.84235465 -1.37839331 -0.37736611
v 7.43611997 -1.51138015 -0.29386221
v 7.64026977 -1.38081451 -0.25111746
v 7.81370620 -1.23970049 -0.21718921
v 8.28957435 -1.82972344 -0.34642491
v 8.55999951 -1.58632249 -0.34298673
v 8.56000042 -1.66524655 -0.27633554
v 11.04241172 -1.95367626 -0.46894005
v 11.20332678 -2.06618849 -0.39386666
v 9.42764710 -2.23360132 -0.27875242
v 9.77880055 -2.20885686 -0.39931293
v 10.01509160 -2.28401422 -0.37160564
v 10.46415629 -2.41610789 -0.22198937
v 11.44252381 -1.97560176 -0.37606367
v 9.30603410 -1.51483333 -0.43533922
v 9.65679800 -1.75017288 -0.45740364
v 9.83201897 -1.83062244 -0.46520726
v 10.04964460 -1.86079006 -0.46340309
v 9.87636838 -1.71629745 -0.41645667
v 10.12735091 -1.73889540 -0.40608863
v 9.22996112 -1.32356763 -0.36096392
v 10.29441955 -1.88583299 -0.46732719
v 10.65210722 -1.72427140 -0.41887275
v 10.90414296 -1.67912809 -0.43297019
v 11.11698930 -1.56803089 -0.42742500
v 10.38490862 -1.74892972 -0.41148814
v 11.34973167 -1.43057243 -0.43212300
v 9.90470245 -1.62635262 -0.34453753
v 10.15185566 -1.65716858 -0.33917635
v 9.92165472 -1.55731915 -0.25861660
v 10.15634716 -1.59082751 -0.25633440
v 9.66545581 -1.59937873 -0.38289252
v 9.69091430 -1.49639064 -0.27324353
v 9.45676211 -1.44264626 -0.33576073
v 9.32443234 -1.28251625 -0.26088666
v 10.39614241 -1.64961301 -0.33221838
v 10.36704070 -1.58604103 -0.24802070
v 10.61036570 -1.56613446 -0.27058346
v 10.87409238 -1.56497837 -0.35383305
v 11.09889151 -1.44789507 -0.34486580
v 11.28411037 -1.30857655 -0.33375165
v 10.85555821 -1.48409360 -0.25545021
v 11.06391114 -1.37505345 -0.24183166
v 11.23759684 -1.23441888 -0.20950277
v 7.05596429 -2.44067955 -0.16035305
v 7.74121531 -2.24827443 -0.22995188
v 9.04295387 -2.12049325 -0.16044097
v 8.41826063 -1.91280905 0.03785169
v 8.99479728 -2.11945576 0.03231797
v 7.20190274 -1.53046328 -0.21457266
v 7.41379643 -1.43758634 -0.15092393
v 7.61297305 -1.32757554 -0.10193345
v 6.96621970 -1.53244944 -0.12363480
v 7.40377659 -1.41634183 0.01988464
v 8.55999953 -1.77803078 -0.06986555
v 9.37510189 -2.30110308 -0.09123340
v 10.06906836 -2.42704088 -0.19672863
v 10.82974859 -2.30945422 -0.29383593
v 11.15761404 -2.23060773 -0.26332718
v 9.71037749 -2.40390847 -0.09380866
v 10.83425692 -2.39751162 -0.11984401
v 11.49195717 -2.14736009 -0.08777421
v 9.71019374 -1.44268192 -0.15979679
v 9.50190437 -1.35560091 -0.18867762
v 9.93112309 -1.50865043 -0.15576539
v 10.15831183 -1.54231108 -0.15501398
v 10.38839373 -1.54217025 -0.15496801
v 10.61743847 -1.50618054 -0.15188131
v 10.83604480 -1.43310830 -0.13665150
v 11.03647040 -1.32735325 -0.10009534
v 9.72013302 -1.41819100 -0.02810902
v 10.38635128 -1.51769962 -0.02731934
v 10.82765670 -1.41672504 0.02431272
v 8.52817418 -1.24960799 -0.46920293
v 8.63429890 -1.12320263 -0.47865781
v 8.37180485 -0.93341235 -0.46443767
v 8.78462595 -1.06597794 -0.44928409
v 8.80788127 -0.83987251 -0.45858576
v 8.27252167 -1.01779309 -0.41107104
v 8.19822367 -1.01222525 -0.36670936
v 9.00300685 -1.22224777 -0.41763686
v 8.59296186 -0.96686434 -0.47865781
v 8.55999947 -0.74260886 -0.46087108
v 8.03958969 -0.99016008 -0.17204609
v 8.95493928 -1.00880384 -0.34084633
v 8.38279032 -0.56894186 -0.47865781
v 8.12766842 -0.29180214 -0.44964623
v 7.98551863 -0.42490224 -0.34656648
v 8.56047758 -0.49338595 -0.42740423
v 8.55925966 -0.22257055 -0.39484305
v 11.47689880 -0.69605061 -0.35001403
v 7.93119105 -1.08834772 -0.13074937
v 7.95457158 -0.79438207 -0.15258840
v 9.15981418 -1.13307640 -0.24982900
v 9.19390414 -1.06769626 0.00292415
v 9.09102578 -0.98856006 -0.14829149
v 7.91542230 -1.08592832 0.07583452
v 8.00236989 -0.98454975 0.00842733
v 7.85220620 -0.38800371 -0.15767298
v 11.35463234 -1.08736932 -0.12592781
v 11.37004097 -0.76077054 -0.16367396
v 11.33382618 -1.09305091 0.08205016
v 11.42636968 -0.98454990 0.00842734
v 9.20966815 -0.37292947 -0.27599269
v 9.28910502 -0.33443549 -0.10865615
v 11.28648724 -0.38241926 -0.18645811
v 12.92387323 -1.82748884 -0.47865781
v 11.82338561 -1.87886265 -0.19075988
v 12.77713417 -2.17496303 -0.31017808
v 12.47645502 -1.88780693 -0.40677871
v 12.06387101 -1.43383092 -0.44645809
v 11.82350105 -1.43583904 -0.46569987
v 11.59530972 -1.39468889 -0.47318939
v 12.24155384 -1.37367620 -0.47865781
v 12.63365856 -1.42195751 -0.42449874
v 12.79699247 -1.62414660 -0.45728569
v 13.27769966 -1.78488108 -0.44971025
v 13.48618100 -1.77485352 -0.43077058
v 13.78349749 -1.85258871 -0.45704393
v 13.04524986 -1.67940882 -0.43574838
v 13.31295045 -1.68995265 -0.39729327
v 13.61565160 -1.73208006 -0.39996802
v 13.85533136 -1.73065075 -0.40201081
v 13.79292208 -1.62817407 -0.30717754
v 11.98400021 -1.58080302 -0.34618892
v 11.98400021 -1.67624617 -0.26459633
v 13.53057782 -1.65013262 -0.33842112
v 12.85538134 -1.48499080 -0.37985431
v 13.08723904 -1.55391437 -0.34582464
v 12.70524704 -1.29193755 -0.30389011
v 13.83060994 -2.05333520 -0.47515761
v 13.91826476 -2.24933606 -0.39955473
v 14.17668559 -1.95398185 -0.47865781
v 14.52126491 -2.05450244 -0.42758409
v 13.89252953 -2.41517773 -0.22245476
v 14.25060372 -2.31346478 -0.29018256
v 14.53027424 -2.21889833 -0.30015524
v 15.17062935 -1.86718113 -0.29110122
v 14.05003977 -1.77904135 -0.44315092
v 14.29258791 -1.69779731 -0.43652442
v 14.65606561 -1.69965704 -0.47703411
v 14.52990058 -1.60320374 -0.44040533
v 14.61183540 -1.46964009 -0.39867030
v 14.99532572 -1.63727202 -0.47041478
v 15.16676673 -1.70402025 -0.40490732
v 15.12438093 -1.28890775 -0.47287437
v 15.63969807 -1.29690190 -0.33908677
v 14.06204775 -1.65678170 -0.37236128
v 14.04303848 -1.55449524 -0.25291038
v 14.28595190 -1.56633751 -0.35171191
v 14.78775712 -1.31808005 -0.38405439
v 14.61753566 -1.31671053 -0.28059778
v 15.46181617 -1.59281245 -0.29079047
v 12.56250321 -2.13005394 -0.23387534
v 12.14865745 -1.82912659 -0.26446776
v 13.54196178 -2.37479205 -0.28938304
v 11.83624595 -1.91559394 0.06527697
v 12.47319123 -2.15477006 -0.01509097
v 12.17207497 -1.94784547 -0.06988664
v 12.81266020 -2.31106337 0.05763467
v 13.80009470 -1.54522594 -0.16246175
v 13.10975276 -1.45000385 -0.20218188
v 12.92243926 -1.37809951 -0.23276918
v 13.35079990 -1.50649601 -0.15247173
v 13.57051071 -1.56025756 -0.20413055
v 11.98400021 -1.78018683 -0.04871363
v 13.80693779 -1.51773903 -0.02661884
v 14.88624493 -2.09214895 -0.25042676
v 15.23911099 -1.92273446 -0.10964609
v 14.25316806 -2.39728994 -0.12736502
v 14.59107371 -2.28933980 -0.14235515
v 14.00447583 -1.50716216 -0.13835971
v 14.23134658 -1.45489643 -0.16969205
v 14.44762483 -1.33930138 -0.12290426
v 14.24872066 -1.41736894 0.02096661
v 11.76903801 -0.97230346 -0.45125244
v 12.27087488 -0.80035270 -0.45182393
v 11.42055447 -1.14266318 -0.29544887
v 11.61725630 -1.01185307 -0.36288010
v 12.49184816 -1.19522622 -0.37455790
v 12.39446723 -0.61527864 -0.42900726
v 11.45755620 -0.98925078 -0.15854398
v 12.36111359 -1.01107591 -0.35488550
v 11.78494091 -0.58713526 -0.47865781
v 12.09405151 -0.44589559 -0.46415881
v 11.87591516 -0.42332916 -0.46201243
v 11.98400015 -0.57972761 -0.44001974
v 11.53765153 -0.30080894 -0.44415757
v 12.13448272 -0.22083179 -0.46359812
v 11.85289097 -0.20331012 -0.45721719
v 11.98400021 -0.31479274 -0.40478431
v 14.99540882 -1.18234843 -0.41433980
v 15.47881147 -1.18991251 -0.45621198
v 15.44565578 -0.77075225 -0.47135114
v 15.76493991 -0.61353567 -0.45167240
v 15.93714376 -0.66763663 -0.33743643
v 14.89827525 -1.10505239 -0.30817309
v 15.08555732 -0.96622796 -0.36863891
v 15.84135295 -1.01330844 -0.29885928
v 14.99879944 -0.92750350 -0.26680971
v 15.13824096 -0.75416454 -0.30456866
v 15.46386672 -0.55026952 -0.45522129
v 15.34900102 -0.41610156 -0.38087111
v 15.51580695 -0.30884309 -0.45404841
v 15.22667899 -0.52189191 -0.29128729
v 16.04180042 -0.26764433 -0.30893683
v 15.38264667 -0.18511206 -0.37508787
v 15.26340942 -0.28493141 -0.25752710
v 12.60041037 -1.10671549 -0.19119178
v 12.48356442 -0.99330198 -0.21535503
v 12.54207365 -0.98448332 -0.00323666
v 12.64187894 -0.38568631 -0.25929282
v 14.84115768 -1.05448251 -0.18176177
v 14.97583352 -0.87412353 -0.16347172
v 15.08975711 -0.67590219 -0.16183318
v 16.05163579 -0.71294686 -0.12645244
v 14.81911233 -1.02617191 -0.02867015
v 15.06796018 -0.65593781 -0.01355532
v 15.16716128 -0.46021947 -0.14298361
v 15.20911293 -0.23307383 -0.09765573
v 15.15048513 -0.44866982 0.02822822
v 7.41143338 -2.41063377 -0.04622373
v 7.75974483 -2.30512317 -0.00842981
v 7.03878368 -2.46853433 0.04908042
v 7.39858342 -2.38817857 0.16047771
v 7.72176445 -2.28148801 0.17757452
v 8.09786983 -2.13696211 0.04479847
v 8.42426276 -1.82585840 0.23446314
v 7.18790875 -1.48460979 -0.04138762
v 7.60737006 -1.32423054 0.07801138
v 6.96196951 -1.52081770 0.06781632
v 7.19084627 -1.50228407 0.13967329
v 8.56000037 -1.76331298 0.11839186
v 10.45506628 -2.47239305 0.00899702
v 10.78839681 -2.41903296 0.05467625
v 9.73419937 -2.40175964 0.12703183
v 10.10863210 -2.43138388 0.19364800
v 11.19419642 -2.26402914 0.17177097
v 11.50581201 -2.13975471 0.09146831
v 11.46748047 -2.05879982 0.28975212
v 9.51786263 -1.32260648 -0.04128792
v 9.93534672 -1.48439777 -0.03002929
v 10.15918555 -1.51807548 -0.03112118
v 10.61058806 -1.48273649 -0.01222527
v 10.38669142 -1.53160455 0.11771039
v 11.02934844 -1.32350303 0.07074195
v 9.94443473 -1.49492036 0.09767523
v 10.15961449 -1.52825579 0.10299739
v 10.61703135 -1.50599546 0.15112279
v 7.01020629 -2.40369241 0.24642586
v 8.73233505 -1.87318120 0.21744607
v 7.09216767 -2.28004399 0.37656230
v 7.77745138 -2.15084327 0.33036485
v 6.97104528 -1.97948410 0.47865781
v 7.35829878 -1.98386266 0.47624539
v 9.12566607 -2.03213788 0.34231945
v 6.96712386 -1.59151396 0.25752669
v 7.21880455 -1.57536735 0.29020247
v 7.41792973 -1.45372703 0.19288231
v 8.56000042 -1.70042623 0.23380866
v 7.02481770 -1.80059648 0.44068832
v 6.88605523 -1.72417889 0.39456598
v 7.46756041 -1.55895552 0.35426754
v 7.26535766 -1.70484484 0.41367048
v 7.53815399 -1.85455971 0.47865781
v 7.92912428 -1.77041117 0.47236647
v 7.51652584 -1.70016536 0.44753835
v 7.64963528 -1.39761522 0.28058228
v 7.73323545 -1.53755469 0.42259773
v 7.88514077 -1.32751770 0.36143316
v 7.97252977 -1.43194878 0.44540325
v 8.27243925 -1.79679960 0.37927535
v 8.99503190 -1.57182405 0.47865781
v 8.55999947 -1.54151111 0.36898369
v 8.39474108 -1.41659116 0.46923469
v 8.05276345 -1.57129618 0.47865781
v 8.55999947 -1.35852134 0.43897725
v 9.15322161 -1.50390766 0.46330113
v 9.03371406 -1.16895117 0.37745369
v 8.77511643 -1.47388164 0.46832025
v 10.80713409 -2.36275721 0.22483194
v 10.44780063 -2.41537391 0.22613621
v 9.79080769 -2.26551534 0.35752245
v 10.05778014 -2.28899914 0.37293918
v 9.51132625 -1.98549450 0.46160011
v 10.15912071 -2.08293404 0.47068379
v 10.79414790 -2.24658544 0.36798811
v 10.43448642 -2.28311098 0.38193490
v 11.17722881 -2.12280268 0.36365073
v 10.77920626 -2.08895865 0.45412786
v 10.30683063 -1.90708808 0.47086621
v 9.95667396 -1.54172280 0.22276424
v 10.16705272 -1.57603713 0.23064482
v 9.96518539 -1.63748278 0.34639043
v 9.74567585 -1.45441702 0.16172639
v 9.53878779 -1.36198843 0.16249243
v 9.34972651 -1.23697606 0.15312758
v 9.58626673 -1.53419121 0.36022206
v 9.21861522 -1.33635474 0.37635361
v 10.39619434 -1.60121812 0.27406813
v 10.70429357 -1.58421320 0.32362250
v 10.84209361 -1.45195833 0.18877337
v 11.05259995 -1.36749650 0.22148158
v 10.88409909 -1.51531258 0.31051643
v 10.12105565 -1.76721712 0.42288641
v 10.16052830 -1.65539505 0.33752614
v 9.35310561 -1.54421614 0.43425790
v 9.67281801 -1.65880241 0.41889868
v 9.88109139 -1.74189774 0.42806735
v 9.43086386 -1.42232830 0.33158646
v 10.32823656 -1.72391928 0.39438849
v 10.68363483 -1.76350132 0.44051781
v 10.90364210 -1.62536418 0.40492725
v 10.94015814 -1.79608338 0.47179476
v 11.34388330 -1.73734843 0.47728232
v 11.10861880 -1.46169036 0.36035775
v 11.25498625 -1.54338418 0.44972870
v 11.36071921 -1.34662172 0.39694645
v 11.42432157 -1.52233263 0.47084323
v 7.78380180 -1.19987093 -0.03728250
v 8.02085590 -0.98733648 0.12195107
v 7.79711104 -1.23077611 0.17866695
v 9.10671194 -0.98619583 0.09283277
v 9.07091810 -0.99159085 0.19328714
v 7.82903511 -0.37526373 0.08252686
v 9.33540042 -1.21348384 -0.11168302
v 9.20907566 -0.75169540 -0.00771606
v 11.20662424 -1.20094263 -0.04025330
v 11.18917730 -1.22731432 0.11381938
v 11.44485569 -0.98733664 0.12195110
v 11.38046332 -0.86392823 0.02629068
v 11.24799115 -1.25322736 0.24666504
v 11.24794866 -0.37738027 0.03233901
v 9.29166536 -0.37260018 0.08213029
v 11.31068117 -0.36552978 0.24093747
v 7.99051394 -0.67767002 0.28902074
v 7.98636425 -1.12841183 0.27359618
v 9.19166496 -1.13922678 0.22003142
v 8.14384314 -0.65583735 0.42197015
v 8.08632882 -1.23002205 0.40808178
v 8.16434714 -1.00896413 0.34017373
v 8.91851403 -1.01246994 0.36922472
v 8.45957462 -1.20284599 0.47865781
v 8.39322093 -0.99505168 0.46064138
v 8.59139911 -1.10517891 0.47865781
v 8.76039325 -0.97093339 0.45536696
v 9.01028627 -0.65015120 0.40269592
v 8.58225915 -0.88257333 0.47632432
v 8.56000020 -0.74260885 0.46087115
v 8.55999947 -0.56435359 0.43730727
v 9.20764114 -0.38798967 0.27426362
v 7.92390435 -0.33984595 0.29927355
v 8.42709193 -0.41783631 0.46852973
v 8.56000042 -0.31479273 0.40478441
v 8.94884128 -0.28674819 0.46317817
v 8.56000002 -0.05752538 0.38590549
v 8.44038433 -0.18355524 0.45321516
v 8.31199601 -0.27793630 0.47865781
v 11.42132827 -1.12946042 0.28394037
v 11.42311165 -0.69119019 0.29577817
v 11.44237217 -0.34107771 0.38883280
v 13.50456866 -2.46894830 -0.04231066
v 12.13401740 -1.90525991 0.10953139
v 13.16731914 -2.40158109 0.13377958
v 13.50555385 -2.44177436 0.16425817
v 13.14083807 -1.41762067 -0.03381323
v 12.93901991 -1.32142844 -0.04358877
v 13.35022231 -1.48167636 -0.02702514
v 13.57578451 -1.51746275 -0.03587966
v 12.95051406 -1.33530877 0.09539678
v 13.58085290 -1.52820755 0.10319371
v 13.80911304 -1.53140820 0.11684772
v 11.98400021 -1.74369867 0.16479191
v 13.14159046 -1.42778962 0.10087222
v 13.35824459 -1.49382850 0.09960431
v 13.87830314 -2.47273992 -0.00435531
v 14.63311865 -2.28982656 0.04552945
v 14.93495222 -2.14718615 -0.01279580
v 13.85485642 -2.43760830 0.17774398
v 14.23269382 -2.40700024 0.10498896
v 14.03009021 -1.48354031 -0.01357062
v 14.45887417 -1.32063844 0.06898822
v 15.54581971 -1.62687869 -0.10286404
v 15.49280457 -1.69694775 0.07870553
v 15.73734250 -1.37733965 -0.12072525
v 14.03794939 -1.50557320 0.14839916
v 12.47574711 -2.10174909 0.21125799
v 12.79190565 -2.23079863 0.24910116
v 12.53351764 -1.97435573 0.37986450
v 13.31288906 -2.24118074 0.38867793
v 13.49089772 -2.29635889 0.36743211
v 12.87035558 -2.13308067 0.38291530
v 12.95517194 -1.99625842 0.46022786
v 13.58867600 -2.08828694 0.46987471
v 13.74512837 -1.93377508 0.47489990
v 11.98400021 -1.60325733 0.33165837
v 12.70341427 -1.30149884 0.31512245
v 13.37027064 -1.53563677 0.21500457
v 13.57794486 -1.57753225 0.23324171
v 13.81458860 -1.59104755 0.25671659
v 13.34778611 -1.61143867 0.32816908
v 13.16752522 -1.48692642 0.23168696
v 12.93370128 -1.38647536 0.23738934
v 12.76929646 -1.22768624 0.13874770
v 11.84425838 -1.79850670 0.27301860
v 12.51577593 -1.49055949 0.46925102
v 12.59467585 -1.35035648 0.40467992
v 11.98400021 -1.36806588 0.43610341
v 12.41191936 -1.26519134 0.43779510
v 13.04153010 -1.58103732 0.38379797
v 13.63337956 -1.78645570 0.43084492
v 13.88711556 -1.78825955 0.43582616
v 13.20117471 -1.63165904 0.38146799
v 13.58559402 -1.66688007 0.34821255
v 13.83235037 -1.68001794 0.36188614
v 12.69328591 -1.69448894 0.47865781
v 12.86793291 -1.49345984 0.38134782
v 14.57575999 -2.25459599 0.22896629
v 14.91568025 -2.08687314 0.23316720
v 15.24372722 -1.90163114 0.15447266
v 13.92919776 -2.32295651 0.33906391
v 14.46774352 -2.11430725 0.40604287
v 14.24335519 -2.04578118 0.46322974
v 14.85117472 -1.93665631 0.40397550
v 14.05364253 -1.57349725 0.28335128
v 14.26416367 -1.45218641 0.18779087
v 14.48449444 -1.36771941 0.22777948
v 14.29155217 -1.52294143 0.31050919
v 15.45683706 -1.64831443 0.24246419
v 15.68220996 -1.37081802 0.23968682
v 14.08238411 -1.66141507 0.37905485
v 14.32979651 -1.61251048 0.39705254
v 14.13502539 -1.76332902 0.44433724
v 14.36837676 -1.73050704 0.45680366
v 14.52724150 -1.45023035 0.34857959
v 14.57550227 -1.56209527 0.43207405
v 14.78694994 -1.40358671 0.42495141
v 14.90312155 -1.56798167 0.47865781
v 15.22863160 -1.74288384 0.34994017
v 15.61435221 -1.26415159 0.37474690
v 15.23308662 -1.36082442 0.47563103
v 12.75771438 -1.21216516 -0.11106966
v 12.62557559 -1.07854361 0.03950606
v 12.54419272 -0.82979626 0.22108296
v 12.72026470 -0.37713633 -0.03028197
v 14.64859405 -1.19451529 -0.08241096
v 14.67324557 -1.18725102 0.13268280
v 14.87744109 -0.99997275 0.16740526
v 14.95950387 -0.84637592 -0.02227346
v 14.98637180 -0.82382534 0.10805778
v 15.91659786 -1.07044922 -0.11284268
v 16.06902076 -0.69204231 0.07242434
v 14.68009658 -1.28884231 0.29595904
v 15.08963305 -0.66662740 0.15126152
v 16.13357401 -0.35215869 -0.11830995
v 16.13574610 -0.39792359 0.07416231
v 15.21141712 -0.22913020 0.10366985
v 12.60864478 -1.13558041 0.22368249
v 12.46435620 -0.99619706 0.24457412
v 11.57076971 -1.20214378 0.42045621
v 11.58834697 -1.00896413 0.34017377
v 12.51084006 -1.16610810 0.34267727
v 12.31019849 -1.01489171 0.38913689
v 11.98697839 -1.18669937 0.47172255
v 11.88099008 -1.04070694 0.47187762
v 12.21760865 -0.87349168 0.45889611
v 12.10072480 -1.04951973 0.47074839
v 12.47827333 -0.67526540 0.36748894
v 11.95147495 -0.86503120 0.47634237
v 11.98399999 -0.74260885 0.46087115
v 11.70880975 -0.59225602 0.47276618
v 11.98399925 -0.56435359 0.43730727
v 12.67703722 -0.36786697 0.20588173
v 12.56703821 -0.35893938 0.35246169
v 11.88539199 -0.51158293 0.46522907
v 11.98400021 -0.31479274 0.40478431
v 12.14892897 -0.65924885 0.47865781
v 12.42138185 -0.18764166 0.45049632
v 11.98400021 -0.05752580 0.38590553
v 11.86643359 -0.17995635 0.45249999
v 12.09646215 -0.20370255 0.45147434
v 14.82240775 -1.20495454 0.33199079
v 15.02280348 -0.87835302 0.25180864
v 16.00744992 -0.70098299 0.23637194
v 15.17112036 -0.71078964 0.31310306
v 14.98270017 -1.06810283 0.35291493
v 14.96075670 -1.23555762 0.42095701
v 15.10413219 -0.93381804 0.36636326
v 15.13556580 -1.13578028 0.45118424
v 15.31356437 -1.12917024 0.47865781
v 15.88535685 -0.64240768 0.38582960
v 15.19213408 -0.46465257 0.20651932
v 16.08833617 -0.34591484 0.23287082
v 15.30963672 -0.17940276 0.30008224
v 15.29575565 -0.48108654 0.34804354
v 15.95535840 -0.25865324 0.38927843
v 15.43089700 -0.48088227 0.43661580
v 15.42546159 -0.27381932 0.41018989
v 7.94363290 0.01261466 -0.34740857
v 8.47440429 0.00336479 -0.43391882
v 8.55911384 0.03892819 -0.38555933
v 9.18478624 0.01344032 -0.33953956
v 8.25018206 0.63592556 -0.46379936
v 8.56044072 0.53816283 -0.43288474
v 8.90132180 0.42468016 -0.46865741
v 8.73303785 0.62779120 -0.47865781
v 9.19241140 0.37019517 -0.29791350
v 8.55999987 0.76046946 -0.46288965
v 8.07242400 0.61276542 -0.38352794
v 8.93935486 0.63192111 -0.44186715
v 8.60014191 1.04037448 -0.47865781
v 8.41452993 1.03691896 -0.46401163
v 8.51204030 1.21380874 -0.47448326
v 8.65524054 0.86655177 -0.47865781
v 8.79946491 1.01543722 -0.43307719
v 8.22141951 1.01396355 -0.38212222
v 8.91465686 1.01275903 -0.37219842
v 8.94789389 1.21257040 -0.43316179
v 9.07468058 1.18106586 -0.36057501
v 9.07875341 0.99040970 -0.17575363
v 7.97217575 1.16195576 -0.29238130
v 11.50094892 0.40322538 -0.41762086
v 11.31013083 -0.01776693 -0.28217353
v 11.42111253 1.14558758 -0.29862174
v 7.81474481 0.00263720 -0.14459674
v 7.84218413 0.38256718 -0.13170886
v 7.93171570 1.08657700 -0.12661429
v 8.06073762 0.99334775 -0.21581383
v 9.13592582 1.10720642 -0.24511185
v 8.01418449 0.98633095 -0.09627952
v 9.19044477 1.07617197 -0.08664704
v 11.21931178 -0.00490394 -0.03929119
v 11.31544733 0.37393614 -0.24575925
v 11.24752009 0.38244402 -0.01166670
v 9.28285476 0.37649632 -0.11606139
v 9.17598435 0.78217599 -0.13699951
v 11.36652729 0.73566053 -0.17875624
v 11.34715543 1.08415288 -0.09322501
v 9.31899449 1.20808920 -0.13270506
v 11.43873365 0.98641364 -0.09839346
v 7.93165491 1.37893740 -0.41206678
v 7.26674097 1.66721239 -0.38936301
v 7.53707449 1.64142127 -0.42668788
v 8.10851201 1.18406072 -0.39536241
v 8.56000037 1.43338602 -0.41643560
v 8.73346218 1.50589397 -0.45266907
v 8.42110474 1.55668793 -0.42661623
v 8.94381419 1.62794217 -0.46859372
v 8.88955494 1.81671778 -0.38419733
v 7.80575638 1.26212629 -0.24159419
v 7.68803341 1.46200656 -0.36200128
v 7.47509257 1.54728398 -0.34752388
v 7.62492780 1.40160446 -0.27162154
v 7.42905732 1.48966997 -0.26316081
v 6.99035500 1.66502332 -0.34892271
v 6.96879771 1.58509707 -0.24690175
v 7.20244257 1.55844498 -0.26161090
v 8.56000042 1.64069248 -0.29896941
v 7.30044767 2.08960832 -0.45782451
v 7.86196903 1.95198723 -0.43264867
v 7.66881451 2.10181321 -0.40431649
v 7.74212213 2.21645230 -0.27667296
v 8.04468766 2.02105465 -0.32768940
v 9.16334800 1.36084752 -0.41334568
v 9.35213314 1.53876116 -0.43234585
v 9.91128834 1.82096623 -0.45760074
v 10.16942904 1.84114613 -0.45350446
v 9.60080178 1.62957220 -0.41778666
v 9.83828688 1.69055959 -0.40763362
v 10.09508589 1.72524041 -0.40014480
v 11.34863497 1.35924375 -0.39823814
v 10.44476250 1.85145003 -0.45825991
v 10.71935077 1.80059935 -0.45700496
v 11.08817560 1.62751454 -0.44710733
v 10.95171868 1.77430407 -0.46916415
v 10.88747030 1.63749760 -0.40959531
v 10.35825206 1.73276098 -0.40043357
v 10.62052431 1.70143736 -0.40153949
v 9.52884385 1.48421157 -0.34150543
v 9.71493295 1.56964247 -0.34563143
v 9.25936423 1.26205993 -0.28925667
v 9.71049902 1.48153580 -0.23964818
v 10.24111928 1.61959009 -0.29638340
v 9.94130353 1.59341915 -0.30307265
v 11.21897089 1.30354835 -0.28494019
v 11.11644223 1.48034359 -0.37812606
v 10.96808904 1.45461029 -0.28756871
v 10.43243393 1.62045633 -0.30478145
v 10.66182628 1.57385345 -0.29543374
v 9.46311714 1.95059980 -0.46565420
v 10.05415240 2.15121220 -0.44979741
v 10.42222935 2.01814190 -0.47865781
v 10.61210810 1.98411035 -0.47865781
v 11.04982209 1.93413382 -0.47111536
v 11.39995382 1.78486360 -0.46511850
v 11.48334632 1.97846128 -0.35275131
v 10.76552853 2.17863264 -0.41853218
v 9.38074895 2.22211049 -0.27182929
v 9.71480884 2.30646599 -0.29763318
v 10.12200391 2.33791433 -0.33334437
v 7.40976712 1.44131140 -0.15642089
v 7.19005086 1.50818373 -0.15503333
v 7.61680773 1.34563411 -0.16430581
v 6.98470006 1.53537624 -0.14553548
v 8.55999952 1.75652066 -0.14026763
v 8.56000028 1.78276581 0.02341808
v 7.04094677 2.38002552 -0.28006795
v 7.39445218 2.34993867 -0.24136332
v 7.34410260 2.42358468 -0.03492317
v 8.09678300 2.13125880 -0.08615339
v 9.04997782 2.07762252 -0.24415146
v 8.69734125 1.90808857 -0.04412858
v 8.42097361 1.90944703 -0.04613817
v 9.02301490 2.13913210 -0.02747680
v 9.48919556 1.35585716 -0.20335688
v 9.94294826 1.50317138 -0.13449512
v 10.16846796 1.55393470 -0.18471350
v 10.40070406 1.54508429 -0.16701851
v 10.62694170 1.50376300 -0.15313579
v 10.83871410 1.44004033 -0.15759039
v 11.04430161 1.34303854 -0.16220389
v 10.82655134 1.41758784 -0.03098555
v 9.36438230 2.29954582 -0.08076375
v 9.72033465 2.40755462 -0.09139552
v 10.09238448 2.46008246 -0.10509338
v 11.51749852 2.11511777 -0.14810808
v 10.80690119 2.36156153 -0.22694583
v 10.43526011 2.43737107 -0.17835011
v 10.81935873 2.41768073 0.01081878
v 12.09247620 -0.00036706 -0.44482904
v 11.88403940 0.00207667 -0.44079000
v 11.98400021 -0.05752588 -0.38590562
v 11.98400021 0.11505161 -0.38884462
v 12.61114313 0.01076665 -0.33753843
v 11.98444051 0.53816277 -0.43288474
v 12.33590682 0.40097692 -0.46782096
v 12.15976400 0.57292234 -0.47865781
v 11.98400021 0.33803626 -0.40832054
v 12.61323493 0.37062085 -0.30168830
v 11.63615459 0.58188918 -0.45659324
v 11.98399966 0.76046946 -0.46288965
v 11.97513042 0.85185834 -0.47225035
v 12.33624157 0.61549767 -0.45295429
v 12.48544261 0.67043181 -0.36198617
v 11.92463357 1.05113873 -0.47837882
v 11.80544874 0.88253858 -0.47078083
v 11.96480563 1.26137636 -0.46517376
v 12.15337531 0.95468811 -0.46618860
v 11.67164008 1.01592846 -0.39697585
v 12.32046591 1.01412221 -0.38332060
v 12.49576985 1.16819172 -0.35363616
v 11.57617517 1.00712957 -0.33025483
v 12.48622546 0.99290081 -0.21130720
v 15.56198057 -0.03774814 -0.46044506
v 15.52281309 0.22747967 -0.45274921
v 15.67272995 0.37750691 -0.47865781
v 15.39512258 0.06110063 -0.37730855
v 15.38747710 0.32662864 -0.39290516
v 16.02680946 -0.02221318 -0.34447505
v 15.50580368 0.48291385 -0.46301315
v 15.36454998 0.58627737 -0.42164262
v 15.28513301 0.24793788 -0.27735918
v 15.27190384 -0.02042798 -0.22541165
v 15.26296160 0.49798995 -0.32277709
v 16.01386739 0.35710205 -0.33213331
v 15.50769644 0.96738995 -0.47525817
v 15.70121615 0.62338608 -0.46895804
v 15.34182155 0.83130662 -0.45345211
v 15.21533576 0.74470557 -0.36799062
v 15.90486700 0.70492069 -0.35586315
v 15.16844394 1.00014871 -0.42543262
v 14.97298116 1.08770234 -0.35721508
v 15.04185650 0.91361142 -0.29985561
v 15.82486261 1.04505067 -0.30021924
v 12.70412059 0.37692298 -0.12735518
v 12.73398496 0.01220975 -0.12297126
v 12.58730434 1.11752967 -0.22591112
v 12.74550827 1.21023656 -0.13427839
v 16.15828935 0.00484303 -0.12405554
v 15.21751569 -0.00159300 -0.02182235
v 15.21244439 0.22705437 -0.10702279
v 15.18055801 0.45854122 -0.17328095
v 15.15000476 0.44747227 0.01835621
v 16.12882727 0.35796490 -0.13720072
v 14.96817246 0.86749896 -0.13483118
v 14.67077580 1.21034471 -0.17532807
v 14.85488248 1.07043682 -0.22616420
v 15.12120304 0.68874598 -0.23515713
v 15.06916709 0.66128241 -0.05471742
v 14.81368288 1.03705810 -0.06269253
v 11.56590936 1.23057713 -0.42876985
v 11.98400021 1.43338602 -0.41643559
v 12.36593867 1.24619705 -0.44617437
v 12.60244559 1.58026928 -0.47307490
v 12.60556290 1.38933317 -0.41912442
v 12.40964544 1.66017159 -0.46865940
v 12.18774231 1.73844457 -0.36839370
v 12.83047693 1.55108911 -0.42435618
v 12.80456026 1.70434370 -0.47317177
v 12.97619256 1.79423181 -0.47415697
v 13.84942574 1.86535590 -0.46162180
v 13.05643709 1.66809234 -0.42893371
v 13.30259887 1.71933020 -0.41753867
v 13.53607031 1.78080309 -0.43002085
v 13.92418589 1.73368388 -0.41107770
v 12.68971817 1.27905404 -0.30150456
v 11.98400021 1.56833244 -0.35342351
v 11.98400021 1.66866229 -0.27318732
v 12.85769931 1.43476982 -0.33966505
v 13.05251605 1.54220868 -0.34988653
v 12.91445025 1.36633092 -0.22037309
v 13.12724145 1.48876443 -0.25536138
v 13.40246564 1.65090368 -0.35689702
v 13.60166549 1.67451046 -0.35531236
v 13.35419005 1.55997942 -0.26097601
v 13.58279153 1.59576083 -0.26490314
v 13.82731186 1.63281399 -0.31468940
v 13.45271315 2.10221573 -0.46361110
v 13.49037709 2.26088063 -0.39344567
v 12.84212834 2.22032537 -0.29117665
v 13.16129522 2.31130888 -0.30014850
v 14.71203056 1.39069788 -0.39266524
v 14.07405089 1.78838725 -0.44843525
v 14.52099709 1.54354064 -0.41128652
v 15.10891341 1.39622786 -0.47865781
v 15.62171055 1.33952013 -0.33069833
v 14.27778583 1.65608056 -0.41494783
v 14.78965889 1.23658176 -0.33283699
v 14.30758036 1.49773276 -0.29031643
v 14.55022620 1.36804592 -0.28625472
v 14.08313236 1.64326204 -0.36448248
v 14.05465855 1.55261531 -0.25377393
v 15.43633579 1.63794576 -0.27726606
v 14.15975419 2.12968145 -0.44405089
v 14.45699103 1.89284937 -0.47784127
v 14.85907007 1.92470354 -0.40768679
v 13.88224858 2.40446302 -0.24351879
v 11.98400021 1.77909858 -0.05938870
v 13.13456410 1.42854869 -0.11363023
v 13.35103107 1.50435707 -0.14707518
v 13.57893074 1.54209528 -0.15503573
v 13.82647971 1.54458532 -0.16643410
v 12.46035417 2.05730601 -0.25997783
v 11.82088337 1.84063972 -0.24798881
v 12.15970194 1.93434711 -0.08937504
v 12.46490030 2.14465633 -0.07723709
v 12.79546969 2.29964769 -0.09264017
v 13.18412368 2.41498382 -0.08655524
v 14.05834003 1.49901891 -0.14712475
v 14.26254119 1.44057995 -0.15864118
v 14.47507416 1.33920444 -0.16283161
v 14.25254595 1.41696402 -0.03167522
v 15.49730872 1.69082680 -0.08495917
v 14.81265141 2.07347554 -0.31724622
v 14.92206432 2.13605691 -0.12087587
v 14.50796226 2.27404967 -0.23138809
v 14.13464755 2.38870469 -0.20382223
v 15.18720544 1.88169002 -0.26195585
v 13.80902809 2.47046231 -0.03483401
v 15.26210117 1.90742942 -0.09023492
v 7.80376929 -0.00116990 0.09923161
v 7.83485124 0.38076579 0.10206040
v 7.90482246 0.00737076 0.30658893
v 7.92842450 0.77711957 -0.08134992
v 7.77669663 1.20492593 -0.03961279
v 7.92835775 1.07207523 0.06646466
v 8.00748472 0.98532112 0.06836982
v 7.79294216 1.22152445 0.15313513
v 9.11419791 0.98506747 -0.04865683
v 9.18959482 1.07715412 0.09235091
v 7.91698748 0.74180480 0.09125976
v 9.05734286 0.99363711 0.21873366
v 9.31097532 0.00560383 -0.12080107
v 9.30837552 -0.00823941 0.13132641
v 9.28341138 0.37143443 0.11862597
v 11.26115852 -0.00079920 0.20205756
v 9.18432941 0.78568672 0.09723457
v 9.33290568 1.19752602 0.03617131
v 11.20602501 1.20128680 -0.03954138
v 11.35277096 1.11108714 0.17362606
v 11.43148458 0.98532075 0.06836984
v 11.18617281 1.24678938 0.16218480
v 9.30570618 1.22894213 0.19952693
v 7.93412491 0.38208179 0.30260053
v 8.07887265 0.01496071 0.43772483
v 9.13874359 0.12843391 0.37426474
v 8.44222709 0.07445801 0.45012502
v 8.40732807 0.32271058 0.46824269
v 8.76535191 0.02148172 0.47184984
v 8.99233070 -0.05863403 0.45503647
v 8.56044115 0.53816274 0.43288485
v 8.21391075 0.41001226 0.46844811
v 8.94339477 0.34201358 0.46238370
v 8.00062591 0.78945275 0.24800744
v 7.97385661 1.09784810 0.22112546
v 8.12715181 1.00335797 0.30402165
v 8.92216745 1.01219616 0.36640818
v 9.12118296 1.12051960 0.27697198
v 8.04599259 0.59187993 0.36685243
v 9.03116974 0.65099607 0.38864733
v 8.55999947 0.76046948 0.46288949
v 8.32295253 0.90831707 0.45397041
v 8.73191268 0.90754851 0.47032758
v 8.21987868 1.01384812 0.38124956
v 8.07094839 1.17506327 0.37270075
v 8.99280594 1.32227634 0.45295515
v 8.58871784 1.20353588 0.47317759
v 9.19059549 0.33024957 0.30707236
v 11.38747799 0.00750536 0.36617747
v 11.30136074 0.37663306 0.22086329
v 11.40792210 0.78232456 0.22552257
v 11.54981078 0.56737012 0.42298667
v 6.96471934 1.51761326 -0.03089911
v 7.40281549 1.41760400 -0.03223321
v 7.18698783 1.48410963 -0.03135967
v 7.59310609 1.32701154 -0.04196159
v 7.60858872 1.32590441 0.08696048
v 6.96496223 1.52724483 0.10019998
v 7.40876001 1.42516455 0.09894512
v 7.19100902 1.49268414 0.09955428
v 6.99717342 2.46343923 -0.09034516
v 7.75637914 2.29785330 -0.08601261
v 7.36098108 2.39923608 0.14890650
v 8.08129755 2.11605124 0.16369927
v 7.73691485 2.28374843 0.16064550
v 9.71660597 1.41987517 -0.06355590
v 10.16028815 1.51584160 0.00122825
v 9.51293463 1.31727389 -0.00560924
v 10.38610348 1.51768188 -0.02659039
v 10.60998245 1.48422742 -0.03042677
v 11.02853131 1.32057674 -0.03071811
v 11.01948225 1.33515546 0.09859564
v 9.93373508 1.48696707 0.06724085
v 9.49908904 1.34249495 0.16162768
v 9.71003229 1.43187060 0.12779350
v 10.38662352 1.53397861 0.12814100
v 10.59447813 1.49608657 0.09941086
v 10.81442501 1.43451436 0.11358432
v 9.72026075 2.39909483 0.12681737
v 10.12081767 2.46348821 0.09012998
v 11.51640760 2.13423861 0.08616478
v 11.14678978 2.31649728 -0.02187419
v 10.45217618 2.46870522 0.05834707
v 9.38418270 2.28520644 0.15791235
v 11.16627705 2.28229330 0.16015975
v 7.63162548 1.36053298 0.21286436
v 7.42615737 1.46295784 0.21830482
v 7.85370189 1.27602518 0.29794689
v 7.66831573 1.41727521 0.31338179
v 7.44857332 1.52380623 0.31385080
v 6.96956269 1.57034143 0.22175675
v 7.20226108 1.53291617 0.21882729
v 6.97637905 1.64514255 0.32869281
v 7.21576003 1.59734558 0.31548324
v 8.56000042 1.70107624 0.23298110
v 8.56000003 1.55964044 0.35846611
v 7.96319489 1.38469181 0.42462505
v 7.69661601 1.49908145 0.39090649
v 7.91242859 1.49916253 0.45261798
v 7.00095335 1.77506151 0.42677693
v 7.22007836 1.68704015 0.39420623
v 7.46344564 1.65470289 0.41932192
v 7.69808080 1.60739623 0.44561977
v 7.63653366 1.73333595 0.47037128
v 7.96201654 1.85802992 0.44884753
v 8.55999997 1.36434183 0.43722480
v 8.10872324 1.54160812 0.47865781
v 8.34176759 1.44262022 0.47210435
v 8.78018798 1.35688678 0.47865781
v 9.16080269 1.46234801 0.45135839
v 8.20570579 1.84107704 0.37996492
v 8.91854833 1.72783001 0.43680084
v 8.42612367 1.85776862 0.18380178
v 9.04848999 2.10439844 0.20238798
v 9.12352494 2.01776381 0.35350514
v 8.02818696 2.01034551 0.34457135
v 7.68189211 2.17293292 0.34797581
v 7.25119116 1.82319603 0.46024118
v 7.31803780 1.99236428 0.47681117
v 7.36108894 2.14874064 0.42980460
v 7.03540263 2.36995131 0.29363357
v 7.36794931 2.29851488 0.32013489
v 9.45024780 1.40419425 0.30080837
v 9.66490242 1.49290193 0.28239759
v 10.15656310 1.55415817 0.18528449
v 9.91347836 1.55766103 0.26207861
v 10.85026583 1.52653868 0.30842449
v 11.01201044 1.39256700 0.23012545
v 11.30385450 1.27643105 0.31894141
v 10.61507081 1.54507291 0.23570041
v 10.39153567 1.60650163 0.27992497
v 9.21807883 1.30851583 0.35675277
v 9.96902578 1.68155296 0.38345482
v 10.15745700 1.64662890 0.32936955
v 10.14200564 1.77220855 0.42396462
v 9.36338999 1.53729279 0.42869763
v 9.54752844 1.70472413 0.45631739
v 9.32470788 1.76871379 0.47865781
v 9.91148244 1.82162126 0.45779215
v 10.09160501 1.95306779 0.47858263
v 11.37233804 1.40252840 0.42708302
v 11.13787494 1.42736684 0.34842702
v 11.23305717 1.59351811 0.45872063
v 11.00522178 1.54317366 0.38383563
v 10.38003172 1.71956338 0.39141036
v 10.63003622 1.66900917 0.38058525
v 10.53044414 1.80523951 0.44807564
v 10.86399949 1.70748634 0.44034245
v 11.09312448 1.78009469 0.47865781
v 11.33632236 1.78994834 0.47135717
v 9.75110224 2.32209384 0.29063840
v 10.08469913 2.39726502 0.25560912
v 11.47857324 2.06222432 0.27833648
v 10.45164728 2.38908071 0.27130099
v 10.80309015 2.36004009 0.23054549
v 9.45478672 2.17442959 0.35121937
v 9.84238863 2.04695605 0.46989942
v 9.68179196 2.20043296 0.38635845
v 10.05185973 2.20359372 0.42628992
v 11.15420844 2.17979656 0.32470196
v 10.45826867 2.00676256 0.47865781
v 10.75962749 2.05706189 0.46534106
v 10.47425520 2.23749363 0.40959987
v 12.74238711 0.03982155 0.07709525
v 12.71424779 0.37280078 0.08800543
v 12.61790566 1.07194845 -0.04462157
v 12.53936674 0.98489129 0.03496049
v 12.52214330 0.98748706 0.12580118
v 12.61114158 0.76542794 0.11825033
v 12.38132282 1.00871238 0.33881259
v 12.75112242 1.19853306 0.07789840
v 15.20859913 0.22635296 0.08994603
v 15.25064616 0.00213501 0.17583271
v 16.16426545 0.02145884 0.09241865
v 16.12839021 0.39756856 0.10601815
v 14.95458697 0.85817855 0.04441043
v 14.64571703 1.19035213 -0.03762591
v 14.81706637 1.03982671 0.08784172
v 14.65196307 1.19620563 0.09792293
v 15.09117877 0.66690861 0.15520053
v 15.91813151 1.06871637 -0.10998217
v 14.67636639 1.23238026 0.22102821
v 15.92662408 1.06106780 0.08752513
v 12.68004294 0.00710011 0.24964259
v 12.13974142 0.21095401 0.46499189
v 11.54097970 0.00691226 0.45293470
v 11.86666217 0.03660271 0.44911571
v 11.69732733 -0.09841588 0.47865781
v 11.89502291 0.27281582 0.44536872
v 12.11741882 -0.00374048 0.45331633
v 12.28495866 0.03608878 0.47865781
v 12.62989602 0.38700557 0.27667815
v 11.98444094 0.53816274 0.43288485
v 11.61467997 0.36564126 0.46500175
v 12.45592471 0.39977798 0.42322999
v 12.57476653 1.07942302 0.18463926
v 11.55115167 1.00335767 0.30402185
v 11.98399925 0.76046948 0.46288949
v 11.64387847 1.01384812 0.38124956
v 11.51158694 1.19176902 0.38949491
v 12.29426144 1.01608612 0.39816486
v 11.83028750 0.93927313 0.47031243
v 12.13510152 0.97788256 0.46749652
v 15.28378683 0.22270319 0.27173594
v 16.10155675 0.02309973 0.25187220
v 15.19998263 0.44140085 0.21059870
v 15.38618591 -0.01621582 0.36662799
v 15.40401159 0.19002357 0.38995581
v 15.97327631 0.01125083 0.38970293
v 15.51553719 0.07372739 0.44695074
v 15.52207828 0.28866538 0.45455080
v 15.72778750 0.33902541 0.47471148
v 15.35050549 0.41056429 0.38103149
v 16.03081412 0.34027443 0.31588823
v 14.84549727 1.07424609 0.21900385
v 14.87789751 1.18718576 0.35498929
v 14.98468362 0.88892875 0.20473660
v 15.02341866 0.96968480 0.32507390
v 15.03333092 1.14895709 0.41900097
v 15.85645121 0.74340056 0.38221436
v 15.34017476 0.88292668 0.46099459
v 15.55972809 0.93115055 0.47118606
v 15.16867085 0.96652864 0.41740963
v 15.83246884 0.98985999 0.32003084
v 15.40756343 1.13010106 0.47606858
v 11.98400021 1.74303658 0.16603202
v 12.93537466 1.31863210 -0.03103974
v 13.35763487 1.48237551 0.00672791
v 13.58181656 1.51745764 -0.02378158
v 13.80976304 1.51806753 -0.03101475
v 13.13769600 1.42253617 0.08385992
v 13.58204545 1.53392922 0.12792401
v 13.81238063 1.52842204 0.10493378
v 12.13717252 1.91590190 0.08468603
v 12.46005512 2.12514703 0.14011413
v 12.17278044 1.86654781 0.24532014
v 12.80308478 2.28448844 0.15582621
v 13.15999031 2.39286858 0.15622458
v 13.49753601 2.44859840 0.14396339
v 14.03542353 1.48400329 -0.03171637
v 14.45734148 1.31841070 -0.03280129
v 15.72272907 1.40461958 -0.10401988
v 14.03895592 1.49284116 0.10014456
v 14.25759323 1.42490619 0.09951121
v 14.46355106 1.32534200 0.09935182
v 15.72949624 1.38409069 0.13574905
v 15.49166952 1.67191703 0.15382981
v 14.96788771 2.12064157 0.05926740
v 14.22331122 2.41991322 0.02126277
v 14.58507827 2.31278677 -0.01296470
v 15.23817004 1.92676909 0.09946332
v 13.91226873 2.44546978 0.14508775
v 12.69926705 1.25924627 0.27416062
v 11.98400021 1.55964037 0.35846611
v 12.91768032 1.34808937 0.18050299
v 13.10394267 1.50514350 0.28806059
v 13.34950365 1.52151489 0.19040831
v 13.81727673 1.57812952 0.23505894
v 13.57845497 1.60335663 0.27597020
v 11.98400021 1.36434187 0.43722473
v 12.62171964 1.36841959 0.40251466
v 11.60582017 1.38578099 0.47328295
v 11.79895956 1.44185777 0.46877652
v 12.45657031 1.18588617 0.38647343
v 12.51874943 1.48803227 0.46868224
v 12.85250764 1.43348898 0.34140158
v 13.34106207 1.62263209 0.33940035
v 13.82191501 1.66915369 0.35044308
v 13.57132923 1.71053892 0.38524033
v 13.88391047 1.80466698 0.44343054
v 12.74740037 1.53796843 0.43984600
v 13.14241505 1.68276487 0.42346612
v 12.78670477 1.76941258 0.47865781
v 13.35901528 1.76126740 0.43343571
v 13.56437572 1.82673785 0.44904763
v 11.79992613 1.87914230 0.22372432
v 12.50020521 2.01738521 0.33097858
v 12.85855163 2.16438497 0.35460058
v 12.99276843 1.83156144 0.47848158
v 12.91653452 1.99904185 0.45588235
v 13.29279974 2.04869955 0.47023380
v 13.18698006 2.30244474 0.31729673
v 14.27365744 1.46335629 0.21855187
v 14.48381206 1.36172602 0.21825006
v 14.27532973 1.52929930 0.31213607
v 14.68257293 1.30530392 0.31481648
v 14.48573985 1.43058051 0.31144008
v 14.05009775 1.53440334 0.22121191
v 14.05574351 1.60104385 0.31799739
v 15.67627260 1.31252384 0.29386470
v 15.17395437 1.86933727 0.28650572
v 14.78298439 1.33467577 0.39015255
v 14.57749158 1.47408487 0.38795386
v 14.80124504 1.45540136 0.44854588
v 14.33990247 1.59464185 0.38904346
v 14.09069371 1.69061463 0.39980621
v 14.32950512 1.72210608 0.45077639
v 14.11034026 1.82631633 0.46170959
v 14.58415414 1.61898487 0.45439050
v 14.69337786 1.75400754 0.47865781
v 15.53379479 1.32154012 0.39718017
v 14.97624057 1.29031971 0.44542941
v 15.02995123 1.65713270 0.46141934
v 14.91689860 2.08117457 0.24015323
v 13.82937271 2.33748793 0.33374112
v 14.58238611 2.25567871 0.22351179
v 14.22798802 2.35666237 0.23611437
v 14.51353950 2.13358848 0.38421691
v 14.16820891 1.99698937 0.47604642
v 14.50979606 1.81219365 0.47865781
v 14.41085274 1.99412904 0.46322558
v 14.19528592 2.25858178 0.36139269
v 13.76099157 2.15902851 0.44999073
v -0.74510386 -2.14015454 -0.39452468
v -1.09201975 -1.83415208 -0.45878304
v -0.58401648 -2.03220460 -0.46390014
v -0.75591413 -1.90974462 -0.47587342
v -0.36130519 -2.08100912 -0.46465665
v -0.24910491 -1.89138625 -0.47091157
v -1.17186743 -1.98828141 -0.36589462
v -1.31900698 -1.81588402 -0.40910105
v -0.33400839 -2.37224417 -0.26060406
v -0.70025632 -2.31992599 -0.21243447
v -1.35821933 -1.63588921 -0.46113043
v -1.55232679 -1.69415919 -0.37070953
v -1.49206243 -1.50602051 -0.46241847
v -1.64572364 -1.34768791 -0.45991392
v -1.61162270 -1.16477562 -0.47865781
v -1.66675310 -1.50812034 -0.40907316
v -1.17978350 -1.66964392 -0.47655042
v -1.04087001 -1.59481294 -0.47040538
v -0.45107458 -1.88396723 -0.47481667
v -1.89377519 -1.50367689 -0.22133111
v 0.43488662 -2.19068858 -0.41699593
v 0.01993235 -2.35754702 -0.31106819
v 0.67118997 -2.19925372 -0.36919580
v 0.40258301 -2.00382848 -0.47695414
v -0.00973244 -1.92559715 -0.47366382
v 0.25520215 -1.85173438 -0.46214754
v 0.59648301 -2.00085280 -0.46995178
v 1.01534998 -1.90506084 -0.45063539
v 1.26465619 -1.88124716 -0.39311023
v 0.38875982 -2.35946388 -0.26838066
v 0.99619537 -2.10327763 -0.34329451
v 0.51512624 -1.76808553 -0.45357390
v 0.75124663 -1.82435477 -0.47865781
v 1.14191630 -1.73923970 -0.47108318
v 1.12182961 -1.56475798 -0.47354528
v 1.57115505 -1.67978065 -0.36860086
v 1.32429017 -1.41106737 -0.47510495
v 1.50019915 -1.23825580 -0.47658788
v 1.59671179 -1.79244528 -0.25284755
v -1.36618215 -2.04193327 -0.11985595
v -1.05823200 -2.21804551 -0.11626480
v -0.39758756 -2.43595536 -0.06771422
v -1.65867608 -1.79327569 -0.16460520
v 0.72595436 -2.32160274 -0.19095116
v 1.35669725 -1.99964884 -0.22428059
v 0.00485889 -2.46212798 -0.09610625
v 0.37982098 -2.43963336 -0.05448102
v -1.41786700 -1.13740194 -0.44592952
v -1.91938261 -0.96741393 -0.45403897
v -1.75763385 -0.97668377 -0.47865781
v -1.69563756 -0.81194033 -0.46399473
v -1.55253274 -0.95659805 -0.44783940
v -2.01124100 -1.11397701 -0.36976295
v -2.06555244 -0.86321192 -0.41268480
v -1.87909812 -0.75342185 -0.47865781
v -2.10488026 -1.20697009 -0.20647187
v -2.22430752 -0.89247654 -0.25873113
v -2.10650285 -0.38543446 -0.45604507
v -2.07153566 -0.60725470 -0.45132195
v -1.91550534 -0.49591550 -0.47865781
v -2.26896895 -0.51915885 -0.34293704
v -2.17307880 -0.16616696 -0.44192297
v -2.26749477 -0.30601715 -0.38131126
v -2.36013995 -0.16463235 -0.30063551
v 1.97855309 -0.80181510 -0.45751020
v 2.18929794 -0.81140564 -0.33661462
v 1.99889831 -0.40104196 -0.47747216
v 2.20288228 -0.39252889 -0.41483019
v 1.86170038 -0.18725203 -0.46258063
v 2.07596465 -0.19049120 -0.47046292
v -2.29890580 -0.90229391 -0.04589026
v -2.39809478 -0.54309597 -0.11064060
v -2.45917542 -0.17930747 -0.08041709
v 2.28024067 -0.18053349 -0.37903260
v 2.29303824 -0.58731499 -0.30014093
v 2.30812789 -0.79312601 -0.17588166
v 2.42573300 -0.17749668 -0.19152531
v 2.38871407 -0.57475420 -0.11987113
v -1.38462404 -2.03160817 0.11169409
v -0.72475630 -2.36275715 0.02212204
v -1.06177331 -2.22272942 0.09097307
v -0.33686464 -2.41728224 0.17038012
v -0.71113598 -2.29981043 0.24025121
v -1.93379272 -1.54034462 0.01038730
v -1.67651014 -1.80846853 0.07901594
v -2.12683826 -1.20519366 0.16015330
v -2.00788402 -1.26935297 0.29093858
v 0.75122183 -2.35441721 0.02437811
v 1.07275806 -2.22700680 0.01537922
v 0.09284554 -2.45369413 0.13316097
v 1.39500594 -2.04059008 -0.01627107
v 0.32359609 -2.41537996 0.18023930
v 0.71776034 -2.29761366 0.24050585
v 1.04869922 -2.17171832 0.23257956
v 1.37561356 -1.99630830 0.21056617
v -1.02311439 -2.16165688 0.26760595
v -1.21800172 -1.91037981 0.39462180
v -0.32161957 -2.27321708 0.37256574
v -1.40994761 -1.79020180 0.38858388
v -0.84654876 -1.98963801 0.44971938
v -0.67267485 -2.14256922 0.40754333
v -0.61604316 -1.95298436 0.47599414
v -0.58686873 -1.76329882 0.45870014
v -0.17993832 -1.89276188 0.46955903
v -1.61821037 -1.74831886 0.27997849
v -1.88669128 -1.48683815 0.24918629
v -1.56330940 -1.62143623 0.40326197
v -1.39739056 -1.58841868 0.46365301
v -1.71845526 -1.48297278 0.39215627
v -0.78670261 -1.80896927 0.47865781
v -1.19402860 -1.69314576 0.47240251
v -1.03826648 -1.56340634 0.46447841
v -0.39518625 -1.91748952 0.47810382
v -1.32734208 -1.43705857 0.47829852
v -0.01716878 -2.36932087 0.29626290
v 0.06968736 -2.23468798 0.41504166
v 0.42972266 -2.09922532 0.45593065
v 0.99838084 -2.06784108 0.37211943
v 0.20681554 -2.11928096 0.46007281
v 0.00109890 -2.04251482 0.47679309
v 0.24390586 -1.95930482 0.47865781
v 0.66411962 -2.14637250 0.40678262
v 1.05470277 -1.91611217 0.43972287
v 0.61611718 -1.98112848 0.47192590
v 0.83199373 -1.98399669 0.45324501
v 1.52761389 -1.71350039 0.37315753
v 0.46989709 -1.87904773 0.47494471
v 0.90112314 -1.75472875 0.47865781
v 1.04976723 -1.58080192 0.46941318
v 1.29535035 -1.85422127 0.39655551
v 1.13517850 -1.70475888 0.47596299
v 1.32245386 -1.61426102 0.47069888
v 1.19914757 -1.50497221 0.47266219
v -2.26713853 -0.89178810 0.18127441
v -2.39346370 -0.54709496 0.12656792
v -2.44009868 -0.18289911 0.15389066
v -2.16979064 -0.84442317 0.34228694
v -1.88984410 -1.12758112 0.43177019
v -1.78275726 -0.96720671 0.47865781
v -1.57441055 -0.91372881 0.44706983
v -2.28949297 -0.52631961 0.32155472
v -2.32624355 -0.18570501 0.33734326
v -2.10006560 -0.45646360 0.45309734
v -2.00748109 -0.28641068 0.47865781
v -1.89087185 -0.41921212 0.47534914
v -2.05661801 -0.04735884 0.47499569
v -1.89146618 -0.18122160 0.46975253
v 2.15127287 -0.83790694 0.36054109
v 1.94256379 -0.42529614 0.47865781
v 2.06830602 -0.63764796 0.45020391
v 1.90716844 -0.17806093 0.47208357
v 2.30078002 -0.78088392 0.20478622
v 2.46344582 -0.15490834 0.06599087
v 2.39510638 -0.56978093 0.09735222
v 2.31867632 -0.53700452 0.28278760
v 2.37860745 -0.18700243 0.27537586
v 2.18674728 -0.47583550 0.41291104
v 2.26445231 -0.10932130 0.39343535
v -2.13539979 0.22742621 -0.45388949
v -1.89093891 0.20423309 -0.46993298
v -2.33538631 0.19114637 -0.32848167
v -2.25427321 0.39677034 -0.37992985
v -2.35154361 0.53900178 -0.23108485
v -1.96168362 0.83712334 -0.45837748
v -2.05424489 0.68432902 -0.44899234
v -1.65520955 0.97179503 -0.47271973
v -2.15491557 0.84781861 -0.35401670
v -1.83896440 1.01113455 -0.46838283
v -1.69289937 1.16852551 -0.47534040
v -1.50159231 1.14980823 -0.46841727
v -2.01868037 1.05900471 -0.38561330
v -2.07111170 1.20908843 -0.25600111
v 1.93094034 0.15967961 -0.47545898
v 2.13236890 0.25091707 -0.45428140
v 1.88827582 0.57413186 -0.47865781
v 2.07459507 0.46888494 -0.45992346
v 2.20574541 0.60790463 -0.38015495
v 1.87264562 0.81087451 -0.47725748
v 2.04415387 0.70779966 -0.44924558
v 1.46734691 1.18331792 -0.46707096
v -2.44866387 0.18239367 -0.12545814
v -2.13689462 1.23316762 -0.07387041
v -2.27895846 0.89650743 -0.14875564
v -1.42436802 1.51037540 -0.47173188
v -1.84360801 1.47155311 -0.30938058
v -1.49617695 1.65354101 -0.41759800
v -1.63988702 1.54708695 -0.40491372
v -1.36574534 1.99911675 -0.21619120
v -1.33428604 1.33102165 -0.46652910
v -1.08779576 1.76724148 -0.47219428
v -1.29119047 1.70390599 -0.45736556
v -0.53256794 1.88803984 -0.47865781
v -1.61436818 1.75107344 -0.28072555
v -0.94249740 1.92225885 -0.45562005
v -0.76700475 2.11474034 -0.40671487
v -0.34297480 1.96701724 -0.47865781
v -1.00593396 2.07888163 -0.35981458
v -0.74054767 2.29022244 -0.24110710
v -0.31825064 2.20271081 -0.41964995
v 0.55721140 1.85307478 -0.47508336
v 0.46600549 2.05213332 -0.46830575
v 1.53850383 1.36078250 -0.47546752
v 1.32623607 1.37626978 -0.47144944
v 1.40006113 1.58411884 -0.46406613
v 1.20337866 1.77016505 -0.45573244
v 1.20805418 1.94143936 -0.38090747
v 1.52975312 1.75529803 -0.34329434
v 0.32947988 1.89446205 -0.47318192
v -0.07504570 2.23621848 -0.41399527
v 0.24856289 2.09160705 -0.46661275
v 0.80993640 1.84547575 -0.47865781
v 1.03513373 2.08823131 -0.34018820
v 0.36706640 2.26040702 -0.37731471
v 0.00907730 2.39954470 -0.25363004
v 0.70405562 2.31100734 -0.22529208
v 1.38547285 1.94746615 -0.27084207
v -1.95077322 1.50949287 -0.07764667
v -1.68133880 1.80758841 -0.05899290
v -1.05920382 2.19029466 -0.18962389
v -0.36946053 2.38399141 -0.23125041
v -1.39245037 2.04353062 0.00302375
v -0.73762380 2.35747120 -0.03896054
v 0.37044619 2.40815555 -0.18065085
v 1.04672012 2.21768397 -0.13964131
v 2.33293451 0.19378781 -0.33057295
v 2.34143345 0.56363652 -0.23868380
v 2.45006151 0.17139711 -0.12294516
v 2.28589779 0.74834244 -0.25061164
v -2.45441158 0.18643516 0.09894867
v -2.40824164 0.55476966 0.02349224
v -2.35905190 0.18612052 0.29998062
v -2.33726204 0.54574208 0.25266362
v -2.14906971 1.20090773 0.09841313
v -2.29443062 0.89888457 0.08689389
v -2.21496537 0.86165757 0.28704423
v -2.08155737 1.20189984 0.24653156
v -2.18585340 0.18140435 0.43522114
v -2.00515694 0.16167449 0.47865781
v -1.88987994 0.05710295 0.46811149
v -2.17498098 0.55595667 0.40856452
v -2.07520402 0.37525927 0.46618416
v -2.07470145 0.77523117 0.42497772
v -1.84832260 0.75679848 0.47865781
v -1.94290941 1.16207864 0.39524155
v -1.67199390 0.94786725 0.47310845
v -1.51280328 1.16401234 0.47108068
v 2.02424740 0.19822486 0.47817068
v 2.15600376 0.37743775 0.43877625
v 2.21612701 0.86247049 0.28531100
v 2.24732135 0.70059475 0.32316335
v 2.06776159 0.81789706 0.42056983
v 1.56155233 1.14133456 0.47470433
v -1.67882515 1.77230773 0.16886138
v -1.07162000 2.22705030 0.02146229
v -0.39495275 2.43867112 0.03703336
v -1.36034814 1.99179231 0.23198331
v -1.03822584 2.17726598 0.23179093
v -0.71885745 2.33051532 0.17453509
v 0.00163062 2.47300388 -0.00082295
v 0.72740364 2.36184556 -0.02333714
v 0.38241282 2.43457724 0.08620822
v 1.40311112 2.03256878 -0.04385971
v 1.08009422 2.20224386 0.13713947
v 0.00423519 2.41996066 0.21816945
v 1.00550597 2.09567812 0.34590650
v 0.71999703 2.32545171 0.18604026
v -1.63868567 1.63594486 0.35576175
v -1.27740769 1.84657688 0.40778430
v -1.11277117 1.76948318 0.46978779
v -0.66973978 2.22970645 0.34251712
v -0.34097146 2.35822585 0.27943202
v -0.96707206 2.08095852 0.37376260
v -0.98941872 1.92629969 0.44819655
v -0.52339231 1.92011263 0.47865781
v -0.60117756 2.08803040 0.44528156
v -0.26900736 1.94495399 0.47865781
v -0.41761033 2.09685370 0.45721447
v 0.77272716 1.66901843 0.45284292
v 0.91307820 1.78493939 0.47865781
v 0.94757423 1.93179852 0.45228005
v 1.48907237 1.61071846 0.43509124
v 1.33427688 1.45330281 0.47865781
v 1.15360199 1.94995497 0.39706885
v 1.10387140 1.78204680 0.46897656
v 0.34485908 2.32934499 0.31461467
v 0.68554126 2.23741659 0.33132813
v 0.00143518 1.91803837 0.47252133
v 0.13745897 2.07087137 0.47250704
v 0.34504378 1.95848083 0.47865781
v 0.32367568 2.15801306 0.44060403
v 0.56604170 1.84430192 0.47420967
v 0.75912578 2.09016501 0.42181343
v 2.40523591 0.56725962 -0.02551397
v 2.40208197 0.18026462 0.23749099
v 2.24904408 0.14271412 0.40223437
v 2.24982251 0.52246562 0.35962082
v 2.23481991 -1.90506876 -0.40872244
v 2.06419627 -1.57145065 -0.47160242
v 1.87195299 -1.63838515 -0.40000478
v 2.18039115 -1.36315303 -0.45473700
v 1.87604090 -1.76956186 -0.32048271
v 2.02414952 -2.01554562 -0.13231813
v 1.87561686 -1.15946965 -0.47485714
v 1.54232837 -0.67597369 -0.47865781
v 1.36351912 -0.81223162 -0.42484236
v 1.21938143 -0.85256971 -0.30333068
v 1.53469161 -0.44906657 -0.47612286
v 1.34569346 -0.55317266 -0.45300259
v 1.19538790 -0.65282266 -0.35187138
v 1.36203038 -0.10631973 -0.47352308
v 1.53736370 -0.06251922 -0.46738903
v 1.15067392 -0.18370438 -0.38358485
v 1.06759134 -0.51995117 -0.23020964
v 0.99749453 -0.18112767 -0.18886390
v 1.09581142 -0.82570562 -0.05555521
v 3.02197833 -2.19111103 -0.41915968
v 2.61026830 -2.04273884 -0.43511901
v 2.49348434 -1.82501249 -0.47596173
v 3.11732129 -1.97380732 -0.47865781
v 2.41966248 -2.07123114 -0.36687264
v 3.86952717 -2.23708068 -0.38508960
v 3.40796785 -2.33537095 -0.33571092
v 4.09012348 -2.22956008 -0.34363908
v 3.75182057 -2.11191727 -0.45674649
v 3.37774635 -1.98075535 -0.47865781
v 3.81787307 -1.93601128 -0.47865781
v 4.00778702 -2.05522655 -0.45711619
v 4.02316528 -1.84335081 -0.47554801
v 4.38616970 -1.77871355 -0.47865781
v 3.17362824 -2.30853366 -0.34995240
v 2.75234562 -2.34035860 -0.18605194
v 3.77510585 -2.35745472 -0.27849152
v 2.24907067 -1.71311299 -0.47153511
v 2.39985422 -1.64813029 -0.47563992
v 3.60726114 -1.97630035 -0.47865781
v 4.20743359 -1.74434740 -0.47153634
v 4.76834927 -1.80918343 -0.40312585
v 4.48071236 -2.16740765 -0.23328648
v 4.57393491 -1.63036618 -0.47865781
v 4.96883924 -1.66098661 -0.39202909
v 4.72027097 -1.42670077 -0.47395657
v 4.86811289 -1.24245136 -0.47035543
v 5.07258777 -1.28567129 -0.46953704
v 4.97739199 -1.81916513 -0.27000477
v 2.37313644 -2.20628849 -0.16205145
v 3.10078849 -2.44757299 -0.06232598
v 3.42697538 -2.45854906 -0.11183050
v 4.14188413 -2.33739826 -0.15846303
v 3.78887976 -2.43514554 -0.09522045
v 5.24579129 -0.70981271 -0.47813541
v 5.42176678 -0.76667956 -0.45594842
v 5.55542752 -0.83549350 -0.37768294
v 5.36815839 -0.51038380 -0.47865781
v 5.62555664 -0.42381040 -0.41095464
v 5.27095499 -0.29390126 -0.46120699
v 5.29276255 -0.11439646 -0.46307487
v 5.47141563 -0.05366418 -0.47631148
v 5.66754690 -0.18048799 -0.40405223
v 5.75929111 -0.54288125 -0.25710709
v 5.84104050 -0.18211309 -0.21134212
v 5.80447293 -0.64005515 -0.09132951
v 2.02631288 -2.03485049 0.05951916
v 2.04670170 -1.96841025 0.24895436
v 1.87693686 -1.80325787 0.29018826
v 2.25329665 -1.98060280 0.37240793
v 2.08950277 -1.81898192 0.40138511
v 1.90738745 -1.63032823 0.41910300
v 1.93435865 -1.43644210 0.47321310
v 1.02619278 -0.59880051 -0.02851046
v 0.95992556 -0.16162796 0.05088373
v 1.07535684 -0.58342095 0.21882847
v 1.05319285 -0.18650376 0.28520411
v 1.18605072 -0.79636279 0.29013730
v 1.90882020 -1.09768933 0.46212448
v 1.35918121 -0.82805115 0.42010121
v 1.46291374 -0.66883642 0.47265732
v 1.34212041 -0.43199880 0.46026559
v 1.25478824 -0.18702276 0.44303252
v 1.42904775 -0.06611938 0.47865781
v 2.70123608 -2.36240443 0.03449038
v 2.35924794 -2.22382831 0.08094475
v 4.50104875 -2.22578790 -0.00516294
v 3.48789059 -2.44859018 0.14968417
v 4.15859958 -2.35655015 0.06266607
v 2.71825807 -2.29486051 0.25122838
v 3.06718314 -2.43209381 0.11375854
v 3.76730301 -2.42049298 0.15981618
v 4.82742024 -2.03540532 -0.01016839
v 4.47874686 -2.17651295 0.22051881
v 4.80513238 -1.98720579 0.21822939
v 3.18651128 -2.27047368 0.38371302
v 2.74095163 -2.17366906 0.38513450
v 2.86088853 -2.06687891 0.45555706
v 2.45263713 -1.90248051 0.45725803
v 3.09483283 -2.09448250 0.46201718
v 2.77273655 -1.90363930 0.47865781
v 3.80545439 -2.25500986 0.37949739
v 3.56531002 -2.16799777 0.44721633
v 4.41132393 -2.06214751 0.37974458
v 3.33149333 -2.11883436 0.46242374
v 3.88043701 -1.96324340 0.47865781
v 3.73115140 -2.04871970 0.47239453
v 4.17979966 -2.12234818 0.40400255
v 4.07789539 -1.96341880 0.47280068
v 4.30790305 -1.93286745 0.46052750
v 2.29116465 -1.76625209 0.46848294
v 2.46714610 -1.69631820 0.47636879
v 2.31095976 -1.57399419 0.47395037
v 3.74483206 -1.86880514 0.46915242
v 3.96988981 -1.83355242 0.47175928
v 4.29912623 -1.66947504 0.46671320
v 4.19465195 -1.79862723 0.47808994
v 4.65088925 -1.66463338 0.47316535
v 4.48065755 -1.57547041 0.46933403
v 4.89542692 -1.67485292 0.41818309
v 4.73815827 -1.85611841 0.38824008
v 4.83434929 -1.50891365 0.47333506
v 4.66852627 -1.44882331 0.47108802
v 4.89366110 -1.34602217 0.47865781
v 5.88687258 -0.16592333 0.06262651
v 5.81188392 -0.58739362 0.11107023
v 5.62275245 -0.59790762 0.38633707
v 5.52261469 -0.81279878 0.40423508
v 5.32270269 -0.73321952 0.47787941
v 5.24715328 -0.50925022 0.46839853
v 5.74540190 -0.54294789 0.27778330
v 5.78542889 -0.19617930 0.29605489
v 5.70540196 -0.38870620 0.35866862
v 5.55181145 -0.39758711 0.44878257
v 5.37908946 -0.40115607 0.47865781
v 5.43895680 -0.59094834 0.46871858
v 5.65585083 -0.22703502 0.40964824
v 5.48637871 -0.17115081 0.47272914
v 1.53291105 0.16286980 -0.46948839
v 1.20749428 0.08339172 -0.42399689
v 1.04619496 0.16120622 -0.27880627
v 1.35502771 0.47267216 -0.46135844
v 1.19630201 0.51755726 -0.37926755
v 1.50374790 0.75489166 -0.47365066
v 1.33416872 0.69288962 -0.43270392
v 1.52246036 0.60742599 -0.47865781
v 1.90357473 1.25390187 -0.47865781
v 1.19590926 0.76515788 -0.31601295
v 1.06560383 0.57857845 -0.20226301
v 0.96498987 0.21441345 -0.06567676
v 1.01950393 0.57599347 -0.00915950
v 2.11741626 1.43190036 -0.47559289
v 1.91497430 1.46870679 -0.46731041
v 1.84341731 1.60125210 -0.40534535
v 2.03635628 1.99184023 -0.20376765
v 5.28884054 0.10672053 -0.46168770
v 5.47789344 0.16516165 -0.47407573
v 5.65815264 0.23737514 -0.40755060
v 5.64821877 0.47979846 -0.38733113
v 5.82334143 0.19880209 -0.23983192
v 5.30905432 0.69611266 -0.47865781
v 5.50091970 0.81089871 -0.41768758
v 4.82629636 1.27994883 -0.46894762
v 5.62751836 0.86621502 -0.29834993
v 5.77568380 0.57662940 -0.21630446
v 5.71717754 0.81004157 -0.19565013
v 5.78344523 0.74547275 -0.05845213
v 2.32610674 1.56136313 -0.47108326
v 2.56898846 1.86350010 -0.47567211
v 4.04878709 1.83275154 -0.47515862
v 3.68259112 1.88344593 -0.46993851
v 4.45599537 1.57810090 -0.46714126
v 3.87304461 1.76984143 -0.44806794
v 4.25884653 1.72174970 -0.47183070
v 4.22374975 1.88401007 -0.47650318
v 2.44959305 1.94842732 -0.44248717
v 2.78814740 1.96123113 -0.47392048
v 3.03406165 2.01756203 -0.47518638
v 2.63016018 2.06123085 -0.43022433
v 2.43489853 2.11571198 -0.33573442
v 2.65513892 2.24071179 -0.29818913
v 3.09112350 2.25766669 -0.38265131
v 3.45242105 2.15423702 -0.45147286
v 4.30993427 2.03846545 -0.42184953
v 4.07375950 2.01441653 -0.46316385
v 4.10713866 2.17572223 -0.38377489
v 3.33573016 2.26863072 -0.39183504
v 3.76818395 2.30104855 -0.34382945
v 3.40768642 2.40193555 -0.24947737
v 4.44824123 2.17386700 -0.24764910
v 5.00378317 1.40265531 -0.46525987
v 4.82873526 1.53031698 -0.47154074
v 4.66793228 1.85816695 -0.41412991
v 4.99104010 1.80681931 -0.26960016
v 4.80025190 1.95711265 -0.26619153
v 3.06020726 2.41044271 -0.17740594
v 4.10841760 2.32878425 -0.20469934
v 2.34516511 2.19522574 -0.15650896
v 2.67187875 2.34851231 -0.07968160
v 3.71364286 2.45522294 -0.02805053
v 0.99232055 0.18947585 0.17408679
v 1.05528844 0.56309517 0.18537024
v 1.11248788 0.15886398 0.35287843
v 1.17833084 0.56053636 0.35550600
v 1.47187622 0.17386781 0.47865781
v 1.26294113 0.32824654 0.44168231
v 1.37245783 0.56309208 0.46039112
v 1.46717648 0.38668274 0.47865781
v 1.53710276 0.74188346 0.47865781
v 2.01633425 2.03247847 0.01052519
v 2.02647920 1.98043322 0.21191367
v 2.18100302 1.40988892 0.46520566
v 2.01721555 1.46569295 0.47849039
v 1.90529702 1.62425226 0.42056730
v 2.27803146 1.82671842 0.45128238
v 5.88832991 0.19656126 -0.01253987
v 5.83936732 0.18634736 0.21369055
v 5.67246722 0.79878376 0.27671347
v 5.71868670 0.56013628 0.30572505
v 5.70941291 0.14843302 0.37714634
v 5.53406560 0.28951202 0.46026891
v 5.54054671 0.49262789 0.44497483
v 5.32707118 0.42608921 0.47737811
v 5.49834254 0.84227818 0.41231927
v 2.34610916 2.22212433 0.04444267
v 3.08327965 2.44193504 0.08154385
v 3.45517972 2.47117221 -0.02533419
v 4.49196427 2.22962422 -0.01165539
v 4.47635366 2.18524017 0.20866508
v 4.14800985 2.36113715 0.04578101
v 2.37654623 2.16115704 0.25004554
v 2.70541034 2.33377330 0.16678222
v 3.42903345 2.43057821 0.19570656
v 4.84602454 2.02325118 -0.00430834
v 4.77556908 1.99172635 0.24066778
v 2.33394953 1.61193324 0.47673091
v 3.98903132 1.79940244 0.46738066
v 4.36419525 1.77745179 0.47865781
v 4.27911601 1.97938818 0.45142610
v 2.76387212 2.22780054 0.34684788
v 3.07897963 2.34156322 0.29939194
v 4.13816949 2.28799355 0.25831121
v 2.43536461 2.01124919 0.41070856
v 2.49203443 1.80739461 0.47826585
v 2.88624336 2.11441936 0.44213149
v 2.86865616 1.89758437 0.47865781
v 3.07029232 2.00799587 0.47743232
v 3.08209563 2.19596487 0.42116882
v 4.43156980 2.08152843 0.35693532
v 3.42644521 1.99065446 0.47865781
v 3.64882601 2.04823258 0.47432193
v 4.05103307 1.94427330 0.47676268
v 4.10492556 2.14127775 0.40672438
v 3.43697785 2.32382608 0.34645306
v 3.80366356 2.31006013 0.33061785
v 4.65041316 1.50712912 0.47568611
v 4.92616527 1.61013933 0.43099565
v 4.82430654 1.44105606 0.47865781
v 4.74091620 1.66271475 0.46341038
v 4.52296521 1.67087402 0.47865781
v 4.66836101 1.87619134 0.40378282
v 5.48991596 -1.92869612 -0.30974489
v 5.51116764 -1.77935048 -0.42076468
v 6.59715998 -2.27173446 -0.38150016
v 6.07675057 -2.11455744 -0.40597896
v 6.26148657 -2.04252668 -0.46062147
v 6.02870097 -1.94305466 -0.46635899
v 5.82485840 -1.85420189 -0.46376364
v 6.95504073 -2.15119382 -0.45241419
v 6.50015346 -2.08289005 -0.46470181
v 6.61400494 -1.92734691 -0.47594587
v 6.85809117 -1.93895981 -0.47568357
v 5.85088879 -2.07394856 -0.36751201
v 6.85272239 -2.34584133 -0.32578778
v 6.17205488 -2.33748072 -0.18984714
v 5.66496500 -1.76337374 -0.46101299
v 5.80558533 -1.63117937 -0.47507851
v 5.33192115 -1.59436892 -0.43200827
v 5.25481964 -1.35023059 -0.47000068
v 5.36290955 -1.17277978 -0.46863203
v 5.73593503 -1.45480261 -0.44958117
v 5.99697337 -1.73502626 -0.47469981
v 6.22109373 -1.81407412 -0.47255540
v 5.30436714 -1.86908068 -0.21797933
v 5.45769405 -2.02232939 -0.13131511
v 5.79309795 -2.20414825 -0.16250140
v 6.86194110 -2.46257166 -0.09415688
v 6.48069126 -2.44294274 -0.03564504
v 4.44766041 -0.25302246 -0.23106478
v 5.01461892 -0.69645080 -0.47865781
v 4.78089165 -0.81830654 -0.42079121
v 4.63780045 -0.85294221 -0.29662708
v 4.77752438 -0.56705823 -0.45440842
v 4.61285589 -0.65583548 -0.34532231
v 4.78963741 -0.09960656 -0.47414258
v 4.93361745 -0.02273889 -0.47141651
v 4.58828420 -0.18644939 -0.39272406
v 4.44430081 -0.57753888 -0.01495352
v 4.52369684 -0.77093024 -0.15812824
v 5.44841105 -2.03289209 0.06683515
v 6.12986549 -2.36542956 0.01406825
v 5.78282204 -2.22615521 0.06965644
v 6.50286496 -2.41072326 0.18380230
v 6.84788732 -2.45247884 0.13850044
v 6.14114144 -2.30940851 0.22651075
v 5.94409917 -2.06741680 0.40124593
v 5.49962987 -1.79371858 0.41031336
v 6.58279345 -2.27022724 0.38105516
v 6.84508454 -2.31607795 0.35366246
v 6.95712151 -2.15512959 0.45119676
v 5.89287389 -1.85400045 0.47040018
v 6.17725798 -2.15881498 0.39731910
v 6.34619583 -2.01133045 0.47265658
v 6.56575097 -2.05806434 0.47155887
v 5.31950769 -1.64467286 0.40780725
v 5.32358864 -1.48355015 0.46070764
v 5.49034981 -1.35758536 0.47260881
v 5.28906010 -1.28499201 0.47865781
v 6.06613546 -1.72266953 0.46848136
v 5.69417760 -1.75912601 0.46718888
v 6.53209933 -1.88289724 0.47114754
v 6.78274277 -1.90287139 0.47022887
v 4.40741678 -0.21350297 0.14681272
v 4.48544614 -0.62067776 0.16797017
v 4.60142987 -0.77318028 0.29069626
v 5.42358035 -1.18257024 0.45654527
v 4.78134192 -0.79303488 0.42545235
v 4.55423791 -0.52847016 0.31571928
v 4.50439188 -0.15070604 0.32267433
v 4.69056977 -0.40086482 0.43558715
v 4.92795546 -0.43734350 0.47865781
v 4.65756810 -0.19701123 0.43245303
v 4.83191817 -0.06495338 0.47865781
v 4.81605752 0.14141537 -0.47765253
v 4.98636066 0.13328781 -0.46131437
v 4.62299754 0.05214488 -0.42103284
v 4.48446401 0.15309126 -0.29746143
v 4.88524114 0.50728439 -0.47865781
v 4.64169486 0.51213074 -0.39435270
v 4.78796056 0.72174304 -0.44100597
v 5.36632448 1.19023298 -0.46987326
v 4.61967666 0.76775832 -0.31454609
v 4.52774148 0.81627658 -0.11385925
v 4.49172937 0.59203282 -0.19990829
v 4.39464155 0.20267381 -0.09823178
v 4.40967373 0.42737758 -0.01033911
v 5.49714988 1.38433505 -0.47487357
v 5.65022779 1.77884780 -0.45449026
v 5.65775294 1.94622867 -0.38506028
v 5.77461658 1.65829565 -0.47865781
v 5.98669827 1.74150882 -0.47625646
v 6.31475879 1.88580972 -0.47865781
v 5.30134699 1.65177946 -0.39580011
v 5.29167544 1.82321043 -0.26138920
v 5.83185794 1.87050914 -0.46015835
v 6.28608827 2.11223015 -0.43970339
v 6.09841112 2.15139909 -0.38627454
v 6.49965514 2.02527565 -0.47497050
v 6.92255778 2.05486924 -0.47492574
v 6.96593558 1.90179510 -0.47006619
v 5.86336421 2.08215834 -0.36566606
v 6.51409785 2.26006056 -0.38092837
v 6.85534205 2.39994201 -0.25293996
v 6.92608971 2.24132509 -0.41050388
v 5.48559255 1.98667348 -0.23731466
v 6.12566455 2.34132964 -0.14551190
v 6.47187773 2.41035720 -0.17292664
v 5.80002271 2.20227557 -0.17448914
v 4.40175713 0.20049034 0.13012372
v 4.46126552 0.57016443 0.13283809
v 4.51430732 0.21361696 0.32849049
v 4.56521752 0.61350967 0.30538433
v 4.84573785 0.17432503 0.47865781
v 4.73923403 0.52943175 0.44468322
v 4.76304999 0.76726763 0.42177553
v 4.98557018 0.76100203 0.47865781
v 5.39309380 1.21133473 0.46869848
v 5.45071925 2.04037033 -0.00155323
v 5.77782813 2.22480220 0.05697406
v 6.47605822 2.43995786 0.06590133
v 5.80882680 2.14292272 0.28083861
v 6.84505878 2.36125780 0.30640198
v 5.30502666 1.84427061 0.25034763
v 5.28437396 1.72476996 0.34267948
v 5.54129064 1.42195495 0.47450387
v 5.37569966 1.60085138 0.44409343
v 5.76232902 1.58077002 0.47246622
v 6.16211514 2.27529586 0.28738758
v 6.49598370 2.35281387 0.28409141
v 5.87519971 1.96941671 0.43369133
v 6.29980474 1.87299170 0.47755835
v 6.26810329 2.10453934 0.44069241
v 6.49157954 2.00622024 0.47763660
v 6.87878878 1.87820040 0.46496625
v 6.89831903 2.04153672 0.47694093
v 6.49832918 2.19804705 0.41961553
v 6.92235424 2.22101995 0.42183334
v 7.14517662 -2.16789016 -0.43779474
v 7.51185259 -2.21930932 -0.35337618
v 7.52178647 -2.00444923 -0.46391934
v 7.73126802 -1.91443674 -0.46574919
v 7.91251983 -2.00318768 -0.39316352
v 8.10914328 -1.90989983 -0.37827729
v 7.27466826 -2.27663906 -0.35484919
v 7.87879717 -2.14767348 -0.28002612
v 7.11257694 -1.95034870 -0.47865781
v 7.72815315 -1.71679198 -0.47412680
v 8.13306977 -1.71223075 -0.45630447
v 7.92912692 -1.58968320 -0.47319244
v 8.37359551 -1.62296490 -0.41875904
v 8.35493823 -1.15637067 -0.46966745
v 8.44392881 -1.77370274 -0.27563740
v 8.22840882 -1.97228803 -0.24034598
v 7.57710653 -2.34098569 -0.14108661
v 7.23871253 -2.44169563 0.00546981
v 7.93265708 -2.21196826 -0.08994776
v 8.25089437 -2.03104393 -0.06235314
v 8.74651156 -0.62908448 -0.47865781
v 9.03951996 -0.78228166 -0.34459037
v 8.83243390 -0.46097693 -0.47758783
v 9.03933275 -0.41126666 -0.41850734
v 8.71191111 -0.09187665 -0.46105783
v 8.90819714 -0.21479369 -0.47256502
v 8.84614834 0.00380626 -0.47865781
v 9.11316208 -0.19094598 -0.38878089
v 9.14120239 -0.57374783 -0.30373598
v 9.15408258 -0.86009277 -0.10150644
v 9.26176695 -0.17798699 -0.21754806
v 9.24941050 -0.53431401 -0.10502403
v 7.57704856 -2.35538321 0.08071471
v 7.19853399 -2.40251391 0.20248778
v 7.89951963 -2.21184525 0.14853208
v 8.24224474 -1.98967832 0.19883086
v 7.55048291 -2.27346752 0.28343250
v 7.37837536 -2.19013086 0.40514692
v 7.89161812 -1.96600029 0.42033912
v 7.15534016 -2.09228316 0.46369618
v 7.56716969 -2.07248901 0.43565794
v 7.73010176 -1.94692164 0.45685247
v 7.18135706 -1.88658759 0.47209235
v 7.37113603 -1.81568264 0.46816457
v 7.71668002 -1.71674197 0.47336759
v 7.88055751 -1.58980492 0.46907222
v 8.41908220 -1.65578844 0.38243045
v 8.10630546 -1.93694268 0.36005664
v 8.12803224 -1.72741805 0.45330075
v 8.24987690 -1.58728258 0.46296669
v 8.17279376 -1.39201715 0.47304597
v 9.16046164 -0.78646265 0.17179427
v 9.31341811 -0.18226186 0.01232063
v 9.23691842 -0.57002108 0.12362439
v 9.06414034 -0.80979207 0.30949627
v 8.28316947 -1.19430962 0.46140907
v 8.92460148 -0.84089052 0.41122826
v 8.79129321 -0.73499577 0.47150745
v 9.14666336 -0.59372328 0.29145168
v 9.07230538 -0.43078690 0.39472990
v 8.71690261 -0.57536179 0.47736367
v 8.90698885 -0.50500447 0.46214379
v 9.11864384 -0.21823518 0.38364945
v 8.75899001 -0.18474203 0.47273506
v 9.25449188 -0.19412978 0.22805355
v 8.87643101 0.21700536 -0.47732799
v 9.07570176 0.24284643 -0.41166914
v 8.71516734 0.39214005 -0.47094558
v 9.07246392 0.48721618 -0.38603931
v 8.87298878 0.81489874 -0.44032699
v 8.30821194 1.20209209 -0.46845446
v 9.05682433 0.85878774 -0.29555125
v 9.24708361 0.19578009 -0.24067079
v 9.20343354 0.54998454 -0.22025346
v 7.20142947 1.85192611 -0.46673470
v 7.44476783 1.79842539 -0.46895247
v 7.79645166 1.58965383 -0.45553653
v 7.67328386 1.73126603 -0.47249952
v 8.05375825 1.59282207 -0.47865781
v 8.38015385 1.38148236 -0.47426716
v 8.17373158 1.38604767 -0.47248096
v 8.26381907 1.52007741 -0.47153578
v 8.25130435 1.67411297 -0.44082146
v 8.05720326 1.80954014 -0.44343904
v 8.41754642 1.73075410 -0.33485072
v 8.37861255 1.87555421 -0.22511933
v 7.37136326 1.94337652 -0.47865781
v 7.48900915 2.04661854 -0.45444333
v 7.12410050 2.04739909 -0.47329141
v 7.63489346 1.90760350 -0.47413334
v 7.44520771 2.18770564 -0.39326298
v 7.85676730 2.10013992 -0.34084954
v 7.19326250 2.25486666 -0.38328218
v 7.58140618 2.26285795 -0.28471942
v 7.20748571 2.41208606 -0.17489414
v 7.91128834 2.19278575 -0.17936153
v 9.11376525 0.77644141 0.26533232
v 9.31379022 0.18455537 -0.00506214
v 9.25390605 0.57107665 0.00540430
v 9.25919874 0.16578367 0.22358026
v 9.19069698 0.56656189 0.23541386
v 9.07679080 0.27568354 0.40924875
v 8.76486990 0.21217905 0.47393122
v 8.96732920 0.14861989 0.46066838
v 9.06995358 0.45817260 0.39213135
v 8.92063017 0.52614377 0.45657488
v 8.96252091 0.84123527 0.38700881
v 8.78520730 0.66743495 0.47609451
v 7.56197950 2.35941146 -0.08331745
v 7.15232413 2.44667554 0.08478196
v 8.26638171 2.02316689 0.03269929
v 7.92094004 2.22297341 0.06295117
v 7.54658921 2.30631379 0.23588071
v 8.21562250 1.97949403 0.24251520
v 8.42576983 1.71743163 0.33873318
v 7.47509197 1.85113327 0.47791625
v 8.10513175 1.72090614 0.45895540
v 7.71908517 1.85544507 0.47571492
v 8.15741000 1.33335776 0.46182505
v 8.30170005 1.62480671 0.44172271
v 7.88099268 2.14590719 0.28082937
v 7.21502073 2.36431051 0.26568416
v 7.51281491 2.19958241 0.37065200
v 7.08252193 1.94411221 0.47846348
v 7.55822195 2.03371668 0.45194643
v 7.17706945 2.24874003 0.38907423
v 7.13604495 2.10085004 0.46196538
v 7.80902435 2.01117144 0.41799127
v 8.86969328 -1.88469746 -0.32413259
v 9.15258058 -1.82174215 -0.45718034
v 9.10852087 -1.60724401 -0.47865781
v 8.72645917 -1.70440380 -0.36801664
v 8.85418380 -1.56488595 -0.46469163
v 8.75272027 -1.32465189 -0.47865781
v 8.97188974 -1.42576731 -0.47424782
v 8.72003381 -1.86979012 -0.20674466
v 9.51693982 -2.11402635 -0.40958842
v 10.25428927 -2.33185232 -0.33898489
v 9.48403663 -1.88917974 -0.47657216
v 9.31903094 -1.73065959 -0.47865781
v 10.15695023 -1.98784884 -0.47865781
v 9.30799807 -1.95352309 -0.44245017
v 10.71020385 -2.17178523 -0.42578410
v 10.97020532 -2.16604919 -0.38705827
v 10.85815557 -2.01662224 -0.46813426
v 10.68488365 -1.94957831 -0.47865781
v 10.87444702 -1.83985301 -0.47518902
v 11.25542411 -1.86461992 -0.46619073
v 9.63939490 -2.30037599 -0.27699912
v 9.86501207 -2.36909477 -0.24712082
v 9.23000513 -2.17675196 -0.22975492
v 10.65506127 -2.35782692 -0.27203970
v 11.46156230 -1.75034840 -0.46320455
v 11.08497639 -1.74673433 -0.47379884
v 11.47069391 -1.55043397 -0.47830106
v 11.29699933 -1.63937774 -0.47461956
v 8.90832802 -2.00407849 -0.21109951
v 11.02450329 -2.28843475 -0.23795319
v 10.26803560 -2.45723608 -0.11759916
v 9.90055488 -2.44259662 -0.03197528
v 10.64199106 -2.44028443 -0.06547060
v 11.34121993 -2.22770168 -0.02754480
v 8.28361736 -0.71633922 -0.46433930
v 8.18823392 -0.85651959 -0.40276451
v 8.05077201 -0.84317162 -0.28820643
v 7.91187440 -0.19717769 -0.29759522
v 8.18666542 -0.50001275 -0.45454223
v 8.06720869 -0.66176160 -0.37162959
v 8.34447718 -0.13077229 -0.47461736
v 7.87007689 -0.57731227 -0.03880116
v 7.80930698 -0.18853499 -0.04240857
v 11.63888464 -1.60133863 -0.46714161
v 11.83208624 -1.69354615 -0.36621711
v 11.61009437 -2.01380939 -0.22216038
v 11.66745018 -2.03849261 -0.03611117
v 12.17718768 -0.62098759 -0.47865781
v 12.46569624 -0.80786210 -0.33400930
v 12.47030860 -0.40951586 -0.41529462
v 12.34756828 -0.22143797 -0.47017313
v 12.25431349 -0.02375986 -0.47865781
v 12.54142921 -0.19534449 -0.38564694
v 12.56755476 -0.59021048 -0.29624537
v 12.58563859 -0.79236769 -0.16348226
v 12.69534794 -0.18371101 -0.19641594
v 12.66343660 -0.57410976 -0.10883877
v 9.18908534 -2.22286407 -0.00635685
v 8.87860345 -2.01699819 0.14237565
v 10.26919716 -2.46015564 0.10477185
v 10.97575147 -2.36612333 0.06192705
v 9.92944739 -2.40873163 0.18981777
v 9.15994754 -2.13987271 0.23467099
v 11.33569554 -2.15281491 0.25085985
v 10.63299354 -2.42213569 0.14892895
v 8.96060941 -1.92943896 0.33800086
v 8.98895235 -1.75256118 0.44608557
v 8.79204498 -1.77472281 0.36156100
v 9.13169557 -1.85907091 0.44241895
v 8.70838702 -1.63637630 0.39563320
v 9.20866432 -1.68713434 0.47865781
v 8.98628519 -1.38031141 0.46748651
v 8.79398861 -1.21327525 0.47161175
v 9.54966183 -2.29000340 0.25079330
v 10.26303547 -2.37103860 0.29410289
v 10.98577670 -2.27310062 0.27968729
v 10.25871768 -2.23780325 0.41291176
v 10.38638229 -2.12180235 0.46150567
v 9.35948553 -2.13186109 0.35311566
v 9.59880115 -2.15221787 0.40113408
v 9.72732547 -2.04711480 0.46308000
v 9.93483580 -2.07730213 0.46690346
v 10.04008050 -1.90389707 0.47239430
v 10.62356741 -2.32238883 0.32200691
v 10.60432214 -2.18009621 0.42943627
v 11.33761040 -1.96215884 0.41740246
v 10.94458666 -2.15683726 0.39823938
v 10.97152353 -2.00514871 0.46136603
v 10.57408910 -1.96410738 0.47865781
v 9.32143121 -1.90226939 0.46010768
v 9.64696731 -1.81746856 0.47296220
v 9.47008424 -1.74555335 0.47291267
v 10.78560669 -1.90852088 0.47865781
v 11.53817803 -1.86217253 0.40329936
v 11.15535997 -1.88936219 0.47029110
v 11.11053652 -1.66567751 0.46074412
v 11.57981943 -1.39510823 0.47164339
v 7.90186025 -0.55385849 0.18706393
v 7.84719949 -0.17888566 0.19363644
v 8.06385583 -0.83490459 0.30731935
v 8.25427922 -0.81711492 0.44320332
v 8.34573496 -0.62444628 0.47865781
v 7.96033712 -0.15571813 0.35295728
v 8.23977313 -0.45699492 0.47067898
v 8.10807281 -0.25504308 0.44312258
v 8.27567715 -0.07730064 0.47865781
v 11.68345112 -1.92785050 0.27282027
v 11.74165883 -1.72573590 0.39453906
v 11.77627629 -1.50637052 0.45976943
v 12.73487827 -0.15925587 0.06921995
v 12.66659281 -0.55591286 0.11311106
v 11.77910980 -1.24700409 0.47822893
v 12.39742457 -0.85233434 0.37729693
v 12.33277141 -0.67511624 0.44815422
v 12.62815076 -0.18746291 0.30349257
v 12.57490543 -0.52903969 0.30435026
v 12.44885989 -0.48283103 0.41763126
v 12.14228285 -0.39853796 0.47161981
v 12.30550151 -0.43970072 0.47107287
v 12.49398898 -0.01600081 0.42378843
v 12.25565759 -0.18823225 0.47865781
v 8.03706167 0.19860254 -0.40899592
v 8.22287272 0.20927692 -0.47429585
v 8.37625754 0.33566635 -0.47325694
v 8.17355259 0.40931511 -0.45683051
v 7.97142339 0.39297505 -0.34039070
v 7.92953941 0.58063389 -0.23037503
v 7.87238883 0.19065000 -0.24042259
v 8.42580727 0.66565087 -0.47865781
v 8.40616508 0.84924154 -0.47609707
v 8.14958207 0.82097605 -0.38704321
v 8.73410400 1.25751351 -0.47865781
v 7.86749613 0.57274834 -0.01872042
v 8.00692308 0.79996114 -0.25152050
v 8.94121151 1.41556974 -0.47627190
v 9.19440274 1.67471315 -0.47865781
v 9.06214009 1.78580457 -0.45060602
v 8.73845456 1.69375304 -0.38085902
v 9.06743949 1.93507002 -0.38585107
v 8.73050382 1.84957125 -0.24534349
v 8.91580841 1.95403626 -0.28475740
v 9.11883528 1.52378571 -0.47109651
v 9.42873795 1.72989789 -0.47349222
v 9.72209052 1.99109267 -0.47343640
v 10.22321468 1.99310925 -0.47865781
v 11.48735612 1.44876021 -0.46808210
v 11.29661955 1.56797130 -0.46326717
v 11.16628665 1.76814970 -0.47865781
v 9.24847763 1.86677148 -0.46020949
v 9.53444791 2.15279439 -0.38778870
v 9.98643515 1.97622837 -0.47865781
v 9.74981119 2.17612719 -0.41587126
v 9.27122834 2.07575891 -0.36451664
v 10.28333263 2.16515494 -0.44809568
v 9.91553039 2.27996273 -0.36152625
v 10.83285689 1.94927239 -0.47865781
v 10.51461434 2.17238442 -0.43957576
v 10.96099657 2.07860251 -0.43713171
v 11.26596989 1.95718428 -0.43457793
v 11.14076013 2.10111523 -0.39091227
v 11.64409931 1.80866709 -0.39272988
v 10.98112707 2.23483159 -0.32715788
v 9.20783227 2.19680717 -0.16912854
v 10.25634013 2.41579749 -0.22540048
v 10.59755041 2.33588994 -0.31009525
v 11.17353753 2.25305418 -0.21620011
v 8.87129580 2.01702634 -0.12482995
v 9.90986366 2.40747250 -0.18554117
v 10.63155333 2.43603291 -0.09485341
v 10.99717890 2.34771528 -0.11791917
v 12.30953980 0.18336952 -0.47633501
v 12.50205921 0.23377307 -0.41052569
v 12.15577770 0.37109877 -0.47268552
v 12.48920385 0.47812202 -0.39226218
v 12.66972894 0.19605580 -0.24298099
v 12.16314657 0.76490285 -0.47719295
v 12.39110946 0.86691542 -0.37767400
v 11.77466306 1.22907341 -0.47601367
v 12.61591493 0.57484543 -0.23014946
v 12.52938400 0.80583627 -0.26023028
v 12.60955952 0.78441769 -0.09424023
v 11.86205440 1.42001492 -0.45942796
v 11.80359957 1.65417791 -0.40159839
v 11.68888501 1.96471872 -0.21551900
v 7.80661500 0.18832136 -0.00670245
v 7.86028789 0.18837795 0.21975822
v 7.90751896 0.57195194 0.19087304
v 7.99283721 0.19877982 0.37883520
v 8.26002310 0.16217146 0.47865781
v 8.12287484 0.24479465 0.44925422
v 8.06253730 0.38918131 0.41095310
v 8.35357784 0.52901588 0.47865781
v 8.14513181 0.83023690 0.38189765
v 8.23413579 0.67150876 0.45515783
v 8.41663934 0.72504994 0.47865781
v 8.79635615 1.15052312 0.46275268
v 8.85102542 2.00869661 0.10489945
v 9.20028483 2.22369949 0.06130810
v 9.24354571 2.15064674 0.27793597
v 9.54468559 2.36232696 0.01753283
v 10.27032858 2.47117441 -0.02530471
v 9.92242340 2.44321433 0.06741662
v 11.32891951 2.23378661 -0.02559684
v 10.63581323 2.42587792 0.13618232
v 10.99413209 2.35278482 0.10058130
v 10.27176819 2.43206447 0.19190900
v 10.97263677 2.27082811 0.28728829
v 11.32879895 2.18007188 0.21340281
v 8.69824469 1.86441572 0.17894293
v 8.73847797 1.74358655 0.34889727
v 8.95157088 1.52205928 0.47865781
v 8.73805827 1.56291434 0.43727608
v 9.11339430 1.85955619 0.43724662
v 9.13466789 1.65983348 0.47865781
v 8.92548487 1.92135473 0.32556722
v 9.48838802 1.87887723 0.47826053
v 11.57373874 1.75274524 0.44092737
v 9.57908186 2.30843222 0.23526829
v 11.30496159 2.08380149 0.34477866
v 10.62167511 2.33563830 0.30588677
v 9.32435212 1.98902540 0.43042981
v 9.69145989 1.87193229 0.47865781
v 9.58058848 2.03656554 0.45281940
v 10.27899466 2.10403368 0.46700195
v 10.26397322 2.30772028 0.36143901
v 9.88074690 2.23249956 0.39371733
v 11.17406343 1.99584637 0.43701351
v 10.91603447 1.93508564 0.47733226
v 10.95332860 2.12958059 0.41428514
v 10.73271969 2.22055525 0.39471376
v 10.58482766 2.05828898 0.47083644
v 12.66148538 0.53807182 0.14784920
v 12.73578650 0.19360307 -0.02275220
v 12.69764299 0.19344650 0.18870934
v 12.56560006 0.60023848 0.29583574
v 12.56763336 0.19735319 0.36493547
v 12.36010730 0.19967939 0.46852895
v 12.38250309 0.62040848 0.43408892
v 12.48081925 0.81810700 0.31424566
v 12.26772387 0.83284228 0.44905961
v 12.16911510 0.63946756 0.47865781
v 11.76997489 1.20063728 0.47277988
v 11.68469707 2.02666698 -0.03685182
v 11.66985279 2.00428065 0.16280968
v 11.79826485 1.76687335 0.33760696
v 11.76703160 1.62848592 0.42684388
v 11.64921704 1.54928865 0.47226777
v 11.61666931 1.92121421 0.32688098
v 11.41110462 -0.39672441 -0.35383931
v 11.36824217 -0.21917063 -0.33361134
v 11.36818092 -0.55174356 -0.26633433
v 11.29168045 -0.56253148 -0.05154868
v 11.24768270 -0.19603380 -0.12249887
v 12.44765661 -2.02797153 -0.28433627
v 13.27045920 -2.08639800 -0.46004692
v 13.41440191 -2.25662078 -0.38858377
v 12.97488101 -2.21696409 -0.33975547
v 13.70347733 -2.34902801 -0.32178062
v 13.08478864 -2.11370890 -0.43200349
v 12.69976113 -1.79588868 -0.47561764
v 12.86776387 -2.01925652 -0.44229694
v 13.05414822 -1.97645386 -0.47145453
v 13.39159742 -1.92742816 -0.47754411
v 12.65068640 -2.01955587 -0.38877820
v 13.07620897 -2.35214648 -0.19633052
v 12.31179426 -1.77451157 -0.40736143
v 12.47931583 -1.67368992 -0.47290322
v 12.27320406 -1.56081420 -0.46456724
v 12.61514904 -1.58137366 -0.47213119
v 12.42953826 -1.42648218 -0.47086772
v 13.15621172 -1.86525045 -0.47606569
v 12.12566113 -1.65309351 -0.38412678
v 14.15508760 -2.21875349 -0.39609816
v 14.36512508 -2.20923135 -0.36089074
v 14.05695637 -2.08121669 -0.46460923
v 14.01183555 -1.91767211 -0.47634354
v 14.27894245 -2.06521376 -0.45424115
v 14.36714558 -1.90181847 -0.47865781
v 14.75693041 -1.97147707 -0.41376183
v 14.60068761 -1.85023316 -0.47422100
v 14.98988079 -1.87634870 -0.38462176
v 14.08462481 -2.35731209 -0.27163721
v 14.69467059 -2.15647248 -0.28758568
v 14.22485862 -1.82348807 -0.46954689
v 14.81689959 -1.76311192 -0.46989137
v 14.45545566 -1.75023978 -0.47076629
v 14.78294365 -1.54609320 -0.46824396
v 14.97119476 -1.39770074 -0.46857659
v 15.15128383 -1.49344983 -0.47042888
v 15.31525652 -1.55986518 -0.40810342
v 15.23268288 -1.10681891 -0.46851271
v 15.30567900 -1.34144440 -0.46887901
v 15.47291114 -1.41980626 -0.38783594
v 15.36113597 -1.74133649 -0.23708536
v 12.66806439 -2.23317297 -0.11413746
v 12.36293887 -2.05768988 -0.14331385
v 13.69813339 -2.45472113 -0.12864876
v 13.32170830 -2.44281738 0.02337760
v 14.41191074 -2.31961756 -0.20336224
v 15.06734209 -2.01389911 -0.18066227
v 14.06654202 -2.44043075 -0.06243634
v 14.76632368 -2.22145217 -0.07972912
v 15.61578824 -1.49709295 -0.18601007
v 15.78802743 -1.18628128 -0.24434670
v 12.11885533 -1.21592824 -0.47865781
v 12.30071346 -1.20905004 -0.45460661
v 11.89904385 -0.78366125 -0.47865781
v 11.67710783 -0.75277633 -0.45143668
v 11.52919195 -0.86489055 -0.33791264
v 11.72540866 -0.37576415 -0.47865781
v 11.55180607 -0.53158198 -0.42777193
v 11.68606901 -0.19420212 -0.47865781
v 11.73688867 -0.02073121 -0.47813562
v 11.51556706 -0.06091196 -0.44217981
v 15.45909046 -0.98423910 -0.47865781
v 15.67501512 -1.04805026 -0.41284396
v 15.25741817 -0.87613874 -0.43270024
v 15.58340445 -0.64013500 -0.47865781
v 15.63470031 -0.81237130 -0.46779259
v 15.81008260 -0.83805857 -0.38808116
v 15.65298805 -0.44526040 -0.47865781
v 15.92109930 -0.17606253 -0.41651406
v 16.04782040 -0.50885424 -0.24226859
v 15.95027107 -0.87953818 -0.21849470
v 16.12221882 -0.15508580 -0.19456815
v 11.24397013 -0.18717277 0.10914112
v 11.31884504 -0.55257097 0.17032033
v 11.33985943 -0.17864268 0.30433435
v 11.46601918 -0.53924472 0.37414556
v 11.50358529 -0.17400657 0.43232825
v 12.30526546 -2.03916013 0.06428208
v 13.00981895 -2.37620812 0.00227654
v 13.69313476 -2.46500186 0.08347963
v 12.63640327 -2.21492572 0.12601384
v 13.33783877 -2.39733718 0.21125406
v 14.44463786 -2.35450405 0.03346059
v 15.10355358 -2.02564347 0.07659589
v 14.03439951 -2.42255361 0.15647718
v 14.76274798 -2.20433692 0.14893427
v 15.38830528 -1.80106038 -0.02321181
v 15.63210053 -1.52731720 0.07922053
v 15.83987640 -1.22654717 -0.04202306
v 15.35680476 -1.78487591 0.17663908
v 12.31829645 -1.96323325 0.25598728
v 12.98744355 -2.29473258 0.24999983
v 13.69916210 -2.38389394 0.27793767
v 12.67411916 -2.11551243 0.32132771
v 12.36638614 -1.80668735 0.41021100
v 13.71169469 -2.24362233 0.40893326
v 13.08925763 -2.12593386 0.42699818
v 13.13301220 -1.92843494 0.47865781
v 13.34458895 -2.05328484 0.47071516
v 13.52103817 -1.91521463 0.47280270
v 12.14278035 -1.80319975 0.28497610
v 12.18417625 -1.66457090 0.40558588
v 12.16937723 -1.48433785 0.46006372
v 12.33630637 -1.40843185 0.47845265
v 12.19168513 -1.24815380 0.47800704
v 12.91743082 -1.82574358 0.47865781
v 13.09514159 -1.76058290 0.45917287
v 12.88168232 -1.66194344 0.45645306
v 14.37792966 -2.29249699 0.26734234
v 15.05181158 -1.93182212 0.30810685
v 14.09698223 -2.18303884 0.42308920
v 14.70650119 -2.10126385 0.33920726
v 14.28960857 -2.19674067 0.38808550
v 14.39847124 -1.89874393 0.47865781
v 14.62490356 -1.93056809 0.45512874
v 15.54398025 -1.46968623 0.30654595
v 14.00835022 -1.95536410 0.47865781
v 14.20932056 -1.87450975 0.47622388
v 14.98622808 -1.75280957 0.44403301
v 14.57178592 -1.72994009 0.47563091
v 14.72915181 -1.58830133 0.46893501
v 15.11753212 -1.56478307 0.46393320
v 15.02600962 -1.38237156 0.47251347
v 15.34141933 -1.55229044 0.39973318
v 15.43394118 -1.32956058 0.43790291
v 16.00246480 -0.88249037 0.04854734
v 16.10654114 -0.54412180 -0.02519702
v 16.15834429 -0.18877646 0.04682411
v 16.07493894 -0.53805307 0.17413227
v 11.45611524 -0.85273808 0.25876132
v 11.57767272 -0.77295106 0.40164236
v 11.86533505 -0.71698335 0.47865781
v 11.61581153 -0.33562333 0.46740917
v 11.75872107 -0.33300721 0.47865781
v 15.75222149 -1.20462114 0.27899828
v 15.90516691 -0.86744864 0.29117118
v 15.77546218 -1.04811343 0.34543155
v 15.40420188 -0.92976887 0.47648023
v 15.55706648 -0.61032640 0.47816779
v 15.74169240 -0.77288614 0.43843224
v 15.55859343 -0.84828923 0.47660579
v 15.98521117 -0.49739659 0.32908070
v 15.87685880 -0.43497276 0.42089131
v 15.58261343 -0.38424191 0.47354545
v 15.74363006 -0.51682995 0.46475516
v 15.76262594 -0.29367226 0.47070504
v 15.80039544 -0.07187348 0.46704871
v 11.40815180 0.17359409 -0.37381100
v 11.48250400 0.64356630 -0.36750000
v 11.26266378 0.18878393 -0.16999766
v 11.37133825 0.53359197 -0.27640462
v 11.29797876 0.57174218 -0.08294993
v 11.61826383 0.17538036 -0.47036660
v 11.82572427 0.17005278 -0.46482819
v 11.75815590 0.40949637 -0.47865781
v 12.17845151 1.33492979 -0.47865781
v 12.14612515 1.14063912 -0.47325884
v 11.46754444 0.83351900 -0.28418067
v 15.69980086 0.16626983 -0.47865781
v 15.91195631 0.17015226 -0.42113039
v 15.86376336 0.48997189 -0.42114659
v 15.52022792 0.74051224 -0.47865781
v 15.73567140 0.88163445 -0.42195225
v 15.35062261 1.04080238 -0.47785807
v 15.66748447 1.12082085 -0.39242611
v 15.92784577 0.89082200 -0.24759247
v 15.78805379 1.21847274 -0.21635011
v 12.40025549 1.44546473 -0.47598146
v 12.19494422 1.53437165 -0.45409764
v 12.60674556 1.78367387 -0.47001791
v 12.42275902 1.87874389 -0.39121791
v 12.81152036 1.86664001 -0.47331196
v 12.11426539 1.83188283 -0.22032754
v 12.64985481 2.17421235 -0.23060116
v 12.63744599 1.99929742 -0.39732956
v 12.82170381 2.05912485 -0.41513580
v 13.02031537 1.94157027 -0.47498557
v 13.39983235 1.88160490 -0.47050985
v 13.23753501 2.01916137 -0.47340360
v 13.82298002 2.03352596 -0.47815175
v 13.28891540 2.20860938 -0.40825539
v 13.02969826 2.15303638 -0.40198924
v 13.68400775 2.18666622 -0.43842363
v 13.83148674 2.28796984 -0.37861290
v 12.26999103 1.93461535 -0.24979304
v 12.98465372 2.31726724 -0.21116961
v 13.38070233 2.37424155 -0.26201724
v 13.64212913 2.35936634 -0.30878044
v 14.91407046 1.39187809 -0.45587729
v 14.97308847 1.57493060 -0.47865781
v 14.76329693 1.56149610 -0.46849473
v 14.81176180 1.74376717 -0.47274468
v 14.59971469 1.72863572 -0.47728488
v 15.23919869 1.21655665 -0.47865781
v 15.28974830 1.42749628 -0.45709172
v 15.44285018 1.47320906 -0.38114012
v 15.14401852 1.57112135 -0.45692337
v 15.27288251 1.65910264 -0.37807212
v 15.57363277 1.53147190 -0.21315183
v 14.25513788 1.90394962 -0.47865781
v 14.02298130 1.97435564 -0.47865781
v 13.92985453 2.15814545 -0.44693880
v 14.43500877 2.09924736 -0.42048578
v 14.65485107 1.93129457 -0.45090701
v 15.00597181 1.98577831 -0.28451889
v 14.65186881 2.14436119 -0.32465959
v 14.04100285 2.28564515 -0.35788816
v 15.35106660 1.78179728 -0.19237762
v 14.73113839 2.21210690 -0.16609007
v 14.01335676 2.44972461 -0.04553214
v 15.10705945 2.02498456 -0.06779548
v 11.23841533 0.18841951 0.08439619
v 11.33283394 0.18786199 0.29465772
v 11.31193985 0.57409772 0.14044807
v 11.40827235 0.56389653 0.31320457
v 11.49235257 0.18691322 0.42645307
v 11.43953719 0.37531888 0.38173372
v 11.49880083 0.74761981 0.35145408
v 16.16058968 0.18819745 -0.01743984
v 16.11847676 0.18451811 0.19848310
v 16.01577373 0.56874666 0.27255996
v 16.01149719 0.86490737 -0.02199598
v 15.83476025 1.23884878 0.01900628
v 11.70038683 0.16410397 0.47865781
v 11.73307391 0.55729037 0.47751773
v 11.79198975 0.37729142 0.47587523
v 11.64859376 0.79321756 0.43407459
v 11.83443170 0.71887937 0.47865781
v 12.20828457 1.20875108 0.47233214
v 16.02868786 0.15960849 0.33317853
v 15.91974591 0.24712056 0.41414796
v 15.82406096 0.13283115 0.45833983
v 15.55370479 0.53321558 0.47429604
v 15.89234752 0.47547850 0.40656620
v 15.74442363 0.56879910 0.46093876
v 15.72618065 0.90961404 0.42128226
v 15.47767425 0.75877456 0.47519469
v 15.66445012 0.74705086 0.46660815
v 15.66199451 1.11863525 0.39642393
v 15.17510456 1.26700109 0.47680402
v 12.62267813 2.22581824 0.02643629
v 12.97407895 2.36272821 0.03367577
v 13.42034927 2.45558615 -0.05115179
v 13.61864828 2.47215501 -0.01218248
v 12.31396594 1.99566580 0.20376510
v 12.65110887 2.15923416 0.25498595
v 13.34544141 2.37492544 0.25171465
v 13.70925973 2.44366397 0.16227113
v 15.62137605 1.54941561 0.02276129
v 15.37717935 1.81130215 0.02401203
v 15.58740624 1.48574127 0.24397176
v 15.32995665 1.76957907 0.23796082
v 14.08382182 2.42372570 0.12981099
v 14.78800219 2.21082637 0.08046526
v 14.41005064 2.34686568 0.13589773
v 15.07780664 2.01143147 0.17080982
v 12.14920554 1.70407718 0.36744590
v 12.15156039 1.47679679 0.45802511
v 12.31884276 1.61415398 0.46207452
v 12.61112379 1.64658673 0.47865781
v 12.55181424 1.83351273 0.44985657
v 12.34230289 1.85707237 0.37146037
v 12.70864779 2.00161461 0.41663290
v 13.20937850 1.86868464 0.47419303
v 13.09683541 1.98814701 0.47166744
v 13.10091622 2.15330242 0.41602800
v 13.43964501 1.92591218 0.47623514
v 13.68793674 1.96148413 0.47865781
v 13.57782637 2.32865774 0.34195735
v 13.34213909 2.23050057 0.39887910
v 14.83718298 1.62131660 0.47865781
v 14.85869257 1.81019529 0.45259115
v 15.40556055 1.54608841 0.36810265
v 15.35288540 1.33727822 0.45922223
v 15.20195608 1.48741241 0.46371476
v 15.01299101 1.45540245 0.47865781
v 14.86436507 1.96982685 0.38015726
v 15.20882546 1.68723684 0.39376025
v 15.02881545 1.88329669 0.36224463
v 14.72934923 2.12381554 0.30566366
v 14.37553499 2.25114838 0.31875698
v 14.04500790 2.34755376 0.29119583
v 14.31508482 1.86391157 0.47865781
v 13.92835635 1.98283186 0.47865781
v 14.28262196 2.13760543 0.42447612
v 14.66123413 1.95894598 0.43983249
v 14.02703329 2.18265758 0.42830595
v 0.22297199 -2.07367685 -0.47056079
v 1.43542521 -1.05140921 0.42666658
v 1.00795268 1.72070427 -0.47865781
v -1.79355138 0.13186965 0.43660871
v 1.70990895 0.15568313 0.39234631
v 1.71151733 0.38226918 0.41537180
v 2.09058749 0.58145772 0.44735216
v 1.59231204 1.89378836 0.02372652
v 1.60141073 1.83191761 0.19175017
v -0.79828171 2.07821316 0.42175522
v 2.36413895 0.55795866 0.19968133
v 4.41065835 -2.02186374 -0.40475653
v 4.63471388 -2.00656073 -0.33148038
v 4.56700138 -1.86011427 -0.44126906
v 5.29124213 -0.94243583 -0.46987317
v 4.95965809 -1.81471474 0.28938221
v 4.86902454 -1.17274025 0.45963255
v 5.13809117 0.15568313 0.39234631
v 5.13617532 0.38229965 0.41517145
v 5.02143566 1.88839931 0.02995759
v 6.41417931 -2.36314972 -0.25038516
v 5.45359580 -1.38919048 -0.47865781
v 5.82114327 -2.16278919 0.26301383
v 5.81718094 -1.63942578 0.47512105
v 5.47727238 1.81510944 -0.38961885
v 4.50830801 0.76540590 0.11603476
v 7.93702035 -1.81055985 -0.46533525
v 7.24060964 -2.39996702 -0.19289947
v 8.70604393 0.15339854 -0.46067031
v 7.86269188 1.76980396 -0.47795969
v 8.23201318 1.85185130 -0.35958399
v 6.78831036 2.46989997 -0.04235912
v 8.55651958 0.26957941 0.40022594
v 11.66491381 -1.83119633 -0.37079832
v 11.71409644 -1.19494078 -0.46320596
v 11.71038412 -1.07867596 0.43599377
v 10.37013379 2.31730264 -0.35252291
v 11.33170456 2.13248291 -0.28146433
v 11.66730867 1.43285998 -0.47865781
v 10.32536356 1.87234799 0.46315595
v 11.41235216 1.95010722 0.40208597
v 11.98609127 0.15568326 0.39234636
v 11.98448283 0.38226930 0.41537177
v 11.84822695 1.90618583 0.04851657
v 11.98010451 -1.00666029 -0.47865781
v 15.77691888 -1.31599212 0.10490761
v 11.75197768 -0.87063949 0.45967530
v 15.51758859 -1.09865829 0.45993783
v 13.31768993 2.43518021 0.08627528
v 13.00361750 2.29638015 0.25554562
v -0.91599444 -2.21552006 -0.26404271
v -0.49585901 -2.36572113 -0.22990868
v -2.43298312 0.00978642 -0.20507558
v -0.24765535 -2.07764725 0.46941132
v 1.53949669 -1.51053513 0.45141491
v 1.94244679 -0.84962063 0.46250425
v 1.18376303 1.57131934 -0.47865781
v 0.63406707 2.18904437 -0.38496031
v 1.91726180 0.42634901 0.47865781
v -1.46492989 1.52471921 0.46388705
v 0.53290511 2.02813695 0.46884356
v 2.89678534 -1.90463651 -0.47865781
v 3.00477465 -2.37001996 -0.24236384
v 5.69061149 -0.78456533 -0.25880913
v 4.16732667 -2.28277699 0.25204192
v 1.31804369 0.79480074 0.40405817
v 5.32286557 0.21831641 0.47128683
v 5.46196911 -1.95262047 0.26307006
v 5.29179200 -1.78762575 0.29677623
v 4.94240100 -0.87330354 0.46917358
v 4.77462924 0.35049355 -0.46819811
v 4.58750387 0.40257121 0.37476249
v 6.12615679 2.36054265 0.06192893
v 5.48465302 1.81229719 0.39405010
v 5.46484671 1.98327975 0.22188640
v 9.09802415 -0.87168615 -0.23034438
v 8.72777589 -0.31791167 -0.47030700
v 9.00766232 0.00835975 -0.45146947
v 9.17825559 -0.72503717 -0.18681138
v 6.91343962 2.45354010 0.13383772
v 7.87701596 1.68393900 0.47865781
v 9.54048480 -2.33704729 -0.14905401
v 12.43316175 -0.00359555 -0.45111703
v 9.81406477 -1.89427845 0.47661161
v 8.35602956 0.11530630 -0.47270146
v 8.35610974 0.50708669 -0.47865781
v 11.54302133 1.62023008 -0.47495301
v 12.21196372 0.43152746 0.47865781
v 13.48557152 -2.10627669 -0.46388384
v 15.80108271 -0.01063032 -0.46810562
v 13.84571781 -2.13338298 0.45792351
v 14.77861024 -1.74315501 0.47564381
v 15.88711545 -1.10075977 0.15134195
v 15.45510488 1.22812196 -0.45555347
v 16.08104571 0.64446679 0.05901815
v 15.03644156 1.77320006 -0.42223685
v 13.63027625 2.44220906 -0.16598857
v 15.65465998 0.10752081 0.47865781
v 13.51895106 2.11779798 0.46189871
v -1.14990938 -2.11794770 -0.24045164
v -1.80052608 -1.40796349 -0.38026123
v -2.14781490 -1.22456826 -0.00962251
v -1.35566998 -1.95305272 0.28614890
v -1.82855003 1.48942185 0.31017511
v 3.67958140 -1.83311729 -0.45647062
v 2.13132331 -1.41880935 0.47271267
v 5.28297107 0.29984773 -0.46523998
v 5.79628287 0.64538697 0.12119756
v 2.52412866 1.45012236 -0.38149637
v 3.46178821 1.97333930 -0.47865781
v 4.64584700 1.67019616 -0.47289997
v 5.01995507 1.73762463 0.30887137
v 6.81102738 -1.67006716 -0.35117803
v 6.29694170 -1.82531484 0.47079976
v 5.11752128 -0.97079246 0.47865781
v 7.36343767 -1.67684767 -0.41514470
v 8.35434012 -1.37179812 -0.47823030
v 9.19459618 -0.03315084 0.32906680
v 8.55726312 0.26383339 -0.39885617
v 9.36240288 1.39258910 -0.34460723
v 9.65806257 1.80159494 -0.47017520
v 12.67929635 0.56090967 -0.01754288
v 8.55663551 0.10614874 0.39068336
v 9.76375015 1.66014128 0.40278154
v 13.31067722 -2.40346550 -0.18683517
v 15.88898136 -0.40885267 -0.41799069
v 13.36221671 -1.78689426 0.44544290
v 14.28966899 2.26525219 -0.33177559
v 11.35103957 0.78751041 0.03336504
v -0.24997942 -2.27076098 -0.38224600
v 1.04661149 -2.19345045 -0.19631914
v 1.91408825 -0.61580678 -0.47865781
v 2.16340329 0.83108475 -0.35235354
v -2.01570592 1.38886484 -0.16681534
v -1.80971324 1.62684489 0.19919708
v -0.27982722 2.19964431 0.42387984
v 2.03136413 -1.91444829 -0.30007278
v 2.71448221 -1.92139402 -0.47639238
v 3.65008909 -2.27971008 -0.37863025
v 5.75771348 -0.82091889 -0.01013467
v 2.40716422 -2.11957861 0.31947338
v 6.74719297 -2.15752987 -0.45045430
v 11.92000453 -1.20357531 -0.47734265
v 12.26379222 -0.43754381 -0.47729163
v 9.54759056 -2.36191726 0.03422925
v 8.03703480 -0.49660170 0.37761174
v 8.44657336 -0.77036778 0.47865781
v 8.14687175 0.03546068 -0.46149525
v 11.46769058 1.58090526 0.47865781
v 12.28200650 -1.93917481 -0.25500607
v 13.20085776 -2.27143451 -0.35014183
v 12.87732187 -2.30484197 -0.16204125
v 15.72903684 -0.21645552 -0.47663994
v 14.16799154 -2.32230643 0.29953992
v 12.50366399 -1.67768957 0.47447687
v 13.63095048 1.97021217 -0.47865781
v -0.45068744 -2.11574745 0.44991049
v 13.67226494 -2.19081885 -0.43641822
v -0.12257138 -2.23845299 0.41246753
v 2.34027388 0.76897040 -0.10793332
v -1.18444110 1.29560643 0.41583349
v -0.47434722 1.63479237 0.37938822
v 0.29434228 1.65557885 0.36131052
v 3.05982428 -2.35949126 0.27350971
v 3.40633960 -1.74095308 0.40603451
v 2.65842501 -1.72870607 0.46823514
v 3.17409588 -1.71626107 0.40151185
v 5.83251773 0.55124949 -0.03037193
v 6.39948471 -2.20921034 -0.40362730
v 6.34034544 1.69230336 -0.42132995
v 6.55927581 1.77171491 -0.43495112
v 9.30986019 -2.09870618 -0.36087567
v 9.48126279 -1.65352343 -0.45094176
v 8.70022530 -1.91315667 0.02066347
v 8.85234287 -1.64802453 0.44468560
v 9.01182989 1.17853574 0.39243431
v 10.69073564 1.87259476 0.47192435
v 12.17216821 -0.99916505 -0.45427533
v 15.35029007 -0.69241158 0.43395785
v 15.58940652 -0.12675742 0.46942982
v -1.78809363 0.79707430 -0.47821282
v 1.91401335 0.34938236 -0.47641061
v 0.98194149 -0.36301257 -0.09509519
v 4.81447860 -1.97018582 -0.23351014
v 3.97951582 -2.35859867 0.22234963
v 4.99845485 1.16022507 -0.47800928
v 4.47952280 -0.51203026 -0.21283464
v 8.48514685 -1.08587367 -0.47865781
v 8.74452461 0.43077547 0.47657106
v 10.02374288 -2.15671860 -0.44665050
v 10.48059559 -2.26075729 -0.39322610
v 9.67448020 -1.98063577 -0.47282563
v 9.89463997 -2.02171185 -0.47484950
v 10.32963492 -2.10609281 -0.46636501
v 10.53783950 -2.07053416 -0.47006480
v 12.35086161 -1.58752934 0.47132861
v 11.63133418 0.80224318 -0.42472329
v 14.41727564 1.72016188 -0.46019078
v 15.03075124 1.20245750 -0.43413593
v 14.36270054 2.36551794 -0.11890816
v -1.79034815 -1.67785374 0.15195878
v 2.17574334 0.03798375 -0.44526581
v -0.98237170 1.40288286 -0.38658516
v 0.99884716 1.53774161 -0.45105036
v 0.21578185 1.76680309 -0.42735544
v 1.54533119 -0.24763537 -0.46857381
v 3.40508446 -2.31282037 0.35669353
v 2.17427415 1.66813974 -0.47078303
v 3.86390284 2.39050763 -0.19878901
v 2.87120351 1.67679612 0.42059953
v 2.70982394 1.59753503 0.41167203
v 5.63878397 1.10396898 -0.31414710
v 6.14108008 1.57075333 0.39302223
v 7.06928324 -1.67291584 0.36713005
v 7.05071707 1.77103448 -0.42843569
v 12.63085324 -0.75096684 0.03896899
v 10.49669637 -1.72141402 0.40242689
v 12.59510716 -1.82897461 0.45856011
v 13.20136393 1.81728848 -0.46624920
v 13.72665727 1.77712628 -0.42633951
v 12.30625379 2.04162267 -0.04450531
v 15.21165658 0.59621011 0.30784497
v 15.17204235 0.76762392 0.34376669
v 12.94853472 1.61449182 0.42720569
v 2.11662385 -0.61038470 -0.43228428
v 1.94175419 -0.02453007 -0.47556234
v -1.93618032 1.28355251 -0.35135522
v -1.45769489 1.82259217 -0.34299840
v -2.05710326 1.36672192 0.08408184
v -1.94577229 1.51074919 0.09138376
v 1.16805036 2.08489415 0.27626674
v 1.30813869 1.96253910 0.30996207
v 2.78779518 -2.10257852 -0.43358214
v 2.11252798 1.86943764 -0.38175066
v 3.65097365 2.23122208 0.41132106
v 7.06392892 -2.33249463 -0.33268301
v 8.74291182 -0.39532402 0.47514105
v 10.45964440 -1.91453278 -0.47298651
v 12.07950863 -0.78885543 -0.47865781
v 9.89404538 2.36293899 0.26520933
v 16.02436049 0.54630268 -0.26751998
v 16.09343412 0.17674669 -0.24599818
v 16.03836972 0.71912079 -0.16227757
v 13.17066494 -2.41777190 -0.05353696
v 16.10439998 0.52150008 -0.08761434
v -1.72210188 -0.61632676 -0.44950885
v -1.25265865 1.47508193 0.47483351
v 11.49617799 -1.24509647 -0.40905635
v 9.55658707 1.56049346 0.38922163
v 15.24731986 -0.90705789 0.43594251
v 15.83264411 0.30889556 -0.45162247
v -0.94201745 -1.97081858 -0.43953141
v 1.82816968 -0.40555317 -0.46322702
v -1.85542145 1.18230932 -0.43295180
v 3.78358123 2.42256189 0.14838988
v 4.90495377 0.41622388 0.47865781
v 5.93985511 1.74323010 0.47865781
v 8.95139630 -0.63518489 -0.43584711
v 10.07431506 -2.46896353 0.02963714
v 12.59590586 -0.67942604 0.22361172
v 9.54252811 2.31614979 -0.20161587
v 12.13061463 0.15723985 -0.46093495
v 15.96649985 0.82367103 0.22770657
v 6.65585723 -2.42468154 -0.20679817
v 13.62180689 -1.99936280 -0.47865781
v -1.75206297 1.34878960 -0.42678109
v 11.83091509 0.67826653 -0.47865781
v -0.53605268 1.66173923 -0.40942840
v -1.62989233 0.11421262 0.31433996
v 1.39865196 0.07630547 -0.47865781
v 2.93029679 1.80022245 -0.46111973
v 2.28967870 1.26224974 0.37586679
v 7.93575723 -0.61074069 -0.22926749
v 14.45089836 -1.45995717 -0.32571287
v 14.74878949 -1.19392980 -0.25713972
v 15.35361907 0.62507763 0.42357437
v 12.36842348 1.38565105 0.47262666
v -1.92042167 -0.61738564 0.47865781
v 6.66516417 -2.47085375 0.02959569
v 11.38749238 -2.13279826 -0.24314913
v 9.35130179 -2.27481679 0.14859855
v 11.55673304 -1.63448287 0.47200556
v 9.88269483 2.12032046 -0.45134161
v 11.33910978 -0.72958354 0.10319716
v -0.86749499 -1.72932296 -0.47500315
v 5.15321547 0.81284917 -0.47079974
v 1.00589744 1.28788159 0.31040395
v 2.02862913 -1.23051617 -0.45876701
v 5.59065536 -1.59225337 -0.47865781
v 6.33721982 -1.57009417 0.33333843
v 6.27706540 -1.65933511 0.41488729
v 5.13612135 0.41905767 -0.41924900
v 6.52894603 1.80276834 0.45011407
v 6.43296027 1.68718794 0.40166768
v 8.00060758 -1.18605730 -0.33568251
v 11.64231223 -2.02973466 0.14871313
v 11.83096664 1.90872433 -0.10738514
v 15.30557386 -0.64726569 -0.40181580
v 12.71370287 -1.48830838 0.42919821
v 13.22120585 1.60990194 -0.35886310
v 12.45444503 1.68377703 0.46952588
v -1.31000534 -1.98747378 -0.28273340
v 1.48562331 -1.28600101 0.47865781
v -1.82633506 0.41554403 -0.46336143
v 2.31425774 1.79990860 -0.46444671
v 5.28800299 0.47888796 -0.47339689
v 4.38872012 -0.19480056 -0.07487276
v 8.87212122 -2.03175357 -0.07341161
v 12.75704523 -1.91959529 0.45683777
v 8.25692491 1.98480111 -0.18799737
v 1.62322080 -1.30258426 0.47094088
v 0.02289555 -1.78050256 -0.42797000
v -1.73924351 0.45813956 0.43621843
v 0.49484012 1.59917387 0.35482227
v 1.75812989 -0.99614872 0.47865781
v 6.40787656 1.48024420 -0.15986543
v 8.29607228 1.17047102 0.45993202
v 9.81257381 -1.58217728 0.32999748
v 15.27672675 -0.32703190 0.28918527
v 13.71972847 1.78623822 0.43073989
v 7.29289235 -2.28491896 0.34470375
v 8.01791705 -2.09328017 0.26397573
v 8.34647547 -0.37113877 -0.47865781
v 7.93872401 -0.78431438 0.11192492
v 16.10106364 -0.11997431 0.24015257
v -0.98950464 -2.08763267 -0.35911119
v 11.98489736 1.05249581 0.47865781
v -0.26749766 -1.62932750 0.33343455
v -0.73193013 -1.45794127 0.31089735
v 4.63789612 -1.27401772 -0.41786599
v 1.82490707 0.99625836 -0.47134718
v 5.26733052 1.04354960 0.46838536
v 5.62689577 -1.37480700 -0.45264470
v 5.05683395 0.99898563 0.47555773
v 11.08892664 -2.32972453 -0.07463525
v 8.12519482 -0.12635740 -0.45270762
v 8.45909288 0.94325339 0.47692374
v 13.34916279 -1.56914924 -0.27591974
v 15.80527446 1.16521837 0.23669570
v -0.08757734 -2.28190866 -0.38275692
v -0.25184263 -2.46048305 -0.03383809
v 9.05909928 0.71584159 -0.35021729
v 7.57702361 2.35881967 0.05563896
v 9.01429838 -2.08048127 0.20366677
v 10.16971350 -2.19475450 -0.43451759
v 8.58766798 1.04472707 0.47865781
f 2193 2207 2194
f 2208 5 3649
f 2194 2207 6
f 6 25 2194
f 6 7 8
f 7 3833 8
f 6 8 16
f 8 14 16
f 3833 2206 10
f 9 79 11
f 8 10 14
f 10 11 15
f 10 15 14
f 11 79 85
f 11 85 15
f 51 2231 2200
f 6 13 25
f 6 16 13
f 13 40 31
f 13 58 40
f 14 17 16
f 14 15 18
f 13 16 57
f 14 18 17
f 17 18 113
f 16 17 57
f 17 56 57
f 20 2209 2218
f 19 3549 20
f 3549 19 2213
f 2209 2215 2211
f 22 2211 2232
f 24 2217 2233
f 2214 2213 3860
f 3860 29 2214
f 2214 29 30
f 2214 30 2220
f 27 2220 42
f 27 42 28
f 25 31 3860
f 29 39 30
f 29 31 39
f 28 43 35
f 42 43 28
f 43 50 35
f 26 2223 2222
f 28 35 2223
f 35 37 2225
f 2223 2225 32
f 36 94 48
f 36 2226 94
f 35 50 37
f 31 40 39
f 39 41 30
f 39 40 41
f 40 68 41
f 41 69 70
f 42 44 43
f 43 45 50
f 30 70 44
f 30 44 42
f 43 44 45
f 44 71 45
f 45 46 50
f 45 72 46
f 47 2224 2227
f 2195 3648 3850
f 53 2228 2267
f 236 2229 2269
f 2208 54 2272
f 40 58 68
f 17 113 56
f 13 57 58
f 53 2273 2231
f 56 113 314
f 56 314 59
f 57 241 58
f 57 56 241
f 58 242 68
f 58 241 242
f 242 73 68
f 56 59 241
f 2218 63 2235
f 65 2233 2279
f 61 75 66
f 41 68 69
f 30 41 70
f 44 70 71
f 45 71 72
f 2227 75 61
f 68 73 69
f 69 73 252
f 69 252 70
f 70 253 71
f 70 252 253
f 71 74 72
f 71 253 74
f 72 256 46
f 72 74 256
f 66 75 258
f 4 2203 2236
f 81 85 2236
f 2238 2237 2243
f 2203 2238 2240
f 77 2242 2245
f 2240 78 82
f 2240 82 81
f 78 90 82
f 80 2241 2244
f 81 82 84
f 81 84 83
f 82 91 84
f 83 84 112
f 15 85 86
f 81 83 85
f 15 86 18
f 18 86 114
f 83 86 85
f 83 115 86
f 78 3794 90
f 87 88 89
f 515 2250 2252
f 89 520 92
f 82 90 91
f 90 92 93
f 111 2260 2249
f 84 91 118
f 90 93 91
f 91 93 119
f 92 520 521
f 92 521 93
f 93 521 554
f 37 97 2226
f 37 98 97
f 100 96 95
f 103 2253 2254
f 50 104 37
f 37 104 98
f 46 104 50
f 104 102 98
f 3774 2257 539
f 2245 110 2259
f 83 112 115
f 18 114 113
f 86 115 114
f 112 313 115
f 113 114 315
f 113 315 314
f 114 316 315
f 114 115 316
f 115 313 316
f 84 118 112
f 91 119 118
f 93 554 119
f 116 2323 2260
f 112 323 313
f 112 118 323
f 118 324 323
f 118 119 324
f 119 772 324
f 119 554 772
f 322 2324 2261
f 104 122 102
f 104 46 121
f 104 121 122
f 3773 2256 2263
f 2256 2258 2262
f 229 2262 2265
f 2264 472 228
f 2263 229 2266
f 2265 679 2341
f 472 2266 2342
f 237 2230 2270
f 239 2268 2271
f 261 2269 2284
f 240 2270 2286
f 3749 2294 2272
f 59 319 243
f 241 245 242
f 242 246 73
f 246 254 73
f 242 245 246
f 59 243 241
f 241 243 245
f 268 319 280
f 245 269 246
f 246 266 254
f 243 268 269
f 243 319 268
f 245 243 269
f 246 269 266
f 266 288 254
f 247 2235 2280
f 248 2276 2281
f 249 2277 2282
f 251 2279 2283
f 66 258 306
f 238 2278 2303
f 282 2280 283
f 73 254 252
f 252 255 253
f 253 257 74
f 252 254 255
f 253 255 257
f 74 291 256
f 74 257 291
f 288 255 254
f 288 289 255
f 289 257 255
f 256 292 327
f 257 290 291
f 256 291 292
f 292 330 327
f 262 2271 2289
f 2284 262 263
f 2288 2289 2290
f 264 2297 2294
f 266 267 3876
f 266 271 267
f 267 271 276
f 267 275 3876
f 268 270 3877
f 266 269 271
f 270 279 3877
f 268 280 270
f 2293 2287 2295
f 3876 295 297
f 276 278 2291
f 276 279 278
f 277 2300 2299
f 277 2298 278
f 275 267 2291
f 271 3877 276
f 278 279 2300
f 273 281 280
f 273 274 2302
f 284 2281 2310
f 2283 306 2318
f 285 2282 2306
f 257 289 290
f 288 297 289
f 289 298 290
f 290 299 293
f 291 293 292
f 292 304 330
f 290 293 291
f 292 293 304
f 293 300 304
f 330 304 307
f 306 258 2314
f 295 298 297
f 296 299 298
f 295 286 298
f 289 297 298
f 290 298 299
f 293 299 300
f 299 296 301
f 2292 286 295
f 299 301 300
f 300 301 303
f 301 296 2315
f 300 303 305
f 302 2316 303
f 305 2316 2317
f 304 305 307
f 300 305 304
f 3603 294 310
f 2311 2318 2319
f 305 308 307
f 307 308 357
f 116 2259 2322
f 244 2275 2274
f 313 318 316
f 314 315 320
f 59 314 319
f 314 320 319
f 315 321 320
f 315 316 321
f 318 321 316
f 318 337 321
f 319 320 339
f 320 321 336
f 319 339 280
f 320 336 339
f 313 323 325
f 313 325 318
f 323 326 325
f 323 324 326
f 324 772 777
f 324 777 326
f 346 2323 2329
f 318 325 347
f 318 347 337
f 325 326 347
f 347 326 349
f 326 777 798
f 326 798 349
f 46 327 121
f 256 327 46
f 327 331 121
f 121 331 122
f 331 328 122
f 327 330 331
f 356 328 331
f 334 340 345
f 2322 333 2325
f 334 336 321
f 334 337 343
f 280 339 345
f 334 345 336
f 340 273 345
f 273 340 274
f 2326 342 2327
f 334 343 2328
f 337 348 343
f 338 2325 341
f 343 353 344
f 280 345 273
f 337 347 348
f 350 2329 2331
f 343 348 351
f 347 349 348
f 351 349 354
f 346 2330 2324
f 349 798 800
f 354 800 804
f 348 349 351
f 343 351 353
f 351 355 353
f 351 354 355
f 353 355 2333
f 349 800 354
f 803 2330 352
f 354 806 355
f 354 804 806
f 355 806 2335
f 330 356 331
f 330 307 356
f 328 356 358
f 356 357 358
f 307 357 356
f 357 3550 358
f 3604 2562 359
f 365 364 368
f 368 2337 365
f 2339 371 369
f 2339 825 371
f 2337 370 2339
f 472 471 228
f 2342 493 2343
f 493 2341 2344
f 492 2343 2345
f 494 2344 2346
f 517 2347 2348
f 517 2348 520
f 520 2348 522
f 2348 516 3852
f 3852 523 522
f 3852 519 523
f 519 527 523
f 526 2350 2351
f 3601 2369 2349
f 520 522 521
f 521 522 555
f 522 523 525
f 555 525 556
f 523 531 525
f 525 531 559
f 518 3729 519
f 518 2352 3729
f 3729 2354 527
f 523 527 530
f 530 528 533
f 527 528 530
f 528 534 533
f 560 2355 2371
f 523 530 531
f 530 533 532
f 530 532 531
f 531 532 561
f 533 534 535
f 532 533 535
f 532 535 563
f 534 575 535
f 676 3750 2413
f 3730 540 2363
f 2363 2366 2367
f 549 598 2368
f 2366 3879 546
f 598 549 568
f 598 553 601
f 546 550 3681
f 598 568 553
f 553 568 569
f 521 555 554
f 2351 557 2418
f 522 525 555
f 525 559 556
f 554 773 772
f 554 555 773
f 555 774 773
f 557 2369 2417
f 555 556 774
f 556 780 774
f 556 559 780
f 531 561 559
f 532 563 561
f 535 562 563
f 563 562 784
f 559 782 780
f 2371 558 2422
f 559 561 782
f 561 783 782
f 561 563 783
f 563 784 783
f 569 568 570
f 613 553 792
f 2357 3814 571
f 2379 2372 2374
f 574 577 3751
f 3751 577 576
f 535 575 562
f 576 585 584
f 2379 2378 573
f 573 578 577
f 576 577 582
f 579 581 3816
f 579 580 2380
f 2380 2384 581
f 3816 581 583
f 581 595 583
f 576 582 585
f 582 3816 585
f 583 595 608
f 625 2373 2405
f 575 3751 562
f 562 584 628
f 584 585 586
f 584 586 628
f 585 587 586
f 628 586 846
f 586 587 626
f 585 583 587
f 583 608 610
f 583 610 587
f 587 610 636
f 2382 588 2385
f 589 2387 2384
f 591 2383 2386
f 2387 591 2408
f 2385 630 2407
f 592 605 604
f 592 3752 605
f 595 616 617
f 2396 2388 597
f 609 608 596
f 608 595 596
f 609 596 3753
f 597 593 604
f 592 604 593
f 598 601 2391
f 2390 2391 2392
f 2390 599 600
f 599 615 600
f 599 2392 2395
f 604 607 597
f 604 605 606
f 605 601 613
f 604 606 607
f 606 638 607
f 607 639 612
f 608 609 611
f 609 597 612
f 608 611 610
f 609 612 611
f 610 611 640
f 611 612 637
f 607 612 597
f 553 613 601
f 2389 2396 2398
f 2398 620 2401
f 619 2400 621
f 620 2397 2402
f 623 3606 2403
f 603 2394 2404
f 2401 622 2411
f 623 2412 2400
f 560 2370 2360
f 586 626 846
f 562 628 784
f 587 636 626
f 846 626 848
f 626 636 854
f 626 854 848
f 784 628 847
f 628 846 847
f 2408 634 2443
f 633 2407 2442
f 2410 851 2446
f 612 639 637
f 613 638 606
f 607 638 639
f 610 640 636
f 611 637 640
f 636 640 855
f 636 855 854
f 640 637 856
f 640 856 855
f 637 642 856
f 638 857 639
f 613 792 638
f 792 857 638
f 637 639 642
f 639 857 642
f 3556 858 641
f 2402 635 2447
f 2403 645 2448
f 2404 647 2450
f 2411 643 2449
f 646 3556 641
f 2412 867 2451
f 649 2365 2414
f 2413 680 2415
f 2414 2416 3708
f 772 773 778
f 772 778 777
f 773 779 778
f 775 2420 2418
f 773 774 779
f 774 780 785
f 774 785 779
f 775 2417 2419
f 777 778 799
f 777 799 798
f 778 801 799
f 778 779 801
f 779 785 811
f 779 811 801
f 780 787 785
f 3777 2370 2421
f 780 782 787
f 782 815 787
f 782 783 815
f 783 784 788
f 783 788 815
f 784 847 788
f 785 787 812
f 785 812 811
f 781 2423 2422
f 815 788 871
f 787 815 812
f 792 793 857
f 792 569 793
f 570 796 795
f 569 570 795
f 793 569 795
f 795 796 835
f 798 799 3817
f 810 2420 2428
f 799 801 802
f 799 802 805
f 801 813 802
f 2419 803 2425
f 800 3817 804
f 804 805 3552
f 806 3552 2427
f 802 813 809
f 801 811 813
f 811 812 814
f 809 813 816
f 811 814 813
f 813 814 819
f 814 815 823
f 823 871 874
f 812 815 814
f 815 871 823
f 813 819 816
f 817 2431 2430
f 814 823 819
f 816 819 2433
f 820 821 2432
f 819 823 877
f 819 877 2434
f 825 826 3553
f 833 838 837
f 795 835 836
f 836 835 841
f 844 839 837
f 836 842 914
f 842 836 841
f 844 843 845
f 849 2406 2441
f 847 846 873
f 848 854 902
f 846 848 873
f 786 2424 2421
f 890 2441 2455
f 788 847 872
f 873 848 876
f 788 872 871
f 847 873 872
f 848 902 876
f 2442 850 2445
f 2443 891 2459
f 854 855 859
f 855 856 860
f 854 859 902
f 856 862 860
f 855 860 859
f 857 861 642
f 642 861 862
f 793 861 857
f 856 642 862
f 859 860 903
f 861 898 862
f 793 3835 898
f 860 862 899
f 859 903 904
f 860 899 903
f 793 898 861
f 862 898 899
f 902 859 904
f 853 2452 2447
f 2448 864 2454
f 858 3556 3557
f 926 2449 2473
f 928 2453 2451
f 818 2432 2424
f 874 872 882
f 872 873 875
f 871 872 874
f 823 874 3709
f 872 875 882
f 873 876 875
f 882 875 883
f 876 902 907
f 875 876 3710
f 874 882 881
f 881 882 885
f 882 883 885
f 823 3709 877
f 878 3709 3795
f 877 3709 878
f 876 907 884
f 884 907 908
f 3795 881 2457
f 885 888 887
f 886 2457 2456
f 885 883 888
f 883 3710 889
f 883 889 888
f 888 889 2462
f 889 884 2464
f 2446 894 2458
f 890 2456 2444
f 2445 893 2460
f 3684 896 2465
f 899 900 3862
f 898 901 899
f 898 3835 901
f 899 901 900
f 900 901 906
f 904 903 3711
f 902 904 907
f 907 904 909
f 909 3711 910
f 907 909 908
f 908 909 2475
f 909 910 929
f 910 3711 3862
f 3862 900 911
f 910 911 2479
f 836 914 3835
f 842 2440 917
f 906 914 912
f 845 916 2440
f 915 917 916
f 912 923 2472
f 917 2469 2470
f 863 2452 930
f 928 2454 2474
f 2476 2477 2478
f 2471 2453 2468
f 2473 930 2478
f 2481 935 3559
f 935 936 939
f 935 939 2437
f 2482 961 2483
f 961 3559 2484
f 3555 2436 2484
f 33 2487 2486
f 38 48 94
f 38 94 2491
f 67 2490 2550
f 67 250 75
f 62 67 75
f 250 258 75
f 98 2494 2493
f 99 227 226
f 99 103 227
f 2496 108 2495
f 106 2497 2501
f 123 2502 2500
f 2501 120 2557
f 565 2502 2558
f 2507 124 2504
f 3686 3610 3781
f 2512 2523 2514
f 2514 2516 2515
f 2509 2515 2511
f 133 3560 2526
f 130 2510 2535
f 132 2511 2536
f 34 139 2522
f 134 138 137
f 134 135 3610
f 2513 2507 136
f 134 137 135
f 135 146 136
f 146 147 136
f 135 137 146
f 34 2488 139
f 139 151 150
f 137 138 150
f 139 150 138
f 2514 2523 3653
f 140 136 143
f 140 143 3653
f 141 154 144
f 141 3653 154
f 141 144 2516
f 144 142 2524
f 136 147 143
f 143 155 154
f 147 155 143
f 154 156 144
f 142 166 2527
f 144 156 158
f 146 148 147
f 146 153 148
f 148 149 147
f 148 185 149
f 150 152 137
f 146 137 153
f 137 152 153
f 152 183 153
f 152 469 183
f 148 153 184
f 147 149 155
f 154 187 156
f 154 155 187
f 149 182 186
f 155 186 187
f 156 188 158
f 145 157 159
f 158 189 157
f 167 2531 172
f 166 145 3878
f 2525 2528 2532
f 2518 130 3611
f 2526 195 2570
f 2533 180 2569
f 2536 377 2572
f 149 185 182
f 148 184 185
f 153 183 184
f 155 149 186
f 187 188 156
f 189 473 159
f 183 383 184
f 183 469 383
f 185 384 385
f 184 384 185
f 184 383 384
f 185 385 182
f 182 385 190
f 182 190 186
f 186 386 187
f 186 190 386
f 187 387 188
f 187 386 387
f 387 191 188
f 188 191 189
f 189 388 473
f 189 191 388
f 195 3732 2576
f 192 202 196
f 2532 202 192
f 196 202 400
f 151 99 226
f 145 159 216
f 208 209 2530
f 205 209 204
f 205 206 2531
f 205 212 206
f 2538 3563 212
f 2539 207 3563
f 208 210 209
f 2541 2538 219
f 145 216 208
f 216 214 208
f 2541 219 222
f 2539 2538 2541
f 225 657 2544
f 220 2545 2546
f 234 2546 2548
f 226 470 469
f 226 227 228
f 226 228 470
f 159 473 216
f 216 473 232
f 216 233 214
f 216 232 233
f 2548 683 2608
f 2550 405 2551
f 250 2552 258
f 2551 2553 2554
f 435 2556 2555
f 433 491 311
f 2556 362 310
f 329 328 2561
f 332 2560 2558
f 366 2559 363
f 360 361 3863
f 311 491 359
f 312 2562 362
f 362 3863 361
f 2562 3604 3863
f 360 2564 2563
f 367 364 365
f 367 365 369
f 366 2566 2560
f 373 369 371
f 373 371 828
f 2568 382 2573
f 378 2537 2575
f 405 2569 3689
f 404 2571 3755
f 3733 2572 3613
f 410 2575 2585
f 383 418 384
f 383 476 418
f 384 419 385
f 385 415 190
f 385 419 415
f 384 418 419
f 386 389 387
f 387 390 191
f 386 190 389
f 387 389 390
f 390 423 191
f 191 423 388
f 418 476 432
f 431 418 432
f 415 416 190
f 416 389 190
f 416 421 389
f 421 390 389
f 388 424 474
f 390 422 423
f 388 423 424
f 424 479 474
f 380 2570 2577
f 395 2576 2578
f 2574 404 3712
f 403 2573 2580
f 406 2577 2587
f 407 2579 2583
f 408 2581 2584
f 2581 430 2584
f 2586 2585 2590
f 409 2588 413
f 2589 2592 2598
f 415 417 416
f 415 419 417
f 417 3715 416
f 428 420 427
f 418 431 420
f 417 419 420
f 419 418 420
f 390 421 422
f 421 436 422
f 422 438 425
f 423 425 424
f 424 440 479
f 422 425 423
f 424 425 440
f 425 437 440
f 479 440 426
f 417 420 428
f 427 429 3714
f 2595 2596 2594
f 432 433 431
f 420 431 427
f 427 431 429
f 433 429 431
f 432 491 433
f 433 434 429
f 434 3654 2596
f 433 311 434
f 421 3713 436
f 422 436 438
f 438 437 425
f 413 2597 436
f 438 2597 2598
f 441 2599 2602
f 440 441 426
f 437 441 440
f 441 457 426
f 2578 3564 2604
f 451 458 2603
f 439 2601 2602
f 458 456 460
f 426 457 497
f 2601 2605 2606
f 2607 458 460
f 2607 460 501
f 470 478 476
f 383 469 476
f 470 476 469
f 471 470 228
f 470 471 478
f 473 474 232
f 388 474 473
f 232 474 486
f 478 471 477
f 478 432 476
f 478 491 432
f 478 477 491
f 474 479 486
f 232 486 233
f 486 482 233
f 486 496 482
f 2609 507 2614
f 507 2608 2615
f 491 477 359
f 479 426 496
f 479 496 486
f 482 496 498
f 496 497 498
f 426 497 496
f 497 3565 498
f 497 2607 3565
f 3663 501 502
f 506 505 2613
f 504 2611 2612
f 2616 2615 2620
f 506 2613 510
f 514 511 510
f 514 964 511
f 2617 2620 2621
f 2623 536 3818
f 541 2623 2624
f 2629 544 540
f 567 2632 2626
f 2629 545 544
f 548 2628 2631
f 548 549 543
f 546 551 550
f 548 568 549
f 551 650 550
f 650 552 550
f 2624 538 565
f 2633 789 2684
f 547 600 2630
f 2630 2635 551
f 615 614 2637
f 614 641 648
f 551 687 650
f 2545 2639 2640
f 656 2641 2643
f 2641 659 2642
f 662 2642 2648
f 664 2644 2645
f 2645 670 2647
f 674 668 685
f 674 685 948
f 674 948 703
f 650 937 552
f 650 682 937
f 937 682 938
f 937 936 552
f 703 948 941
f 2643 684 2699
f 2648 2650 3716
f 2650 952 950
f 650 687 682
f 2651 688 3657
f 689 3819 699
f 3657 691 698
f 699 690 701
f 693 703 705
f 694 705 704
f 724 693 2655
f 693 705 694
f 704 2653 2657
f 702 696 707
f 690 692 702
f 707 696 697
f 697 2656 708
f 682 3657 752
f 698 699 700
f 698 700 752
f 699 701 700
f 752 700 988
f 700 701 746
f 701 690 702
f 701 702 747
f 708 704 706
f 709 706 750
f 704 705 706
f 705 749 706
f 707 708 709
f 707 709 751
f 708 706 709
f 751 709 748
f 2662 2659 2663
f 2652 2662 2660
f 712 2662 2664
f 2656 2654 714
f 713 3658 2666
f 714 2668 2653
f 2667 2668 2669
f 715 2667 2673
f 716 713 2671
f 719 2670 2672
f 721 2669 2680
f 755 2663 2681
f 2665 753 2679
f 757 2683 3757
f 2646 724 2675
f 674 693 724
f 725 736 726
f 674 703 693
f 727 2676 2678
f 700 746 988
f 682 752 938
f 701 747 746
f 709 750 748
f 703 749 705
f 706 749 750
f 702 751 747
f 988 746 995
f 746 747 989
f 746 989 995
f 938 752 994
f 752 988 994
f 747 751 990
f 747 990 989
f 751 748 990
f 748 750 993
f 990 748 991
f 748 993 991
f 749 992 750
f 703 941 749
f 941 992 749
f 750 992 993
f 2672 754 2710
f 2680 758 2713
f 759 2708 2681
f 754 2679 2709
f 2682 1001 2715
f 2678 769 2717
f 2673 1003 2711
f 764 3568 760
f 797 2634 2685
f 834 2685 2687
f 570 794 796
f 835 796 834
f 2684 791 2686
f 828 371 3553
f 828 3553 2688
f 2689 2690 2687
f 830 3553 3554
f 833 837 832
f 2690 2692 3614
f 832 837 2692
f 840 2440 841
f 2440 839 845
f 840 839 2440
f 845 843 919
f 869 858 905
f 648 641 866
f 866 858 869
f 1000 2693 2694
f 915 916 920
f 919 2695 2696
f 920 2696 2697
f 2694 869 922
f 937 962 936
f 936 962 939
f 937 938 943
f 937 943 962
f 938 994 943
f 941 942 992
f 941 948 955
f 962 943 1020
f 939 962 944
f 955 956 942
f 942 956 945
f 946 2699 2700
f 947 3656 2702
f 948 949 955
f 950 952 954
f 950 954 2701
f 962 918 944
f 962 1020 3820
f 963 2700 2703
f 964 3615 3566
f 2706 3615 2704
f 970 982 980
f 2702 981 2705
f 956 977 1068
f 956 976 977
f 977 976 984
f 983 982 2707
f 977 985 1068
f 985 977 986
f 978 2860 3880
f 980 983 3882
f 994 988 1019
f 995 989 1022
f 988 995 1019
f 989 990 996
f 991 993 999
f 990 991 997
f 989 996 1022
f 990 997 996
f 991 999 997
f 992 998 993
f 993 998 999
f 942 998 992
f 943 994 1018
f 1019 995 1023
f 943 1018 1020
f 994 1019 1018
f 995 1022 1023
f 997 999 1025
f 996 997 1028
f 998 1024 999
f 998 945 1024
f 996 1028 1029
f 997 1025 1028
f 942 945 998
f 999 1024 1025
f 1022 996 1029
f 2709 1046 2724
f 2710 1002 2716
f 2713 1005 2725
f 1001 2708 2714
f 1081 3660 1060
f 1006 2712 2711
f 1020 1018 1031
f 1018 1019 1021
f 1018 1021 1031
f 1031 1021 3759
f 1019 1023 1021
f 1023 1022 1032
f 1021 1023 3758
f 1024 1027 1025
f 1028 1025 1026
f 1024 945 1027
f 1027 945 1068
f 1025 1027 1026
f 1026 1027 1037
f 1029 1028 1038
f 1022 1029 1032
f 1028 1026 1038
f 1032 1029 1039
f 1038 1026 1042
f 1020 1031 1030
f 1031 3759 1034
f 918 3820 2695
f 1023 1032 1033
f 1030 1034 2719
f 1034 3759 1035
f 3758 1033 2729
f 1033 1036 1050
f 1026 1037 1042
f 1027 1068 1037
f 1068 1071 1037
f 1037 1071 1043
f 1071 2739 2743
f 1029 1038 1039
f 1039 1038 1041
f 1038 1042 1041
f 1032 1039 1036
f 1036 1039 1040
f 1039 1041 1040
f 1036 1040 2733
f 1040 1041 1055
f 1037 1043 1042
f 1042 1043 1044
f 1041 1042 2720
f 2715 1048 2723
f 1056 2716 2737
f 1054 2725 2736
f 1045 2726 2714
f 2727 1049 2726
f 2724 1051 2731
f 1049 2728 2723
f 2728 2730 2731
f 2722 2721 1085
f 1058 2735 2736
f 956 1068 945
f 1068 985 1071
f 1070 1069 1061
f 1061 3660 2740
f 1074 2718 2744
f 2712 1054 2732
f 1074 2744 2742
f 163 3717 3569
f 163 2748 2749
f 2751 2750 2756
f 2753 160 2754
f 193 2756 2769
f 161 2746 2759
f 2762 172 2531
f 2765 2760 168
f 2766 2765 169
f 170 174 175
f 170 2766 174
f 169 168 178
f 171 175 3661
f 2764 3881 177
f 2761 165 173
f 175 198 3661
f 174 176 175
f 174 178 176
f 175 176 198
f 176 200 198
f 178 168 199
f 168 177 179
f 168 179 199
f 179 483 199
f 176 178 201
f 2745 193 2768
f 197 2768 2783
f 197 394 202
f 2769 194 2785
f 2767 197 202
f 198 398 1168
f 178 199 201
f 176 201 200
f 198 200 398
f 394 400 202
f 201 397 203
f 199 397 201
f 199 483 397
f 200 201 203
f 200 399 398
f 200 203 399
f 211 207 217
f 212 3563 206
f 177 211 215
f 204 212 205
f 2773 218 219
f 210 2775 2774
f 211 217 215
f 217 231 215
f 177 215 179
f 2776 223 218
f 218 222 219
f 218 224 222
f 2772 221 3735
f 224 225 222
f 224 654 225
f 654 657 225
f 2782 233 475
f 3735 2782 2781
f 179 215 483
f 483 215 484
f 215 231 484
f 484 231 485
f 2783 442 3616
f 2784 396 2788
f 396 2771 2786
f 394 3617 400
f 446 2786 2791
f 397 402 203
f 397 487 402
f 398 401 1346
f 398 399 401
f 203 402 453
f 399 203 453
f 401 464 1372
f 402 487 455
f 399 452 401
f 402 454 453
f 399 453 452
f 2788 446 2795
f 447 2791 2797
f 448 2789 2794
f 401 452 464
f 452 466 464
f 402 455 454
f 452 453 3838
f 453 454 462
f 462 454 465
f 454 455 467
f 448 2790 3616
f 459 2799 2798
f 456 2799 460
f 2799 2801 460
f 2801 501 460
f 463 1377 464
f 466 463 464
f 3838 462 3839
f 2803 2794 3572
f 466 3662 2804
f 2804 2805 463
f 454 467 465
f 465 467 468
f 455 461 467
f 467 461 468
f 459 3572 468
f 397 483 487
f 483 484 487
f 487 484 488
f 484 485 488
f 475 482 2808
f 488 485 495
f 487 488 455
f 461 495 499
f 488 495 461
f 455 488 461
f 504 3663 502
f 2800 2809 2801
f 461 499 2809
f 499 504 502
f 3618 3663 505
f 3618 509 2810
f 503 2813 2811
f 2814 510 512
f 2814 506 510
f 508 2815 2812
f 512 510 511
f 512 511 965
f 513 2816 2815
f 2779 2818 654
f 2819 651 2817
f 2779 2817 2818
f 651 2819 2820
f 654 661 657
f 678 2827 2822
f 669 2823 2825
f 665 3734 666
f 665 668 3734
f 665 669 668
f 667 666 3734
f 663 2824 670
f 669 685 668
f 671 672 3760
f 671 728 672
f 672 686 3760
f 672 729 686
f 686 729 953
f 2820 655 677
f 2829 2828 2852
f 940 2827 2829
f 952 686 951
f 952 673 686
f 686 953 951
f 2824 2830 671
f 722 723 2830
f 723 2833 728
f 728 730 729
f 2833 2834 730
f 731 732 2835
f 2835 2841 3719
f 3719 733 735
f 730 734 737
f 738 3718 739
f 734 3718 738
f 739 3718 3719
f 740 735 1670
f 2836 736 2837
f 729 737 761
f 762 740 763
f 2838 732 2834
f 732 2838 2844
f 2839 2840 745
f 744 2844 2851
f 2845 745 2850
f 2837 760 765
f 953 729 761
f 739 740 762
f 740 1671 763
f 953 761 1010
f 761 1007 1010
f 761 738 1007
f 738 3864 1007
f 762 763 1009
f 762 1009 1008
f 763 1928 1009
f 2848 765 2861
f 2851 770 2862
f 1015 2850 2863
f 3574 940 2853
f 959 2852 2854
f 940 3574 2826
f 951 975 952
f 951 953 957
f 951 957 975
f 953 1010 957
f 975 954 952
f 976 949 973
f 975 957 1064
f 2854 958 968
f 965 511 3566
f 965 3566 966
f 2816 965 2856
f 959 3620 2855
f 966 3566 3567
f 975 974 954
f 975 1072 974
f 1072 978 974
f 975 1064 1072
f 969 970 2859
f 979 986 984
f 979 2859 3882
f 1072 2860 978
f 1013 760 1060
f 1010 1007 1063
f 1007 1008 1011
f 1008 1009 1012
f 1007 1011 1063
f 1008 1012 1011
f 1009 1933 1012
f 957 1010 1062
f 1063 1011 1067
f 1011 1012 1066
f 957 1062 1064
f 1010 1063 1062
f 1011 1066 1067
f 1012 1966 1066
f 765 760 1013
f 2861 1013 3623
f 1013 1060 2866
f 2863 1083 2872
f 1017 2862 2864
f 1061 2867 1060
f 1064 1062 1076
f 1062 1063 1065
f 1072 1064 1077
f 1062 1065 1076
f 1076 1065 3761
f 1063 1067 1065
f 1066 1968 1080
f 1061 1069 1073
f 1072 1077 2868
f 1073 2868 2869
f 1064 1076 1077
f 1077 1076 1078
f 1078 3761 1079
f 1065 1067 3842
f 1077 1078 2870
f 3842 1080 3841
f 1079 3842 2874
f 3623 2866 3622
f 2864 1086 2873
f 3805 1089 2873
f 1087 2875 2871
f 2872 1091 2879
f 2875 2876 2879
f 2752 2889 2881
f 1094 2883 2882
f 1096 2885 2888
f 1097 2882 2897
f 1099 2886 2896
f 171 1104 2755
f 1095 1103 3664
f 1101 2890 2884
f 2892 2890 1102
f 1103 1113 3664
f 1104 1114 1113
f 1103 1104 1113
f 1102 1116 2892
f 1105 1115 1102
f 2891 1109 2893
f 1113 1165 1117
f 1113 1114 1165
f 1114 1168 1165
f 1105 1117 1115
f 1115 1118 1116
f 1113 1117 3664
f 1115 1117 1118
f 1117 1166 1118
f 1116 1118 1119
f 1118 1167 1119
f 2893 1121 1122
f 1100 2895 1170
f 2887 1097 3576
f 2888 1099 2899
f 1099 2896 2900
f 1100 1170 1163
f 198 1168 1114
f 1117 1165 1166
f 1118 1166 1167
f 1167 1435 1119
f 1165 1168 1344
f 1165 1344 1166
f 1166 1344 1169
f 1166 1169 1167
f 1168 1346 1344
f 398 1346 1168
f 1167 1345 1435
f 1167 1169 1345
f 1163 1170 1348
f 1110 1194 2894
f 1193 1192 1197
f 1193 1200 1192
f 1110 3843 1195
f 1110 1195 1194
f 1198 1193 1197
f 1116 1119 3843
f 3843 1199 1195
f 3806 2904 2909
f 2904 2906 2908
f 2905 1205 1616
f 1219 2908 2911
f 3843 1119 1207
f 1119 1435 1207
f 1207 1213 1199
f 3843 1207 1199
f 1207 1435 1212
f 1207 1212 1213
f 2909 1219 2912
f 2911 1888 2933
f 1442 2912 2934
f 1339 2898 2914
f 1338 2899 2915
f 1342 2900 2916
f 1163 1348 1343
f 1340 2913 2917
f 444 2787 2792
f 1365 2914 1367
f 1344 1347 1169
f 1344 1346 1347
f 1169 1347 1374
f 1169 1374 1345
f 401 1372 1346
f 1372 1347 1346
f 1345 1383 1437
f 1347 1373 1374
f 1345 1374 1383
f 1343 1348 1375
f 2916 1387 2928
f 2791 2792 450
f 1367 3869 2920
f 1369 2920 2923
f 1347 1372 1373
f 1372 1377 3762
f 1373 1379 1378
f 1374 1378 1383
f 1373 1378 1374
f 1437 1383 1385
f 1343 1375 2927
f 1376 1379 3762
f 464 1377 1372
f 1378 1379 1382
f 1369 2923 1376
f 1379 2923 2924
f 2923 1370 2924
f 1380 2922 2925
f 1378 1382 1384
f 1380 2925 1382
f 1384 2925 2926
f 1383 1384 1385
f 1378 1384 1383
f 1384 1386 1385
f 2925 1381 2926
f 1387 2927 2930
f 1389 1392 1390
f 1385 1386 1455
f 1386 1391 2931
f 1391 2930 2931
f 1435 1437 1212
f 1345 1437 1435
f 1212 1436 1213
f 1452 1436 1212
f 1442 2932 1438
f 1466 2939 2934
f 1449 2933 2945
f 1437 1452 1212
f 1437 1385 1452
f 1436 1452 1456
f 1452 1455 1456
f 1457 2935 2937
f 1385 1455 1452
f 1455 2931 2936
f 1459 1460 1463
f 1458 1460 1459
f 1462 2939 2940
f 1462 2940 2942
f 1464 2941 1465
f 2944 1471 1469
f 2944 1904 1471
f 2907 3577 2946
f 1617 2947 2953
f 3667 1619 2948
f 2947 1620 2949
f 1622 2949 2954
f 1619 1623 1621
f 2950 1632 2952
f 1631 1659 2951
f 1628 1626 1627
f 2950 1629 1630
f 1630 1629 1626
f 1659 1631 1643
f 1659 1636 1656
f 1636 1642 1665
f 1659 1643 1636
f 1636 1643 1642
f 1642 1643 1645
f 1665 1642 1880
f 2953 1650 2978
f 1651 1884 1892
f 1656 1665 1666
f 2957 1666 1658
f 1656 1666 2957
f 3763 2843 2955
f 2955 2956 1657
f 1658 2956 2958
f 1657 1658 1667
f 735 3763 1670
f 1670 3763 1657
f 1666 1667 1658
f 1656 2959 2961
f 2960 1662 1660
f 1662 1673 1660
f 1662 2963 2965
f 1667 1669 1657
f 1636 1665 1656
f 1666 1668 1667
f 1669 1716 1672
f 1666 1665 1668
f 1667 1668 1669
f 1668 1718 1669
f 1670 1657 1672
f 740 1670 1671
f 1670 1672 1671
f 1669 1672 1657
f 763 1671 1719
f 1671 1672 1717
f 2969 2842 2973
f 2967 1674 2968
f 1675 1676 2972
f 1678 2972 2976
f 2973 1722 2975
f 1672 1716 1717
f 1665 1718 1668
f 1669 1718 1716
f 1671 1717 1719
f 763 1719 1928
f 1719 1717 1930
f 1719 1930 1928
f 1716 1929 1717
f 1717 1929 1930
f 1880 1931 1718
f 1716 1718 1931
f 1665 1880 1718
f 1716 1931 1929
f 1728 1721 1720
f 3858 1725 2991
f 2976 1937 2992
f 1881 1645 1882
f 1642 1645 1881
f 1642 1881 1880
f 1880 1883 1932
f 1880 1881 1883
f 1892 1884 1887
f 1881 1882 1910
f 1881 1910 1883
f 1889 2978 2980
f 1890 2979 2981
f 1901 2982 2984
f 1906 2988 1916
f 1908 2986 3737
f 1910 1920 1963
f 1910 1963 1883
f 1910 1911 1920
f 1920 1911 1919
f 1915 2987 2988
f 1963 1920 1972
f 1918 1912 3204
f 2981 1915 2985
f 1009 1928 1933
f 1928 1930 1935
f 1929 1934 1930
f 1928 1935 1933
f 1930 1934 1935
f 1929 1931 1932
f 1880 1932 1931
f 1929 1932 1934
f 1933 1935 1967
f 1934 1962 1935
f 1934 1932 1961
f 1933 1967 1966
f 1935 1962 1967
f 1883 1961 1932
f 1934 1961 1962
f 1012 1933 1966
f 1084 2865 3628
f 2990 1996 3002
f 1988 1728 2991
f 1940 3001 2992
f 1962 1965 1967
f 1961 1883 1963
f 1961 1964 1962
f 1961 1963 1964
f 1963 1972 1964
f 1962 1964 1965
f 1964 1973 1965
f 1066 1966 1968
f 1966 1967 1969
f 1966 1969 1968
f 1965 1969 1967
f 1968 1969 1976
f 1965 1977 1969
f 1988 2995 1970
f 1965 1973 1977
f 1964 1972 1973
f 1972 1974 1973
f 1973 1974 1978
f 1974 1982 3629
f 1968 1976 1975
f 1969 1977 1976
f 1080 1975 2877
f 1975 1976 1993
f 1976 1977 1993
f 1973 1978 1977
f 1977 1978 1979
f 1993 1977 2996
f 1920 2999 1972
f 3865 1981 1983
f 1971 1983 1981
f 1992 2993 3003
f 1991 3001 3008
f 1995 3006 3007
f 2878 3004 3007
f 1980 3008 2998
f 3002 1996 3006
f 1092 2880 2865
f 1107 3012 3013
f 3013 3014 3015
f 1108 1111 3014
f 3014 1111 1189
f 1196 1112 3015
f 1108 1121 1111
f 1112 1196 1136
f 3009 3016 3012
f 1126 1127 3030
f 1126 3017 3740
f 3027 1123 3025
f 3023 3025 3024
f 1123 3028 1124
f 1124 1129 3828
f 1172 3018 3039
f 1130 3721 3020
f 1130 1149 3721
f 1131 1132 3740
f 1132 1134 1133
f 1133 1134 1135
f 1133 1135 1137
f 1137 1135 1141
f 1134 1143 1135
f 1135 1144 1141
f 1135 1143 1144
f 1144 1151 1141
f 1147 1143 1134
f 1138 1139 3027
f 1137 1141 3786
f 3036 3034 1140
f 3028 3036 3033
f 1141 1151 1138
f 1138 1154 1139
f 1154 1140 1139
f 1140 1142 3036
f 1140 1155 1142
f 1154 1155 1140
f 1155 1156 1142
f 1143 1145 1144
f 1144 1146 1151
f 1148 1145 1143
f 1144 1145 1146
f 1151 1146 1152
f 1145 1180 1146
f 1146 1181 1152
f 1147 1148 1143
f 1136 1150 1149
f 1147 1149 1148
f 1148 1149 1179
f 1150 1441 1179
f 1148 1178 1145
f 1151 1152 1153
f 1138 1153 1154
f 1151 1153 1138
f 1152 1182 1153
f 1154 1157 1155
f 1155 1158 1156
f 1153 1157 1154
f 1153 1183 1157
f 1157 1184 1158
f 1155 1157 1158
f 1158 1159 1156
f 1158 1185 1159
f 3029 1175 3630
f 1162 3031 3066
f 3030 1172 3040
f 3032 1173 1176
f 3828 1177 3042
f 1146 1180 1181
f 1152 1181 1182
f 1148 1179 1178
f 1149 1150 1179
f 1178 1180 1145
f 1153 1182 1183
f 1157 1183 1184
f 1158 1184 1185
f 1185 1443 1159
f 1178 1356 1186
f 1179 1441 1356
f 1178 1179 1356
f 1180 1357 1181
f 1186 1357 1180
f 1178 1186 1180
f 1181 1358 1182
f 1181 1357 1358
f 1182 1358 1187
f 1182 1187 1183
f 1183 1187 1359
f 1183 1359 1184
f 1184 1188 1185
f 1184 1359 1188
f 1185 1361 1443
f 1185 1188 1361
f 1198 1197 1191
f 3015 3014 1196
f 1196 1192 1200
f 1190 1197 1192
f 1136 1196 1209
f 1195 3045 3044
f 1196 1200 1209
f 1211 1209 1200
f 1203 3048 3821
f 1205 1615 1616
f 1136 1209 1150
f 1159 1293 1156
f 1209 1211 1210
f 1210 1211 1438
f 1214 3051 3046
f 1440 3107 3051
f 1150 1209 1441
f 1441 1209 1210
f 1293 1159 1215
f 1159 1443 1215
f 1293 1215 1297
f 1215 1218 1297
f 1443 1217 1215
f 1215 1217 1218
f 3035 1228 3052
f 1142 3796 1228
f 1240 1227 1226
f 1227 3583 3691
f 1177 3054 3055
f 1223 1281 1272
f 1272 1281 1488
f 3796 1294 3583
f 3796 1293 1294
f 1292 1298 3726
f 1293 1297 1294
f 1300 1302 1306
f 1300 1306 1304
f 3692 3058 1296
f 1296 3058 3062
f 3058 3059 3061
f 1304 1306 1747
f 1304 1747 1745
f 1327 3061 3064
f 3063 3764 1326
f 3062 1327 3065
f 3064 1791 3118
f 1366 1375 1348
f 3693 1351 3082
f 1351 3040 3070
f 1349 3041 3073
f 3069 1353 3084
f 1352 3068 3083
f 1186 1356 1411
f 1356 1412 1411
f 1186 1411 1410
f 1357 1362 1358
f 1186 1410 1357
f 1358 1363 1187
f 1410 1362 1357
f 1358 1362 1363
f 1187 1363 1360
f 1187 1360 1359
f 1359 1364 1188
f 1360 1364 1359
f 1188 1417 1361
f 1188 1364 1417
f 1408 1360 1363
f 1408 1415 1360
f 1362 1407 1363
f 1410 1407 1362
f 1408 1363 1407
f 1415 1364 1360
f 1361 1418 1444
f 1364 1416 1417
f 1361 1417 1418
f 1418 1447 1444
f 1371 3077 3074
f 1388 1395 3723
f 1389 1395 1392
f 3082 1398 3088
f 1399 3083 3085
f 3073 1396 3092
f 1402 3084 3095
f 1398 1399 3090
f 1371 3087 3098
f 3086 3093 3097
f 1405 3096 3101
f 1404 3094 3103
f 1408 1409 1421
f 1408 1421 1415
f 1410 3866 1407
f 1408 1407 1409
f 1413 1411 1425
f 1412 1414 1425
f 1410 1411 1413
f 1411 1412 1425
f 1364 1415 1416
f 1415 1426 3765
f 1417 1419 1418
f 1418 1431 1447
f 1416 1419 1417
f 1418 1419 1431
f 1419 1428 1431
f 1447 1431 1433
f 1420 1426 1421
f 1423 1424 3866
f 1415 1421 1426
f 1422 3079 3100
f 3091 1406 1420
f 1422 1425 1414
f 1422 1414 1393
f 1428 1427 1429
f 1406 3097 3765
f 1429 3103 3104
f 1431 1432 1433
f 1428 3104 1431
f 1432 1434 1433
f 3104 1430 1432
f 1433 1434 3105
f 1210 1438 1439
f 1439 1453 1210
f 1440 3050 3106
f 1467 3106 3694
f 1356 1441 1412
f 1441 1210 1412
f 1412 1210 1453
f 1443 1444 1217
f 1361 1444 1443
f 1217 1445 1218
f 1444 1447 1217
f 1445 1217 1474
f 1414 1453 1394
f 1394 1439 1457
f 1453 1439 1394
f 1454 3108 3109
f 1395 3081 1392
f 1394 1457 3081
f 1460 1461 1463
f 1467 3111 3107
f 1468 1465 1469
f 1468 1469 1472
f 1472 1469 1471
f 1472 1471 1902
f 1412 1453 1414
f 1447 1474 1217
f 1447 1433 1474
f 1445 1474 1576
f 1433 1575 1474
f 1272 1488 1520
f 1520 1511 3116
f 1511 1523 3117
f 1434 3830 3105
f 3119 1588 3124
f 1588 3118 3123
f 1474 1575 1576
f 3584 1575 3120
f 3117 1523 3120
f 1581 3122 1592
f 1589 3123 1593
f 1596 1594 1591
f 1596 2065 1594
f 1615 3667 1616
f 3133 1618 3634
f 1624 3134 3135
f 3130 1614 3136
f 3138 1626 1629
f 1631 1627 3138
f 1626 3140 1630
f 1633 1679 1634
f 3139 3142 1643
f 1644 1635 1632
f 1634 1644 1632
f 1634 1696 1644
f 1644 1696 1654
f 1639 1653 1700
f 1639 1655 1653
f 1640 3193 3136
f 1879 3135 3141
f 1644 1646 1635
f 1635 1646 1884
f 1646 1885 1884
f 1644 1654 1646
f 1646 1654 1893
f 1646 1893 1885
f 1654 1943 1893
f 1700 1653 1894
f 1661 3140 1660
f 3140 3143 1633
f 1661 1660 1673
f 1634 1679 1696
f 1661 1663 3143
f 1664 3146 3148
f 1664 3147 3145
f 1679 1680 3668
f 3144 3151 1680
f 1680 3151 1683
f 3669 1684 1683
f 3152 3159 1681
f 1681 1685 1684
f 1681 1682 1685
f 1682 1692 1685
f 1682 1687 1692
f 1694 1683 1695
f 1683 1684 1695
f 1695 1684 1699
f 1699 1684 1685
f 1698 1699 1685
f 1698 1692 1703
f 1698 1685 1692
f 1806 1686 3154
f 1806 1639 1686
f 1689 1701 1691
f 1689 3155 1701
f 1687 1688 1693
f 1687 1693 1692
f 1688 1690 1691
f 1688 1691 1693
f 3156 1709 3167
f 1702 1704 1691
f 1704 1693 1691
f 1703 1693 1704
f 1703 1692 1693
f 1701 1702 1691
f 1696 3668 1730
f 1694 1695 1697
f 1694 1697 1730
f 1695 1699 1697
f 1730 1697 1941
f 1697 1699 1731
f 1699 1698 1732
f 1639 1700 1686
f 1702 1735 1704
f 1701 1686 1700
f 1733 1703 1734
f 1705 3157 3161
f 1706 3162 3153
f 3160 3163 3831
f 1712 3166 3164
f 1712 3165 3173
f 1713 3161 3171
f 1715 3163 3176
f 1743 3177 3173
f 3170 1742 3178
f 1727 1720 1721
f 3149 3148 3175
f 3148 1720 1727
f 1729 3175 3205
f 1654 1696 1730
f 1697 1731 1941
f 1699 1732 1731
f 1702 1736 1735
f 1704 1735 1734
f 1700 1736 1702
f 1703 1704 1734
f 1654 1730 1943
f 1730 1941 1943
f 1941 1731 1948
f 1731 1942 1948
f 1731 1732 1942
f 1732 1733 1944
f 1732 1944 1942
f 1733 1734 1945
f 1733 1945 1944
f 1734 1735 1737
f 1735 1946 1737
f 1734 1737 1945
f 1700 1894 1736
f 1894 1946 1736
f 1735 1736 1946
f 3172 1740 3209
f 3171 1729 3206
f 1739 3210 3176
f 1744 3177 3212
f 1957 3178 3213
f 1745 1747 1748
f 1753 3810 1748
f 1749 3180 3183
f 3180 1751 3182
f 1754 3182 3187
f 1752 1750 1756
f 1752 1756 3184
f 1758 3184 3185
f 1763 1757 1760
f 3418 1763 1760
f 1764 1806 3186
f 1639 1806 1767
f 1806 1764 1767
f 1639 1767 1655
f 3183 1790 3241
f 3189 2042 2044
f 3190 1822 1807
f 3192 1741 3251
f 1859 3845 1853
f 1877 3193 3194
f 1886 3141 3195
f 1909 3195 1914
f 1879 1882 1645
f 1879 1886 1882
f 1885 1887 1884
f 1885 1913 1887
f 1911 1882 1909
f 1885 1893 1898
f 1885 1898 1913
f 1896 1653 1655
f 1653 1896 1895
f 1894 1897 1946
f 1894 1653 1895
f 1894 1895 1897
f 1913 1898 2007
f 1895 1896 2072
f 1878 3196 3194
f 1902 1471 3671
f 1902 3581 1903
f 1900 3198 3196
f 3114 1902 3197
f 3202 3199 1907
f 1913 1912 1887
f 1906 1916 3203
f 3200 3203 3202
f 3894 1916 1918
f 3885 1916 3894
f 1913 2007 3724
f 1917 3865 1919
f 1921 3204 3724
f 3204 1921 1984
f 1895 2075 2004
f 1895 2072 2075
f 1895 2004 1897
f 3217 1721 1970
f 1727 1721 3217
f 1989 3205 3223
f 1943 1941 1950
f 1948 1942 2000
f 1942 1944 1951
f 1941 1948 1950
f 1942 1951 2000
f 1893 1943 1949
f 1893 1949 1898
f 1943 1950 1949
f 1737 1947 1953
f 1944 1945 1952
f 1945 1737 1953
f 1944 1952 1951
f 1945 1953 1952
f 1737 1946 1947
f 1897 1947 1946
f 1950 1948 2001
f 1898 1949 1998
f 1949 1950 1999
f 1948 2000 2001
f 2000 1951 2006
f 1951 1952 2005
f 2005 1953 2002
f 1953 1947 2003
f 1951 2005 2006
f 1953 2003 2002
f 1952 1953 2005
f 1897 2003 1947
f 3208 1959 3226
f 3209 1955 3214
f 3206 1989 3207
f 1960 3216 3211
f 2027 3210 3788
f 2030 3212 3228
f 1960 3213 3215
f 1971 3218 1970
f 1921 2007 1985
f 1971 1981 3220
f 1987 3221 3223
f 1898 1998 2007
f 1949 1999 1998
f 1950 2001 1999
f 2007 1998 2011
f 1998 1999 3797
f 2001 2000 2009
f 2000 2006 2009
f 1999 2001 3672
f 2009 2006 2020
f 2017 1897 2004
f 2003 1897 2017
f 2017 2004 2016
f 2006 2005 2021
f 2002 2019 2023
f 1998 3797 2011
f 2007 2011 1985
f 2011 3797 2012
f 2001 2009 2008
f 2009 2020 2010
f 1985 2011 3222
f 2011 2012 2013
f 2014 2010 2015
f 2010 2020 3588
f 2012 3672 3230
f 2075 2016 2004
f 2017 2018 2019
f 2017 2016 2018
f 2006 2021 2020
f 2021 2023 3725
f 3588 2022 2036
f 2023 2019 2024
f 2029 3214 3233
f 3226 2031 2033
f 2028 3216 3227
f 3207 1990 3229
f 2013 3224 3229
f 3224 3230 3231
f 2031 3231 2033
f 2026 3234 3788
f 2032 2034 3234
f 2038 3233 3232
f 3236 2024 3235
f 2037 3236 3237
f 3228 2038 3238
f 3215 3238 3237
f 2039 3241 3242
f 3240 2044 3243
f 2044 2042 2043
f 2044 2043 3247
f 2059 3242 3244
f 2067 3243 2070
f 2060 3590 2065
f 3128 3244 3245
f 2070 3246 3636
f 3246 3247 3248
f 2075 2072 2074
f 2074 2077 3250
f 2151 3253 2101
f 2151 3592 3252
f 3254 3225 3255
f 2129 2138 2135
f 2129 3253 3254
f 2151 3252 3256
f 1221 3261 3258
f 3259 1216 3260
f 1647 3261 3334
f 3699 3265 3267
f 3270 1222 3279
f 3637 3263 3271
f 1271 3266 3305
f 3268 3275 3277
f 1226 3691 3313
f 3274 3280 3276
f 3277 3278 1230
f 1230 1295 1245
f 1235 1232 3279
f 1232 1235 1236
f 1222 1231 1235
f 1230 1231 3277
f 1231 1243 1235
f 3813 3271 1233
f 1232 1236 1233
f 1233 1237 1234
f 1234 1237 1238
f 1235 1244 1236
f 1244 3886 1236
f 1235 1243 1244
f 1237 1242 1239
f 1237 1233 1242
f 1238 1237 1239
f 1230 1243 1231
f 1230 1245 1243
f 1242 1280 1239
f 1243 1278 1244
f 1244 1278 1277
f 1243 1245 1278
f 1278 1245 1557
f 1247 3281 3290
f 1246 3283 1247
f 1248 3286 3285
f 3281 3285 3282
f 1249 3287 3291
f 1251 3282 3307
f 1283 3289 3308
f 1234 1254 3284
f 3294 3292 1255
f 1234 1238 1254
f 1238 1263 1254
f 1254 1263 1255
f 1255 1263 1265
f 3287 3293 3289
f 1255 1257 3294
f 1256 3295 3293
f 1255 1265 1257
f 1257 1265 3822
f 1238 1239 1263
f 1257 1258 3295
f 3295 1258 1266
f 1266 1307 3296
f 1259 3297 1260
f 1260 3298 3302
f 1261 3299 3300
f 3298 3300 3301
f 1263 1264 1265
f 1239 1264 1263
f 1239 1276 1264
f 1264 1287 1288
f 1265 1288 3822
f 3822 1289 1267
f 3301 1262 3311
f 1274 3304 3339
f 1274 1478 1281
f 1273 3303 3342
f 1270 1281 1241
f 1270 1274 1281
f 1239 1280 1276
f 3886 1277 1279
f 1478 1488 1281
f 1277 1481 1279
f 1277 1482 1481
f 1278 1557 1482
f 1277 1278 1482
f 1279 1483 1484
f 1279 1481 1483
f 1280 1279 1484
f 1280 1484 1276
f 1276 1484 1282
f 3290 1285 3309
f 3291 1283 3310
f 1285 3307 3344
f 1493 3308 3345
f 1264 1276 1287
f 1265 1264 1288
f 3822 1288 1289
f 1289 1561 1267
f 1276 1282 1287
f 1287 1496 1288
f 1282 1496 1287
f 1288 1290 1289
f 1288 1496 1290
f 1289 1290 1497
f 1289 1497 1561
f 1245 1295 1324
f 1291 3315 3593
f 1295 1325 1324
f 1295 1298 1325
f 1206 3317 1216
f 1301 1306 1302
f 1302 1299 1301
f 1301 1305 1306
f 1303 3322 3320
f 1305 1747 1306
f 1305 1746 1747
f 1307 1312 1313
f 1261 1307 3299
f 1307 1313 3299
f 1262 3324 3312
f 1309 3846 1317
f 1309 3326 3327
f 3324 3327 3328
f 3299 1313 3325
f 1313 1316 3325
f 3846 1316 1320
f 1266 1312 1307
f 1266 1267 3823
f 1312 1315 1313
f 1312 1328 1315
f 1313 1315 1316
f 3328 1311 3332
f 1315 1329 1316
f 1317 1319 3329
f 1317 1318 1319
f 1318 1322 1319
f 1319 1322 1769
f 1319 1769 3701
f 1322 1772 1769
f 1316 1330 1320
f 1320 1323 1318
f 1320 1334 1323
f 1322 1323 1778
f 1323 1335 1778
f 1322 1778 1772
f 1245 1324 1557
f 1324 1558 1557
f 1324 1325 1326
f 1324 1326 1558
f 1267 1561 3823
f 1315 1328 1329
f 1500 3312 3350
f 1316 1329 1330
f 1328 1561 1332
f 1328 1332 1329
f 1329 1332 1564
f 1329 1564 1330
f 1330 1564 1333
f 1566 3332 3387
f 1320 1330 1334
f 1323 1334 1335
f 3331 1570 3388
f 1335 1795 1778
f 1330 1333 1334
f 1333 1336 1334
f 1334 1336 1335
f 1335 1336 1572
f 1335 1572 1795
f 1448 3260 3335
f 1450 3335 3337
f 1891 3334 3336
f 3339 1502 3352
f 3340 1479 3353
f 1479 3306 3343
f 1478 3362 1488
f 1480 3341 3354
f 1502 3342 3355
f 1481 1489 1483
f 1481 1482 1485
f 1482 1519 1485
f 1481 1485 1489
f 1483 1490 1484
f 1484 1486 1282
f 1484 1490 1486
f 1483 1489 1490
f 1282 1486 1487
f 1514 1487 1486
f 1514 1515 1487
f 1489 1517 1490
f 1489 1485 1518
f 1490 1513 1486
f 1489 1518 1517
f 1485 1519 1518
f 1490 1517 1513
f 1514 1486 1513
f 1491 3309 3346
f 1492 3310 3347
f 1495 3344 3370
f 1534 3345 3371
f 1282 1487 1496
f 1496 1501 1290
f 1487 1501 1496
f 1290 1541 1497
f 1290 1501 1541
f 3348 1499 3351
f 1515 1501 1487
f 1497 1542 1562
f 1501 1540 1541
f 1497 1541 1542
f 1542 1568 1562
f 1544 3349 3377
f 3352 1504 3356
f 3353 1505 3358
f 1506 3354 3357
f 1504 3355 3857
f 3359 3360 3675
f 1513 1516 1514
f 1514 1529 1515
f 1513 1517 1516
f 1514 1516 1529
f 1516 1528 3675
f 1516 1517 1528
f 1512 1518 1519
f 1517 1518 1525
f 1512 1532 1518
f 1512 1522 3847
f 3744 3364 3363
f 1512 1577 1522
f 1511 3364 1523
f 1522 1521 3847
f 1522 1524 1521
f 1526 1530 1529
f 1526 1527 1530
f 1515 1529 1530
f 1531 3367 3369
f 3359 3675 3368
f 1532 3847 3369
f 3361 1510 1526
f 3347 1534 3373
f 1501 1515 1540
f 1515 1530 1540
f 1540 1546 1543
f 1541 1543 1542
f 1542 1550 1568
f 1540 1543 1541
f 1543 1547 1550
f 1542 1543 1550
f 1535 3351 1554
f 3385 3377 3386
f 1527 1546 1530
f 1530 1546 1540
f 1543 1546 1547
f 1527 1548 1546
f 1546 1548 1547
f 1547 1548 1549
f 1510 3378 1527
f 1548 3378 3379
f 1547 1549 1551
f 3375 3376 3381
f 1549 3381 1551
f 1551 3381 3382
f 1550 1551 1552
f 1547 1551 1550
f 1550 1552 1568
f 3381 3640 3382
f 1552 1553 3384
f 1554 3385 3383
f 1553 3383 3384
f 1482 1557 1519
f 1558 1519 1557
f 1558 1573 1519
f 1558 1326 1574
f 1558 1574 1573
f 1561 1562 1332
f 1497 1562 1561
f 1332 1562 1563
f 1332 1563 1564
f 1564 1565 1333
f 1563 1565 1564
f 1565 1569 1333
f 1563 1562 1597
f 1563 1598 1565
f 1565 1598 1569
f 3641 3387 3397
f 1333 1569 1336
f 3388 1571 3390
f 1569 1607 1336
f 1336 1607 1572
f 1572 2048 1795
f 1569 1600 1607
f 1572 1609 2048
f 1608 3389 3873
f 1607 3867 1572
f 1512 1573 1577
f 1512 1519 1573
f 1573 1574 1577
f 1475 3391 3392
f 1522 1577 1524
f 1577 1578 1524
f 3364 3366 1523
f 1579 1582 1580
f 1582 1584 1580
f 1524 1578 3366
f 1582 1578 1581
f 1582 1581 1584
f 1590 1585 1587
f 1476 3337 3394
f 1590 1587 1591
f 1586 3395 3394
f 1595 1591 1594
f 1595 1594 2062
f 1598 1601 1603
f 1569 1598 1600
f 1598 1603 1600
f 1600 3798 3727
f 3398 3397 3401
f 1598 1563 1601
f 1602 3384 1604
f 3384 1556 1604
f 1555 3398 3596
f 1603 1604 3798
f 1600 1603 3798
f 3727 3798 3399
f 1599 3390 3403
f 1600 1610 1607
f 1609 2082 2048
f 1610 1612 1613
f 1609 3867 1613
f 1612 3400 3405
f 1606 3404 3406
f 3400 3406 3405
f 1613 3405 3728
f 1613 3728 2082
f 3409 1638 3411
f 3412 1648 3413
f 1649 3411 3473
f 3321 3415 1746
f 3322 3409 3414
f 1746 1748 1747
f 3415 1753 1748
f 1637 1755 3416
f 1761 1760 1757
f 1761 1764 1760
f 3418 1760 1762
f 3418 1765 1763
f 1765 1808 1766
f 1766 1768 1765
f 1766 1792 1768
f 1766 1821 1792
f 1792 1821 1793
f 1769 1772 1770
f 1769 1770 3420
f 1770 1772 1773
f 1770 1775 1771
f 1770 1773 1775
f 1773 1776 1775
f 1773 1777 1779
f 1773 1779 1776
f 1776 1779 1784
f 1780 3422 3789
f 1772 1778 1777
f 1773 1772 1777
f 1779 1797 1803
f 1777 1797 1779
f 1777 1796 1797
f 1776 1783 3423
f 1776 1784 1783
f 1783 1784 1786
f 1784 1803 1788
f 1784 1788 1786
f 1785 3424 3427
f 3424 1781 3426
f 1789 3426 3428
f 1787 1802 1843
f 1787 1788 1802
f 1802 1788 1800
f 1779 1803 1784
f 1792 2041 1768
f 2041 2042 1768
f 1792 1793 2041
f 2041 1793 2046
f 1793 2102 2046
f 1778 1795 1796
f 1777 1778 1796
f 1797 1804 1803
f 3793 3791 3643
f 1796 1795 2047
f 1796 2047 1798
f 1797 1796 1798
f 1797 1798 1804
f 1802 1801 1843
f 1800 1803 1804
f 1788 1803 1800
f 3427 2056 3483
f 1800 2051 1805
f 1800 1804 2051
f 1802 1800 1805
f 1801 1805 2052
f 1802 1805 1801
f 3417 1807 3430
f 3417 3429 1808
f 1766 1808 1810
f 3430 1807 1822
f 1766 1810 1821
f 1811 3431 1809
f 1811 1812 3432
f 1810 1813 1824
f 1810 1824 1821
f 1813 1825 1824
f 1809 1814 1813
f 1817 1815 3767
f 1817 3767 1818
f 3767 3439 1818
f 1813 1817 1825
f 1817 1818 3848
f 1829 1828 1819
f 1832 1829 3768
f 1829 1819 3768
f 1821 1824 1826
f 1826 1825 1827
f 1821 1826 1793
f 1793 1826 2102
f 1824 1825 1826
f 1825 3848 1827
f 1826 1827 1854
f 1827 1830 1855
f 1827 3848 1830
f 1828 1829 1831
f 1828 1831 1830
f 1829 1832 1831
f 1830 1831 1856
f 1831 1832 1857
f 3437 3443 3438
f 1835 3447 3443
f 1834 3442 3448
f 1816 1838 1820
f 1838 1842 1846
f 1837 1839 3452
f 3454 1850 3465
f 1832 1820 1846
f 1841 3457 3460
f 3456 1840 3458
f 3456 3458 3459
f 1848 3459 3469
f 1842 1844 1846
f 1844 1839 1845
f 1844 1845 1866
f 1844 1865 1847
f 1801 1845 1843
f 1832 1846 1847
f 1844 1847 1846
f 1857 1847 1864
f 1849 3464 3461
f 1851 3465 1869
f 3644 1851 3466
f 1849 3463 3468
f 1826 1854 2102
f 1827 1855 1854
f 1830 1856 1855
f 1831 1857 1856
f 2102 1854 2106
f 1854 2103 2106
f 1854 1855 2103
f 1855 1856 2104
f 1855 2104 2103
f 1856 1857 2105
f 1856 2105 2104
f 3434 1853 1860
f 3448 1863 3504
f 1861 3502 3435
f 3447 1862 3503
f 1847 1865 1864
f 1844 1866 1865
f 1801 1866 1845
f 1832 1847 1857
f 3469 1875 3511
f 1865 1866 2116
f 1857 1864 2115
f 1857 2115 2105
f 1864 1867 2115
f 1864 1865 1867
f 1865 2116 1867
f 1801 2052 1866
f 2052 2116 1866
f 2056 3428 3484
f 3466 1869 1870
f 1870 3470 3515
f 3748 2124 3516
f 3473 1891 3474
f 3677 3413 3475
f 1926 3475 3476
f 1655 3677 1896
f 2072 1896 1926
f 3474 1924 3477
f 2041 2071 2042
f 2041 2046 2071
f 2071 2043 2042
f 2071 2045 2043
f 2071 2046 2128
f 1795 2048 2047
f 2049 3480 3481
f 1798 2055 1804
f 1798 2047 2081
f 1798 2081 2055
f 2050 3643 3482
f 2047 2079 2081
f 2047 2048 2079
f 2048 2082 2079
f 2051 2053 1805
f 2052 2054 2116
f 1805 2053 2052
f 2052 2053 2054
f 2051 1804 2055
f 2051 2092 2053
f 2053 2090 2054
f 2092 2090 2053
f 2054 2090 2057
f 2092 2055 3771
f 2051 2055 2092
f 2062 1594 3590
f 2062 3590 2064
f 2062 2064 3485
f 2064 3590 3591
f 2064 2068 3487
f 2069 3486 1927
f 2071 2139 2045
f 2071 2128 2139
f 3486 3489 3488
f 3489 2073 2077
f 2139 2076 2045
f 2139 3490 2076
f 2080 3481 3491
f 2055 2081 3770
f 2089 3482 3495
f 2079 2088 2081
f 2079 2083 2088
f 2079 2082 2083
f 2082 2085 2083
f 2083 2085 2086
f 2084 3492 3493
f 3408 3493 3646
f 2083 2086 2088
f 2086 2087 3494
f 2090 2092 2093
f 2090 2091 2057
f 2090 2093 2091
f 2091 2161 2057
f 2092 3771 2093
f 2094 2093 2098
f 2091 2093 2094
f 2088 3824 3770
f 3824 2096 3771
f 3824 3494 3498
f 2095 3497 3499
f 2097 2100 2096
f 2098 2096 2100
f 2109 1853 2101
f 2046 2102 2130
f 2102 2106 2130
f 2106 2103 2132
f 2103 2104 2107
f 2104 2105 2108
f 2103 2107 2132
f 2104 2108 2107
f 2130 2106 2131
f 2132 2107 2134
f 2046 2130 2128
f 2106 2132 2131
f 2107 2108 2133
f 2107 2133 2134
f 1860 1853 2109
f 2109 2101 2111
f 3769 2109 3506
f 2110 3507 3502
f 2114 3509 3505
f 2113 3503 3598
f 1867 2116 2120
f 1867 2120 2119
f 2105 2115 2118
f 2115 1867 2119
f 2115 2119 2118
f 2105 2118 2108
f 2054 2120 2116
f 2122 3511 3513
f 2119 2120 2159
f 2108 2118 2163
f 2118 2119 2158
f 2054 2057 2120
f 2108 2163 2133
f 2118 2158 2163
f 2119 2159 2158
f 2057 2159 2120
f 3515 2181 3541
f 2126 3472 3517
f 2182 3514 3543
f 2139 2128 2136
f 2128 2130 2141
f 2130 2131 2141
f 2141 2131 3772
f 2131 2132 2142
f 2134 2133 2143
f 2132 2134 2142
f 2142 2134 2144
f 2129 2135 3519
f 2136 2146 2140
f 2128 2141 2136
f 2136 2141 2146
f 2131 2142 2147
f 2134 2143 2144
f 2144 2143 3868
f 2142 2144 2149
f 2140 2146 3521
f 2146 3772 2148
f 2149 2144 2150
f 2149 2150 3528
f 2150 3868 3529
f 3506 2111 3523
f 3530 3508 3531
f 3520 3849 3523
f 3507 2152 3524
f 2148 2155 3524
f 2153 3527 3598
f 3527 2156 3531
f 2158 2160 2163
f 2057 2161 2159
f 2158 2159 2162
f 2158 2162 2160
f 2159 2161 2162
f 2161 2167 2168
f 2170 2162 2168
f 2133 2163 2164
f 2133 2164 2143
f 2160 2164 2163
f 2143 2164 2171
f 2160 2170 2171
f 3534 3513 3539
f 2160 2162 2170
f 2091 2167 2161
f 2162 2161 2168
f 2094 2177 2091
f 2167 2177 2169
f 2169 2177 3537
f 2168 2169 2174
f 2167 2169 2168
f 2164 2160 2171
f 2143 2171 2145
f 2170 2172 2171
f 2171 2172 2173
f 2168 2174 2170
f 2170 2174 2172
f 2172 2174 2185
f 2176 3534 3535
f 3516 2182 3542
f 3517 2179 3540
f 3541 2183 3547
f 2183 3546 2186
f 2184 2186 3546
f 2175 3547 2185
f 3543 2180 3548
f 2 2193 3678
f 2 3600 2189
f 2 2189 2191
f 2192 2191 2189
f 2193 2191 2207
f 2192 7 2191
f 1 2193 2194
f 2189 2198 3599
f 2 2197 3600
f 3599 2229 3648
f 2199 2200 2201
f 2200 2199 2196
f 2201 2200 2204
f 2196 2195 3850
f 2200 2196 51
f 2204 2200 12
f 4 9 2201
f 2199 2201 9
f 2202 2201 2204
f 2201 2202 4
f 4 79 9
f 2203 4 2202
f 76 2202 3649
f 12 2208 3649
f 2199 2205 2196
f 9 2205 2199
f 2205 9 2206
f 2207 7 6
f 2194 25 2213
f 2231 12 2200
f 2208 12 54
f 20 2210 19
f 22 2218 2209
f 60 2210 20
f 2209 2211 22
f 1 19 3888
f 1 2213 19
f 2209 20 3549
f 2213 1 2194
f 3549 2213 2214
f 3549 2214 2212
f 2212 2214 2220
f 2215 2209 2212
f 2215 2212 2220
f 2215 21 2211
f 23 2211 21
f 21 2216 2219
f 24 2219 2216
f 2216 2217 24
f 20 2218 60
f 2211 23 2232
f 63 2218 22
f 64 2232 23
f 2217 47 2233
f 2227 61 47
f 65 3679 24
f 61 2233 47
f 2213 25 3860
f 2215 2220 2221
f 2220 27 2221
f 21 2221 2216
f 2221 21 2215
f 2216 2221 26
f 2223 26 28
f 2222 32 2217
f 2222 2216 26
f 32 2222 2223
f 48 2224 36
f 47 2217 32
f 32 2224 47
f 2225 2223 35
f 36 32 2225
f 2225 37 2226
f 2226 95 94
f 2224 48 49
f 49 2227 2224
f 2227 49 75
f 51 2228 53
f 236 2228 3648
f 2228 236 2267
f 3648 2229 236
f 52 2269 2229
f 12 2231 54
f 2231 51 53
f 2272 55 2208
f 2273 54 2231
f 2235 60 2218
f 22 2232 63
f 23 2219 3679
f 24 2233 65
f 247 2234 60
f 3 2234 3889
f 2278 238 2234
f 60 2235 247
f 2232 64 2276
f 247 2278 2234
f 251 2277 65
f 2233 61 2279
f 66 2279 61
f 65 2279 251
f 2237 2241 2242
f 2203 2202 76
f 4 2236 79
f 2240 2236 2203
f 5 2241 76
f 2237 76 2241
f 76 2238 2203
f 76 2237 2238
f 2240 2239 78
f 2242 2241 80
f 2248 2243 2247
f 2242 2247 2243
f 2247 2242 77
f 2238 2239 2240
f 2238 2243 2239
f 3794 2239 2243
f 3794 2243 2248
f 2245 2242 80
f 5 2244 2241
f 2245 80 110
f 77 2245 111
f 2247 2246 2248
f 2247 2249 2246
f 2249 2247 77
f 88 2248 2246
f 87 2248 88
f 2246 2249 2251
f 87 3794 2248
f 2251 2249 117
f 2246 2250 88
f 517 88 2250
f 2250 2246 2251
f 88 517 89
f 520 89 517
f 2252 2251 117
f 2249 77 111
f 2260 117 2249
f 101 3680 2253
f 2253 103 96
f 101 105 3680
f 103 2254 227
f 105 3801 3680
f 2255 2257 2258
f 3773 2255 2256
f 2257 109 539
f 3750 2258 3774
f 80 2244 110
f 2259 111 2245
f 110 3650 317
f 2259 110 317
f 111 2259 116
f 2261 2252 117
f 2261 3601 2252
f 2260 111 116
f 2323 322 2260
f 117 2260 322
f 2261 117 322
f 2324 771 2261
f 3601 2261 771
f 229 2263 2256
f 2258 3750 2262
f 2256 2262 229
f 676 2262 3750
f 2262 676 2265
f 2264 227 2254
f 227 2264 228
f 2254 2263 2264
f 2266 2264 2263
f 480 2266 229
f 679 2265 676
f 229 2265 480
f 2341 480 2265
f 2264 2266 472
f 2266 480 2342
f 932 2341 679
f 261 2267 236
f 53 2267 259
f 237 2268 235
f 235 2230 237
f 52 2268 239
f 236 2269 261
f 2269 52 239
f 2268 237 2271
f 238 2270 3889
f 2267 261 3651
f 239 2284 2269
f 240 2271 237
f 260 2270 238
f 2284 239 262
f 237 2270 240
f 2270 260 2286
f 54 2273 3749
f 2272 54 3749
f 2273 53 259
f 2294 3749 264
f 2294 244 2272
f 55 2272 244
f 2274 3650 244
f 259 2293 2273
f 2235 63 248
f 248 2280 2235
f 63 2276 248
f 2276 64 249
f 247 2280 2278
f 2276 249 2281
f 2277 251 2282
f 2279 66 2283
f 306 2283 66
f 282 2303 2278
f 284 2280 248
f 238 2303 260
f 2278 2280 282
f 2280 284 283
f 248 2281 284
f 285 2281 249
f 287 2282 251
f 259 3651 2287
f 239 2271 262
f 2285 261 263
f 3707 2286 260
f 3707 3602 2286
f 261 2284 263
f 263 262 2288
f 2285 263 277
f 2288 277 263
f 262 2289 2288
f 2289 240 3705
f 2289 3705 2290
f 3705 3602 2301
f 2288 2290 2298
f 2301 2290 3705
f 2291 2298 2290
f 2291 2290 2301
f 2292 2301 3602
f 2293 259 2287
f 244 2294 2275
f 2297 265 2294
f 2275 2294 265
f 264 2293 2295
f 2295 2297 264
f 2297 2295 272
f 2295 2287 2296
f 2296 272 2295
f 265 2297 272
f 272 342 265
f 272 2296 2302
f 342 272 274
f 2287 2299 2296
f 2296 2299 2302
f 2300 2302 2299
f 2291 278 2298
f 278 2300 277
f 275 2291 2301
f 275 2301 2292
f 295 275 2292
f 2300 281 2302
f 273 2302 281
f 249 2282 285
f 2281 285 2310
f 2303 282 2304
f 251 2283 287
f 2282 287 2306
f 2305 283 284
f 260 2303 3707
f 284 2310 2305
f 2307 2304 283
f 2305 2307 283
f 2313 2310 285
f 285 2306 2313
f 2311 2313 2306
f 2304 2307 2308
f 2309 2308 2307
f 2307 2305 2309
f 3602 2308 2292
f 286 2292 2308
f 2315 2309 2305
f 286 2309 296
f 2309 286 2308
f 296 2309 2315
f 2310 2313 2312
f 302 2312 2313
f 2305 2312 2315
f 302 2315 2312
f 2316 2313 2311
f 2313 2316 302
f 2311 2306 287
f 287 2318 2311
f 258 294 2314
f 3603 2314 294
f 301 2315 302
f 303 301 302
f 2316 305 303
f 305 2317 308
f 2314 2318 306
f 2311 2319 2316
f 2318 2314 2320
f 2314 3603 2320
f 2316 2319 2317
f 2320 2321 2319
f 2321 2317 2319
f 308 2317 2321
f 2320 309 2321
f 2320 3603 309
f 308 2321 309
f 357 308 309
f 317 2322 2259
f 2322 317 333
f 322 2323 346
f 2324 322 346
f 771 2324 776
f 116 335 2323
f 2329 2323 335
f 317 2274 333
f 265 2326 2275
f 116 2322 335
f 2325 335 2322
f 335 2325 338
f 333 2326 341
f 342 2326 265
f 274 340 342
f 341 2326 2327
f 342 2328 2327
f 2327 2328 344
f 340 2328 342
f 333 341 2325
f 341 344 3826
f 344 341 2327
f 338 341 3826
f 2329 335 338
f 346 2329 350
f 338 2331 2329
f 2330 346 350
f 2330 776 2324
f 2331 338 3826
f 3826 2333 2331
f 350 2331 352
f 352 2331 2332
f 353 2333 3826
f 2333 355 2335
f 2332 2333 2335
f 776 2330 803
f 350 352 2330
f 2334 352 2332
f 2334 2332 2335
f 803 352 2334
f 2335 2427 2334
f 2335 806 2427
f 359 2336 3604
f 364 3863 3604
f 2337 368 2338
f 2337 2339 369
f 2337 2338 2345
f 825 2339 829
f 370 829 2339
f 477 471 2340
f 477 2340 2336
f 472 2342 2340
f 493 2342 480
f 480 2341 493
f 960 2341 932
f 471 472 2340
f 2343 2340 2342
f 2341 960 2344
f 477 2336 359
f 2336 492 2338
f 2340 2343 492
f 494 2343 493
f 2343 494 2345
f 493 2344 494
f 2344 960 2346
f 492 2345 2338
f 370 2345 494
f 494 2346 370
f 829 370 2346
f 516 2347 2350
f 518 516 2353
f 2350 526 516
f 2353 516 526
f 2369 524 2349
f 2350 2349 524
f 526 2351 529
f 2351 2350 524
f 2351 524 557
f 518 2353 2352
f 2353 2355 2352
f 2355 2353 526
f 2352 2355 2359
f 3729 527 519
f 2356 3729 2352
f 2354 528 527
f 2355 526 529
f 2356 2352 2359
f 2357 2354 2356
f 2358 2354 2357
f 528 2354 2358
f 2358 571 2377
f 571 2358 2357
f 2358 534 528
f 534 2358 2377
f 2359 3775 3802
f 2360 2359 560
f 2359 2355 560
f 529 2371 2355
f 2371 529 558
f 3774 2361 3750
f 2362 3750 2361
f 649 2413 2362
f 540 3730 542
f 2361 3730 2362
f 2362 2364 649
f 2365 649 2364
f 2367 2364 2363
f 2365 2364 2367
f 2363 544 2366
f 546 2367 2366
f 2367 546 3681
f 2368 543 549
f 543 2368 547
f 2390 547 2368
f 524 2369 557
f 529 2351 558
f 2418 558 2351
f 3601 771 2369
f 2417 2369 771
f 560 2371 564
f 2422 564 2371
f 2370 560 564
f 2377 571 2372
f 3814 2373 2375
f 2375 2381 2374
f 2379 2374 3776
f 2381 2375 625
f 2377 574 575
f 573 577 574
f 578 573 2378
f 578 579 582
f 579 578 580
f 578 2382 580
f 2382 578 2378
f 588 2378 2379
f 579 2380 581
f 2384 595 581
f 595 2384 616
f 2375 2373 625
f 3682 2405 2373
f 2376 3776 629
f 2382 2378 588
f 580 2382 2383
f 2385 2383 2382
f 580 589 2380
f 2384 2380 589
f 589 580 2383
f 2387 616 2384
f 616 2387 2397
f 2383 591 589
f 2387 589 591
f 2385 588 630
f 588 572 630
f 2383 2385 632
f 2386 2383 632
f 2397 2387 590
f 2408 590 2387
f 2376 572 3776
f 2407 632 2385
f 2408 591 634
f 595 617 596
f 3753 2396 597
f 2399 3551 592
f 593 2399 592
f 2388 593 597
f 593 2388 2399
f 2388 2396 2389
f 2399 2388 594
f 2389 594 2388
f 2391 2368 598
f 2391 601 3605
f 2368 2391 2390
f 2390 2392 599
f 2391 3605 2392
f 600 547 2390
f 3605 2393 2392
f 599 2395 615
f 603 2395 2392
f 621 2393 3551
f 2394 2393 621
f 2392 2393 603
f 2394 603 2393
f 3753 617 2396
f 616 618 617
f 617 2398 2396
f 2398 617 618
f 618 616 2397
f 2397 620 618
f 2398 618 620
f 2401 2389 2398
f 3551 2399 621
f 621 2399 619
f 2400 2394 621
f 594 2389 3606
f 2399 594 619
f 2400 619 623
f 2389 2401 3606
f 2402 2397 590
f 2401 620 622
f 624 2403 3606
f 647 2404 2394
f 2394 2400 647
f 3606 2401 624
f 2411 624 2401
f 620 2402 622
f 2402 590 635
f 2411 622 643
f 645 2403 624
f 2412 623 644
f 603 2404 2395
f 2412 647 2400
f 2370 3682 2360
f 2406 629 2381
f 3682 2370 3777
f 625 2405 627
f 3778 627 2405
f 2406 625 627
f 629 2406 849
f 630 2376 631
f 2409 631 2376
f 2407 630 631
f 591 2386 634
f 2410 634 2386
f 590 2408 635
f 632 2407 633
f 2443 635 2408
f 2409 629 849
f 631 2409 850
f 2444 850 2409
f 631 2442 2407
f 2442 631 850
f 633 2442 851
f 2410 633 851
f 2443 634 852
f 634 2410 852
f 2446 852 2410
f 622 2402 643
f 2447 643 2402
f 624 2411 645
f 623 2403 644
f 2448 644 2403
f 2395 2404 646
f 2450 646 2404
f 2449 645 2411
f 2412 644 867
f 644 2448 867
f 646 2450 3556
f 865 2450 647
f 647 2412 865
f 2451 865 2412
f 680 2413 649
f 2415 676 2413
f 649 2414 680
f 3681 552 2416
f 676 2415 679
f 2481 680 2414
f 679 2415 932
f 933 2415 680
f 680 2481 933
f 2416 552 3708
f 557 2417 775
f 2417 771 776
f 2418 557 775
f 2420 781 2418
f 558 2418 781
f 776 2419 2417
f 2420 775 808
f 2422 558 781
f 564 2421 2370
f 564 2422 786
f 2421 564 786
f 2423 781 810
f 2423 786 2422
f 2424 786 818
f 775 2419 808
f 2419 776 803
f 781 2420 810
f 808 2428 2420
f 2425 808 2419
f 2425 803 2334
f 2334 2426 2425
f 2426 2334 2427
f 2429 2426 807
f 2427 807 2426
f 2425 2426 2429
f 2429 808 2425
f 810 2428 2430
f 2428 808 2429
f 817 2429 807
f 2428 2429 817
f 807 3861 817
f 786 2423 818
f 2423 810 2430
f 2430 818 2423
f 817 2430 2428
f 818 2430 820
f 820 2430 2431
f 809 2431 817
f 809 816 2431
f 870 2432 822
f 2432 818 820
f 2431 2433 820
f 821 820 2433
f 822 2432 821
f 2434 877 878
f 879 821 2434
f 2435 829 2483
f 2435 825 829
f 2435 2483 2436
f 3607 826 2435
f 826 3607 3554
f 2436 3607 2435
f 2438 2437 2439
f 2439 3555 2438
f 2439 944 843
f 837 838 844
f 3555 2439 838
f 844 2439 843
f 2439 844 838
f 842 841 2440
f 627 2441 2406
f 2424 870 3777
f 3777 2421 2424
f 2441 627 3683
f 627 3778 3683
f 849 2441 890
f 3683 2455 2441
f 635 2443 853
f 2445 851 2442
f 852 2446 891
f 2443 852 891
f 2459 853 2443
f 2444 849 890
f 850 2444 893
f 2445 850 893
f 2446 851 894
f 851 2445 894
f 2447 635 853
f 2449 643 863
f 2452 863 2447
f 643 2447 863
f 645 2449 864
f 864 2448 645
f 2454 867 2448
f 864 2449 926
f 926 2454 864
f 3556 2450 927
f 2450 865 868
f 865 2451 868
f 863 2473 2449
f 2451 867 928
f 2452 853 892
f 867 2454 928
f 2453 3779 2451
f 2432 870 2424
f 3652 870 822
f 822 879 3652
f 821 879 822
f 879 2434 878
f 3608 879 878
f 890 2455 880
f 2456 890 880
f 879 3608 2455
f 880 3608 886
f 886 3608 3795
f 2461 2457 887
f 3795 2457 886
f 2457 885 887
f 887 888 895
f 2456 880 886
f 887 895 2461
f 888 2462 895
f 889 2464 2462
f 2458 891 2446
f 853 2459 892
f 2459 891 896
f 891 2458 896
f 2456 893 2444
f 893 2456 2457
f 2460 893 2461
f 2460 894 2445
f 2458 894 3558
f 3558 2461 895
f 2463 895 2462
f 895 2463 3558
f 2462 2464 2465
f 2465 896 2463
f 896 3684 2459
f 896 2458 2463
f 921 905 3557
f 2469 905 921
f 929 910 2477
f 2466 906 912
f 2479 911 2466
f 910 2479 2477
f 913 2479 2466
f 2467 913 2466
f 2466 912 2467
f 2468 913 2467
f 842 2470 914
f 914 2470 923
f 912 914 923
f 2440 916 917
f 2469 921 924
f 921 3780 924
f 2471 924 3780
f 905 2469 915
f 915 2469 917
f 912 2472 2467
f 2467 2472 2468
f 923 2469 924
f 2469 923 2470
f 923 924 2472
f 892 930 2452
f 2454 926 2474
f 2473 863 930
f 2474 926 931
f 927 868 3780
f 3780 921 927
f 868 3779 3780
f 2453 928 2480
f 928 2474 2480
f 931 2480 2474
f 908 2475 2464
f 897 2475 2476
f 2476 2475 929
f 929 2477 2476
f 2478 3609 931
f 2471 2468 2472
f 2477 2479 3609
f 913 3609 2479
f 2480 3609 913
f 913 2468 2480
f 3609 2480 931
f 2480 2468 2453
f 930 892 897
f 926 2473 931
f 2478 931 2473
f 2478 930 2476
f 2472 924 2471
f 2415 933 932
f 932 2482 960
f 3559 933 2481
f 961 2482 933
f 933 3559 961
f 935 2437 2438
f 944 2437 939
f 2483 960 2482
f 3559 2438 2484
f 960 2483 2346
f 2436 2483 961
f 2483 829 2346
f 961 2484 2436
f 3555 2484 2438
f 2485 33 2521
f 2486 2521 33
f 2487 33 2489
f 2488 34 2486
f 2487 48 38
f 38 2486 2487
f 38 2491 3836
f 2489 49 2487
f 62 49 2489
f 48 2487 49
f 376 2490 181
f 2490 62 3685
f 62 2490 67
f 2490 376 2550
f 67 2550 250
f 62 75 49
f 2491 103 3836
f 103 2491 96
f 2492 100 2493
f 2493 100 97
f 100 2492 101
f 2492 2493 2496
f 2496 2493 2497
f 105 101 2492
f 2493 97 98
f 98 102 2494
f 2494 2497 2493
f 2492 2495 105
f 2495 2492 2496
f 2498 3754 108
f 2497 106 2496
f 108 2496 106
f 2495 107 105
f 3754 2498 2499
f 2498 108 2500
f 2499 539 109
f 2500 108 106
f 2498 2500 2623
f 2500 106 123
f 2623 2500 538
f 106 2501 123
f 2501 2497 120
f 2502 538 2500
f 2497 2494 120
f 2494 102 120
f 2503 102 122
f 102 2503 120
f 538 2502 565
f 2557 120 2503
f 123 2501 3731
f 332 2558 3731
f 565 2558 789
f 2557 2503 329
f 2504 124 2518
f 3686 3781 2505
f 3610 2507 2504
f 124 2507 2513
f 129 3781 2504
f 128 2508 2505
f 2485 2508 181
f 2505 3781 128
f 33 2485 3685
f 124 2510 2518
f 2509 3687 2512
f 131 2510 3687
f 2509 2511 132
f 133 2511 127
f 124 125 2510
f 125 124 2513
f 2513 2523 125
f 2512 125 2523
f 2515 2509 2512
f 127 2515 126
f 2517 3560 126
f 2515 2512 2514
f 2516 126 2515
f 127 126 3560
f 2515 127 2511
f 3561 2526 3560
f 180 2533 128
f 129 2504 3611
f 2533 181 2508
f 2518 2510 130
f 2510 131 2535
f 2520 2509 132
f 2511 133 2536
f 377 2536 133
f 34 2521 2486
f 34 2522 2521
f 2506 138 134
f 3610 3686 134
f 3610 135 2507
f 2507 135 136
f 138 2522 139
f 2513 136 140
f 2516 2514 141
f 126 2524 2517
f 2524 126 2516
f 2524 2516 144
f 2524 142 2517
f 2527 2517 142
f 3562 2525 3561
f 195 2526 3561
f 192 3732 2532
f 2527 3562 2517
f 164 2527 2529
f 164 2528 2525
f 172 2528 167
f 2529 2527 166
f 2529 167 164
f 164 167 2528
f 167 2529 2530
f 2529 3878 2530
f 2530 2531 167
f 2528 173 2532
f 173 2528 172
f 2532 173 202
f 128 2519 180
f 2568 180 2519
f 181 2533 376
f 133 2526 377
f 2570 377 2526
f 2569 376 2533
f 378 2535 131
f 2571 375 2535
f 379 2537 132
f 131 2537 378
f 132 2536 379
f 2572 379 2536
f 378 2571 2535
f 2534 130 375
f 3561 3732 195
f 395 2570 195
f 3732 192 2576
f 196 2576 192
f 195 2576 395
f 2530 205 2531
f 2530 209 205
f 2539 2540 207
f 2538 212 2773
f 2539 213 2540
f 3612 2540 213
f 207 2540 217
f 3612 217 2540
f 217 3612 231
f 2539 2541 213
f 2542 213 2541
f 2541 222 2543
f 220 2541 2543
f 222 225 2543
f 2542 2541 220
f 234 2547 2542
f 220 2544 2545
f 2544 220 2543
f 2544 2543 225
f 220 2546 2542
f 2545 2544 2639
f 2544 657 2639
f 653 2546 2545
f 656 2546 653
f 2542 2546 234
f 2546 656 2548
f 683 2548 656
f 3688 231 3612
f 490 2549 2547
f 234 2548 490
f 2608 490 2548
f 2549 490 2609
f 405 2550 376
f 2551 250 2550
f 250 2551 2552
f 2553 2551 405
f 2554 2552 2551
f 2552 294 258
f 2555 2552 2554
f 2555 294 2552
f 2554 2594 435
f 294 2555 310
f 2555 2554 435
f 2556 435 3654
f 312 2556 3654
f 312 3654 311
f 362 2556 312
f 122 328 329
f 328 358 2561
f 2560 791 2558
f 789 2558 791
f 329 2559 2557
f 2560 332 366
f 332 2559 366
f 363 2559 2561
f 2561 358 2563
f 2562 312 311
f 2561 2563 363
f 2563 358 3550
f 363 2563 2564
f 2564 364 367
f 791 2560 824
f 366 363 2565
f 2565 363 2564
f 2565 2564 367
f 367 372 2565
f 367 369 372
f 2566 366 2565
f 2566 824 2560
f 2567 2566 372
f 372 373 2567
f 824 2566 827
f 827 2566 2567
f 2567 373 828
f 382 2568 374
f 2573 381 2568
f 2534 375 2574
f 374 2534 2574
f 180 2568 381
f 381 2569 180
f 376 2569 405
f 404 2574 375
f 2537 379 2575
f 380 2572 377
f 377 2570 380
f 375 2571 404
f 3733 2575 379
f 378 2575 2571
f 379 2572 3733
f 380 2577 406
f 407 2573 382
f 410 3755 2571
f 411 2585 3733
f 2572 380 3613
f 2571 2575 410
f 3733 3613 411
f 2570 395 2577
f 2576 196 2578
f 445 2577 395
f 3564 2578 196
f 381 2573 403
f 2579 407 3712
f 2573 407 2580
f 405 3689 2553
f 408 2582 403
f 3613 406 2591
f 2577 445 2587
f 403 2580 408
f 2588 2583 2579
f 2581 408 2580
f 2553 3689 2582
f 2554 2553 2594
f 2580 407 2581
f 407 2583 2581
f 409 2583 2588
f 2581 2583 430
f 409 430 2583
f 428 2584 430
f 428 3714 2584
f 2586 3755 410
f 410 2585 2586
f 2579 3755 2588
f 2586 2588 3755
f 412 2590 2585
f 406 2587 2591
f 2591 2587 2593
f 2588 2586 413
f 2589 2590 412
f 2586 2590 413
f 2597 413 2590
f 2597 2590 2589
f 2592 412 2591
f 414 2593 2587
f 412 2592 2589
f 2592 2600 2598
f 2591 2593 2592
f 2592 2593 2600
f 439 2600 2593
f 2594 2582 2595
f 3714 2582 408
f 3714 2595 2582
f 2596 435 2594
f 429 2596 2595
f 435 2596 3654
f 429 2595 3714
f 434 2596 429
f 413 436 3713
f 2597 438 436
f 438 2598 437
f 437 2598 2600
f 439 2593 414
f 2600 2599 437
f 441 437 2599
f 441 2602 457
f 439 2602 2599
f 457 2602 2606
f 395 2578 445
f 2604 445 2578
f 445 2604 414
f 196 400 3564
f 458 451 456
f 2603 2604 3564
f 2603 3564 451
f 2601 2604 2603
f 2587 445 414
f 2601 414 2604
f 414 2601 439
f 2603 2605 2601
f 2603 458 2605
f 2606 2602 2601
f 2607 2605 458
f 457 2606 497
f 497 2606 2607
f 2605 2607 2606
f 499 495 2611
f 2549 2609 3688
f 507 2609 490
f 946 2608 683
f 490 2608 507
f 963 2608 946
f 3688 2609 489
f 2614 489 2609
f 2608 963 2615
f 2607 501 3565
f 500 3565 501
f 499 2611 504
f 2619 2611 2610
f 2613 505 2612
f 2612 505 504
f 2613 2612 2619
f 2611 2619 2612
f 489 2614 2610
f 2616 2614 507
f 2614 2616 2610
f 971 2615 963
f 507 2615 2616
f 2615 971 2620
f 2617 2619 2610
f 2618 2613 2619
f 2617 2610 2616
f 2618 2619 2617
f 2616 2620 2617
f 514 2621 964
f 2621 514 2618
f 2617 2621 2618
f 2620 971 2621
f 964 2621 967
f 2498 3818 2499
f 2499 2622 539
f 537 2622 536
f 542 539 2622
f 536 2623 541
f 2624 2623 538
f 536 2625 537
f 2625 2626 2628
f 537 540 542
f 540 537 2629
f 2626 541 567
f 2628 2626 2631
f 541 2624 567
f 2632 2631 2626
f 2631 2632 794
f 543 545 2627
f 2627 2629 2628
f 543 2627 548
f 2628 548 2627
f 545 2629 2627
f 547 2630 3879
f 548 2631 568
f 2633 2624 565
f 567 2633 566
f 2633 567 2624
f 2632 567 566
f 2633 565 789
f 566 2633 790
f 2684 790 2633
f 566 2634 2632
f 2634 566 790
f 568 2631 794
f 2630 600 2636
f 2635 2630 2636
f 2635 687 551
f 2635 2636 602
f 2636 2637 602
f 614 2638 3782
f 3782 602 614
f 641 614 615
f 2638 614 648
f 2545 2640 653
f 2641 653 2640
f 2641 656 653
f 659 2640 3655
f 657 661 2639
f 2639 3655 2640
f 2641 2640 659
f 662 2643 2641
f 659 3655 3854
f 660 3854 3840
f 664 659 3854
f 3854 660 2644
f 659 664 2642
f 2641 2642 662
f 675 2642 664
f 2642 675 2648
f 684 2643 662
f 2649 2648 675
f 3854 2644 664
f 663 2645 2644
f 670 2645 663
f 664 2645 675
f 2647 675 2645
f 673 2647 670
f 2674 3734 2646
f 668 674 2646
f 656 2643 683
f 2699 683 2643
f 662 2648 684
f 2650 2648 2649
f 947 2699 684
f 950 3656 2650
f 684 3716 947
f 675 2647 2649
f 2647 673 2649
f 2649 673 952
f 952 2650 2649
f 2635 2651 687
f 2651 3657 687
f 2651 2635 3756
f 688 2651 3853
f 688 689 691
f 689 688 2652
f 2652 3853 2659
f 689 2652 2660
f 2653 704 2656
f 696 2654 697
f 704 2657 694
f 694 2657 2655
f 2657 2653 2658
f 2655 2657 695
f 2658 695 2657
f 2662 2652 2659
f 2659 3853 711
f 2663 2659 711
f 3819 689 2660
f 2660 2661 3819
f 690 3819 2661
f 2661 692 690
f 2661 710 692
f 2661 2665 710
f 712 2661 2660
f 2665 2661 712
f 2662 712 2660
f 2638 717 3782
f 2663 711 717
f 2662 2663 2664
f 710 2665 2670
f 2665 712 753
f 2670 2665 718
f 696 3658 2654
f 713 714 2654
f 2656 714 2653
f 692 710 3658
f 714 713 716
f 2668 2658 2653
f 2658 2668 2667
f 2667 695 2658
f 2667 715 695
f 2668 714 716
f 716 2669 2668
f 2673 2667 721
f 2667 2669 721
f 2666 710 2670
f 713 2666 719
f 2670 719 2666
f 2671 713 719
f 2672 2670 718
f 716 2671 720
f 720 2669 716
f 2669 720 2680
f 717 2681 2663
f 712 2664 753
f 2679 718 2665
f 2671 719 757
f 2680 720 3757
f 719 2672 757
f 720 2671 3757
f 2672 718 754
f 1003 2673 721
f 724 2646 674
f 2674 726 667
f 2675 724 3659
f 2646 2675 2674
f 724 2655 3659
f 695 3659 2655
f 2675 3659 727
f 727 725 2675
f 3659 2676 727
f 2676 695 715
f 2677 736 725
f 760 2677 764
f 2676 715 2678
f 727 2678 2677
f 725 727 2677
f 2678 715 769
f 2681 717 759
f 2682 753 2664
f 718 2679 754
f 2679 753 756
f 753 2682 756
f 2710 757 2672
f 721 2680 1003
f 2680 3757 758
f 3757 2683 758
f 2713 1003 2680
f 2708 755 2681
f 756 2709 2679
f 755 2708 1001
f 2682 755 1001
f 2715 756 2682
f 757 2710 2683
f 2677 760 736
f 2677 2678 764
f 2717 764 2678
f 715 2673 769
f 2711 769 2673
f 764 2717 3568
f 1016 2717 769
f 769 2711 1016
f 2684 789 791
f 790 2685 2634
f 794 2634 797
f 790 2684 831
f 2685 790 831
f 797 2685 834
f 831 2687 2685
f 797 834 796
f 2686 791 824
f 2686 831 2684
f 834 2687 3614
f 831 2686 2689
f 824 827 2686
f 827 2688 2689
f 2688 827 2567
f 2688 2567 828
f 2687 831 2689
f 3614 2687 2690
f 830 2691 2688
f 2688 2691 2689
f 2690 2689 2691
f 2690 2691 832
f 832 830 833
f 835 3614 841
f 832 2692 2690
f 841 3614 840
f 2692 840 3614
f 837 839 2692
f 840 2692 839
f 845 919 920
f 2693 648 866
f 759 2693 1000
f 866 2694 2693
f 2694 866 869
f 869 905 2697
f 915 2697 905
f 916 845 920
f 2695 919 918
f 2696 920 919
f 2697 915 920
f 869 2697 922
f 922 2697 925
f 2696 925 2697
f 922 925 2698
f 1000 2694 1045
f 922 1045 2694
f 683 2699 946
f 946 2700 963
f 2699 947 2700
f 972 2700 947
f 974 2701 954
f 2700 972 2703
f 963 2703 971
f 947 2702 972
f 981 2702 2701
f 971 2703 967
f 2704 967 2703
f 3615 964 967
f 3615 967 2704
f 3615 2706 3567
f 970 2706 982
f 2705 982 2706
f 982 2705 981
f 2704 2703 972
f 2705 2704 972
f 2701 974 2707
f 2701 2707 981
f 978 2707 974
f 980 982 983
f 981 2707 982
f 2707 978 983
f 986 3882 987
f 2708 759 1000
f 754 2709 1002
f 756 2715 1046
f 2709 756 1046
f 1002 2709 1047
f 2724 1047 2709
f 2710 754 1002
f 3803 2683 1004
f 2716 1004 2710
f 2711 1003 1006
f 1003 2713 1006
f 2716 1002 1047
f 758 2683 3803
f 2713 758 1005
f 2725 1006 2713
f 2714 1000 1045
f 1000 2714 2708
f 2715 1001 1048
f 1001 2714 1048
f 2725 1005 1059
f 1005 3803 2738
f 1056 2738 3803
f 2712 1006 1054
f 3568 2717 1081
f 2717 1016 2718
f 2712 1016 2711
f 1082 2718 1016
f 1030 2719 2695
f 2719 1034 2727
f 2698 925 2719
f 1034 1035 2727
f 2727 2698 2719
f 1049 2727 1035
f 3758 2729 1035
f 2729 1033 2730
f 1033 1050 2730
f 1071 2743 1043
f 2733 1040 2734
f 1040 1055 2734
f 1041 2720 1055
f 1043 2743 2721
f 1044 1043 2721
f 2720 1042 1044
f 2735 2720 1044
f 2735 1044 2722
f 2723 1046 2715
f 2724 1046 1051
f 1046 2723 1051
f 1047 2724 1052
f 1047 2737 2716
f 2737 1047 1052
f 1006 2725 1054
f 1059 2736 2725
f 1045 922 2698
f 2726 1045 2698
f 2726 1048 2714
f 2723 1048 1049
f 1048 2726 1049
f 2726 2698 2727
f 2728 1049 2729
f 1035 2729 1049
f 1053 2730 1050
f 2730 2728 2729
f 2731 1051 2728
f 2731 1052 2724
f 1051 2723 2728
f 2730 1053 2731
f 1052 2731 1053
f 2722 1085 2732
f 1082 2732 1085
f 2732 1054 2722
f 1054 2736 2722
f 1036 2733 1050
f 1050 2733 1053
f 1058 2734 1055
f 2734 1058 3783
f 2733 2734 1057
f 2735 1055 2720
f 2735 1058 1055
f 2722 2736 2735
f 2738 1056 3783
f 1052 1057 2737
f 3783 2737 1057
f 1059 2738 1058
f 1058 2736 1059
f 1057 1052 1053
f 1060 3660 1061
f 2739 985 2741
f 985 986 2741
f 1069 1070 986
f 2741 986 1070
f 1071 985 2739
f 2743 2739 2742
f 1070 2740 2741
f 2740 1070 1061
f 1074 2740 3660
f 2742 2740 1074
f 1082 2744 2718
f 1016 2712 1082
f 2732 1082 2712
f 2718 1074 1081
f 1085 2744 1082
f 2743 2742 2744
f 161 2745 2746
f 2745 161 193
f 3690 2747 2753
f 163 2749 3717
f 2750 2749 2748
f 2749 2750 2766
f 2756 2750 2748
f 2751 2756 161
f 160 2753 2749
f 2766 160 2749
f 2755 2754 171
f 2756 2748 162
f 2748 163 162
f 165 2745 2767
f 194 2769 162
f 161 2756 193
f 2756 162 2769
f 2759 2751 161
f 3837 2759 2746
f 2761 3837 2746
f 2746 2745 165
f 2761 2746 165
f 2762 2761 172
f 2761 2762 3570
f 2762 206 2763
f 2762 2531 206
f 2765 2750 2751
f 2750 2765 2766
f 2760 2759 3837
f 170 2754 160
f 2766 170 160
f 2754 170 171
f 173 172 2761
f 2767 173 165
f 2768 2767 2745
f 2767 2768 197
f 162 2758 194
f 2784 194 2758
f 2771 392 3569
f 2768 193 391
f 391 2783 2768
f 197 2783 394
f 193 2769 391
f 2785 391 2769
f 3812 2770 3827
f 2767 202 173
f 3563 2763 206
f 207 2763 3563
f 2763 207 211
f 2773 204 2774
f 2774 204 209
f 204 2773 212
f 2773 2774 2776
f 2776 2774 2777
f 2774 209 210
f 210 214 2775
f 2775 2777 2774
f 218 2773 2776
f 224 218 223
f 2777 221 2776
f 223 2776 221
f 223 2780 2778
f 223 2778 224
f 2779 224 2778
f 2780 223 221
f 2778 2780 2819
f 654 224 2779
f 2780 221 2772
f 2819 2780 655
f 2782 3735 2777
f 2772 655 2780
f 2781 230 3735
f 655 2772 677
f 2781 2782 475
f 677 3855 681
f 2777 2775 2782
f 2775 214 2782
f 233 2782 214
f 2783 391 442
f 396 2784 392
f 194 2784 393
f 2788 393 2784
f 393 2785 194
f 2786 3827 444
f 392 2771 396
f 393 2788 443
f 443 3571 393
f 391 2785 442
f 394 3616 3617
f 446 2788 396
f 2785 393 3571
f 396 2786 446
f 3827 2787 444
f 2786 444 2791
f 3616 442 448
f 2795 443 2788
f 442 3571 448
f 448 2803 2790
f 2803 448 2794
f 443 2795 2789
f 2795 446 447
f 444 2792 2791
f 446 2791 447
f 450 2797 2791
f 2794 2789 449
f 2795 447 2796
f 2789 2795 449
f 2796 449 2795
f 3662 2802 449
f 447 2797 2796
f 3662 449 2796
f 2797 450 2805
f 450 2793 1369
f 2797 2805 2804
f 2798 3617 2790
f 3617 3616 2790
f 451 2798 456
f 2790 2803 459
f 2798 2790 459
f 456 2798 2799
f 2799 2800 2801
f 2800 2799 459
f 2800 459 468
f 461 2800 468
f 2794 449 2802
f 2802 3662 3839
f 465 3572 2802
f 3572 459 2803
f 465 2802 462
f 466 2804 463
f 2805 1376 1377
f 3572 465 468
f 475 2807 2781
f 230 2781 481
f 2806 3855 230
f 2812 934 2806
f 681 2806 934
f 481 2807 2811
f 2808 2811 2807
f 2812 2806 508
f 233 482 475
f 482 498 2808
f 475 2808 2807
f 934 2812 958
f 2808 498 2810
f 2809 502 2801
f 501 2801 502
f 2809 499 502
f 461 2809 2800
f 2808 2810 503
f 2810 498 3618
f 509 3618 505
f 503 2810 509
f 2814 509 506
f 2811 2808 503
f 508 2811 2813
f 503 2814 2813
f 2814 503 509
f 2813 2814 513
f 2814 512 513
f 2815 508 2813
f 2815 958 2812
f 2815 2813 513
f 2816 513 512
f 958 2815 2816
f 512 965 2816
f 2817 2778 2819
f 2778 2817 2779
f 2818 661 654
f 652 2817 3619
f 2817 652 2818
f 661 2818 652
f 2820 2819 655
f 651 2822 3619
f 2821 2822 2823
f 2822 651 678
f 2823 2822 2825
f 651 2820 678
f 2827 2825 2822
f 2825 2827 2826
f 660 658 3834
f 658 2821 2823
f 2823 665 658
f 665 2823 669
f 2824 663 666
f 2824 666 667
f 669 2825 685
f 2826 685 2825
f 2828 2820 677
f 2828 678 2820
f 678 2828 2829
f 2827 678 2829
f 2828 677 681
f 681 2852 2828
f 2826 2827 940
f 667 726 722
f 667 722 2824
f 2830 728 671
f 722 2830 2824
f 728 2830 723
f 723 2831 2833
f 722 2836 723
f 2836 722 726
f 723 2836 3573
f 2831 723 3573
f 726 736 2836
f 2833 730 728
f 2834 731 734
f 731 2834 732
f 2833 2831 2838
f 2834 2833 2838
f 731 2835 3718
f 2837 3573 2836
f 2837 736 760
f 2838 2831 2832
f 732 2839 2835
f 2844 2838 2832
f 732 2844 2840
f 2839 732 2840
f 2835 2839 2841
f 733 2842 2843
f 2842 733 741
f 2841 2845 741
f 2845 2841 2839
f 2844 2832 743
f 741 742 2847
f 742 2846 2847
f 2845 2839 745
f 2846 742 766
f 2832 2848 743
f 2848 3573 2837
f 2848 2837 765
f 2840 2844 744
f 743 2851 2844
f 2851 743 770
f 742 2845 766
f 2850 766 2845
f 2849 744 767
f 2850 745 768
f 743 2848 770
f 2861 770 2848
f 744 2851 767
f 745 2849 768
f 3580 766 1015
f 766 2850 1015
f 2862 767 2851
f 768 2863 2850
f 2852 681 934
f 2829 2852 959
f 940 2829 2853
f 2853 2829 959
f 934 2854 2852
f 959 2855 2853
f 3574 973 949
f 2854 934 958
f 973 2855 2858
f 2857 3620 968
f 958 2856 968
f 2856 958 2816
f 965 966 2856
f 3804 2856 966
f 2857 2858 2855
f 970 3804 966
f 2856 3804 968
f 2857 968 3804
f 2857 3804 969
f 2858 984 973
f 970 980 2859
f 984 2858 979
f 2859 979 2858
f 2859 980 3882
f 1073 987 2860
f 2861 765 1013
f 770 2861 1014
f 3623 1014 2861
f 3623 1013 2866
f 2862 770 1014
f 767 2862 1017
f 3621 767 1017
f 768 3621 1083
f 2863 768 1083
f 3580 1015 1084
f 2872 1084 2863
f 2864 1014 1086
f 1014 2864 2862
f 2871 1017 1087
f 2867 1061 2869
f 1060 2867 2866
f 1069 987 1073
f 1072 2868 2860
f 2869 1061 1073
f 2868 1073 2860
f 2868 1075 2869
f 3622 2869 1075
f 1086 3622 1088
f 1075 1088 3622
f 2870 2868 1077
f 2870 1078 3805
f 2868 2870 1075
f 1088 1075 2870
f 1088 2870 3805
f 1078 1079 3805
f 1079 2874 1089
f 2874 3841 2876
f 3841 1090 2876
f 2867 3622 2866
f 3622 1086 3623
f 1017 2864 1087
f 2872 1083 1091
f 2865 1084 1092
f 1083 2871 1091
f 1084 2872 1092
f 2873 1087 2864
f 2873 1086 1088
f 1087 2873 1089
f 2873 1088 3805
f 2875 1089 2874
f 2875 1087 1089
f 2874 2876 2875
f 1080 2877 1090
f 1093 2876 1090
f 1090 2877 2878
f 2878 1093 1090
f 2880 1093 2878
f 1091 2871 2875
f 2879 1091 2875
f 2879 1092 2872
f 2880 1092 1093
f 2876 1093 2879
f 1092 2879 1093
f 3784 2757 2752
f 2752 2881 3784
f 2887 3784 2881
f 1161 2882 1096
f 2889 2752 2755
f 1094 2889 1095
f 2889 1094 2881
f 2887 2881 1094
f 2883 1094 1095
f 1095 1101 2883
f 2882 2887 1094
f 1096 2882 2883
f 2883 2884 1096
f 2885 1096 2884
f 2885 2884 3575
f 1099 2888 2885
f 3575 2886 2885
f 2885 2886 1099
f 2887 2882 1097
f 2882 1161 2897
f 1096 2888 1161
f 2886 1120 2896
f 1100 2896 1120
f 2889 2755 1104
f 2889 1104 1103
f 2884 2883 1101
f 1095 3664 1101
f 3575 2884 2890
f 2890 1101 1105
f 2890 1105 1102
f 3575 2892 2891
f 2892 3575 2890
f 2891 2892 1109
f 2892 1106 1109
f 3665 1111 2893
f 1120 2886 2891
f 1109 3665 2893
f 1109 1110 3665
f 2894 1191 3736
f 2895 1120 2893
f 1122 2895 2893
f 2895 1100 1120
f 2895 1122 1170
f 2887 3576 3784
f 2899 1161 2888
f 1339 2770 1160
f 1337 2898 3576
f 1160 2898 1339
f 1338 2897 1161
f 1097 2897 1337
f 2913 1337 2897
f 1161 2899 1338
f 1338 2913 2897
f 1099 2900 1342
f 2896 1100 2900
f 1163 2900 1100
f 2894 3665 1110
f 1191 1197 3736
f 2894 1194 1191
f 2901 1193 1198
f 1193 2902 1200
f 1193 2901 3806
f 1211 1200 3624
f 2901 2903 3806
f 2904 3806 2903
f 1204 1205 3625
f 2904 2903 2906
f 1219 2909 2904
f 2903 3625 2906
f 2907 2906 2905
f 2905 3625 1205
f 2906 3626 2908
f 1617 2908 3626
f 2904 2908 1219
f 2908 1617 2911
f 3806 2909 2902
f 1888 2911 1617
f 2910 1211 3624
f 1442 1438 2910
f 1211 2910 1438
f 2902 2909 3627
f 1220 2912 1219
f 1219 2911 1220
f 2933 1220 2911
f 2910 3627 1442
f 1449 2912 1220
f 2912 1449 2934
f 1220 2933 1449
f 2899 1342 2915
f 1340 2914 2898
f 1341 2913 1338
f 1337 2913 1340
f 1338 2915 1341
f 2900 1163 2916
f 1343 2916 1163
f 1365 2787 1339
f 2913 1341 2917
f 1368 2917 1341
f 1339 2914 1365
f 2787 1365 2792
f 1340 2917 3869
f 1341 2915 1368
f 2915 3870 1368
f 1387 2916 1343
f 1367 2792 1365
f 2917 1368 2921
f 2792 1367 2793
f 2793 450 2792
f 1367 2920 2793
f 1370 2920 2918
f 2919 2922 1368
f 2919 1368 3870
f 1369 2805 450
f 2793 2920 1369
f 1376 2805 1369
f 2920 1370 2923
f 1380 1370 2921
f 1381 2922 2919
f 2921 2922 1380
f 2927 1387 1343
f 1389 2927 1375
f 2923 1379 1376
f 1379 2924 1382
f 1370 1380 2924
f 1382 2924 1380
f 2922 1381 2925
f 2925 1384 1382
f 1384 2926 1386
f 1381 1391 2926
f 1386 2926 1391
f 2929 2928 1387
f 2929 1381 2928
f 1391 1381 2929
f 1387 2930 2929
f 2927 1389 1390
f 1390 2930 2927
f 2929 2930 1391
f 1386 2931 1455
f 2930 1390 2931
f 1439 1438 2932
f 1439 2932 2935
f 1442 2934 2932
f 1889 2933 1888
f 1466 2934 1449
f 2932 2934 2939
f 2933 1889 2945
f 1449 2945 1466
f 2980 3666 1889
f 2935 1457 1439
f 2937 2935 1462
f 1455 2936 1456
f 1390 2936 2931
f 1392 1458 1390
f 1390 1458 2936
f 1459 2936 1458
f 1457 2937 1461
f 2938 1461 2937
f 2938 1463 1461
f 2938 2937 1462
f 1464 1463 2938
f 1464 2938 2941
f 2932 2939 2935
f 2935 2939 1462
f 2939 1466 2940
f 1462 2942 2938
f 2938 2942 2941
f 1470 2942 2940
f 2941 2942 3785
f 1466 2943 2940
f 2940 2943 1470
f 1905 1470 2943
f 1905 2943 3666
f 3671 1471 1904
f 1904 2944 1905
f 1470 1905 2944
f 1466 2945 2943
f 3577 2907 2905
f 2907 2946 3626
f 2947 3626 2946
f 2947 1617 3626
f 2947 2946 1620
f 1622 2953 2947
f 1621 1620 2948
f 2948 1619 1621
f 1625 1620 1621
f 1620 1625 2949
f 2947 2949 1622
f 3890 2949 1625
f 2949 3890 2954
f 1623 1629 1621
f 2950 1621 1629
f 1621 2950 1625
f 1632 2950 1630
f 1625 2950 3890
f 1635 2952 1632
f 2951 1627 1631
f 1627 2951 1628
f 2960 1628 2951
f 1650 2953 1622
f 3890 2952 1651
f 2952 1635 1651
f 1884 1651 1635
f 1617 2953 1888
f 2978 1888 2953
f 1622 2954 1650
f 2954 3890 1651
f 2979 1650 2954
f 1890 2978 1650
f 1651 2979 2954
f 1892 2979 1651
f 1650 2979 1890
f 3763 2955 1657
f 2956 1658 1657
f 2956 2955 2967
f 1658 2958 2957
f 2959 1656 2957
f 2970 2958 2956
f 2967 2970 2956
f 2957 2958 3578
f 2970 3578 2958
f 2964 3578 1675
f 2961 2951 1659
f 1656 2961 1659
f 2960 1660 1628
f 2951 2961 2960
f 2961 2959 2962
f 2960 2962 1662
f 2963 1662 2962
f 2963 2962 2959
f 3579 2965 2963
f 2959 2964 2963
f 1678 2964 1675
f 2963 2964 3579
f 1678 3579 2964
f 1662 2965 1673
f 2966 1720 2965
f 1720 2966 1728
f 2955 2843 2969
f 2842 2969 2843
f 3763 735 2843
f 2955 2969 2967
f 2967 2969 1674
f 2973 2842 2847
f 2973 1674 2969
f 2968 2970 2967
f 3578 2970 1675
f 1676 1675 2970
f 2972 1678 1675
f 2968 1674 2971
f 2970 2968 1676
f 2971 1676 2968
f 1677 2972 1676
f 1674 2973 2971
f 2973 2847 1722
f 2847 2846 1722
f 2971 2973 1723
f 1723 2974 2971
f 1677 2976 2972
f 2975 1723 2973
f 2976 1677 1937
f 3579 3858 2966
f 2965 3579 2966
f 1725 3858 1678
f 1678 2976 1725
f 2975 1722 1936
f 1677 2974 2989
f 2989 1723 1724
f 1722 2846 1936
f 1723 2975 1724
f 1936 2990 2975
f 2992 1725 2976
f 1892 1887 2977
f 2977 1887 2987
f 1888 2978 1889
f 2978 1890 2980
f 2979 1892 2981
f 1923 2980 1890
f 2977 2981 1892
f 2981 2977 1915
f 2982 1901 1923
f 1901 2984 1905
f 3671 1904 2983
f 2984 1904 1905
f 2983 1904 2984
f 1908 2984 2982
f 2983 2984 1908
f 1923 2985 2982
f 2982 2985 1908
f 2986 1908 2985
f 1908 3737 2983
f 2986 2985 1915
f 2977 2987 1915
f 1912 2987 1887
f 1918 2987 1912
f 1915 2988 2986
f 1916 2988 1918
f 2987 1918 2988
f 3666 2980 1901
f 2980 1923 1901
f 1890 2981 1923
f 2985 1923 2981
f 1936 3580 3628
f 2992 1937 1940
f 1725 2992 1939
f 2989 1724 3891
f 1937 2989 3891
f 3002 1997 1938
f 2993 1938 1997
f 1939 2991 1725
f 3001 1939 2992
f 3001 1940 1992
f 1991 2994 1939
f 1970 2995 1971
f 1974 3629 1978
f 2877 1975 3004
f 1975 1993 3004
f 1979 1978 3629
f 1979 3629 2998
f 2996 1977 1979
f 1979 2998 2996
f 2997 1980 3629
f 2998 3629 1980
f 1983 2999 3865
f 3865 1922 1981
f 1974 1972 1982
f 1983 1982 2999
f 3000 1982 1983
f 2995 1986 3000
f 1980 2997 1986
f 2997 3000 1986
f 1982 3000 2997
f 2997 3629 1982
f 1939 3001 1991
f 1940 2993 1992
f 1997 3003 2993
f 2994 1991 1986
f 2994 1986 1988
f 1991 3008 1980
f 3001 1992 3008
f 1995 3005 3003
f 2877 3004 2878
f 1993 2996 1994
f 1994 3004 1993
f 3005 1994 2996
f 3006 2880 3007
f 2878 3007 2880
f 1995 1994 3005
f 1994 3007 3004
f 1995 3007 1994
f 3008 3005 2998
f 2996 2998 3005
f 1992 3003 3005
f 3005 3008 1992
f 3006 1997 3002
f 1996 2865 2880
f 1997 3006 1995
f 1995 3003 1997
f 3006 1996 2880
f 1980 1986 1991
f 1098 3009 1107
f 3010 3011 3020
f 3011 3010 1107
f 1107 3010 1098
f 1107 3013 3011
f 3012 1107 3009
f 3012 1108 3013
f 3014 3013 1108
f 3015 3011 3013
f 3014 1189 1190
f 3015 1112 3011
f 1108 3012 1121
f 1122 1121 3012
f 3016 1122 3012
f 1126 3029 3017
f 1128 3018 3739
f 1126 3740 3741
f 3017 3022 3019
f 3010 3022 1098
f 1125 3720 3017
f 3031 1098 3720
f 3017 3029 1125
f 1173 3032 3023
f 3023 3024 1173
f 3026 3743 3786
f 3025 3023 3026
f 3025 3026 3027
f 3025 1123 3024
f 1124 3024 1123
f 1129 1124 3028
f 3028 3033 1129
f 1124 3828 1174
f 3018 1128 3039
f 3031 1125 1171
f 1126 3030 3029
f 1172 3030 1127
f 1098 3031 1162
f 3038 1173 3024
f 3020 3019 3022
f 3020 3721 3019
f 3740 3019 1131
f 3020 3011 1130
f 3740 1132 3741
f 3021 1133 1137
f 3786 1138 3026
f 3027 3026 1138
f 1123 3034 3028
f 3034 1123 3027
f 3028 3034 3036
f 3034 3027 1139
f 3034 1139 1140
f 3036 3035 3033
f 3052 3033 3035
f 3036 1142 3035
f 1228 3035 1142
f 3009 1098 3037
f 3037 3016 3009
f 3016 3037 3856
f 1162 3066 1164
f 3016 1170 1122
f 1125 3029 3630
f 3031 1171 3066
f 3029 3030 1175
f 3040 1175 3030
f 1127 3018 1172
f 3041 1128 3032
f 1176 3041 3032
f 3883 3038 1174
f 1173 3038 1176
f 3069 1176 3883
f 3807 3040 1172
f 1349 3039 1128
f 1172 3039 3807
f 3068 3807 3039
f 1349 3068 3039
f 1128 3041 1349
f 1350 3041 1176
f 1176 3069 1350
f 3014 1192 1196
f 1192 3014 1190
f 3044 3043 1191
f 1191 3043 1198
f 3043 1201 1198
f 1204 1198 1201
f 3043 3044 3048
f 3044 1194 1195
f 1195 1199 3045
f 3045 3048 3044
f 3047 1201 3043
f 1201 3871 1204
f 3047 3043 3048
f 1205 1204 3871
f 3048 1203 3047
f 1202 3047 1203
f 3049 3871 1202
f 3046 3884 1202
f 3633 3049 3696
f 3696 3049 3884
f 1615 3049 3633
f 3884 3046 1614
f 3821 3045 1208
f 3045 1199 1208
f 3050 1214 3821
f 3051 1640 3046
f 1614 3046 1640
f 3050 1208 3872
f 1214 3050 1440
f 3051 1214 1440
f 3107 1876 3051
f 1640 3051 1876
f 1223 3054 3582
f 3033 3052 3582
f 3052 3053 3582
f 1240 3053 1227
f 3052 1227 3053
f 1227 3052 1228
f 1228 3583 1227
f 3053 1223 3582
f 1241 3053 1240
f 3053 1241 1223
f 1223 1241 1281
f 1129 3054 3828
f 3054 1223 3055
f 1272 3055 1223
f 1177 3055 1354
f 3796 3583 1228
f 3593 3787 3726
f 1300 3056 1302
f 1292 3057 1298
f 1296 3057 1292
f 1298 3057 1325
f 1300 3692 3056
f 1300 1304 3692
f 3059 3692 1304
f 1327 3062 3058
f 1304 3060 3059
f 1304 1745 3060
f 3059 3631 3061
f 1749 3061 3631
f 3058 3061 1327
f 3061 1749 3064
f 1296 3062 3057
f 1791 3064 1749
f 3063 1325 3057
f 1325 3063 1326
f 3057 3062 3063
f 3065 3063 3062
f 1560 3065 1327
f 1327 3064 1560
f 3118 1560 3064
f 3063 3065 3764
f 3065 1560 3119
f 1164 3066 3071
f 3067 1164 3892
f 3722 3067 1366
f 3074 1366 3067
f 3070 3807 1352
f 3693 1175 1351
f 3066 3829 3071
f 3807 3068 1352
f 3041 1350 3073
f 1349 3073 1397
f 1396 3073 1350
f 1353 3069 3883
f 1350 3069 1396
f 3084 1396 3069
f 3883 3042 1353
f 1398 3082 1351
f 1399 3070 1352
f 3068 1397 3083
f 1351 3070 1398
f 1352 3083 1399
f 3070 1399 1398
f 1404 3084 1353
f 1355 3072 1354
f 1366 3074 3076
f 3075 3074 3077
f 1375 1366 3076
f 3075 3723 3076
f 3076 3074 3075
f 3075 3077 3079
f 3079 1388 3075
f 1388 3080 1395
f 1388 3079 1393
f 1389 3078 1395
f 1395 3080 3081
f 1414 3080 1393
f 3080 1388 1393
f 1394 3080 1414
f 3829 3082 3087
f 3088 3087 3082
f 3083 1397 1403
f 1403 3085 3083
f 3092 1397 3073
f 1402 3092 1396
f 1396 3084 1402
f 3084 1404 3095
f 1401 3090 1399
f 3086 3085 1403
f 1399 3085 1401
f 3086 1401 3085
f 3088 1398 3089
f 3087 3088 1400
f 3089 1400 3088
f 1371 3098 3077
f 3077 3098 3079
f 1398 3090 3089
f 3089 3090 3632
f 1406 1401 3086
f 3091 3090 1401
f 3091 3632 3090
f 1401 1406 3091
f 1397 3092 1403
f 3093 3092 1402
f 3093 1403 3092
f 1402 3095 1405
f 1403 3093 3086
f 3094 1404 3072
f 1355 3102 3094
f 3093 1402 1405
f 3096 1405 3095
f 3086 3097 1406
f 3093 1405 3097
f 3101 3097 1405
f 3096 3095 1404
f 1429 3101 3096
f 1404 3103 3096
f 1430 3103 3094
f 3096 3103 1429
f 3100 3079 3098
f 1400 3089 3099
f 3099 3632 1423
f 1422 3100 1413
f 1422 1393 3079
f 1423 3100 3099
f 1424 1423 3632
f 1424 3091 1420
f 1424 3632 3091
f 1406 3765 1426
f 3097 3101 1427
f 1427 3101 1429
f 3094 3102 1430
f 3103 1430 3104
f 1430 1434 1432
f 1433 3105 1575
f 1213 1436 3872
f 1436 1456 3108
f 1440 3106 1467
f 3107 1440 1467
f 1876 3107 1878
f 1451 3108 1454
f 3108 1456 3109
f 1394 3081 3080
f 3081 1460 1392
f 1458 1392 1460
f 3081 1457 1461
f 1460 3081 1461
f 3109 1456 1459
f 3110 3109 3695
f 1464 1465 3695
f 3110 3695 1465
f 3111 1878 3107
f 3111 1467 3113
f 1467 3694 3113
f 1454 3112 3694
f 3112 1454 3110
f 3112 3110 1468
f 3694 3112 3113
f 1468 1472 1473
f 1468 1473 3112
f 3113 1900 3111
f 1878 3111 1900
f 3113 1473 3114
f 1473 3113 3112
f 3114 1473 1472
f 1900 3113 3114
f 1472 1902 3114
f 3055 1272 3844
f 1520 3115 1272
f 1354 3844 1355
f 3102 1355 3115
f 1488 1511 1520
f 3116 3102 3115
f 3830 3102 3116
f 1434 1430 3830
f 3116 3117 3830
f 3116 1511 3117
f 3120 3105 3117
f 3830 3117 3105
f 3764 3119 3808
f 1588 3119 1560
f 2039 3118 1791
f 1560 3118 1588
f 2059 3118 2039
f 3118 2059 3123
f 1559 3121 1574
f 3121 1559 1583
f 1523 1579 3120
f 1580 3120 1579
f 1587 1585 1592
f 1578 3121 1581
f 3122 1581 3121
f 1581 1592 1584
f 3122 3121 1583
f 1589 3124 1588
f 3128 3123 2059
f 1588 3123 1589
f 3123 3128 1593
f 1559 3808 1583
f 3125 1583 3124
f 3125 3124 1589
f 1583 3125 3122
f 3122 3125 3127
f 3127 1592 3122
f 3126 1587 1592
f 3126 1592 3127
f 3127 3125 1593
f 3126 1596 1591
f 3125 1589 1593
f 1596 3129 2065
f 3129 3127 1593
f 3129 1596 3126
f 3127 3129 3126
f 2065 3129 2066
f 2066 3129 1593
f 3696 3131 3633
f 3696 3130 3131
f 3132 3633 3131
f 3633 3667 1615
f 3130 3696 1614
f 3131 3130 3133
f 3133 3130 3134
f 3132 3131 3133
f 3132 1619 3667
f 1619 3132 3634
f 3134 1624 3133
f 1618 3133 1624
f 3136 3134 3130
f 3136 1614 1640
f 3135 3134 1641
f 1624 3135 3142
f 1618 3139 3138
f 3137 1618 3138
f 3137 1623 1619
f 3138 1623 3137
f 1623 3138 1629
f 3139 1618 1624
f 3138 3139 1631
f 3139 1624 3142
f 3140 1633 1630
f 3140 1626 1628
f 1631 3139 1643
f 3134 3136 1641
f 3193 1641 3136
f 3142 3135 1879
f 1641 3141 3135
f 3193 1640 1876
f 1641 3193 1877
f 3141 1641 1877
f 1643 3142 1645
f 1879 1645 3142
f 3140 1628 1660
f 3143 1679 1633
f 1661 3143 3140
f 1679 3143 3150
f 3150 3143 1663
f 3144 3150 1663
f 1663 3145 3144
f 1661 3146 1663
f 3146 1661 1673
f 1663 3146 1664
f 3144 3145 3157
f 3145 1663 1664
f 1664 3149 3147
f 3146 1673 3148
f 3148 1673 1720
f 3157 3145 3147
f 3147 3149 1726
f 3149 1664 3148
f 3150 1680 1679
f 1680 3150 3144
f 3157 3151 3144
f 3159 1682 1681
f 1682 3159 3153
f 1682 3153 1687
f 1686 3155 3154
f 1708 3164 1688
f 1687 1708 1688
f 3164 1690 1688
f 1690 3156 1689
f 3156 3155 1689
f 3154 3155 3635
f 3156 1690 1709
f 3155 3156 1710
f 3167 1710 3156
f 3169 1710 1711
f 3157 1705 3151
f 3669 3151 1705
f 3152 3669 1705
f 3161 3157 3147
f 1705 3161 3158
f 3152 1705 3158
f 3158 3160 3152
f 1687 3153 1707
f 3159 3152 3831
f 3153 3159 1706
f 3162 1707 3153
f 1707 3162 3165
f 3161 3147 1726
f 3809 3158 1713
f 3158 3161 1713
f 3163 1715 1706
f 3162 1706 1715
f 3165 3162 3585
f 1715 3585 3162
f 3163 3160 1714
f 3164 1709 1690
f 1708 1707 3165
f 3164 1708 1712
f 3165 1712 1708
f 1712 3170 3166
f 3168 1709 3166
f 3167 1709 3168
f 1710 3167 1711
f 1709 3164 3166
f 3166 3170 3168
f 3169 1711 3192
f 3168 3170 3174
f 3173 3165 3585
f 1742 3170 1712
f 1726 3171 3161
f 1714 3176 3163
f 3585 3172 1743
f 3176 1714 1739
f 3172 1715 1740
f 3167 3586 1711
f 1712 3173 1742
f 3173 3585 1743
f 3177 1742 3173
f 3178 3174 3170
f 3175 3148 1727
f 3175 1726 3149
f 1726 3175 1729
f 3171 1726 1729
f 1727 3205 3175
f 1713 3171 1738
f 1714 3809 1739
f 3208 1739 3809
f 1715 3176 1740
f 3209 1743 3172
f 3211 1741 3586
f 3206 1738 3171
f 3210 1740 3176
f 1742 3177 1744
f 3211 3174 1957
f 3178 1742 1744
f 3174 3178 1957
f 1743 1958 3177
f 1744 3213 3178
f 3060 3179 3631
f 3180 3631 3179
f 3180 1749 3631
f 3179 3810 3181
f 3180 3179 1751
f 1754 3183 3180
f 3181 1753 1750
f 3179 3181 1751
f 1752 1751 3181
f 1758 1751 1752
f 1751 1758 3182
f 1759 3182 1758
f 3180 3182 1754
f 3182 1759 3187
f 1790 3183 1754
f 3188 3187 1759
f 1756 1757 3184
f 1763 3184 1757
f 1752 3184 1758
f 1758 3185 1759
f 3184 1763 3185
f 1765 3185 1763
f 1768 3188 3185
f 3188 1759 3185
f 3186 1760 1764
f 3186 1806 3587
f 1754 3187 1790
f 3189 3187 3188
f 1749 3183 1791
f 3241 1791 3183
f 2044 3240 3670
f 3188 1768 3189
f 3189 1768 2042
f 3190 3186 3587
f 1806 3154 3587
f 1760 3186 1762
f 3190 1807 1762
f 1762 3186 3190
f 3191 3190 3587
f 3190 3191 1822
f 3169 3191 3635
f 3635 1710 3169
f 1822 3191 1823
f 1859 1823 3191
f 1741 3192 1711
f 3191 3169 1859
f 1859 1853 1823
f 1859 3192 3845
f 1876 3194 3193
f 1877 3195 3141
f 1879 3141 1886
f 3194 1876 1878
f 1877 3194 1899
f 3195 1877 1899
f 1886 3195 1909
f 1899 1914 3195
f 1886 1909 1882
f 3196 1899 3194
f 1909 1914 3201
f 3196 1878 1900
f 1899 3196 3199
f 1900 3197 3198
f 3197 1900 3114
f 3199 3196 3198
f 3198 3197 1907
f 1902 1903 3197
f 1907 3197 1903
f 1914 1899 3199
f 1907 3199 3198
f 1903 3200 1907
f 1914 3199 3202
f 3202 1907 3200
f 1903 1906 3200
f 3201 1911 1909
f 1911 3201 1919
f 3201 1914 3202
f 3203 3200 1906
f 3885 3203 1916
f 3202 1917 3201
f 1919 3201 1917
f 3203 1917 3202
f 1917 3203 3885
f 3205 1727 3217
f 1729 3205 1989
f 3206 1729 1989
f 3217 3223 3205
f 1738 3206 1959
f 3208 1738 1959
f 1739 3208 1954
f 3226 1954 3208
f 3210 1739 1954
f 3209 1740 1955
f 1740 3210 1955
f 1743 3209 1958
f 3214 1958 3209
f 3207 1959 3206
f 1954 3226 2026
f 1955 3210 2027
f 3214 1955 2027
f 1958 3214 2029
f 3212 3177 1958
f 3211 1957 1960
f 3216 1956 3211
f 1957 3213 1960
f 3212 1958 2029
f 1744 3212 2030
f 3213 1744 2030
f 1954 3788 3210
f 3226 1959 2031
f 2029 3228 3212
f 2030 3215 3213
f 3216 1960 2035
f 3218 1971 3220
f 3204 1984 1922
f 3220 1981 1984
f 1984 1921 3219
f 1984 3219 3220
f 3218 3220 1987
f 1987 3220 3219
f 3219 3222 1987
f 3221 1987 3222
f 3221 3222 2013
f 3218 3223 3217
f 1989 3223 1990
f 3223 3218 1987
f 1990 3223 3221
f 1985 3222 3219
f 3222 2011 2013
f 2013 2012 3224
f 2012 3230 3224
f 3232 3588 2036
f 2016 2137 3697
f 2018 2016 3697
f 2036 2022 3725
f 3236 2023 2024
f 3225 2025 3697
f 2025 2024 2018
f 3207 1989 1990
f 1959 3207 2031
f 2027 3233 3214
f 2033 2026 3226
f 3234 2026 2033
f 3233 2027 2034
f 1956 3216 2028
f 1960 3215 2035
f 2035 3227 3216
f 3228 2029 2038
f 3215 2030 3238
f 3229 1990 3221
f 3229 2031 3207
f 2031 3229 3231
f 2013 3229 3221
f 2032 3230 2014
f 3231 2032 2033
f 3229 3224 3231
f 2032 3231 3230
f 2014 2015 2032
f 2032 2015 2034
f 2038 3232 2036
f 3234 2034 3788
f 2027 3788 2034
f 2029 3233 2038
f 2032 3234 2033
f 3232 3233 2034
f 3235 3589 3227
f 3227 2035 3235
f 2028 3227 3589
f 2035 3237 3235
f 2036 3725 3239
f 3725 3236 2037
f 3238 2038 3239
f 3237 3238 2037
f 3238 3239 2037
f 3225 3589 2025
f 3589 3235 2025
f 2024 2025 3235
f 3235 3237 3236
f 2030 3228 3238
f 3237 2035 3215
f 1791 3241 2039
f 2040 3241 1790
f 2039 3242 2059
f 3241 2040 3242
f 1790 3670 2040
f 2040 3240 2067
f 2067 3242 2040
f 2045 3247 2043
f 2044 3247 3243
f 3242 2067 3244
f 2059 3244 3128
f 3243 3246 2070
f 2065 2066 2060
f 3245 2066 3128
f 2070 3245 3244
f 3636 2060 3245
f 2067 2070 3244
f 2060 3636 3591
f 3636 3245 2070
f 3249 3636 3246
f 3243 3247 3246
f 3247 2045 3248
f 2076 3248 2045
f 2068 3249 2073
f 3246 3248 3249
f 2078 3248 2076
f 2074 3250 2075
f 2075 3250 2137
f 3250 2077 3875
f 3592 3251 3252
f 1956 3252 3251
f 3252 1956 2028
f 2101 3253 2129
f 2075 2137 2016
f 2135 2138 3250
f 2137 3250 2138
f 3697 2137 3255
f 2138 3255 2137
f 2129 3254 2138
f 3255 2138 3254
f 3697 3255 3225
f 3225 3254 3253
f 3253 3256 3225
f 2028 3256 3252
f 3256 3253 2151
f 3589 3256 2028
f 3589 3225 3256
f 3257 3319 3259
f 3322 3258 1638
f 3257 3259 1221
f 3259 1206 1216
f 3258 3257 1221
f 3261 1638 3258
f 1216 1297 1446
f 3260 1221 3259
f 1638 3261 1647
f 3260 1216 3832
f 1221 3260 1448
f 1221 1448 3261
f 3334 3261 1448
f 3699 3263 3264
f 1247 3266 3706
f 3699 3273 3265
f 1250 3266 1247
f 3267 3269 3270
f 3263 3267 3270
f 3699 3267 3263
f 3269 3267 3265
f 3270 3269 1222
f 1225 3268 3272
f 3263 3270 3279
f 3265 1224 3269
f 3271 3263 3279
f 3637 3271 3813
f 1234 3813 1233
f 1224 3272 3269
f 1225 3272 3262
f 3266 1250 3305
f 3700 3303 1224
f 3272 1224 1269
f 3275 1225 3274
f 1225 3275 3268
f 3274 3276 3275
f 3278 3277 3275
f 3268 3277 1231
f 1270 3280 3274
f 3313 3691 3593
f 3275 3276 3278
f 1229 3278 3276
f 1229 3276 1226
f 3280 1226 3276
f 1226 3313 1229
f 3314 3278 1229
f 3278 1295 1230
f 1295 3278 3314
f 3268 1222 3269
f 1222 3268 1231
f 3279 1222 1235
f 3279 1232 3271
f 3271 1232 1233
f 1246 3813 1234
f 1226 3280 1240
f 1270 1241 3280
f 1240 3280 1241
f 1251 3290 3281
f 3281 3282 1251
f 1246 3284 3283
f 1248 3285 3283
f 3281 1247 3283
f 3285 3281 3283
f 3284 3292 1248
f 1249 3285 3286
f 3286 1248 3292
f 1249 3288 3287
f 3288 1249 3286
f 3285 1249 3282
f 1252 3282 1249
f 1249 3291 1252
f 1283 3291 3287
f 3287 3289 1283
f 1247 3290 1250
f 3282 1252 3307
f 1285 3290 1251
f 1286 3307 1252
f 3289 1253 3308
f 1284 3308 1253
f 3284 1246 1234
f 3284 1254 3292
f 3292 3294 3286
f 3292 1254 1255
f 3288 3286 3294
f 3294 1256 3288
f 3293 3287 3288
f 1256 3293 3288
f 3293 1259 3289
f 1260 3289 1259
f 3294 1257 1256
f 3295 1256 1257
f 1259 3293 3295
f 1259 3296 3297
f 3296 1259 3295
f 3298 1260 3297
f 1253 3289 1260
f 1260 3302 1253
f 1268 3302 3298
f 3297 3296 1261
f 3300 3297 1261
f 3297 3300 3298
f 1308 3300 3299
f 3300 1308 3301
f 1262 3301 1308
f 3301 1268 3298
f 1498 3348 3302
f 3311 1268 3301
f 1500 3311 1262
f 1270 3698 1274
f 1224 3265 3700
f 3340 3700 3273
f 3699 3264 3673
f 1269 3303 1273
f 1273 3339 3304
f 1274 3339 1478
f 1275 3303 3700
f 1477 3306 3673
f 1491 3305 1250
f 1271 3305 1477
f 3341 1477 3305
f 3303 1275 3342
f 1491 3341 3305
f 3309 1250 3290
f 1251 3307 1285
f 1252 3291 1286
f 3310 1286 3291
f 1493 3310 1283
f 1283 3308 1493
f 1250 3309 1491
f 3307 1286 3344
f 1495 3309 1285
f 1285 3344 1495
f 1492 3344 1286
f 1286 3310 1492
f 3308 1284 3345
f 1253 3302 1284
f 3348 1284 3302
f 1268 3311 1498
f 1262 3312 1500
f 3726 3313 3593
f 1229 3313 3314
f 3726 3314 3313
f 3314 1298 1295
f 1298 3314 3726
f 1299 3316 3319
f 3315 1299 1302
f 3319 3316 1206
f 1206 3316 3317
f 3317 1297 1216
f 1297 3317 1294
f 3318 1299 3319
f 1299 3318 1301
f 3319 1303 3318
f 3319 3257 1303
f 1301 3318 1305
f 3321 1305 3320
f 3320 3318 1303
f 3257 3258 1303
f 3322 1303 3258
f 3321 3320 3322
f 1746 1305 3321
f 3325 3323 3299
f 3324 1308 3323
f 1262 1308 3324
f 3323 3325 1309
f 1314 3312 3324
f 1309 1317 3326
f 1309 3327 3323
f 3327 3324 3323
f 1310 3327 3326
f 3327 1310 3328
f 1311 3328 1310
f 3324 3328 1314
f 1566 3312 1314
f 3332 1314 3328
f 1331 3332 1311
f 3329 3326 1317
f 3329 1319 3701
f 1310 3329 3674
f 3329 1310 3326
f 3674 3329 3701
f 1321 3331 3674
f 3674 3701 3330
f 1774 3330 3638
f 3674 3330 1321
f 1570 3331 1321
f 3312 1566 3350
f 1314 3332 1566
f 3332 1331 3387
f 1311 3331 1331
f 3388 1331 3331
f 1321 3333 1570
f 3389 1570 3333
f 1218 1445 1446
f 1445 1576 3391
f 1446 1445 3391
f 1448 3335 1450
f 3334 1448 1450
f 1647 3334 1891
f 1475 3337 3335
f 1450 3336 3334
f 3338 3336 1476
f 1891 3336 1924
f 1450 3337 1476
f 3338 1924 3336
f 1273 3342 1502
f 3339 1273 1502
f 3352 1478 3339
f 3353 1275 3340
f 3340 3792 1479
f 1480 3343 3306
f 1494 3341 1491
f 1477 3341 1480
f 1478 3352 3362
f 3353 1479 1505
f 1503 3342 1275
f 1506 3343 1480
f 3341 1494 3354
f 1536 3354 1494
f 1275 3353 1503
f 3342 1503 3355
f 1479 3343 1505
f 1480 3354 1506
f 3343 1506 1505
f 3309 1495 3346
f 3310 1493 3347
f 1491 3346 1494
f 1533 3344 1492
f 1492 3347 1533
f 1534 3347 1493
f 1535 3345 1284
f 1493 3345 1534
f 3344 1533 3370
f 1494 3346 1536
f 3372 3702 3374
f 3346 3702 1536
f 3345 1535 3371
f 1499 3348 1498
f 1284 3348 1535
f 3351 1535 3348
f 1498 3349 1499
f 1544 3351 1499
f 1499 3349 1544
f 3594 3349 1500
f 1500 3350 3594
f 1545 3349 3594
f 3349 1545 3377
f 3352 1502 1504
f 1502 3355 1504
f 3362 3352 3356
f 3358 1507 3353
f 3354 1536 3357
f 1507 3355 1503
f 1504 3766 3356
f 1503 3353 1507
f 1509 3360 1505
f 1506 3357 1509
f 3639 1509 3357
f 3355 1507 3857
f 1507 3358 1508
f 3857 1507 1508
f 3359 1508 3358
f 1508 3359 3367
f 3857 1508 3367
f 1505 3360 3358
f 3358 3360 3359
f 1510 1509 3639
f 3360 1509 3361
f 3361 3675 3360
f 1509 1510 3361
f 3362 1511 1488
f 3362 3363 1511
f 3363 3362 3356
f 3356 3766 3703
f 3363 3356 3744
f 1511 3363 3364
f 3744 3365 3364
f 1531 1521 3703
f 1521 1531 3847
f 3364 3365 3366
f 1521 1524 3365
f 3367 1531 3857
f 1531 3369 3847
f 3368 3369 3367
f 3367 3359 3368
f 3368 3675 1528
f 3369 3368 1525
f 1532 3369 1525
f 3675 3361 1526
f 1510 1527 1526
f 3373 1533 3347
f 1537 3370 1533
f 3370 1537 3374
f 1533 3373 1537
f 1534 3371 1539
f 1554 3371 1535
f 3372 3639 1536
f 1537 3373 3376
f 1539 3376 3373
f 3372 3374 1538
f 1537 1538 3374
f 3639 3372 3378
f 3639 3378 1510
f 3379 3378 1538
f 3375 1538 1537
f 1538 3375 3379
f 1537 3376 3375
f 3640 3376 1539
f 3351 1544 1554
f 3385 1554 1544
f 1555 3377 1545
f 1544 3377 3385
f 3377 1555 3386
f 3378 1548 1527
f 1549 3379 3375
f 1548 3379 1549
f 3380 3371 1554
f 3380 1539 3371
f 3375 3381 1549
f 3376 3640 3381
f 1553 3640 3380
f 1551 3382 1552
f 3640 1553 3382
f 1552 3382 1553
f 1552 3384 1602
f 1554 3383 3380
f 1556 3383 3385
f 3383 1553 3380
f 3385 3386 1556
f 3383 1556 3384
f 1605 1556 3386
f 3641 3350 1566
f 1566 3387 3641
f 3350 3641 3594
f 1567 3387 1331
f 1599 3387 1567
f 3387 1599 3397
f 1571 3388 1570
f 1331 3388 1567
f 3390 1567 3388
f 1567 3390 1599
f 1608 3390 1571
f 1570 3389 1571
f 2049 3389 1794
f 1571 3389 1608
f 3389 2049 3873
f 3391 1576 3392
f 3366 1579 1523
f 1524 3366 3365
f 1579 3366 1582
f 3366 1578 1582
f 1475 3392 3337
f 3392 1576 3595
f 3337 3392 1586
f 1585 3393 1584
f 3393 3595 1584
f 1590 3393 1585
f 1586 3394 3337
f 1590 1586 3393
f 1476 3394 3338
f 2063 3394 3395
f 1590 1591 3395
f 1590 3395 1586
f 2063 3338 3394
f 2063 3395 1595
f 2061 3338 2063
f 1595 2062 2063
f 1545 3396 1555
f 1606 3397 1599
f 3641 3397 3398
f 3397 1606 3401
f 1555 3396 3398
f 1555 3596 3386
f 1556 1605 1604
f 3386 3596 1605
f 1604 1605 3798
f 3596 3402 3399
f 3402 3596 3398
f 3727 3402 3400
f 1612 3727 3400
f 3398 3401 3402
f 3400 3402 3401
f 3390 1608 3403
f 1611 3403 1608
f 1599 3403 1606
f 2084 3873 2080
f 1608 3873 1611
f 3873 2084 1611
f 3404 1606 3403
f 3404 3403 1611
f 1612 3405 1613
f 1606 3406 3401
f 3401 3406 3400
f 3407 3406 3404
f 3728 3405 3407
f 3406 3407 3405
f 3404 1611 3407
f 3408 3407 1611
f 3408 3728 3407
f 3408 1611 2084
f 3646 3728 3408
f 1638 3409 3322
f 1637 3412 3410
f 3412 1637 1648
f 1637 3409 1648
f 3411 1648 3409
f 3410 3412 1652
f 3419 3410 1652
f 1767 3419 1655
f 3411 1638 1647
f 1648 3411 1649
f 3413 1652 3412
f 3413 1648 1649
f 1647 3473 3411
f 1652 1655 3419
f 3415 3321 3414
f 3414 3321 3322
f 3409 1637 3414
f 1753 3415 3416
f 3414 3416 3415
f 3416 3414 1637
f 3815 3416 1755
f 1755 1637 3410
f 3815 1756 1750
f 3745 1755 3410
f 1761 3745 1764
f 3745 3410 3419
f 3417 3418 1762
f 3418 1808 1765
f 1808 3418 3417
f 1764 3745 1767
f 3419 1767 3745
f 3420 3638 1769
f 3420 1770 1771
f 3421 3638 3420
f 3421 3420 3799
f 1780 3790 3421
f 1771 1775 1782
f 1771 1782 3422
f 1785 3422 1782
f 3421 3799 1780
f 1799 3790 1780
f 3423 1782 1775
f 1783 3425 1781
f 3424 1782 3423
f 3424 1785 1782
f 1789 3427 3424
f 1783 1786 3425
f 3423 1781 3424
f 3426 3642 1841
f 3424 3426 1789
f 3426 1841 3428
f 2056 3427 1789
f 1780 3789 1799
f 2050 3480 1799
f 1785 3427 3791
f 3483 3791 3427
f 1789 3428 2056
f 3417 1762 1807
f 3429 1810 1808
f 3429 3417 3430
f 3429 3430 1811
f 3429 1809 1810
f 1809 1813 1810
f 1811 3430 1812
f 1809 3429 1811
f 1814 1809 3431
f 3432 3436 3431
f 1812 3430 1822
f 1814 1817 1813
f 1817 1814 1815
f 1814 3433 1815
f 3433 1814 3431
f 3436 3433 3431
f 1815 3433 3438
f 1819 3439 3704
f 1819 3704 3768
f 1822 1823 1812
f 1812 1823 3434
f 3434 1823 1853
f 3446 1812 3434
f 3432 1812 3446
f 3436 3437 3433
f 3438 3433 3437
f 3767 1815 3438
f 3438 3440 3767
f 3439 3767 3440
f 3443 3440 3438
f 3440 3443 3442
f 3440 1833 3439
f 3704 3439 1833
f 1816 3704 3441
f 3444 3704 1833
f 1833 3440 3442
f 3441 3444 3463
f 3443 3437 1835
f 3437 3435 1835
f 3442 1834 1833
f 3444 1833 1834
f 3463 3444 3445
f 3447 1836 3443
f 3442 3443 1836
f 3448 3442 1836
f 1834 3449 3444
f 3446 1858 3432
f 3436 3432 1858
f 1834 3448 3449
f 3445 3449 1852
f 3447 1835 1862
f 3448 1836 1863
f 3747 3450 1840
f 3452 3450 1837
f 1816 3441 3462
f 1838 3462 3461
f 1842 1838 3461
f 3461 3746 1842
f 3452 1839 3454
f 1839 3746 3454
f 3450 3452 3451
f 3453 3451 3452
f 3453 3452 3454
f 3454 3746 1850
f 3465 3453 3454
f 3451 3453 3644
f 3451 1840 3450
f 3425 3455 3642
f 3456 3642 3455
f 3457 1841 3642
f 3455 1840 3456
f 3457 3642 3456
f 1848 3460 3457
f 3451 3458 1840
f 3458 3451 3644
f 3456 3459 3457
f 3458 3644 3459
f 1873 3459 3644
f 3457 3459 1848
f 3459 1873 3469
f 3644 3466 1873
f 1868 3460 1848
f 2117 3428 1841
f 3462 3441 3463
f 3461 3462 1849
f 3463 1849 3462
f 1850 3461 3464
f 3464 1849 3676
f 3453 3465 1851
f 1869 3466 1851
f 3445 3468 3463
f 1849 3468 3676
f 3468 3445 1852
f 3470 1869 3467
f 3468 1852 1872
f 3471 1852 1874
f 3446 3434 1860
f 1858 3446 3769
f 3435 1858 1861
f 1835 3435 1862
f 1836 3447 1863
f 3449 3448 3645
f 1852 3449 3645
f 3502 1862 3435
f 3503 1863 3447
f 1841 3460 2117
f 1848 3469 1868
f 1875 3469 1873
f 3511 1868 3469
f 3428 2117 3484
f 2126 3511 1875
f 3464 3676 1871
f 2125 3470 1871
f 1871 3748 2125
f 1869 3470 1870
f 3472 1873 3466
f 3472 3466 1870
f 1873 3472 1875
f 3514 2124 3471
f 3470 2125 3515
f 1872 3471 2124
f 1870 3515 2123
f 3516 2125 3748
f 1875 3472 2126
f 3472 1870 2123
f 3473 1647 1891
f 1649 3473 1925
f 3474 1925 3473
f 1649 3475 3413
f 1652 3413 3677
f 3475 1649 1925
f 3677 3475 1926
f 1925 3476 3475
f 3677 1926 1896
f 3474 1891 1924
f 1925 3474 3478
f 3476 1925 3478
f 1926 3476 3479
f 2061 1924 3338
f 3477 3478 3474
f 3477 1924 2061
f 3479 3476 1927
f 3478 1927 3476
f 3479 2072 1926
f 3488 3479 1927
f 1794 3480 2049
f 2049 3481 2080
f 3480 2050 3481
f 2089 3481 2050
f 3483 2058 3811
f 2061 3485 3477
f 3485 2061 2063
f 2062 3485 2063
f 3477 3485 2069
f 3485 2064 3487
f 2069 3478 3477
f 1927 3478 2069
f 3485 3487 2069
f 3486 2069 3487
f 3488 1927 3486
f 3486 3487 2068
f 3488 2072 3479
f 2072 3488 2074
f 2068 2073 3489
f 2074 3488 2077
f 3489 2077 3488
f 3481 2089 3491
f 2080 3491 2084
f 2050 3482 2089
f 3492 2084 3491
f 3492 3491 2089
f 2086 2085 3646
f 2084 3493 3408
f 2087 3493 3492
f 2089 3495 3492
f 2086 3494 2088
f 3492 3495 2087
f 3496 2087 3495
f 3496 3495 2095
f 3494 2087 3496
f 2058 3887 2099
f 3497 2095 2099
f 3824 3498 2096
f 3494 3499 3498
f 3499 3494 3496
f 3498 3499 2097
f 2095 3499 3496
f 2097 3499 3497
f 2099 3500 3497
f 2096 3498 2097
f 2100 3500 2176
f 2098 3501 2094
f 3501 2098 2100
f 2177 3501 3537
f 2100 3535 3501
f 3497 3500 2097
f 2100 2097 3500
f 3769 1860 2109
f 1861 3769 2110
f 3506 2109 2111
f 3506 2110 3769
f 3502 1861 2110
f 3507 2112 3502
f 1862 3502 2112
f 3503 1862 2112
f 1863 3503 2113
f 3504 1863 3597
f 3505 3504 2114
f 3508 2114 3597
f 3507 2110 2152
f 3598 2112 2153
f 3508 2113 2157
f 3509 2114 3530
f 2121 3484 2117
f 3510 1868 2122
f 3511 2126 3513
f 3484 2121 3887
f 2165 3887 2121
f 3534 3512 2122
f 2166 3513 2126
f 3514 3471 2127
f 2124 3514 2182
f 3516 2124 2182
f 2181 3515 2125
f 2123 3515 2179
f 3541 2179 3515
f 2125 3516 2181
f 2123 3517 3472
f 3517 2123 2179
f 2127 3543 3514
f 3543 2127 2180
f 3518 2101 2129
f 2101 3518 2111
f 2139 3825 3490
f 3825 3519 3490
f 3518 2129 3519
f 3825 2140 3520
f 3522 3521 2148
f 3521 2146 2148
f 2148 3772 2154
f 2147 3525 2154
f 2149 3528 3525
f 3529 2145 3545
f 3518 3523 2111
f 2110 3506 2152
f 3523 2152 3506
f 3523 3518 3520
f 2112 3507 2153
f 2113 3598 2157
f 2114 3508 3530
f 2127 3509 2180
f 2157 3531 3508
f 2152 3523 3522
f 3524 2152 3522
f 3524 2153 3507
f 2153 3524 2155
f 3524 3522 2148
f 3526 2154 3525
f 3526 3525 2156
f 3527 2153 2155
f 2148 2154 2155
f 3527 2155 3526
f 3527 3526 2156
f 3525 3528 2156
f 2150 3529 3528
f 3528 3529 3647
f 3529 3545 2188
f 2157 3598 3527
f 3531 2157 3527
f 3530 2188 2180
f 3530 3531 3647
f 2188 3530 3647
f 2176 3500 2165
f 2121 3512 2165
f 2165 3512 2176
f 2122 3513 3534
f 2169 3537 3532
f 2169 3532 2174
f 3545 2173 2184
f 2172 3544 2173
f 2173 3544 2184
f 2174 3532 2175
f 2172 2185 3544
f 3533 2178 3540
f 2178 3533 3532
f 2175 3532 3533
f 2176 3512 3534
f 3535 2100 2176
f 3501 3535 3536
f 3536 3535 3534
f 3539 3536 3534
f 3536 3537 3501
f 3539 2178 3536
f 3532 3537 2178
f 3536 2178 3537
f 3538 3540 2179
f 3542 2181 3516
f 2183 3541 2181
f 3542 2182 2187
f 2181 3542 2183
f 2126 3517 2166
f 3540 2166 3517
f 3546 2183 3542
f 2179 3541 3538
f 3547 3538 3541
f 2186 2184 3544
f 2186 3544 2185
f 3545 3548 2188
f 3546 3548 2184
f 3545 2184 3548
f 3538 3547 3533
f 3533 3540 3538
f 3547 2175 3533
f 3547 2186 2185
f 2186 3547 2183
f 2182 3543 2187
f 3548 2187 3543
f 3548 2180 2188
f 3546 3542 2187
f 2187 3548 3546
f 3833 7 2192
f 3549 2212 2209
f 26 2221 27
f 2216 2222 2217
f 2197 3 3889
f 63 2232 2276
f 2237 2242 2243
f 2250 2251 2252
f 2300 279 281
f 3602 3707 2308
f 333 2275 2326
f 360 3550 361
f 3681 550 552
f 3551 3605 3752
f 2409 849 2444
f 804 3552 806
f 3552 805 807
f 3552 807 2427
f 825 3553 371
f 826 3554 3553
f 2436 3555 3607
f 844 845 839
f 905 858 3557
f 3557 3556 927
f 2458 3558 2463
f 842 917 2470
f 3559 935 2438
f 2490 3685 181
f 2508 128 2533
f 142 157 166
f 157 145 166
f 3561 2525 3732
f 164 2525 2527
f 2519 374 2568
f 3611 130 2534
f 2520 132 2537
f 329 2503 122
f 311 359 2562
f 360 3863 364
f 3689 403 2582
f 3564 400 451
f 3565 500 498
f 3618 498 500
f 2613 514 510
f 794 2632 2634
f 2636 600 2637
f 2638 648 2693
f 698 691 699
f 2655 693 694
f 2664 755 2682
f 2689 2686 827
f 830 3554 833
f 964 3566 511
f 3615 3567 3566
f 760 3568 1060
f 3568 1081 1060
f 3569 2747 3812
f 170 175 171
f 2758 392 2784
f 3570 2763 211
f 221 2777 3735
f 442 2785 3571
f 3662 2796 2804
f 737 734 738
f 3573 2832 2831
f 3620 2857 2855
f 966 3567 970
f 3575 2891 2886
f 3576 1097 1337
f 3578 2959 2957
f 3579 1678 3858
f 766 3580 2846
f 1724 2975 2990
f 1084 3628 3580
f 3630 1175 3693
f 1129 3582 3054
f 1129 3033 3582
f 3892 3071 1371
f 1575 3584 1576
f 3595 1576 3584
f 3595 3584 1580
f 3133 3634 3132
f 3138 1627 1626
f 1694 1680 1683
f 3585 1715 3172
f 3174 3586 3168
f 3060 3810 3179
f 3810 1745 1748
f 3587 3635 3191
f 1903 3581 1906
f 2010 3588 2015
f 2015 3588 3232
f 2065 3590 1594
f 2060 3591 3590
f 2078 2076 3490
f 2078 3490 3875
f 3592 2101 1853
f 3592 2151 2101
f 3295 1266 3296
f 3296 1307 1261
f 1258 1267 1266
f 3325 3846 1309
f 1545 3594 3396
f 3595 1586 3392
f 1775 1776 3423
f 3505 3645 3504
f 3460 1868 3510
f 2064 3591 2068
f 3508 3597 2113
f 2121 3510 3512
f 2229 3599 52
f 2189 3600 2198
f 5 2208 55
f 21 2219 23
f 26 27 28
f 32 36 2224
f 2268 2198 235
f 2198 2268 52
f 2198 3600 235
f 2230 3600 2197
f 3600 2230 235
f 2244 5 55
f 517 2250 515
f 64 2277 249
f 3602 3705 2286
f 277 2299 2285
f 2287 2285 2299
f 282 283 2304
f 2318 287 2283
f 3707 2304 2308
f 2305 2310 2312
f 2318 2320 2319
f 309 3603 3851
f 2274 2275 333
f 2331 2333 2332
f 3550 3851 361
f 3604 368 364
f 2338 368 3604
f 2337 369 365
f 2337 2345 370
f 2379 573 574
f 2393 3605 3551
f 3606 619 594
f 619 3606 623
f 2433 2434 821
f 826 825 2435
f 3554 3607 833
f 833 3607 838
f 3555 838 3607
f 2437 944 2439
f 2455 3683 3652
f 2455 3652 879
f 3608 880 2455
f 3558 894 2460
f 2461 3558 2460
f 2462 2465 2463
f 921 3557 927
f 2477 3609 2478
f 932 933 2482
f 3685 2485 181
f 140 2523 2513
f 129 3611 2519
f 127 3560 133
f 3560 3562 3561
f 3562 3560 2517
f 2519 3611 374
f 3611 2534 374
f 2537 131 2520
f 2539 3563 2538
f 2538 2773 219
f 3612 2547 2549
f 310 2555 2556
f 2559 329 2561
f 360 364 2564
f 406 3613 380
f 411 412 2585
f 2597 2589 2598
f 2613 2618 514
f 971 967 2621
f 2625 2629 537
f 717 2638 759
f 2693 759 2638
f 2646 3734 668
f 692 3658 696
f 697 2654 2656
f 2691 830 832
f 3614 835 834
f 925 2696 2695
f 2701 2702 3656
f 3567 2706 970
f 2704 2705 2706
f 2705 972 2702
f 1081 2717 2718
f 2719 925 2695
f 1057 1053 2733
f 2739 2741 2742
f 2740 2742 2741
f 2743 2744 1085
f 163 3569 2758
f 2761 3570 3837
f 3570 3881 3837
f 3570 2762 2763
f 2758 3569 392
f 3616 394 2783
f 3571 443 2789
f 3571 2789 448
f 2796 2797 2804
f 3617 451 400
f 3617 2798 451
f 3572 2794 2802
f 481 2811 508
f 506 509 505
f 3619 2817 651
f 3619 2822 2821
f 652 3619 2821
f 2821 658 660
f 3573 2848 2832
f 3719 2841 733
f 741 2845 742
f 2854 3620 959
f 3620 2854 968
f 2871 1083 3621
f 1015 2863 1084
f 3623 1086 1014
f 3622 2867 2869
f 2889 1103 1095
f 2898 1160 3576
f 3784 3576 1160
f 3827 2770 2787
f 1099 1342 2899
f 2902 3624 1200
f 3625 2905 2906
f 3626 2906 2907
f 2902 3627 3624
f 2912 3627 2909
f 3624 3627 2910
f 3627 2912 1442
f 1456 2936 1459
f 2941 3785 1465
f 2948 3577 3667
f 3578 2964 2959
f 2960 2961 2962
f 2842 741 2847
f 3580 1936 2846
f 3671 2983 3581
f 3581 2983 3737
f 1906 3581 3737
f 2988 3737 2986
f 1936 3628 2990
f 1724 2990 1938
f 2865 1996 3628
f 2990 3628 1996
f 3002 1938 2990
f 1721 1728 1988
f 3037 1098 1162
f 1125 3630 1171
f 3630 3693 1171
f 3046 1202 1203
f 1203 3821 1214
f 3046 1203 1214
f 3583 1294 1291
f 3631 3059 3060
f 3632 3099 3089
f 1400 3099 3100
f 3110 1454 3109
f 3121 1578 1574
f 3584 3120 1580
f 1585 1584 1592
f 3126 1591 1587
f 3667 3633 3132
f 3137 3634 1618
f 1619 3634 3137
f 3635 3155 1710
f 1687 1707 1708
f 3167 3168 3586
f 1711 3586 1741
f 3211 3586 3174
f 1741 3211 1956
f 3810 1753 3181
f 3587 3154 3635
f 3251 1741 1956
f 2015 3232 2034
f 3240 3243 2067
f 2060 2066 3245
f 3591 3636 2068
f 2068 3636 3249
f 3319 1206 3259
f 3637 3813 3706
f 3262 3272 1269
f 3283 3284 1248
f 3336 1450 1476
f 3639 3357 1536
f 3368 1528 1525
f 1539 3373 1534
f 3372 1538 3378
f 3640 1539 3380
f 3594 3641 3396
f 3595 3393 1586
f 3596 3399 1605
f 2085 3728 3646
f 3642 1781 3425
f 3642 3426 1781
f 3435 3437 3436
f 3444 3449 3445
f 3644 3453 1851
f 3465 3464 3467
f 3464 3465 1850
f 3645 3448 3504
f 1852 3645 1874
f 3645 3505 1874
f 2068 3489 3486
f 2086 3646 2087
f 2087 3646 3493
f 3597 1863 2113
f 3597 2114 3504
f 2112 3598 3503
f 2117 3510 2121
f 1868 3511 2122
f 3510 2122 3512
f 3471 1874 2127
f 2154 3526 2155
f 3647 2156 3528
f 3529 2188 3647
f 3647 3531 2156
f 3540 3539 2166
f 3513 2166 3539
f 2178 3539 3540
f 12 3649 2204
f 11 2206 9
f 2206 11 10
f 2277 3679 65
f 55 3650 2244
f 3651 259 2267
f 2328 343 344
f 2381 625 2406
f 2376 629 2409
f 2386 632 633
f 819 2434 2433
f 881 885 2457
f 884 908 2464
f 100 101 96
f 3653 2523 140
f 3653 143 154
f 158 157 142
f 332 2557 2559
f 411 3613 2591
f 3713 3715 409
f 2600 439 2599
f 2656 704 708
f 687 3657 682
f 3657 698 752
f 2674 2675 725
f 3659 695 2676
f 3553 830 2688
f 1030 1031 1034
f 2721 2743 1085
f 171 3661 1104
f 3661 198 1114
f 3663 500 501
f 3663 504 505
f 500 3663 3618
f 729 730 737
f 745 2840 744
f 1101 3664 1105
f 3665 1189 1111
f 3665 2894 1189
f 1104 3661 1114
f 2945 3666 2943
f 1130 1112 1136
f 1149 1130 1136
f 1226 1227 3691
f 1632 1633 1634
f 1630 1633 1632
f 3668 1680 1694
f 3151 3669 1683
f 3669 1681 1684
f 1679 3668 1696
f 3668 1694 1730
f 3187 3189 3670
f 1902 3671 3581
f 3797 3672 2012
f 3672 2008 2014
f 3672 2014 3230
f 2020 2021 2022
f 2019 2018 2024
f 3822 1267 1258
f 3264 1271 3673
f 1311 3674 3331
f 1318 1323 1322
f 1516 3675 1529
f 1529 3675 1526
f 1574 1578 1577
f 1601 1602 1604
f 1601 1604 1603
f 1786 3747 3455
f 3470 3467 1871
f 3676 1872 3748
f 1652 3677 1655
f 2193 1 3678
f 2 3678 2197
f 2204 3649 2202
f 76 3649 5
f 3678 3888 3
f 2197 3678 3
f 3679 2219 24
f 2225 2226 36
f 52 3599 2198
f 23 3679 64
f 2277 64 3679
f 238 3889 2234
f 515 2252 3601
f 3680 2255 3773
f 2244 3650 110
f 3650 2274 317
f 3651 261 2285
f 3650 55 244
f 3651 2285 2287
f 2349 515 3601
f 2363 540 544
f 544 545 2366
f 2367 3681 2365
f 571 3814 2375
f 2372 574 2377
f 588 2379 572
f 2410 2386 633
f 2414 2365 2416
f 3681 2416 2365
f 3684 892 2459
f 892 3684 897
f 2464 3684 2465
f 3684 2464 897
f 2475 897 2464
f 2476 930 897
f 33 3685 2489
f 2499 109 3754
f 2508 2506 2505
f 2506 2508 2485
f 2506 3686 2505
f 129 2519 128
f 3687 125 2512
f 3687 2510 125
f 2520 3687 2509
f 2485 2521 2506
f 2522 2506 2521
f 2522 138 2506
f 3686 2506 134
f 2514 3653 141
f 130 2535 375
f 2549 3688 3612
f 3654 434 311
f 2563 3550 360
f 374 2574 382
f 2569 381 3689
f 403 3689 381
f 411 2591 412
f 495 489 2611
f 2610 2611 489
f 688 691 3657
f 2664 2663 755
f 2654 3658 713
f 710 2666 3658
f 1074 3660 1081
f 3690 2755 2752
f 163 2758 162
f 3827 2771 3812
f 3662 466 3839
f 481 2781 2807
f 2834 734 730
f 3718 2835 3719
f 3621 768 2849
f 984 976 973
f 1121 2893 1111
f 3666 2945 1889
f 1905 3666 1901
f 3739 3743 3023
f 3020 3022 3010
f 3011 1112 1130
f 3741 1132 1133
f 1296 1292 3056
f 3058 3692 3059
f 1175 3040 1351
f 1397 3068 1349
f 3078 1389 1375
f 1451 3694 3106
f 3109 1459 3695
f 1463 3695 1459
f 1464 3695 1463
f 3110 1465 1468
f 3694 1451 1454
f 1326 3764 1559
f 3696 3884 1614
f 3669 3152 1681
f 3181 1750 1752
f 3187 3670 1790
f 2044 3670 3189
f 1921 1985 3219
f 3697 2025 2018
f 3670 3240 2040
f 1247 3706 1246
f 3274 3698 1270
f 3304 3698 3262
f 3265 3273 3700
f 3273 3699 3673
f 3700 3340 1275
f 1477 3673 1271
f 3674 1311 1310
f 3701 3638 3330
f 1495 3702 3346
f 1495 3370 3702
f 3374 3702 3370
f 3702 3372 1536
f 3356 3703 3744
f 3365 3744 1521
f 1531 3703 3766
f 3727 3399 3402
f 3415 1748 1746
f 3638 3701 1769
f 1785 3791 3789
f 1783 1781 3423
f 3455 3425 1786
f 3455 3747 1840
f 3432 3431 1811
f 3704 3444 3441
f 3450 3747 1843
f 1816 3462 1838
f 1872 3676 3468
f 1872 1852 3471
f 3510 2117 3460
f 1874 3505 3509
f 3530 2180 3509
f 2525 3562 2527
f 2637 600 615
f 726 2674 725
f 2271 240 2289
f 3705 240 2286
f 2379 574 2372
f 3685 62 2489
f 131 3687 2520
f 2701 3656 950
f 2747 2757 3812
f 660 3840 2821
f 3078 1375 3076
f 3637 3706 3264
f 3706 3266 1271
f 3482 2095 3495
f 1874 3509 2127
f 3707 2303 2304
f 2414 3708 2481
f 935 3708 936
f 3709 874 881
f 3710 876 884
f 3709 881 3795
f 875 3710 883
f 3710 884 889
f 3711 903 3862
f 904 3711 909
f 3712 404 2579
f 3715 3713 416
f 417 428 3715
f 416 3713 421
f 427 3714 428
f 428 430 3715
f 3716 2650 3656
f 689 699 691
f 866 641 858
f 1033 1032 1036
f 3717 2747 3569
f 672 728 729
f 731 3718 734
f 739 3719 740
f 740 3719 735
f 3893 3739 3018
f 3031 3720 1125
f 3739 3023 3032
f 3721 1149 1147
f 1131 3721 1147
f 3786 1141 1138
f 3016 3722 1170
f 1170 3722 1348
f 3722 1366 1348
f 3723 1395 3078
f 1428 1429 3104
f 3104 1432 1431
f 1575 3105 3120
f 1689 1691 1690
f 1913 3724 1912
f 3724 2007 1921
f 3724 3204 1912
f 2008 2009 2010
f 2008 2010 2014
f 2021 3725 2022
f 3725 2023 3236
f 3315 3787 3593
f 1602 1597 1552
f 1597 1602 1601
f 1597 1562 1568
f 1600 3727 1610
f 1610 3727 1612
f 3728 2085 2082
f 1845 1837 1843
f 2093 3771 2098
f 2 2191 2193
f 101 2253 96
f 357 309 3851
f 2336 2340 492
f 515 2349 2347
f 3729 2356 2354
f 3730 2361 542
f 2364 3730 2363
f 3730 2364 2362
f 3775 2373 3814
f 2377 575 534
f 572 2376 630
f 596 617 3753
f 935 2481 3708
f 3708 552 936
f 2450 868 927
f 2502 123 3731
f 2501 2557 3731
f 332 3731 2557
f 3731 2558 2502
f 2504 2518 3611
f 2532 3732 2525
f 490 2547 234
f 369 373 372
f 2575 3733 2585
f 382 2574 3712
f 3712 407 382
f 602 2637 614
f 663 2644 3834
f 3716 3656 947
f 3734 2674 667
f 758 3803 1005
f 1004 2716 1056
f 1005 2738 1059
f 1044 2721 2722
f 2747 3717 2753
f 3717 2749 2753
f 2772 3735 230
f 2805 1377 463
f 2806 481 508
f 2894 3736 1189
f 1190 3736 1197
f 3736 1190 1189
f 1720 1673 2965
f 3740 3017 3019
f 3741 1133 3021
f 3742 3893 3021
f 3720 3022 3017
f 3720 1098 3022
f 3742 3743 3739
f 3743 3742 3786
f 1128 3739 3032
f 1164 3067 3856
f 3044 1191 1194
f 3315 1302 3787
f 3723 3078 3076
f 1388 3723 3075
f 1406 1426 1420
f 3306 1477 1480
f 3745 3815 1755
f 3790 1774 3421
f 3746 3461 1850
f 3748 1872 2124
f 2140 3521 3849
f 2174 2175 2185
f 3621 1017 2871
f 517 515 2347
f 733 2841 741
f 2770 1339 2787
f 1906 3737 2988
f 1750 3416 3815
f 3435 3436 1858
f 3715 430 409
f 1971 2995 3000
f 2020 2022 3588
f 1843 3747 1787
f 1839 1837 1845
f 3676 3748 1871
f 2648 3716 684
f 3803 1004 1056
f 2991 1728 3858
f 1971 3000 1983
f 3743 3026 3023
f 1296 3056 3692
f 3273 3673 3792
f 3744 3703 1521
f 3450 1843 1837
f 87 89 92
f 87 92 90
f 264 3749 2293
f 286 296 298
f 3750 2362 2413
f 574 3751 575
f 584 3751 576
f 3751 584 562
f 3752 601 605
f 609 3753 597
f 97 100 95
f 2495 3754 107
f 213 2542 2547
f 2651 3756 3853
f 702 692 696
f 751 702 707
f 757 3757 2671
f 944 918 843
f 983 3880 3882
f 3758 1023 1033
f 1021 3758 3759
f 3759 3758 1035
f 174 169 178
f 677 2772 3855
f 670 2824 671
f 671 3760 670
f 670 3760 673
f 3760 686 673
f 2826 3574 949
f 3761 1065 3842
f 1076 3761 1078
f 3761 3842 1079
f 1372 3762 1373
f 1376 3762 1377
f 1373 3762 1379
f 2944 3785 1470
f 1988 2991 2994
f 3764 3065 3119
f 1415 3765 1416
f 1416 3765 1427
f 3155 1686 1701
f 3672 2001 2008
f 2002 2003 2019
f 1999 3672 3797
f 3333 1794 3389
f 1563 1597 1601
f 1799 3789 3793
f 3480 3790 1799
f 3768 1816 1820
f 1832 3768 1820
f 1838 1846 1820
f 3746 1839 1842
f 1842 1839 1844
f 2055 3770 3771
f 2081 2088 3770
f 3772 2131 2147
f 2141 3772 2146
f 2147 2142 2149
f 2147 2149 3525
f 2253 3773 2254
f 3773 2253 3680
f 2255 2258 2256
f 3773 2263 2254
f 3749 2273 2293
f 3851 3859 361
f 3604 2336 2338
f 2379 3776 572
f 3776 2381 629
f 3752 3605 601
f 3778 3652 3683
f 3779 868 2451
f 3779 2471 3780
f 2471 3779 2453
f 3754 2495 108
f 3781 3610 2504
f 213 2547 3612
f 404 3755 2579
f 413 3713 409
f 3756 602 3782
f 711 3782 717
f 2639 661 3655
f 3756 2635 602
f 2683 2710 1004
f 3783 1058 2738
f 3783 1056 2737
f 2734 3783 1057
f 3855 2806 681
f 3574 2853 2855
f 969 2859 2858
f 1160 2770 2757
f 3812 2757 2770
f 2891 2893 1120
f 2898 1337 1340
f 1469 3785 2944
f 3785 2942 1470
f 735 733 2843
f 2994 2991 1939
f 3021 1137 3742
f 3016 3856 3722
f 3787 1292 3726
f 3788 1954 2026
f 1922 1984 1981
f 3272 3268 3269
f 1291 3316 3315
f 3318 3320 1305
f 3792 3306 1479
f 3789 3422 1785
f 1774 3790 1794
f 3480 1794 3790
f 1858 3769 1861
f 1860 3769 3446
f 3775 2359 2360
f 3551 3752 592
f 2849 767 3621
f 3577 2905 1616
f 3273 3792 3340
f 3775 3814 3802
f 2381 3776 2374
f 3785 1469 1465
f 1676 2971 2974
f 3766 1504 3857
f 1799 3793 2050
f 870 3778 3777
f 3778 870 3652
f 3667 3577 1616
f 3774 2258 2257
f 3775 2360 3682
f 2373 3775 3682
f 3754 109 107
f 1326 1559 1574
f 3789 3791 3793
f 539 542 2361
f 3811 3643 3483
f 2347 2349 2350
f 3574 2855 973
f 2857 969 2858
f 3856 3067 3722
f 3056 3787 1302
f 3787 3056 1292
f 3421 1774 3638
f 1753 3416 1750
f 3793 3643 2050
f 485 231 3688
f 1162 3856 3037
f 3792 3673 3306
f 3774 539 2361
f 3833 10 8
f 2239 3794 78
f 3794 87 90
f 334 2328 340
f 805 802 3861
f 2622 537 542
f 707 697 708
f 2901 1198 1204
f 3796 1156 1293
f 3796 1142 1156
f 1422 1413 1425
f 1922 3894 3204
f 3865 3885 3894
f 2005 2002 2021
f 3798 1605 3399
f 3422 3799 1771
f 3800 2192 2189
f 3599 3874 2189
f 95 2226 97
f 3801 2255 3680
f 105 107 3801
f 3801 2257 2255
f 516 2348 2347
f 2357 2356 3802
f 2359 3802 2356
f 578 582 577
f 3795 3608 878
f 2566 2565 372
f 711 3853 3782
f 2765 168 169
f 3804 970 969
f 1079 1089 3805
f 1193 3806 2902
f 3625 2903 1204
f 2901 1204 2903
f 2946 3577 2948
f 1208 1199 1213
f 3583 1291 3691
f 3593 3691 1291
f 3807 3070 3040
f 1177 1354 3042
f 1413 3100 1423
f 3764 3808 1559
f 3808 3124 1583
f 3810 3060 1745
f 1446 1297 1218
f 1269 1224 3303
f 3323 1308 3299
f 3330 1774 1321
f 3333 1321 1774
f 1794 3333 1774
f 3799 3420 1771
f 3799 3422 1780
f 3643 3811 3482
f 2088 3494 3824
f 2095 3811 2099
f 3772 2147 2154
f 1787 3747 1786
f 2771 3569 3812
f 3124 3808 3119
f 3160 3158 1714
f 3813 1246 3706
f 3482 3811 2095
f 745 744 2849
f 2974 1723 2989
f 3208 3809 1738
f 2190 3800 2195
f 2372 2375 2374
f 2375 2372 571
f 3809 1713 1738
f 2002 2023 2021
f 2946 2948 1620
f 3815 3745 1761
f 3825 3520 3519
f 1787 1786 1788
f 918 919 843
f 2757 3784 1160
f 3316 1299 3315
f 1757 3815 1761
f 3815 1757 1756
f 3802 3814 2357
f 2190 3833 3800
f 3483 3643 3791
f 277 2288 2298
f 336 345 339
f 579 3816 582
f 3816 583 585
f 3817 799 805
f 798 3817 800
f 3817 805 804
f 901 3835 906
f 2475 909 929
f 3818 536 2622
f 3819 690 699
f 962 3820 918
f 977 984 986
f 3820 1030 2695
f 2766 169 174
f 3834 665 666
f 738 739 3864
f 1106 1116 3843
f 1106 1110 1109
f 1131 1147 1134
f 1131 1134 1132
f 3821 1208 3050
f 3831 3163 1706
f 1970 3218 3217
f 1257 3822 1258
f 3325 1316 3846
f 1266 3823 1312
f 1312 3823 1328
f 3823 1561 1328
f 3439 1819 1818
f 1828 1818 1819
f 3824 3771 3770
f 2139 2136 3825
f 2140 3825 2136
f 353 3826 344
f 519 3852 518
f 2491 94 95
f 2623 3818 2498
f 3818 2622 2499
f 3853 2652 688
f 462 2802 3839
f 2806 230 481
f 3834 658 665
f 3045 3821 3048
f 3828 3054 1177
f 3082 3829 3693
f 3829 3066 1171
f 3830 1430 3102
f 3116 3115 1520
f 3831 3152 3160
f 3159 3831 1706
f 1859 3169 3192
f 3832 1216 1446
f 3262 1269 3304
f 1498 3311 3349
f 1446 3391 3832
f 1475 3832 3391
f 3260 3832 3335
f 3335 3832 1475
f 2190 2206 3833
f 2206 2190 2205
f 96 2491 95
f 1400 3100 3098
f 3467 3464 1871
f 2771 3827 2786
f 3829 1171 3693
f 1030 3820 1020
f 2190 2195 2196
f 2190 2196 2205
f 357 3851 3550
f 3834 2644 660
f 663 3834 666
f 168 2760 2764
f 3042 1354 3072
f 3829 3087 3071
f 1714 3158 3809
f 2195 3800 3874
f 3520 3518 3519
f 25 13 31
f 3850 3648 2228
f 2236 85 79
f 2236 2240 81
f 334 321 337
f 2348 3852 522
f 3835 793 795
f 795 836 3835
f 910 3862 911
f 900 906 2466
f 2488 3836 99
f 3838 453 462
f 452 3838 466
f 3839 466 3838
f 652 3840 661
f 3842 3841 2874
f 3841 1080 1090
f 1116 1106 2892
f 1116 1102 1115
f 3664 1117 1105
f 2918 2917 2921
f 1910 1882 1911
f 1920 1919 3865
f 1409 1424 1420
f 1409 1420 1421
f 3844 1354 3055
f 3845 3592 1853
f 3846 1318 1317
f 3846 1320 1318
f 1525 1518 1532
f 1512 3847 1532
f 1609 1613 2082
f 3848 1818 1828
f 1817 3848 1825
f 3848 1828 1830
f 1869 3465 3467
f 3849 3522 3523
f 2145 2171 2173
f 2145 2173 3545
f 7 2207 2191
f 2196 3850 51
f 3 2210 2234
f 3850 2228 51
f 3851 3603 3859
f 310 3859 3603
f 2486 38 2488
f 3836 103 99
f 3854 3655 3840
f 661 3840 3655
f 3690 2753 2754
f 2755 3690 2754
f 2760 2765 2751
f 2760 3837 2764
f 3855 2772 230
f 2918 2921 1370
f 3870 2928 2919
f 3721 1131 3019
f 3856 1162 1164
f 1174 3828 3042
f 3871 3049 1205
f 1353 3042 3072
f 1400 3098 3087
f 3844 1272 3115
f 3844 3115 1355
f 3192 3251 3845
f 3592 3845 3251
f 1225 3262 3698
f 3274 1225 3698
f 1498 3302 1268
f 3857 1531 3766
f 1591 1595 3395
f 3768 3704 1816
f 2094 3501 2177
f 3522 3849 3521
f 2760 2751 2759
f 3840 652 2821
f 3858 1728 2966
f 2140 3849 3520
f 3738 3893 1127
f 362 3859 310
f 3859 362 361
f 1174 3042 3883
f 1676 2974 1677
f 3853 3756 3782
f 3872 1208 1213
f 3800 3833 2192
f 737 738 761
f 1106 3843 1110
f 3852 516 518
f 1126 3741 3738
f 3304 1269 1273
f 2135 3875 3490
f 489 495 485
f 2135 3490 3519
f 3860 31 29
f 267 276 2291
f 270 280 281
f 279 270 281
f 605 613 606
f 805 3861 807
f 899 3862 903
f 144 158 142
f 150 151 152
f 152 151 469
f 208 214 210
f 151 226 469
f 794 797 796
f 955 949 976
f 955 976 956
f 987 1069 986
f 3864 1008 1007
f 1008 3864 762
f 3869 2918 2920
f 1080 1968 1975
f 1413 1423 3866
f 3866 1409 1407
f 3866 1410 1413
f 3866 1424 1409
f 3872 1436 3108
f 1528 1517 1525
f 3867 1609 1572
f 1607 1610 3867
f 3867 1610 1613
f 3868 2143 2145
f 2144 3868 2150
f 3868 2145 3529
f 2091 2177 2167
f 3889 2230 2197
f 3861 809 817
f 816 2433 2431
f 2488 99 151
f 3863 362 2562
f 2553 2582 2594
f 2625 536 541
f 2626 2625 541
f 1340 3869 2914
f 1342 3870 2915
f 2914 3869 1367
f 3869 2917 2918
f 1342 2916 3870
f 2928 3870 2916
f 2989 1937 1677
f 1988 1986 2995
f 3871 1201 3047
f 3871 3047 1202
f 1353 3072 1404
f 3097 1427 3765
f 1451 3872 3108
f 3872 3106 3050
f 3106 3872 1451
f 3239 3725 2037
f 3264 3263 3637
f 3698 3304 1274
f 2080 3873 2049
f 2058 3483 2056
f 3887 2058 3484
f 3741 3021 3738
f 3861 802 809
f 3865 3894 1922
f 3874 3800 2189
f 3811 2058 2099
f 3874 3599 3648
f 906 3835 914
f 3864 739 762
f 3690 2752 2757
f 3311 1500 3349
f 3690 2757 2747
f 168 2764 177
f 3875 2135 3250
f 3071 3087 1371
f 2195 3874 3648
f 109 3801 107
f 2210 60 2234
f 646 641 615
f 2488 151 139
f 2919 2928 1381
f 3049 1615 1205
f 1291 1294 3317
f 1126 3738 1127
f 489 485 3688
f 2073 2078 3875
f 2220 30 42
f 266 3876 288
f 288 3876 297
f 3876 275 295
f 268 3877 269
f 3877 279 276
f 269 3877 271
f 553 569 792
f 158 188 189
f 157 189 159
f 166 3878 2529
f 3878 145 208
f 543 547 3879
f 3879 545 543
f 941 955 942
f 3880 983 978
f 3880 2860 987
f 3881 211 177
f 211 3881 3570
f 979 3882 986
f 1067 1066 1080
f 1067 1080 3842
f 1988 1970 1721
f 2993 3891 1938
f 1202 3884 3049
f 1416 1427 1428
f 1419 1416 1428
f 1593 3128 2066
f 1698 1703 1733
f 1732 1698 1733
f 1701 1700 1702
f 1917 3885 3865
f 1236 3886 1242
f 1233 1236 1242
f 1242 3886 1280
f 3886 1279 1280
f 1244 1277 3886
f 2099 3887 3500
f 1 3888 3678
f 3888 19 2210
f 2230 3889 2270
f 272 2302 274
f 3879 2366 545
f 893 2457 2461
f 3781 129 128
f 3878 208 2530
f 3714 408 2584
f 2629 2625 2628
f 551 546 3879
f 568 794 570
f 2922 2921 1368
f 3890 2950 2952
f 3891 1724 1938
f 1937 3891 1940
f 2993 1940 3891
f 1972 2999 1982
f 1174 3038 3024
f 3883 1176 3038
f 3892 1164 3071
f 3094 3072 1355
f 1768 3185 1765
f 2038 2036 3239
f 1509 1505 1506
f 1584 3595 1580
f 3398 3396 3641
f 3887 2165 3500
f 3067 3892 3074
f 1371 3074 3892
f 3881 2764 3837
f 3888 2210 3
f 2405 3682 3777
f 3706 1271 3264
f 1597 1568 1552
f 2098 3771 2096
f 3893 3738 3021
f 3893 3742 3739
f 3880 987 3882
f 2019 2003 2017
f 1137 3786 3742
f 3894 1918 3204
f 3778 2405 3777
f 900 2466 911
f 1920 3865 2999
f 38 3836 2488
f 3893 3018 1127
f 551 3879 2630
f 1174 3024 1124
f 2058 2056 3484
f 2257 3801 109
f 646 615 2395
f 948 685 949
f 1291 3317 3316
f 685 2826 949
f 2073 3249 3248
f 2073 3248 2078
f 2073 3875 2077

