# https://github.com/mikedh/trimesh
v -0.79245867 -1.89285536 -0.49588737
v -1.49405807 -1.95985793 -0.17727406
v -1.50699578 -1.43441207 -0.49296149
v -1.81151945 -1.36310079 -0.42039595
v -1.27714582 -1.42837320 -0.49250164
v -0.92147243 -1.70763695 -0.49651321
v -0.93020313 -1.49305222 -0.43898847
v -0.67861707 -1.72687536 -0.47785138
v -0.76219943 -1.57941113 -0.43690183
v -1.09810823 -1.40449179 -0.44904037
v -1.38365450 -1.24922470 -0.48139083
v -1.89118421 -1.47592341 -0.29349660
v -0.57370536 -1.43381881 -0.20365959
v -1.00756443 -1.29909470 -0.35101800
v -0.78927824 -1.40116750 -0.31032267
v -0.53836105 -2.20175345 -0.42161096
v 0.15624013 -2.24476854 -0.42912698
v -0.59161374 -1.88005135 -0.49823632
v -0.16462407 -2.05166907 -0.49509860
v -0.19014511 -1.84224274 -0.47644959
v 0.03599523 -2.07997092 -0.49285619
v 0.04574215 -1.91313323 -0.49149516
v 0.46601133 -1.99708815 -0.49569495
v 0.27725489 -1.83808375 -0.47945887
v 0.68425678 -1.94523630 -0.49470304
v 0.61252517 -2.27080559 -0.34805233
v -0.43183175 -1.73616533 -0.45209968
v 0.05198886 -1.74605485 -0.43128157
v 0.50369358 -1.79375087 -0.48119420
v 0.55089251 -1.64380057 -0.42269197
v 0.73350777 -1.73186494 -0.48622118
v 1.15020143 -1.59794080 -0.49811294
v 1.00222987 -1.44773946 -0.43894405
v 1.23558909 -1.37541796 -0.47540478
v 0.74705969 -1.51227719 -0.38963053
v -0.17621505 -1.65920061 -0.37283560
v 0.30360801 -1.64777455 -0.37977202
v 0.05521781 -1.58672269 -0.28141808
v -0.38445812 -1.55551864 -0.30230582
v 0.49345859 -1.50735966 -0.27920959
v 0.89649373 -1.32193166 -0.29631543
v -0.89507504 -2.24873268 -0.26889734
v -0.95419419 -2.30802103 -0.01696316
v -0.58802198 -2.40654090 -0.14470149
v -1.76946658 -1.73285228 -0.14559583
v -0.75310898 -1.30723322 -0.08847045
v -0.66503382 -2.31466529 -0.28046114
v 0.04815469 -2.41850262 -0.26878211
v 1.06436883 -2.19320290 -0.23837160
v 1.07502032 -2.25184210 -0.04772091
v -0.16093847 -1.53122726 -0.19236548
v 0.26514570 -1.50986308 -0.17749638
v -0.36490053 -1.46335685 -0.08433986
v 0.05137096 -1.50548509 -0.07206865
v -1.58182189 -1.20212463 -0.49871250
v -1.82438100 -0.60983201 -0.49351527
v -1.19533311 -1.25235454 -0.42272005
v -1.44193596 -1.04628599 -0.44843387
v -1.72228555 -0.78359757 -0.48826625
v -2.21952952 -0.87078027 -0.31504414
v -1.50890866 -0.83968130 -0.41871427
v -1.91770029 -0.25903755 -0.49586409
v -1.68741079 -0.37882904 -0.41998029
v -1.93050785 -0.01670601 -0.49505444
v -1.75119632 -0.13703018 -0.43667357
v -2.39682440 -0.51878833 -0.21056133
v -2.46066491 -0.12317402 -0.17616608
v -1.62091073 -0.01897122 -0.32890320
v -1.51921457 -0.51747086 -0.30750236
v 1.21683588 -0.81125321 -0.37509077
v 1.11881606 -1.24179780 -0.37539995
v 1.03233208 -1.14958980 -0.20485029
v 1.13262356 -1.00213302 -0.11722097
v 1.08884782 -0.84891471 -0.18728620
v 1.21925214 -0.39858155 -0.44869264
v 1.23748044 -0.14993427 -0.47015805
v 0.96619754 -0.16105539 -0.23539180
v -2.19017825 -1.19128049 -0.07145892
v -2.33125308 -0.76747350 -0.19868478
v -2.35154913 -0.84456750 0.00948476
v -1.13449496 -1.09096955 -0.25977084
v -0.94259159 -1.21042274 -0.18035427
v -1.31475850 -0.91526016 -0.30391285
v -1.43127157 -0.69649363 -0.29263513
v -1.08107267 -1.04397978 -0.04661781
v -1.22310876 -0.88996721 -0.11014319
v -1.51558280 -0.33006166 -0.21924377
v -2.44282002 -0.51486960 0.04598176
v -2.49160665 -0.16059165 0.03302189
v -1.41527398 -0.53468853 -0.11496400
v -1.51287267 -0.10459771 -0.12362747
v 1.14177185 -1.00439247 0.14627649
v 0.84544809 -1.24847317 -0.08308842
v 1.05240879 -0.84949299 0.04456326
v 0.97052532 -0.52594568 -0.11073358
v 0.92083454 -0.17606939 0.11445341
v 3.12248552 -2.18711437 -0.45413676
v 3.03349290 -1.83506128 -0.48396358
v 3.25031922 -1.86673602 -0.48396254
v 2.21445688 -1.92109539 -0.42518877
v 3.20611178 -2.44589031 -0.20232511
v 1.55486320 -1.73226085 -0.37671713
v 2.06773055 -1.72279595 -0.46580878
v 1.34549993 -1.50377435 -0.49960823
v 1.47520157 -1.30904939 -0.49822440
v 1.70268591 -1.40509960 -0.45360152
v 1.95302385 -1.32733472 -0.49791386
v 2.49531876 -1.69828710 -0.49372674
v 2.63628789 -1.85624638 -0.49936767
v 2.93720470 -1.67246276 -0.42481848
v 2.69563983 -1.63515746 -0.44900239
v 2.50432547 -1.52144891 -0.44105849
v 1.70005214 -1.52919197 -0.40579577
v 1.69790945 -1.70053598 -0.28628204
v 2.57652203 -1.42314817 -0.35093240
v 2.35793371 -1.34901993 -0.40283398
v 2.78621089 -1.50414052 -0.32898586
v 3.01037548 -1.54342611 -0.28856832
v 3.52659221 -2.18053545 -0.46234005
v 3.45515783 -1.90473694 -0.48995387
v 3.75022448 -2.12852586 -0.47382161
v 3.80947786 -1.93675580 -0.49849654
v 3.65095553 -1.83253249 -0.47676526
v 4.44493035 -1.87401063 -0.47649158
v 3.51830992 -2.31747618 -0.38075998
v 3.86939545 -2.37409884 -0.26631771
v 4.14585254 -2.14586355 -0.41743115
v 4.50058108 -2.15486453 -0.26725168
v 3.45292614 -1.75784251 -0.43750469
v 3.20187619 -1.68529288 -0.39809351
v 4.38307645 -1.69847836 -0.49794261
v 4.19746417 -1.66798307 -0.47563719
v 4.55657521 -1.57387896 -0.49758656
v 5.00723891 -1.66217346 -0.38573632
v 5.10289232 -1.44786042 -0.43958887
v 4.38675606 -1.48227614 -0.44833051
v 4.73294025 -1.48389551 -0.49890534
v 4.55192517 -1.34882662 -0.44589520
v 4.85082308 -1.32511369 -0.49800116
v 5.10035956 -1.33848328 -0.47022253
v 3.23720544 -1.53567087 -0.20294403
v 3.66856920 -1.65367800 -0.38014576
v 3.45169917 -1.60298552 -0.30416643
v 3.66572683 -1.51972674 -0.19971975
v 3.88964833 -1.54093104 -0.32018771
v 4.08107708 -1.39501418 -0.22106146
v 5.00436307 -1.82789870 -0.24605169
v 5.09880567 -1.72619337 -0.25927781
v 5.09695284 -1.67313914 -0.31349006
v 4.31285148 -1.32880560 -0.31481787
v 2.51019792 -2.27708716 -0.22257135
v 2.44967756 -2.31025290 -0.01253722
v 1.38608947 -2.06143478 -0.12031500
v 2.83886636 -2.41142187 -0.14432227
v 1.61747344 -1.84725999 -0.20147164
v 2.62768813 -1.34131095 -0.21085122
v 2.82719284 -1.41774761 -0.16730059
v 2.64923323 -1.30036612 -0.03712269
v 3.03540665 -1.46230422 -0.07652227
v 3.50002548 -2.48328435 -0.11165361
v 4.21574089 -2.35010926 -0.09076531
v 4.80066045 -2.05259371 -0.11324618
v 3.45263355 -1.50722476 -0.08415543
v 3.86616116 -1.43510888 -0.08975420
v 1.32402182 -1.16512153 -0.44085794
v 1.47604367 -1.06969697 -0.46835239
v 1.77376704 -0.99738016 -0.49739332
v 1.58527539 -0.92787525 -0.49730383
v 1.97468414 -1.07344800 -0.45067128
v 2.14543477 -1.02133468 -0.32494727
v 1.36404539 -1.03261187 -0.40990207
v 2.14573482 -1.22395492 -0.43453122
v 1.50611142 -0.70100077 -0.49940666
v 1.70124507 -0.75134394 -0.47961959
v 1.86049202 -0.66579216 -0.49841664
v 1.91758282 -0.84944373 -0.48972339
v 1.24778976 -1.02040598 -0.31592847
v 2.27903307 -1.13999090 -0.30063852
v 2.14198745 -0.89238024 -0.38007519
v 2.23318171 -1.01185379 -0.21112176
v 2.30191215 -0.86048149 -0.18518038
v 1.43910119 -0.47598737 -0.49931597
v 1.69872911 -0.51939464 -0.44904646
v 1.92453540 -0.46761031 -0.49854603
v 2.27502458 -0.49564460 -0.37197835
v 1.45420051 -0.06905077 -0.49735927
v 1.98456306 -0.23049140 -0.49910983
v 1.81313935 -0.27958562 -0.47120254
v 2.28356219 -0.26438075 -0.39697652
v 4.79268193 -1.03482896 -0.42572615
v 4.66670192 -1.02251205 -0.33474528
v 5.20214727 -0.94830446 -0.49718063
v 5.10147738 -0.78683955 -0.48425289
v 4.91902481 -0.74304891 -0.49884767
v 4.96149511 -0.55637979 -0.49331080
v 4.53302489 -1.17885144 -0.34445539
v 4.47043334 -1.12356379 -0.22520871
v 4.53262348 -1.00213300 -0.11722115
v 4.47989718 -0.83971114 -0.17336557
v 5.09938055 -0.66910253 -0.46927915
v 4.76902576 -0.39716252 -0.49401139
v 5.09975171 -0.41640501 -0.43469775
v 4.93550517 -0.28763360 -0.48725457
v 4.49869256 -0.54345529 -0.33723682
v 4.77020480 -0.15392397 -0.49770113
v 4.93108677 -0.04623339 -0.48334057
v 5.09926668 -0.15767858 -0.40622983
v 4.46786837 -0.16671410 -0.36766995
v 4.35105670 -0.14509758 -0.20684674
v 2.44419934 -1.24200096 -0.24983597
v 2.37961629 -0.69152299 -0.14323176
v 2.34123821 -1.10004212 -0.16931184
v 2.47023007 -1.18983049 -0.09759469
v 2.41313513 -0.32122120 -0.24319372
v 4.54177177 -1.00439259 0.14627649
v 4.24793525 -1.25462928 -0.11604034
v 4.39820151 -1.12055189 -0.00978085
v 4.45185098 -0.84935844 0.03740946
v 4.38493363 -0.52857543 -0.15815044
v -0.61255146 -2.42106918 0.02935478
v -1.52013621 -1.98058532 0.02696657
v -1.79913336 -1.73285392 0.02633465
v -1.77855303 -1.67892056 0.22061543
v -2.01847774 -1.46192913 0.08178004
v -0.76172235 -1.31384587 0.13168435
v -0.25052521 -2.48573461 -0.01356934
v 0.08147620 -2.49638763 -0.02704562
v 0.44020855 -2.45931111 -0.01655747
v 0.75410768 -2.38147693 -0.01057972
v 1.04815185 -2.24555221 0.13736549
v 0.09664110 -2.47019397 0.15936861
v -0.56519953 -1.39052313 0.02490196
v -0.38557645 -1.47850563 0.16704478
v -0.15709428 -1.49465236 0.04674177
v 0.06244103 -1.52788829 0.16967792
v 0.29776086 -1.48830005 0.13500115
v -0.56049323 -1.51710068 0.32309671
v 0.50848484 -1.45425809 0.19897413
v 0.73219719 -1.41161732 0.28906402
v -0.95977683 -2.25439501 0.21055671
v -1.46957697 -1.93966820 0.24287195
v -0.78422666 -2.24978986 0.31477200
v -1.08524281 -1.98272233 0.42392093
v -1.90585109 -1.47708893 0.27696086
v -1.78816134 -1.37106577 0.42778878
v -1.40598535 -1.83940719 0.38545349
v -0.96526057 -1.23070812 0.24396021
v -0.70997302 -1.59304848 0.43119864
v -1.67486588 -1.23920501 0.49263285
v -1.70021536 -1.57430357 0.38292484
v -0.76388468 -1.86900836 0.49946539
v -0.93453350 -1.52240830 0.45207148
v -0.64236465 -1.75648371 0.48337437
v -0.87178396 -1.70921287 0.49291344
v -0.80105339 -1.40882679 0.32471361
v -1.05065765 -1.33117980 0.39687182
v -1.14743827 -1.44663333 0.47484956
v -1.53914553 -1.39658597 0.49292841
v -1.30423489 -1.28329699 0.46948667
v -0.18848784 -2.32498347 0.37025741
v 0.40762202 -2.43027919 0.17917063
v 0.48695455 -2.32309942 0.32691510
v 1.09050046 -2.01004601 0.40515359
v -0.24328789 -2.14331683 0.47401301
v 0.12360120 -1.96446577 0.49808825
v 0.36141847 -1.94851916 0.49848910
v 0.70192148 -2.07230419 0.46131590
v 1.24484204 -1.89804938 0.41906984
v 0.33704497 -2.17880656 0.45412679
v 0.61963200 -1.92847577 0.49879363
v -0.16609869 -1.57442790 0.27423519
v 0.35723182 -1.59142697 0.34045104
v 0.92360355 -1.31064063 0.30562550
v -0.36850412 -1.59265084 0.34268268
v -0.21094730 -1.75189382 0.44091964
v 0.04172060 -1.66481418 0.37080560
v 0.24112645 -1.75783184 0.44654108
v -0.47883683 -1.67741820 0.43135690
v -0.43297082 -1.81293063 0.48062400
v -0.09381553 -1.96560680 0.49812534
v 0.03514413 -1.81618800 0.46540747
v 0.54660216 -1.55213871 0.35413875
v 0.51081809 -1.74490531 0.46631854
v 0.72657628 -1.79228392 0.49566410
v 0.87156646 -1.67617793 0.48743406
v 0.71850977 -1.60150987 0.43707834
v 1.10184165 -1.30242496 0.40525599
v 1.30989511 -1.33425850 0.48340585
v -2.18261023 -1.16376582 0.15689914
v -1.10194832 -1.05945411 0.16653190
v -0.92467945 -1.18338381 0.03912789
v -1.22104350 -0.88600138 0.08802937
v -1.32326427 -0.70835193 0.01265234
v -1.36602056 -0.72281544 0.20588864
v -1.46815876 -0.31300659 0.01114684
v -2.37218536 -0.49337496 0.26544975
v -1.42405585 -0.51867247 0.12023698
v -1.51195197 -0.31981509 0.20550590
v -1.51173150 -0.10561903 0.11963800
v 0.85823941 -1.25512460 0.13958266
v 0.99824836 -1.12051521 0.02006874
v 1.05473949 -1.15481082 0.24465875
v 1.12138118 -0.83236712 0.26108186
v 0.96065863 -0.50349151 0.08553489
v -1.29730013 -0.93631646 0.29955545
v -1.96163272 -1.00128216 0.45526201
v -1.65992617 -0.83333419 0.47892796
v -1.85218135 -0.67581172 0.49809894
v -1.17789144 -1.13845229 0.34477713
v -1.48924140 -0.97917543 0.45066048
v -1.51202907 -1.16162677 0.49053879
v -1.48592208 -0.76611431 0.37687120
v -1.60978110 -0.33741485 0.35160716
v -1.59081988 -0.10954154 0.29263319
v -1.49838325 -0.54140662 0.29062848
v -2.23651057 -0.43480558 0.41356742
v -1.66130820 -0.57683375 0.43800547
v -2.02419082 -0.31342869 0.49594698
v -1.77426267 -0.33950604 0.46161900
v -1.71168654 -0.11359175 0.40998926
v -1.86637925 -0.10176721 0.48251528
v 1.23504760 -1.01818597 0.30111335
v 1.33269542 -1.02893400 0.38941861
v 1.25741876 -0.81462495 0.40305303
v 1.15775421 -0.59102955 0.37986141
v 1.14220719 -0.08704641 0.42392400
v 1.82294262 -1.89799427 -0.16218266
v 3.14818806 -2.48571226 -0.01324582
v 1.37385749 -2.07835715 0.08004322
v 2.19887921 -2.15298755 0.17351042
v 2.78286037 -2.41102721 0.09470572
v 1.70223164 -1.82430700 -0.03092253
v 1.70149121 -1.80310411 0.12884106
v 3.02985952 -1.48486012 0.17134698
v 2.83658959 -1.39448964 0.05471284
v 2.63429430 -1.32624124 0.17383523
v 3.81902125 -2.46038853 -0.04587634
v 3.48497066 -2.49038103 0.08447731
v 4.15693007 -2.36422806 0.12588581
v 4.48274028 -2.22934961 0.14324324
v 4.79108588 -2.06457145 0.09572255
v 3.24296145 -1.49412124 0.04294181
v 3.45326784 -1.52539135 0.15764445
v 3.66076372 -1.47886398 0.03815052
v 3.86998215 -1.44645632 0.13871831
v 4.05809069 -1.34928572 0.00837468
v 5.10223143 -1.82430700 -0.03092253
v 5.10149128 -1.80310409 0.12884104
v 3.23787882 -1.57207858 0.27010801
v 4.07737205 -1.38802865 0.20326960
v 4.28544578 -1.30547262 0.26542738
v 1.88238144 -1.90407713 0.24163661
v 3.24799461 -2.33689038 0.35922651
v 2.54773685 -2.20462068 0.33918065
v 2.61505239 -1.92989550 0.49272666
v 2.98594985 -1.99016720 0.49766239
v 3.21280570 -2.02241007 0.49809649
v 1.57875757 -1.74322691 0.35316568
v 1.69925090 -1.73895050 0.24196616
v 1.70016772 -1.52588231 0.40753131
v 2.43179697 -1.24726360 0.26796114
v 2.80643650 -1.46912126 0.27629984
v 1.48551729 -1.62388274 0.45634070
v 2.04363821 -1.71898840 0.46103679
v 2.25471620 -1.67290637 0.49813592
v 1.35961789 -1.50441622 0.49858415
v 1.70132605 -1.36615677 0.46331785
v 2.12119935 -1.24913549 0.45170722
v 2.00127407 -1.37080799 0.49766871
v 2.73853550 -1.60957108 0.42686156
v 3.00385641 -1.63105443 0.38228731
v 2.66439632 -1.77445495 0.49272638
v 2.45139426 -1.81509625 0.49603899
v 2.47453082 -1.58125212 0.47015574
v 2.57640783 -1.42580513 0.35297821
v 2.34698032 -1.34880250 0.40685359
v 2.22465266 -1.45624207 0.48325802
v 3.70363906 -2.43886685 0.18558390
v 3.85962791 -2.31790039 0.33901421
v 4.50195878 -2.07886282 0.34826906
v 3.49492299 -2.26676566 0.42017513
v 4.13638547 -2.13652979 0.42449235
v 3.46177400 -2.01176778 0.49955018
v 3.57641934 -1.89238642 0.48974334
v 3.71452543 -1.97832904 0.49926950
v 3.92303194 -1.92730040 0.49913704
v 4.62212114 -1.91489339 0.41720222
v 3.67251656 -1.54590194 0.25268624
v 3.90373178 -1.54291579 0.32694042
v 4.98897194 -1.74495776 0.34429033
v 5.09925117 -1.73895055 0.24196615
v 5.09794659 -1.58948818 0.37417778
v 3.49076791 -1.76792406 0.44376409
v 3.25763070 -1.71808725 0.41696900
v 3.46158595 -1.63261799 0.33989537
v 3.68578928 -1.66640463 0.39319460
v 3.87249573 -1.70731359 0.44531843
v 3.33229014 -1.88362086 0.48698166
v 3.69308421 -1.78397063 0.46190632
v 4.03605769 -1.78421120 0.48834743
v 3.81125535 -1.85623113 0.48976531
v 4.13586812 -1.47367017 0.35440155
v 4.21623930 -1.60432570 0.45832396
v 4.95405624 -1.60333831 0.43904464
v 4.60611926 -1.72657566 0.48706007
v 4.58135004 -1.52589002 0.49491685
v 4.35024433 -1.40637944 0.39753743
v 4.54804247 -1.35335582 0.44647146
v 5.10146228 -1.37006119 0.46234368
v 4.41752635 -1.59274019 0.48756147
v 4.72568235 -1.37401679 0.49109162
v 4.88644050 -1.21395907 0.49250824
v 2.28713020 -1.00352498 -0.02802193
v 2.46934984 -1.18514524 0.07696090
v 2.20355853 -1.01505346 0.25761460
v 2.27422879 -1.00602907 0.11027706
v 2.32241140 -1.08638666 0.17543167
v 2.37752657 -0.58623238 0.20964964
v 4.24348181 -1.25110132 0.08955288
v 4.43001660 -1.14383007 0.19144668
v 4.51774979 -0.84088807 0.24829334
v 4.35719752 -0.50878178 0.05837465
v 2.23960371 -1.15371700 0.34434396
v 2.00756741 -1.03464514 0.42362277
v 1.44259110 -1.17834750 0.48033845
v 1.82512763 -1.30877763 0.49599167
v 1.55503481 -1.00151577 0.48900446
v 1.67887115 -1.18206127 0.49542850
v 1.77612461 -0.99356734 0.49736260
v 2.22500772 -0.59396949 0.39428442
v 1.69869637 -0.65313659 0.46736749
v 1.53526430 -0.60550600 0.49783533
v 1.88946981 -0.79595935 0.49598464
v 2.44058242 -0.36511138 0.16929174
v 1.70036716 -0.43685884 0.43715361
v 1.28717898 -0.43724240 0.47396840
v 1.44424780 -0.39526136 0.49896706
v 1.60252151 -0.40592121 0.47383665
v 1.89913635 -0.55573394 0.49837014
v 1.70204556 -0.24117928 0.41222678
v 1.79629894 -0.17666455 0.46161947
v 1.36257862 0.00001163 0.49707340
v 1.53464602 -0.15379863 0.48324027
v 2.21327911 -0.35785594 0.43461761
v 1.97773972 -0.10848775 0.49857363
v 1.93323878 -0.32511636 0.49780695
v 4.51877333 -1.20098111 0.34978002
v 4.63504731 -1.01818585 0.30111329
v 4.73272756 -1.02886737 0.38940676
v 4.68629257 -1.19953189 0.43927544
v 5.10889144 -1.12348160 0.49790841
v 5.05519232 -0.87666608 0.49752498
v 5.09969296 -0.68669045 0.47151618
v 4.41323301 -0.43495399 0.25373519
v 5.09765196 -0.61960405 0.46305758
v 5.10036719 -0.43685891 0.43715357
v 4.98975410 -0.35868291 0.47475300
v 5.09998107 -0.18010021 0.40786139
v 5.10121894 -0.02446118 0.40126320
v 4.81583530 -0.04242312 0.49870228
v 4.96383318 -0.12770535 0.47267464
v -1.99596007 0.17437084 -0.49928473
v -1.83831830 0.18686517 -0.47601902
v -2.08416889 0.52771187 -0.47562110
v -1.94949542 0.36561516 -0.49860574
v -1.89118043 0.61635109 -0.49882984
v -1.76464276 0.79072952 -0.49561868
v -1.65342035 0.60366468 -0.43803398
v -1.64659615 0.20200401 -0.36750311
v -1.57281317 0.43712096 -0.34259548
v -2.07069320 0.77386762 -0.45237272
v -1.56515857 0.81116466 -0.43987563
v -1.71382132 1.34634814 -0.46377522
v -1.66696584 1.17685424 -0.49708567
v -1.50351601 1.16128497 -0.48934725
v -1.33462603 1.22942917 -0.46501322
v -2.32312887 0.81639280 -0.18305616
v -2.15904617 1.19474377 -0.16672508
v -1.40123678 0.78896035 -0.31156949
v -1.40224859 0.99778895 -0.41420529
v -1.15978662 1.24723989 -0.40406750
v 1.25677971 0.07340948 -0.47703786
v 1.09745827 0.22865377 -0.38482593
v 1.22774146 1.17823647 -0.40319291
v 1.17989956 0.78055675 -0.35042745
v 1.23306212 1.01772402 -0.29887000
v -2.48880299 0.18712274 -0.04710085
v -2.44237687 0.49921068 -0.07416860
v -1.53065013 0.12503097 -0.18615963
v -1.51961557 0.32449247 -0.22451565
v -1.47577202 0.29474529 -0.06961068
v -0.97703900 1.22709110 -0.25229160
v -2.34661437 0.84763132 0.06538184
v -2.19139279 1.18693346 0.07746530
v -1.34316271 0.70452145 -0.12615231
v -1.25981968 0.90391896 -0.21821426
v -1.09433734 1.04537380 -0.11450913
v 0.90815579 0.15088117 -0.02961598
v 0.96487919 0.49355253 -0.11176934
v 1.07853663 0.83460626 -0.17363871
v 1.05152273 1.16205163 -0.24901579
v 1.12146637 1.00136648 -0.07062142
v -1.50524340 1.36677805 -0.49768345
v -1.25234223 1.43272424 -0.49013955
v -1.07519911 1.55350811 -0.48774593
v -1.20631999 1.69527779 -0.49258573
v -1.03177972 1.38223947 -0.41756610
v -0.88111856 1.56050177 -0.45408022
v -0.80960389 1.41097589 -0.33149918
v -0.57675442 1.80847972 -0.48934259
v -0.76342560 1.73939970 -0.48931299
v -1.38704439 1.82368994 -0.40395397
v -1.73753506 1.62626140 -0.32227363
v -0.62655305 1.58971929 -0.40582542
v -1.18793372 1.92761996 -0.42128449
v -0.78669730 1.92640786 -0.49297612
v -1.52389151 1.90400900 -0.23381854
v -0.94292502 2.23670119 -0.25446664
v -0.14806053 1.79380302 -0.45850540
v 0.33125669 1.86934958 -0.48859434
v -0.38263589 1.70269879 -0.43134796
v 0.05610283 1.69640492 -0.39763390
v 0.40916517 1.72195937 -0.44477556
v 1.24479866 1.38461080 -0.47961105
v 0.82937109 1.71793093 -0.49028513
v 0.78146827 1.58100172 -0.43994793
v 0.57755290 1.78496973 -0.48423893
v 0.59034608 1.65584384 -0.43823542
v 1.01529544 1.51971062 -0.46863224
v 1.07192701 1.71617735 -0.49867538
v 0.92011327 1.86565916 -0.49303347
v -0.38371670 1.55175939 -0.29772921
v -0.16614519 1.63068418 -0.34631954
v 0.28093978 1.59307894 -0.32031644
v 0.51356895 1.56103715 -0.35041645
v 0.69579032 1.51261026 -0.37150187
v 0.47498263 1.46369917 -0.19060601
v 0.68144433 1.41430099 -0.25376353
v 0.87372470 1.38645541 -0.34844269
v -0.56640160 2.02019807 -0.48875240
v -0.06248141 1.94491047 -0.49736300
v 0.08852437 1.84304030 -0.47463887
v 0.16016298 1.95332138 -0.49783405
v 0.08829587 2.07365355 -0.49348038
v 0.49912765 1.93369650 -0.49915185
v 0.70152151 1.89573818 -0.49885705
v 0.59509108 2.06936924 -0.47447303
v 0.68047999 2.22383605 -0.37664499
v -0.20647840 2.36332519 -0.32982882
v -0.02946629 2.27626155 -0.41306221
v 0.73964589 2.33951464 -0.20681955
v 0.38657533 2.43189694 -0.18079859
v -2.00212341 1.48598378 -0.07038195
v -1.79265145 1.73803496 -0.03986042
v -0.75653454 1.32032662 -0.14275706
v -1.54171700 1.96685472 -0.00920585
v -0.95171749 2.30949759 -0.01350245
v -0.58287628 1.44583561 -0.23547428
v -0.16023806 1.52456330 -0.17731554
v 0.05438073 1.56107779 -0.24034944
v 0.85202495 1.26616655 -0.15744075
v -0.36573896 1.46689884 -0.10702375
v 0.05244333 1.50178062 -0.04539484
v 0.26291557 1.49106832 -0.11492132
v 0.65958232 1.35357175 -0.06720885
v -0.60868509 2.38551424 -0.18666468
v -0.25806991 2.46054826 -0.15580993
v 0.07256594 2.48592456 -0.10344029
v 0.42149158 2.46094608 0.03422590
v 0.77356469 2.37674011 -0.00648763
v 1.09836476 2.19632745 -0.20207514
v 1.42383979 0.15445167 -0.49850132
v 1.56972869 0.27663952 -0.47749302
v 1.85365000 -0.00739002 -0.47706637
v 2.00405113 0.21080222 -0.49955436
v 2.06604701 -0.02593089 -0.49439705
v 1.84641983 0.27432713 -0.48144944
v 1.99617647 0.43569358 -0.49647077
v 1.70084933 0.15646320 -0.40723995
v 1.44541259 0.39523843 -0.49892657
v 1.57501908 0.48451855 -0.48751180
v 1.69994752 0.42358757 -0.43556232
v 1.84595356 0.53166758 -0.49257312
v 2.13204789 0.63996278 -0.44443699
v 1.48577745 0.64557977 -0.49911810
v 1.69966267 0.69432254 -0.47253627
v 1.85630858 0.80194672 -0.49905207
v 2.06535519 0.84297995 -0.44052147
v 1.54260538 1.04837002 -0.48180885
v 1.96978104 1.03911483 -0.44171768
v 1.36967180 1.03340593 -0.41367476
v 2.16261537 1.15307200 -0.39469829
v 2.19051456 1.01604647 -0.27466855
v 4.79082268 0.05853771 -0.49957787
v 4.92310543 0.20362011 -0.48735827
v 4.48855070 0.20766746 -0.38020485
v 5.09956778 0.07174122 -0.40237957
v 5.10204554 0.24117916 -0.41222683
v 4.80994276 0.43080626 -0.49767494
v 4.98691490 0.44509611 -0.48224004
v 5.09994753 0.42358765 -0.43556227
v 4.90379450 0.65805838 -0.49940136
v 5.09966276 0.69432256 -0.47253625
v 4.96865907 1.06141247 -0.48841660
v 4.63620508 1.18163545 -0.40890600
v 4.77944141 1.03467295 -0.41876213
v 4.64328209 0.82939745 -0.38823262
v 4.50917216 0.83953586 -0.23455678
v 4.45192427 1.16597239 -0.25384825
v 4.65065421 1.02081235 -0.31931107
v 2.41485647 0.36675171 -0.22684063
v 2.48025083 0.03387718 -0.12846177
v 2.26323816 1.00866731 -0.14563881
v 2.43059719 1.25828028 -0.28368942
v 2.31783239 1.10682011 -0.21651974
v 2.27758034 1.00506963 0.09414108
v 2.36015981 1.07889097 -0.02784756
v 2.47917076 1.19601575 -0.09837414
v 4.30803144 0.15118518 -0.02783287
v 4.37398586 0.48725063 -0.14985858
v 4.37076616 0.54962535 0.08104290
v 4.53102927 1.00160278 -0.11136913
v 1.41985687 1.23095096 -0.48549928
v 1.37969354 1.53096285 -0.49511965
v 1.70275881 1.40718590 -0.45308097
v 2.03057370 1.26611327 -0.48137660
v 2.33334182 1.58231190 -0.49112260
v 1.70030910 1.52183363 -0.40965434
v 2.15519723 1.60720693 -0.49801128
v 2.00571111 1.84889410 -0.38441621
v 2.36058387 1.39211958 -0.42599184
v 2.53699199 1.75659515 -0.49775608
v 2.50103090 1.55992814 -0.45765404
v 2.32695682 1.77617194 -0.49337205
v 2.21460585 1.94176166 -0.41532102
v 2.80536779 1.77440425 -0.48412132
v 2.63974874 1.96346152 -0.48726698
v 3.23634755 1.89985863 -0.49044191
v 3.03280203 1.81457535 -0.47743149
v 2.76720959 1.60794860 -0.41885125
v 1.69776882 1.69651049 -0.29027978
v 1.70177018 1.81109177 -0.10172674
v 2.57569535 1.43137426 -0.35773413
v 2.98980753 1.62005415 -0.37547703
v 3.05379114 1.96351255 -0.49903960
v 3.19998461 2.06149992 -0.49393330
v 1.39810197 2.05395614 -0.11561103
v 2.78382026 2.23857730 -0.37897740
v 3.09126625 2.44099012 -0.18483577
v 3.47963823 1.82216918 -0.46757557
v 3.75431589 1.81602134 -0.47646198
v 4.00615185 1.76857891 -0.48267391
v 4.10668353 1.89795092 -0.49843715
v 3.93919626 1.65279743 -0.42536973
v 3.23699821 1.71956895 -0.41845712
v 3.69680483 1.66772525 -0.39531914
v 4.81088987 1.25648509 -0.48749437
v 4.61894261 1.58128638 -0.49913502
v 4.47090624 1.32354652 -0.40363201
v 4.42643757 1.54429876 -0.47738253
v 5.10218677 1.46514014 -0.43293555
v 4.25903905 1.73070372 -0.49467351
v 4.50037739 1.73996251 -0.49500631
v 4.57797148 1.91136510 -0.43174668
v 4.17549943 1.60313642 -0.44825358
v 3.89477990 1.52725947 -0.30582302
v 4.11571095 1.49125639 -0.36036687
v 4.07634128 1.39160574 -0.20975884
v 3.45918421 1.62872846 -0.33497421
v 4.30397909 1.45822885 -0.41213009
v 4.28120505 1.33640056 -0.30148389
v 5.09776903 1.69651047 -0.29027977
v 4.92572421 1.76607748 -0.36935178
v 5.10177017 1.81109168 -0.10172672
v 3.60776873 2.01819225 -0.49797606
v 3.86169956 1.93243661 -0.49879209
v 3.98082127 2.07844355 -0.47230515
v 4.05133721 2.25185458 -0.35739337
v 3.46628348 2.44153240 -0.22798350
v 4.43942565 2.06849567 -0.38550991
v 4.79694590 1.91351683 -0.33104747
v 1.61035740 1.83408814 -0.22989844
v 2.80694619 1.46552058 -0.27074964
v 2.63442111 1.32688456 -0.17501191
v 3.03085925 1.48029415 -0.15523580
v 1.83891465 1.94968357 -0.00634881
v 2.78126371 2.40957449 -0.09889470
v 2.16029097 2.15565369 0.10785655
v 2.46612644 2.28960877 -0.15797438
v 3.12397020 2.48146910 0.03165319
v 3.23565815 1.56360842 -0.25665243
v 3.67021884 1.53248734 -0.22935029
v 4.24514301 1.25860780 -0.12252672
v 4.99531639 1.84729324 -0.22773881
v 3.45303574 1.51874384 -0.13444759
v 3.86754311 1.43894972 -0.11119255
v 5.03349564 1.88452449 -0.04593390
v 4.73799754 2.06468493 -0.18607168
v 3.87495955 2.44524648 -0.07685223
v 4.44529389 2.25642731 -0.09486071
v -2.46829384 0.18142091 0.15177329
v -2.42535405 0.53159334 0.12207258
v -1.49756110 0.10328998 0.02328074
v -1.41448162 0.50020120 -0.01008715
v -1.48359016 0.31004879 0.12163391
v -1.21585347 0.88024505 0.00535189
v -0.91033130 1.19235883 -0.00395266
v -2.28621218 0.80167371 0.26401661
v -1.33703343 0.70930657 0.11338130
v -1.08972430 1.05307597 0.11972322
v 0.93963139 0.20196879 0.16551222
v 0.96397382 0.51883981 0.09027011
v 1.05029180 0.84104781 0.04876103
v 0.99536356 1.12276907 -0.01807763
v 0.84115710 1.24751522 0.05911060
v 1.13900681 1.00434921 0.13936789
v 1.02778010 1.14074264 0.18299552
v -1.54855396 0.10828544 0.22083097
v -2.35874127 0.15742639 0.34057300
v -1.57023964 0.33376475 0.30560549
v -1.45770106 0.52889995 0.21736995
v -1.66012483 0.11749777 0.36897979
v -2.16360092 0.11948952 0.46972011
v -1.79340625 0.12040736 0.45631928
v -1.57517232 0.57443039 0.38009283
v -1.71976184 0.37062687 0.43768814
v -1.88771788 0.51157355 0.49770233
v -1.86827374 0.30386834 0.48831542
v -2.09194586 1.16366069 0.30276786
v -1.25785547 0.91388555 0.22635517
v -2.01127763 0.72657502 0.47943348
v -1.82199274 0.75313996 0.49823453
v -1.71115344 0.64357500 0.46903163
v -1.55159705 0.81931778 0.43543967
v -1.70513098 0.91787134 0.49539433
v -1.44337936 1.19341556 0.48460838
v -1.64497168 1.17032461 0.49941544
v -1.42407395 0.75719352 0.31459577
v -1.37099321 1.00340859 0.39885556
v -1.16166885 1.12318599 0.31825546
v -1.54071913 1.03106876 0.47815328
v 1.23252958 0.15947027 0.46770726
v 1.11354119 0.81808423 0.25504175
v 1.22573847 1.01677162 0.29017340
v 1.13340528 1.19127386 0.35319388
v 1.25109668 0.78790371 0.40704182
v -1.98680135 1.47800351 0.14489047
v -0.73128151 1.31934213 0.09784926
v -0.96080020 2.26290004 0.19158029
v -0.62650556 2.41385506 0.06589597
v -1.52449296 1.91627454 0.21587499
v -0.55858343 1.39341705 -0.03679738
v -0.15692000 1.49299419 0.02971165
v 0.26206668 1.48611652 0.09059312
v 0.46390188 1.42774320 0.01619070
v -0.55013864 1.41475173 0.13285111
v -0.36331435 1.46461486 0.09116877
v 0.05359199 1.52761903 0.16550810
v 0.66714380 1.36784751 0.14212072
v 0.47985344 1.47315705 0.21427840
v 1.08796784 2.24930374 -0.01192927
v -0.32890302 2.38619304 0.28022562
v 0.08113787 2.48715326 0.09905993
v 0.77776756 2.33398982 0.19068152
v 0.77342443 2.22971810 0.34228871
v 0.42827411 2.39212522 0.25259481
v -1.95176657 1.33540180 0.33631095
v -0.95455853 1.22780478 0.22786619
v -0.58887080 1.46895148 0.27371445
v -1.48121801 1.76985578 0.38918716
v -1.54572711 1.36998164 0.49419898
v -1.62368044 1.55407896 0.43262784
v -1.03574272 1.32801257 0.38687938
v -0.80860188 1.40489158 0.32444134
v -1.25796307 1.23832861 0.44096359
v -1.35090959 1.39434439 0.49675606
v -1.12492966 1.45506523 0.47241072
v -1.20667386 1.60440377 0.49942724
v -0.63782140 1.57737653 0.40028819
v -1.28200971 1.78940193 0.45482728
v -0.88018409 1.52266283 0.43731539
v -0.96728241 1.64804016 0.49093188
v -0.84636881 1.81890720 0.49946128
v -0.71246061 1.70734790 0.47616290
v -0.75239353 1.97171705 0.48591150
v -0.37597429 1.52241511 0.25052751
v -0.16094264 1.54365668 0.22033386
v 0.28273509 1.58430033 0.31065937
v 0.88861935 1.30620756 0.26949100
v 0.70043631 1.45325669 0.31565847
v -0.40504785 1.61994942 0.37395217
v -0.17770492 1.64618269 0.36149760
v 0.04756124 1.63590727 0.34364547
v -0.23624597 1.79335099 0.46302897
v 0.41266561 1.72040566 0.44445254
v 0.23517375 1.78241285 0.45818926
v 0.73209028 1.57505913 0.42549259
v 0.88981263 1.47147291 0.41509601
v 1.22716492 1.37409247 0.47337529
v 1.05243524 1.53531447 0.47971704
v 0.53391630 1.58651305 0.37861655
v 0.62896561 1.73643881 0.47575134
v 1.05855715 1.73400767 0.49775278
v 0.85706175 1.72760843 0.49402496
v 0.06508503 2.39195722 0.30620096
v -0.47099447 1.76687432 0.46934453
v -0.36151647 1.97064482 0.49937853
v -0.09987364 1.95250147 0.49767426
v 0.00097650 1.79514450 0.45661782
v 0.13052119 1.94867316 0.49756376
v 0.02976591 2.06514758 0.49439414
v 0.04491819 2.22519596 0.44448160
v 1.39822029 1.85760369 0.37489031
v 0.64773235 1.91347168 0.49924768
v 0.66853290 2.11568398 0.44893858
v 2.48876026 -0.03275331 0.08879795
v 2.48237035 1.19591769 0.08503255
v 2.33745225 1.09923163 0.17426399
v 4.34754927 0.17036315 0.19878969
v 4.45085517 0.85393507 -0.00560195
v 4.39091014 1.12624853 -0.00547507
v 4.53900382 1.00435219 0.13935737
v 4.43951055 1.17017671 0.24655692
v 2.40832616 0.08906227 0.27799411
v 2.42355448 0.35878532 0.21392308
v 2.29255236 0.45562808 0.36294975
v 1.70031868 0.26224625 0.41536552
v 1.40990422 0.24011342 0.49940173
v 1.54756216 0.12672049 0.47797437
v 1.82958128 0.31936163 0.47913448
v 1.70032895 0.50677471 0.44659384
v 1.44041239 0.45188446 0.49954480
v 1.55610650 0.37729556 0.48585426
v 2.28551457 1.21210751 0.35651174
v 2.10960406 0.88866926 0.40490219
v 2.16046958 1.01933644 0.30959925
v 1.54314956 0.63837907 0.49788719
v 1.70018043 0.71512419 0.47513802
v 1.75035445 0.90742077 0.49825822
v 1.91994083 0.87870400 0.48590727
v 1.33348339 1.02891120 0.38998191
v 1.60681933 0.89895533 0.49938929
v 1.49828903 1.06332094 0.47299352
v 1.70342641 1.15377264 0.49572890
v 1.33428710 1.17501089 0.44782704
v 1.92776420 1.22546569 0.49240384
v 1.98720605 1.03624818 0.43429043
v 4.49020299 0.14709282 0.38651671
v 5.10112282 0.21083131 0.40998882
v 4.72502263 0.12089598 0.49311645
v 4.81780850 0.26545398 0.49925118
v 4.94527671 0.11323807 0.47871872
v 5.10091671 0.44767506 0.43843355
v 4.76306651 0.45076668 0.49227048
v 4.97058887 0.38701379 0.48221885
v 5.09869682 0.59362637 0.45919355
v 4.49755776 0.83981365 0.21433998
v 4.61702783 0.78929373 0.38168494
v 4.62573848 1.01677138 0.29017340
v 4.62249302 1.17076644 0.39713151
v 4.79088154 0.83028085 0.46586201
v 5.10130661 0.77065785 0.48215995
v 4.91780931 0.64139837 0.49876901
v 4.74442927 1.03036511 0.39755680
v 4.79268193 1.03482896 0.42572615
v 4.78152106 1.21264964 0.47267256
v 2.83686128 1.39381721 -0.04955241
v 2.65102154 1.30088823 0.02799237
v 1.70135408 1.79917725 0.14036038
v 3.03518904 1.46317698 0.08292236
v 2.63175789 1.33988265 0.20394401
v 2.82958414 1.41547896 0.15717444
v 1.37947383 2.07140056 0.09521216
v 2.42852764 2.29943834 0.01896770
v 2.80450055 2.41637684 0.09779820
v 2.45253741 2.27324908 0.18206506
v 1.87378857 1.94663897 0.15632322
v 3.24307990 1.49299419 -0.02290695
v 3.66068387 1.47841108 -0.00558843
v 4.05845321 1.34907642 0.00084369
v 5.10134940 1.79904041 0.14063166
v 3.45276982 1.51112750 0.10786995
v 3.86809775 1.44065673 0.11745192
v 4.17860529 2.35769167 0.12321669
v 3.49539534 2.49678706 -0.01188570
v 3.71952051 2.39356741 0.27084436
v 3.51891094 2.44013842 0.22521428
v 4.79774795 2.06821454 0.05154123
v 4.49840322 2.23337346 0.09645104
v 1.69683177 1.66967691 0.31692842
v 2.44941184 1.25260433 0.25926220
v 2.79828940 1.49540993 0.31366810
v 3.01761887 1.53794894 0.27685374
v 1.70008698 1.33067530 0.47217057
v 1.48619993 1.30203203 0.49833071
v 1.70341727 1.42604271 0.44793819
v 1.36712181 1.50717208 0.49781372
v 2.05523312 1.42920647 0.49792400
v 2.35632870 1.65086727 0.49758488
v 1.55299792 1.75883493 0.35784576
v 1.90932511 1.58190576 0.46589663
v 2.17053076 1.64901131 0.49526314
v 2.41124464 1.35626136 0.38430181
v 2.58678660 1.42717822 0.34994157
v 2.28074029 1.43361909 0.46558697
v 2.97355911 1.64959836 0.40251924
v 2.74549685 1.60727197 0.42340095
v 2.50735297 1.56411246 0.45813780
v 2.53555255 1.76289003 0.49797623
v 2.68714132 1.71422550 0.47823314
v 2.75306776 1.84849935 0.49778427
v 2.89524993 1.76241846 0.47136175
v 2.61167531 2.09645220 0.43569750
v 2.35932987 1.82309302 0.48914363
v 2.98197632 1.90345848 0.49740583
v 3.23474501 1.90019582 0.49051136
v 4.08259987 1.39687088 0.22639607
v 3.23824129 1.53903087 0.20998922
v 3.66970539 1.52957543 0.22270914
v 5.09880567 1.72619337 0.25927781
v 5.09745025 1.60370244 0.36514642
v 4.93429423 1.80230635 0.33423947
v 3.45701583 1.61186389 0.31466629
v 3.21957114 1.67721453 0.38950846
v 3.89914454 1.53518896 0.31632869
v 3.69553032 1.65851345 0.38741321
v 3.47311123 1.77155091 0.44462527
v 3.94561578 1.67030002 0.43659619
v 3.74492630 1.83043856 0.48027849
v 4.01305477 1.80647137 0.49047245
v 4.30186697 1.34731889 0.32512228
v 4.38614270 1.49047637 0.45165272
v 4.38832737 1.68583638 0.49765126
v 5.10175383 1.37841042 0.46026056
v 4.55382670 1.33197476 0.43997493
v 4.95381043 1.31685392 0.49759388
v 4.76444024 1.44761545 0.49880483
v 4.93419390 1.51090810 0.47394410
v 4.13773429 1.51506280 0.38773654
v 4.18809025 1.65606477 0.47089417
v 4.57370459 1.56914331 0.49782509
v 4.21634885 1.78689936 0.49794717
v 4.35162458 1.86756279 0.48954749
v 4.55532396 1.76235931 0.48686298
v 3.71671413 2.24542806 0.41903920
v 4.74580687 1.98623430 0.29860307
v 3.49894442 1.96431956 0.49799294
v 3.89952752 1.94748761 0.49962367
v 3.72083606 2.03433245 0.49503958
v 4.11493558 1.96480627 0.49045048
v 4.31466297 2.05044261 0.43203633
v 5.94679855 -1.98443522 -0.47214345
v 5.67651304 -1.97442706 -0.41853305
v 6.35024357 -1.95997334 -0.49954703
v 6.72742779 -1.87129974 -0.48457159
v 6.94375886 -1.93485340 -0.49660514
v 5.95017066 -2.27835493 -0.24358619
v 6.07927810 -2.18131382 -0.39632942
v 5.34242046 -1.93951714 -0.25575626
v 5.95335755 -1.74064567 -0.49595904
v 6.15349540 -1.85212288 -0.49790028
v 5.49697411 -1.28632023 -0.46995494
v 5.97283455 -1.55673828 -0.44086263
v 6.18570744 -1.66153779 -0.44489649
v 6.38314066 -1.77087795 -0.46622372
v 6.59462553 -1.73111678 -0.42945815
v 6.84750593 -1.70346058 -0.40260457
v 5.23584489 -1.57881417 -0.44584815
v 5.96706052 -1.33241136 -0.25986339
v 6.40569555 -1.59927325 -0.35374904
v 6.63082984 -1.58463899 -0.29122306
v 6.24228015 -1.51729424 -0.32229275
v 7.16943364 -1.90898930 -0.49702535
v 7.32210320 -2.22152622 -0.40840827
v 7.95876890 -1.98079187 -0.39826198
v 8.63269592 -1.88693959 -0.20278294
v 7.33098448 -1.78855174 -0.48170154
v 7.98048978 -1.57577890 -0.49815437
v 7.82373578 -1.44107975 -0.44285169
v 7.10855040 -1.74660681 -0.44456749
v 7.30054677 -1.61403710 -0.39322851
v 7.63235914 -1.52700512 -0.42819010
v 7.96549952 -1.77548121 -0.48275106
v 8.37169471 -1.70813830 -0.38075407
v 8.88334288 -1.74602948 -0.46154353
v 8.18858602 -1.44200042 -0.49927631
v 8.01889781 -1.34865187 -0.46534196
v 8.22041515 -1.22667770 -0.48495933
v 8.39289347 -1.30092864 -0.49539569
v 8.50189047 -1.38231419 -0.45928655
v 8.83251223 -1.31223225 -0.48807871
v 7.07690712 -1.58152630 -0.30608093
v 7.29151259 -1.47251987 -0.22278205
v 7.52826835 -1.42309790 -0.29982798
v 7.66885007 -1.28132792 -0.21196820
v 8.82520009 -1.93225552 -0.32816872
v 8.61278292 -1.57117803 -0.44020143
v 8.50005233 -1.52919186 -0.40579575
v 8.49880504 -1.72619337 -0.25927781
v 8.49698661 -1.67411737 -0.31251868
v 5.88524268 -2.32312371 -0.02598436
v 6.61837700 -2.42159211 -0.24924300
v 6.84859095 -2.45054419 -0.20983959
v 6.19153464 -1.42460855 -0.21770004
v 6.41623319 -1.48625585 -0.18379298
v 6.85337591 -1.54335559 -0.20281582
v 6.03908901 -1.30211559 -0.08792938
v 6.23636498 -1.39234228 -0.04164819
v 6.64222122 -1.49909116 -0.07876928
v 7.85101320 -2.17312296 -0.27809234
v 8.21863568 -2.03575878 -0.12361788
v 7.46720865 -1.35922060 -0.11611538
v 8.34970392 -1.87607335 -0.23792458
v 7.06210862 -1.48575991 -0.08819773
v 5.15416346 -1.16478204 -0.49964761
v 5.36318274 -1.13776241 -0.47131926
v 5.59327030 -1.01603773 -0.27127310
v 5.56648706 -1.14055213 -0.38498944
v 5.44829371 -0.91983520 -0.43400613
v 5.64066427 -0.87254194 -0.28449227
v 5.27437442 -0.49560427 -0.49610598
v 5.68191446 -0.51704964 -0.36049496
v 5.61492700 -0.26937779 -0.44098029
v 5.25081821 -0.26282832 -0.48207210
v 5.42685349 -0.12952775 -0.49775507
v 8.61733811 -1.19870550 -0.49865809
v 8.39154249 -1.10246526 -0.49595411
v 8.78991410 -1.08301428 -0.44797365
v 8.94543480 -1.02133470 -0.32494739
v 8.03940451 -1.01880536 -0.30625824
v 8.19268227 -1.03482878 -0.42572615
v 8.33711612 -0.69262561 -0.49868060
v 8.59250760 -0.94506020 -0.49823789
v 8.50076091 -0.72305971 -0.47601651
v 7.87892251 -1.20237398 -0.31794085
v 7.94532278 -1.00474503 -0.15494478
v 7.90231531 -0.83925404 -0.22296300
v 8.30803362 -0.46619023 -0.49740738
v 8.64714931 -0.53547979 -0.49300219
v 8.49774843 -0.62235838 -0.46356223
v 8.49975185 -0.41640494 -0.43469767
v 8.09457214 -0.08105145 -0.48648351
v 8.29616735 -0.04018680 -0.49033941
v 8.67707935 -0.26259255 -0.48804008
v 8.49926639 -0.15767858 -0.40622966
v 7.78549167 -0.14729091 -0.26994165
v 5.69156989 -1.11185962 -0.25595606
v 5.83987966 -1.17600404 -0.13591435
v 5.68107835 -1.00555578 -0.07725569
v 5.80526636 -0.33108741 -0.25669544
v 7.85044151 -0.84892810 0.01968519
v 7.92593816 -1.00097468 0.09063879
v 7.80009485 -1.12847854 -0.08774600
v 7.77092696 -0.50910741 -0.12980473
v 7.71630166 -0.09257516 0.09485332
v 9.66515885 -2.18513732 -0.43143535
v 9.62348114 -1.99319527 -0.49324099
v 9.59210022 -1.81236183 -0.49169639
v 10.03832299 -1.95203424 -0.49773341
v 10.25733327 -2.04002591 -0.49714074
v 10.25411129 -1.84449239 -0.47440535
v 10.46014287 -2.12448665 -0.47783252
v 10.47722154 -1.74449338 -0.44190000
v 9.76085927 -2.34803432 -0.30566313
v 10.26738810 -2.23054282 -0.44184279
v 10.65992099 -2.33634185 -0.32002764
v 9.24734072 -1.75461225 -0.49906945
v 9.24386788 -1.53401675 -0.46268188
v 9.43045580 -1.88559017 -0.49763373
v 9.79839356 -1.84160709 -0.48672195
v 9.63806510 -1.66737794 -0.43970167
v 9.03595713 -1.42983266 -0.47440179
v 10.03127270 -1.74941044 -0.43716667
v 10.72511251 -1.64593661 -0.41837009
v 9.81902054 -1.62155054 -0.37146264
v 9.16950618 -1.31702366 -0.37615825
v 9.60372199 -1.47609624 -0.28828761
v 9.83088194 -1.48731033 -0.17638017
v 9.36902741 -1.40003056 -0.33420897
v 10.25691002 -1.66968082 -0.37471711
v 10.25444868 -1.54868555 -0.21484006
v 10.47889793 -1.59326951 -0.32028179
v 10.68889656 -1.50408487 -0.27159693
v 10.91374531 -2.14530613 -0.42469140
v 10.86965594 -1.80780740 -0.49443923
v 11.15025484 -1.67278484 -0.49386905
v 10.98374726 -1.64236946 -0.46622837
v 11.36900378 -1.58948590 -0.49828494
v 11.43675579 -1.35646137 -0.47129312
v 11.56051046 -1.44029379 -0.49852784
v 11.89036552 -1.19344426 -0.49374379
v 11.65617906 -1.25601126 -0.49319470
v 11.17839644 -1.46287575 -0.43807234
v 11.98865460 -1.42945723 -0.40416297
v 10.92578555 -1.48993561 -0.36266801
v 10.88118558 -1.38990910 -0.21122913
v 11.10207611 -1.33073650 -0.30871011
v 11.73880688 -1.74891493 -0.37418075
v 12.26315560 -1.22529567 -0.29423718
v 9.33539368 -2.27191224 -0.24652923
v 9.72575201 -2.41564928 -0.17440992
v 10.33031292 -2.43567919 -0.23132835
v 9.27887780 -2.31973994 -0.04392285
v 9.66486170 -2.43578417 0.03161316
v 10.03730854 -1.58273795 -0.28722971
v 10.46538807 -1.50275058 -0.15663925
v 9.43918837 -1.31688364 -0.13870852
v 10.66703544 -1.43605553 -0.09822464
v 10.04232749 -1.50101421 -0.09223584
v 10.99749335 -2.31699591 -0.21045851
v 11.60144007 -2.00891586 -0.21265944
v 12.06963688 -1.57764743 -0.22214224
v 12.31271861 -1.30540463 -0.12045506
v 8.98007702 -1.20954894 -0.41233647
v 8.83982311 -0.87262896 -0.44853828
v 9.06680019 -1.00851160 -0.13575038
v 9.02881733 -0.88615672 -0.29342724
v 9.05861361 -0.52366038 -0.37998847
v 9.03351977 -0.32573613 -0.42702389
v 11.55776958 -1.14606340 -0.44625432
v 11.67757758 -0.93515957 -0.43255391
v 11.76469963 -1.03890481 -0.48551197
v 11.97292004 -0.71768057 -0.49168775
v 12.18892686 -0.88279217 -0.46675885
v 11.95004449 -0.94273865 -0.49882907
v 11.84729800 -0.83573524 -0.47614833
v 11.78343992 -0.70332566 -0.42135683
v 11.32990559 -1.25048640 -0.38804800
v 11.46887169 -1.06023484 -0.35941934
v 11.25769939 -1.16222498 -0.25633639
v 11.39462287 -0.99298433 -0.22438395
v 11.58238926 -0.86076813 -0.33341022
v 11.65657077 -0.64608766 -0.29084321
v 11.50252971 -0.81029045 -0.18012378
v 12.35545641 -0.87801029 -0.37401165
v 12.51939554 -0.57229143 -0.30693443
v 12.14045404 -0.39442580 -0.49855846
v 11.96660950 -0.50377574 -0.47156029
v 11.98969103 -0.27026431 -0.46285485
v 12.27597877 -0.24787740 -0.49078633
v 12.10361557 -0.13265650 -0.49111708
v 11.71362968 -0.43064734 -0.25937734
v 11.81260606 -0.46042591 -0.38050926
v 11.83641921 -0.22640413 -0.35806278
v 11.74309219 -0.21441082 -0.23374567
v 9.09440758 -1.12578077 -0.26950626
v 9.25325463 -1.22193158 -0.20706634
v 9.18692262 -0.69197982 -0.11397073
v 9.19826811 -0.30573102 -0.27098439
v 12.45030253 -0.95828504 -0.21928510
v 12.59566145 -0.65513434 -0.11455694
v 11.05839817 -1.24822737 -0.12092408
v 11.59074000 -0.61734896 -0.14160112
v 11.65540964 -0.41593687 -0.11387756
v 11.69098608 -0.20954440 -0.06633299
v 12.64363685 -0.28090679 -0.18549109
v 5.21437880 -1.89687349 -0.14869393
v 6.21397151 -2.42897208 0.00110094
v 6.55170172 -2.48575696 -0.01436338
v 6.88624791 -2.49761945 -0.01178509
v 6.93455364 -2.44243501 0.21782550
v 6.06399655 -1.31440748 0.08097847
v 6.43565459 -1.45736503 0.04247006
v 6.85264471 -1.50139872 0.04283588
v 6.01574405 -1.35830118 0.25062305
v 6.22820809 -1.41523437 0.15784761
v 6.42165838 -1.51456681 0.23894353
v 6.63943799 -1.51830207 0.15944077
v 7.22506077 -2.46178096 -0.01697510
v 7.55557645 -2.38105540 -0.01134968
v 7.90172015 -2.23829631 -0.06635230
v 8.63075559 -1.94233087 0.00641248
v 8.19308715 -2.06207865 0.09998501
v 7.26434827 -1.42756278 0.01634054
v 7.46268637 -1.35870824 0.10665934
v 7.65392978 -1.28227381 0.19582235
v 8.50223132 -1.82430700 -0.03092254
v 8.50149138 -1.80310400 0.12884105
v 7.28658311 -1.49120768 0.25105287
v 7.06748424 -1.49961158 0.14776454
v 5.26891833 -1.88379071 0.25307501
v 6.91324200 -2.28285463 0.40814166
v 6.30569158 -2.15830827 0.45037929
v 6.90733359 -2.08367137 0.49197010
v 6.68989969 -1.95749616 0.49786149
v 6.86929096 -1.58801410 0.28579547
v 5.47858291 -1.54917154 0.49728011
v 5.87381322 -1.75300987 0.49861279
v 6.04056332 -1.89614383 0.49701045
v 5.95239085 -1.58629177 0.45823130
v 5.88646161 -1.46627142 0.41996376
v 5.79921882 -1.28591495 0.33462663
v 5.68090548 -1.42066002 0.46178068
v 5.42802910 -1.34356359 0.49257668
v 6.18390199 -1.53561842 0.36042628
v 6.43281573 -1.62641254 0.37362223
v 6.79780137 -1.76068976 0.43983653
v 6.34195650 -1.73830392 0.45698528
v 6.45992469 -1.89756174 0.49457350
v 6.09600710 -1.72090817 0.47892357
v 6.57071337 -1.77128595 0.45181389
v 6.95510290 -1.89726450 0.49020700
v 7.29893151 -2.29740077 0.34979165
v 7.90263279 -2.09932502 0.32952409
v 8.79555228 -1.95587394 0.28050821
v 7.13646460 -1.99397836 0.49909592
v 7.50883775 -1.43286050 0.29832192
v 8.34201045 -1.73728157 0.37981592
v 8.49925094 -1.73895051 0.24196619
v 8.49794668 -1.58948804 0.37417773
v 7.16913023 -1.83926372 0.48497478
v 7.55732711 -1.76300094 0.49290116
v 7.73174771 -1.88391021 0.48849305
v 7.76911373 -1.67856743 0.49642096
v 7.97426499 -1.57169456 0.49790755
v 7.60466932 -1.54477281 0.42923298
v 7.80666849 -1.45204993 0.44194079
v 7.69063351 -1.37131781 0.34324172
v 7.96303196 -1.79573654 0.47867513
v 8.03806421 -1.33464415 0.46666324
v 8.50146268 -1.37006106 0.46234373
v 8.15799440 -1.48625786 0.49958219
v 8.30265048 -1.28690306 0.49837706
v 5.75908279 -1.08016934 0.04679485
v 5.88869254 -1.20574605 0.11080717
v 5.67996253 -1.00517832 0.08279619
v 5.63296613 -1.01173221 0.21131805
v 5.78255309 -0.59317976 0.19502471
v 7.63714121 -1.24591094 -0.00704453
v 7.79524285 -1.14574106 0.13312342
v 7.82801859 -1.25445157 0.32952689
v 7.93456886 -0.83228522 0.27879021
v 7.75807660 -0.50666241 0.07139412
v 5.69448254 -1.11070335 0.25145096
v 5.64472299 -0.63193004 0.37299976
v 5.56947171 -1.22587568 0.42533847
v 5.23781781 -1.27941255 0.49900464
v 5.25044792 -0.98529000 0.48873645
v 5.21307805 -0.81067823 0.49860701
v 5.37332779 -0.83500537 0.47786514
v 5.81305147 -0.34688667 0.23795631
v 5.18726326 -0.51305997 0.47879420
v 5.33244197 -0.17137622 0.49667730
v 8.14089846 -0.91393322 0.42680599
v 8.14632912 -1.13260354 0.43765935
v 8.34029197 -1.02991924 0.48211770
v 8.62807037 -1.12348122 0.49468649
v 8.50302304 -1.17008168 0.49478227
v 8.49969265 -0.68669068 0.47151618
v 8.67268942 -0.71465477 0.49940289
v 8.03925135 -0.47492325 0.45175744
v 8.18899774 -0.31752545 0.49726297
v 8.49900969 -0.52823139 0.45010552
v 8.61543390 -0.48858651 0.48565757
v 8.50060671 -0.04198554 0.40167687
v 8.34185857 -0.15500023 0.48096849
v 8.67746028 -0.12195744 0.48637322
v 8.95833498 -2.16881039 -0.00410467
v 9.66838345 -2.37874845 0.23327688
v 9.83667947 -1.45719898 0.03908484
v 9.63695459 -1.39358709 -0.04778646
v 10.25239182 -1.50030351 -0.02882656
v 10.46068382 -1.47841108 0.02794072
v 10.04148381 -1.50222156 0.10167258
v 9.82215039 -1.50636896 0.22274449
v 9.62678177 -1.41668528 0.16459320
v 10.25241016 -1.52431754 0.15399743
v 10.66774653 -1.43904759 0.11177641
v 10.03168701 -1.57044960 0.26856685
v 10.46888584 -1.52965960 0.22270468
v 10.70403060 -1.53416117 0.31737681
v 10.96787505 -2.37808305 -0.01004209
v 11.60322985 -2.06791840 0.00650453
v 10.86004047 -1.34815985 -0.00538966
v 11.87413531 -1.85451918 -0.01979433
v 12.11605942 -1.60560208 -0.00052247
v 12.29916540 -1.33347629 0.10258936
v 10.88029528 -1.38822099 0.20693528
v 11.85826234 -1.82740159 0.17173429
v 9.29513119 -2.27047755 0.22564500
v 9.74686848 -2.26882030 0.38397908
v 9.35016670 -2.12470890 0.40724465
v 10.34101894 -2.39586496 0.29343555
v 9.97728403 -2.28589079 0.40024318
v 10.63970260 -2.25668013 0.39730639
v 9.61485683 -2.10485906 0.46200125
v 9.67184406 -1.96215656 0.49792581
v 10.28996046 -2.13442585 0.47980808
v 9.25331488 -1.21972330 0.20286850
v 9.40721441 -1.37142068 0.27572359
v 9.59035480 -1.50168328 0.32417735
v 9.79392507 -1.60147908 0.35838324
v 9.54916704 -1.60615574 0.42163469
v 9.73091849 -1.71661634 0.44856844
v 9.16141987 -1.68503607 0.49847685
v 9.32274869 -1.61721360 0.47330555
v 9.82919168 -1.88149131 0.49271938
v 9.46650355 -1.93718062 0.49374297
v 9.59159104 -1.82311565 0.49353200
v 9.51032016 -1.70597934 0.47250956
v 9.35011006 -1.48176399 0.40504063
v 9.18022269 -1.31904945 0.37211417
v 9.09878121 -1.47572400 0.47367054
v 10.25998922 -1.76849168 0.44258763
v 10.00443456 -1.71566098 0.41801474
v 10.25233298 -1.61817245 0.32227226
v 10.48466405 -1.82973750 0.47700753
v 10.47779410 -1.65004512 0.37775503
v 10.66363265 -1.70661013 0.44393635
v 10.06331774 -1.93535057 0.49654520
v 10.27752248 -1.96287897 0.49786440
v 10.68587417 -1.88811448 0.49749136
v 10.93420894 -2.33510528 0.21736548
v 11.06429641 -2.18895128 0.34618878
v 11.58020084 -2.00120048 0.24877481
v 11.25074665 -2.05801216 0.38818721
v 10.89689465 -1.91743134 0.49692048
v 11.09243545 -1.31675585 0.28659444
v 11.79370168 -1.65728952 0.39601991
v 12.05794267 -1.59134603 0.22006131
v 12.08381533 -1.42190752 0.33945877
v 11.10466404 -1.61820785 0.47839883
v 11.09099218 -1.80323298 0.49950661
v 11.28551981 -1.69099317 0.49950876
v 10.95479969 -1.48521329 0.37196842
v 11.18634723 -1.41472750 0.41701439
v 11.42050760 -1.28893299 0.44650250
v 11.34878966 -1.53973896 0.49330254
v 11.57702845 -1.38651898 0.49763613
v 11.75138411 -1.24805321 0.49886047
v 9.28238728 -1.18744753 -0.00431429
v 9.15279589 -1.07935207 -0.07246914
v 9.07990748 -1.00516956 0.08305318
v 9.14431674 -1.08742260 0.12932508
v 9.03296584 -1.01173221 0.21131811
v 9.23865459 -0.38449733 0.16338452
v 11.04804298 -1.24975559 0.10169247
v 11.37218992 -0.93964846 -0.05679094
v 11.22545569 -1.09535744 -0.04193514
v 11.39067135 -0.95515674 0.16497652
v 11.47742703 -0.78739655 -0.01920618
v 11.48976152 -0.80593245 0.13859554
v 12.48517128 -1.01105844 -0.01074301
v 12.58787810 -0.69251902 0.10886754
v 11.23204918 -1.14561057 0.19752264
v 11.40576539 -1.07257976 0.31877339
v 11.60576782 -0.62583758 0.19040115
v 11.57143116 -0.61060035 0.01750102
v 11.64666997 -0.41508440 0.06220527
v 11.70095568 -0.21713557 0.12512476
v 12.67512957 -0.33715574 0.01851329
v 11.70175132 -0.43177291 0.24136122
v 8.85468728 -1.02856795 0.39648885
v 9.11185178 -0.67358544 0.28608236
v 9.13713590 -0.50079625 0.30350135
v 9.06553443 -1.14129967 0.31259103
v 8.96070527 -1.25324697 0.44027661
v 11.55544960 -0.85235552 0.30103500
v 12.42457099 -1.02273201 0.21555637
v 12.39158042 -0.85031205 0.34940200
v 12.49262216 -0.68193584 0.30707443
v 11.54045002 -1.06842757 0.41050730
v 11.66751954 -0.91654849 0.41969193
v 11.71463554 -0.65576726 0.35747739
v 11.95681611 -0.90812265 0.49846947
v 11.78302228 -1.01137779 0.48527217
v 12.16869399 -0.81538010 0.48063114
v 11.83191144 -0.77019683 0.46075457
v 11.99967526 -0.68015402 0.49386308
v 12.61339160 -0.37275570 0.22718895
v 11.86185216 -0.20037364 0.37932389
v 11.81316968 -0.42192204 0.37378114
v 12.14340188 -0.57533045 0.49859551
v 12.05152414 -0.44361620 0.49024471
v 11.93944446 -0.34309899 0.44622856
v 12.06277061 -0.17598861 0.48386064
v 12.23384697 -0.38716556 0.49365156
v 5.23382029 -0.02764926 -0.47108365
v 5.39629520 0.09496808 -0.49918859
v 5.38055447 0.39237309 -0.49902974
v 5.20336250 0.19174071 -0.46491558
v 5.47786119 0.59194105 -0.47299037
v 5.22911151 0.78116937 -0.49876577
v 5.42974291 0.88162884 -0.45138576
v 5.21108127 0.99448250 -0.49406538
v 5.40033912 1.10020172 -0.44947050
v 5.60564781 1.18776759 -0.38842153
v 5.56146462 1.01857369 -0.30837722
v 8.09055697 0.10892148 -0.48547997
v 8.28819705 0.21731270 -0.49380536
v 8.65878445 -0.00995839 -0.47879302
v 8.84876130 0.11215190 -0.49558014
v 8.77768392 0.46866701 -0.49765429
v 8.85391222 0.30761196 -0.49332632
v 8.49956746 0.07174085 -0.40237942
v 8.50204563 0.24117954 -0.41222665
v 8.18925425 0.46066768 -0.49471239
v 8.36579044 0.43991383 -0.48690662
v 8.59892928 0.51971514 -0.48310633
v 8.69012660 0.63622289 -0.49903744
v 8.49994774 0.42358749 -0.43556243
v 8.49769277 0.62077444 -0.46327207
v 8.30770421 0.68139918 -0.49949502
v 8.50160338 0.76788355 -0.48170399
v 8.70867751 0.84137817 -0.49244623
v 8.84402319 0.99555681 -0.41561413
v 8.35268169 1.12230034 -0.49245776
v 8.53108638 0.98899309 -0.49900325
v 8.54015850 1.21465158 -0.49550837
v 8.17944125 1.03467262 -0.41876235
v 8.01766235 1.17772228 -0.39804891
v 7.86690728 1.14724277 -0.25026655
v 7.98659842 0.78381102 -0.35618058
v 8.03312978 1.01774018 -0.29894660
v 5.81649118 0.36371729 -0.22501586
v 5.87906359 0.03213264 -0.13462160
v 5.70546944 1.11889109 -0.24941838
v 5.66707869 1.00829009 -0.13487470
v 5.68447986 1.00465371 0.05453571
v 5.75723793 1.08347149 -0.07310321
v 5.86872561 1.20876000 -0.15857608
v 7.70880742 0.12808752 -0.03895552
v 7.76406449 0.48303113 -0.11487048
v 7.88285348 0.82779746 -0.19023634
v 7.92146781 1.00136779 -0.07062554
v 5.48301895 1.29264182 -0.47452654
v 5.71191833 1.37588502 -0.43536611
v 5.41579656 1.64473241 -0.47572144
v 5.41802145 1.83312794 -0.40004458
v 6.14140348 1.78503325 -0.48987139
v 6.65993717 1.82976064 -0.47181719
v 6.43604014 1.77838235 -0.46563891
v 6.17295280 1.59213041 -0.40747919
v 6.84873837 1.90836291 -0.49063400
v 5.96615004 1.45314569 -0.37917319
v 5.80768544 1.27871386 -0.32183842
v 6.63823338 1.65492348 -0.36829358
v 6.01731985 1.97200557 -0.48350374
v 6.67487300 1.99832555 -0.49930824
v 7.00251338 1.98930703 -0.49924183
v 6.58705897 2.16039271 -0.46854263
v 5.26367298 1.87701612 -0.25594944
v 5.79548050 2.09235104 -0.37778583
v 5.97353175 2.19478479 -0.35716553
v 5.82071442 2.24333245 -0.21317897
v 6.52105763 2.44076737 -0.19968804
v 7.17335242 1.82589298 -0.48108181
v 7.38122422 1.77577268 -0.48180489
v 7.36719865 1.93613105 -0.49934750
v 7.33049800 1.63287509 -0.41068178
v 7.57667426 1.62753472 -0.45952903
v 7.82857266 1.51924937 -0.47080853
v 7.92643134 1.70470813 -0.49685057
v 7.72818292 1.72504724 -0.49778727
v 8.17817387 1.27923840 -0.48612835
v 7.99060497 1.35006978 -0.45801722
v 8.05723635 1.50175410 -0.49776642
v 8.37546684 1.31641666 -0.49592195
v 8.90399048 1.45653956 -0.49749299
v 8.94055766 1.21722353 -0.43377921
v 8.72621072 1.56640270 -0.47513893
v 8.50218680 1.46514013 -0.43293565
v 8.01081015 1.86356576 -0.44620187
v 7.69452651 1.42571208 -0.38851657
v 7.50919157 1.46608075 -0.33378153
v 7.08611703 1.62749490 -0.35829790
v 8.35128161 1.68943783 -0.40242849
v 8.49776822 1.69651050 -0.29027976
v 8.39014828 1.82070983 -0.27101279
v 8.50177027 1.81109165 -0.10172675
v 7.19027037 2.01496613 -0.49579782
v 7.39768979 2.13404928 -0.44854427
v 7.80507958 1.92775016 -0.46631011
v 7.56658774 2.36537917 -0.10959938
v 6.02308064 1.34581844 -0.22452020
v 6.20895510 1.46288750 -0.26554026
v 6.40908885 1.57196546 -0.32299443
v 6.85695375 1.57731792 -0.26666144
v 6.23380485 1.40038436 -0.10121001
v 6.43122129 1.47658462 -0.14251127
v 6.63910182 1.53099696 -0.19184410
v 5.24062915 1.95108014 -0.00791823
v 6.88920988 2.41493624 -0.27473825
v 5.85732002 2.31320740 -0.02249742
v 6.17594563 2.40195496 -0.12532002
v 6.52766884 2.48239529 0.02778515
v 6.88267265 2.49551551 0.04013905
v 7.28547897 1.49415079 -0.25476697
v 7.67873954 1.28226297 -0.22733569
v 7.47066951 1.36423190 -0.13733701
v 7.06492249 1.50244937 -0.15522394
v 8.14610977 2.07203787 -0.15736195
v 8.64330405 1.95198066 -0.02397941
v 7.19893958 2.45374414 -0.10285011
v 7.88677143 2.24495054 0.07176689
v 8.85983068 0.65849986 -0.47084308
v 9.11412704 0.40347132 -0.35229973
v 8.99051444 1.01604616 -0.27466873
v 12.12049613 0.08405060 -0.49349426
v 11.95489591 0.00123641 -0.43544286
v 12.01003223 0.23581942 -0.46808430
v 12.29271965 0.39789674 -0.48041310
v 11.82300264 0.00191494 -0.32683883
v 11.87661228 0.23072661 -0.39439474
v 12.05596440 0.58665064 -0.49732016
v 11.96457452 0.43225743 -0.46606882
v 12.22082575 0.56619317 -0.48924385
v 11.77718082 0.45519070 -0.34860634
v 12.60874520 0.05657100 -0.28054460
v 11.73303140 0.00015785 -0.17749770
v 11.75871416 0.21906299 -0.25955111
v 12.44390700 0.34788156 -0.41847908
v 11.71721457 0.94736001 -0.45190590
v 11.53969678 1.13852205 -0.43733672
v 11.91324025 0.78603903 -0.48643153
v 12.13123283 0.77769702 -0.49250793
v 11.75621917 0.70403650 -0.40518766
v 11.83837660 1.01543498 -0.49378371
v 11.90902213 1.18394705 -0.49274168
v 11.64263862 0.64351723 -0.26867831
v 11.59970310 0.87772840 -0.35812887
v 11.51053760 0.82004812 -0.20665852
v 11.24777457 1.16785002 -0.25177756
v 11.43339917 1.03775169 -0.31361775
v 12.48511381 0.71436715 -0.30150492
v 12.23897153 0.97218019 -0.42454720
v 9.25143426 0.34026889 -0.15266280
v 9.10684767 1.12457726 -0.25471775
v 9.08472568 1.00404839 -0.05110733
v 9.26488293 1.21948166 -0.18785281
v 9.19176377 0.69289604 -0.09103893
v 9.17280526 1.10155294 -0.09464866
v 9.06473170 1.00850986 0.14189900
v 11.67040512 0.42163179 -0.16929306
v 12.68545864 0.02602945 -0.10654239
v 11.70106377 -0.00220064 0.01542224
v 11.69264594 0.20971372 -0.07822739
v 11.57805453 0.61354949 -0.08646993
v 11.36494002 0.97828082 -0.14001004
v 12.42504137 0.96529091 -0.25952143
v 11.20417018 1.11880161 -0.05125196
v 12.58334625 0.69584682 -0.12358413
v 9.12007549 1.57514666 -0.49138392
v 9.09706601 1.40701603 -0.45153615
v 9.19005064 1.29980715 -0.35275493
v 9.33671468 1.47646251 -0.40667558
v 8.91538725 1.63346934 -0.49327440
v 9.32309019 1.63471114 -0.47837919
v 9.51170834 1.72468667 -0.47814715
v 9.60973887 1.84135993 -0.49560773
v 9.48826430 1.96902021 -0.48969277
v 9.86921587 1.83422470 -0.48167477
v 9.54927266 1.61236083 -0.42543637
v 9.75112763 1.72658289 -0.45014950
v 10.07911387 1.86439125 -0.48287197
v 10.90897392 1.79424242 -0.49481952
v 10.76362986 1.72345786 -0.46385929
v 10.26474195 1.72459389 -0.41690445
v 10.50637124 1.73434997 -0.43849507
v 9.59419301 1.49308903 -0.31293914
v 9.79868977 1.59545121 -0.35187978
v 10.70864035 1.58560081 -0.37009151
v 10.65562693 1.49725982 -0.24802083
v 10.01898160 1.67742928 -0.38979172
v 10.48019992 1.60920975 -0.33938326
v 9.73173065 1.97684910 -0.49805230
v 9.64052005 2.11157609 -0.46262580
v 9.97372070 2.00855817 -0.49918954
v 10.29981868 1.86391336 -0.48178479
v 10.38724066 2.02594042 -0.49739025
v 10.20432691 2.04154938 -0.49678541
v 10.53495093 1.87077546 -0.48899686
v 10.56859392 2.01102590 -0.49675316
v 10.53399012 2.17573791 -0.45549216
v 10.04580736 2.20281519 -0.45220183
v 10.31519509 2.20881939 -0.45142995
v 9.01203858 1.98035395 -0.38942212
v 9.57243141 2.26095631 -0.35564007
v 9.24210010 2.25291261 -0.21462006
v 10.21199569 2.34702873 -0.35465011
v 10.67613413 2.29422702 -0.35871347
v 9.89462081 2.43296380 -0.20668275
v 10.58099841 2.42452702 -0.20259111
v 11.18505291 1.46070601 -0.43878088
v 11.41608319 1.38615022 -0.47424794
v 11.70447441 1.18734151 -0.49232168
v 11.59167343 1.37214326 -0.49765533
v 11.45697141 1.57403033 -0.49951773
v 11.32847471 1.25629897 -0.39101629
v 11.02407041 1.64576665 -0.47304733
v 11.10970093 1.75664976 -0.49842185
v 11.25640637 1.58717434 -0.49014562
v 11.30192304 1.70843593 -0.49780152
v 10.94456061 1.53142155 -0.40129392
v 10.85640567 1.41129584 -0.23404883
v 11.10464546 1.34928463 -0.32881564
v 12.19070502 1.32716259 -0.30292828
v 11.82236433 1.85751020 -0.17093201
v 10.74238710 1.90007568 -0.49837623
v 10.76047522 2.09983969 -0.46589040
v 11.15313501 2.03701497 -0.43090082
v 9.41263017 1.36376483 -0.26068321
v 9.82506356 1.49763800 -0.20202194
v 10.03408361 1.55855444 -0.24910638
v 10.25407025 1.59337448 -0.29214690
v 10.46425450 1.51199907 -0.18206945
v 9.62955254 1.41087338 -0.14208506
v 9.44817933 1.30470201 -0.06821600
v 10.25220549 1.51685580 -0.12795242
v 10.04217008 1.49850264 -0.07469931
v 9.29486992 2.32327286 -0.06659866
v 9.94849882 2.48491390 -0.02483923
v 10.31048137 2.49561507 0.00598880
v 9.57968398 2.41601884 -0.06381389
v 10.64942159 2.45631604 -0.02626478
v 11.04130355 1.26984470 -0.14983647
v 12.10764007 1.59564588 -0.10658668
v 12.29752522 1.32770655 -0.12484245
v 10.95501120 2.37752207 -0.06245867
v 11.26871231 2.22753833 -0.16234224
v 5.88710605 -0.00828439 0.10463002
v 5.74810355 1.08739919 0.12040599
v 5.88556200 1.18958898 0.02882229
v 5.63643364 1.01182156 0.20546621
v 5.78351067 0.66674114 0.15032163
v 7.74297257 0.13742777 0.18618428
v 7.77248120 0.53180608 0.11198247
v 7.63982252 1.24429111 0.00671132
v 7.79850706 1.12138106 -0.04088011
v 7.81616190 1.13642951 0.15249598
v 7.93900682 1.00434915 0.13936794
v 5.78291137 0.05043218 0.31669273
v 5.23360731 0.05538523 0.47164463
v 5.42436013 -0.00106861 0.49896127
v 5.24487933 0.30396070 0.48296545
v 5.39611143 0.20941389 0.49946163
v 5.60010163 0.12043314 0.45370492
v 5.17964109 0.54437605 0.47994992
v 5.55450015 0.60898751 0.43767412
v 5.30167444 0.51400229 0.49810090
v 5.60221035 0.91287326 0.31531677
v 5.67167450 1.12826996 0.29611482
v 5.23776622 0.72985678 0.49843611
v 5.32154125 0.87014957 0.48655787
v 5.44346516 1.03150088 0.40357620
v 5.38562928 1.03578552 0.43473549
v 5.17861224 0.98478383 0.49756563
v 5.33274077 1.17993540 0.48655696
v 5.14499330 1.22512780 0.49518908
v 8.50112280 0.21083113 0.40998870
v 7.98267767 0.22376059 0.44181221
v 8.32840213 0.11508258 0.48421518
v 8.66271691 0.09971924 0.48211018
v 8.80114272 0.04031377 0.49922441
v 8.65704115 0.34081939 0.48742079
v 8.79949862 0.24898783 0.49967655
v 8.50091685 0.44767496 0.43843362
v 8.38924850 0.36791858 0.47533476
v 8.49869677 0.59362686 0.45919362
v 8.78169727 0.46045136 0.49742062
v 7.87987275 1.23465756 0.34861561
v 8.03000316 0.82653079 0.37964479
v 8.02038404 1.01650539 0.28357424
v 8.09379322 1.15762028 0.42563632
v 8.34137370 0.69652260 0.49859993
v 8.50130606 0.77065773 0.48215999
v 8.72188602 0.82442971 0.49085096
v 8.58446133 0.99748688 0.49639318
v 8.16783485 1.03323075 0.41241607
v 8.28145348 1.06684788 0.46923242
v 8.39972817 0.92699604 0.49873264
v 8.26436650 1.31033569 0.49798284
v 8.78294226 1.03664610 0.43601263
v 8.47825495 1.18552054 0.49526679
v 6.04988139 1.30112386 -0.03995338
v 6.43682241 1.45662534 0.03119934
v 6.64307976 1.49299419 -0.00997401
v 6.85253446 1.50438834 -0.06396100
v 6.03955617 1.32094929 0.15070463
v 6.23496691 1.39920255 0.09025990
v 6.64084854 1.51908688 0.16153440
v 6.85370459 1.51507355 0.12193113
v 6.20818593 2.42445064 0.05053147
v 5.87503604 2.27239565 0.20882609
v 7.26415397 1.42764128 -0.02992793
v 8.50134947 1.79904029 0.14063167
v 7.46210899 1.35626485 0.09231947
v 7.06153956 1.48274695 0.06636328
v 7.66220079 1.28115501 0.20295198
v 7.54084026 2.37383125 0.10029873
v 7.24610060 2.44796302 0.09734761
v 7.77966328 2.18517785 0.29954888
v 8.20104386 2.06457831 0.06352611
v 8.66898372 1.93640326 0.16841779
v 8.67815749 1.83558752 0.31421709
v 5.85230514 1.22845214 0.22043308
v 6.21022656 1.46327661 0.26550362
v 6.42596543 1.50381930 0.21490795
v 6.85305573 1.58613005 0.28058897
v 5.77574538 1.31137239 0.36862929
v 5.99205485 1.40188596 0.32087018
v 5.53892439 1.19958354 0.42718444
v 5.47283621 1.32554338 0.48470969
v 5.30760484 1.36550943 0.49880635
v 5.66918634 1.41407294 0.46322129
v 5.73027846 1.64663712 0.49797205
v 5.29324735 1.55597854 0.46934308
v 5.90295327 1.51641942 0.43939502
v 5.98832694 1.69276643 0.48564287
v 6.39825335 1.60763270 0.36245841
v 6.15712869 1.58785785 0.40815479
v 6.62684936 1.61154832 0.32438954
v 6.18227254 1.76156683 0.48246921
v 6.58310772 1.74128625 0.43631686
v 6.81548107 1.72163946 0.41564453
v 6.70096612 1.87581486 0.48579596
v 5.56011394 2.05162916 0.29794388
v 5.71064379 1.96885420 0.43009132
v 6.08625985 1.87763277 0.49947689
v 6.36090453 1.75461488 0.46170700
v 6.34156013 1.92529137 0.49840418
v 6.57766148 2.04275554 0.49571331
v 6.93261723 1.84766567 0.47763836
v 7.00702641 2.03318965 0.49641274
v 6.89662170 2.24526345 0.43244884
v 7.27517136 1.46157004 0.18614071
v 7.49389924 1.42422350 0.27600750
v 7.07200442 1.54009070 0.24342682
v 8.49604929 1.64524173 0.33631542
v 8.49880504 1.72619337 0.25927781
v 8.34496306 1.84986551 0.27769604
v 7.70454927 1.37273608 0.35162982
v 7.54108926 1.53004466 0.39955148
v 7.75512702 1.54871197 0.46701397
v 7.07605351 1.66181808 0.38815891
v 7.30395849 1.55157781 0.33666503
v 7.16330123 1.83640217 0.48361111
v 7.34254532 1.67100241 0.43637793
v 7.37978326 1.79147558 0.48586578
v 7.53204720 1.90296904 0.49694585
v 7.59087913 1.67655299 0.47742182
v 7.92060605 1.63568173 0.49851619
v 7.76300146 1.78466050 0.49816488
v 8.00120840 1.38592778 0.47120796
v 8.10443348 1.51980026 0.49928140
v 8.50169337 1.37667098 0.46069454
v 8.93574372 1.21413514 0.43456283
v 8.79652236 1.39408608 0.49838557
v 8.50123204 1.49541686 0.42116061
v 8.35525744 1.70065608 0.39408526
v 8.67213123 1.54514382 0.46688166
v 8.72385678 1.72308146 0.41788241
v 7.17131779 2.39933204 0.25198437
v 7.39264748 2.04079641 0.48195409
v 7.74679419 1.99758554 0.45222216
v 7.56116854 2.12697339 0.42424734
v 8.15664696 1.86603414 0.38973320
v 9.26252710 0.34420167 0.10975457
v 9.15901732 1.08630759 0.07964473
v 9.28858466 1.19162770 0.01385775
v 9.19431858 0.67166290 0.10454368
v 9.25787917 1.22615125 0.20912031
v 11.75534967 -0.02834632 0.23205385
v 11.70497714 0.20733756 0.13377034
v 11.58344515 0.61594959 0.11596431
v 11.64306355 0.41379175 0.02893265
v 12.68576206 -0.01498394 0.10874861
v 12.67110784 0.35897054 0.03108010
v 11.69495329 0.42992451 0.22822808
v 11.47310543 0.79552430 -0.01086033
v 11.50940318 0.81347007 0.19714853
v 11.04048187 1.24987968 0.07130806
v 11.35525050 0.96879331 0.08123344
v 12.59210895 0.67679243 0.10970796
v 12.48260323 1.01728444 -0.01297650
v 11.66567746 0.65193582 0.30423460
v 11.22210312 1.14210896 0.17739774
v 9.17641074 0.38244784 0.28444643
v 9.06839013 0.01498765 0.42038371
v 8.95506378 1.02013770 0.31516161
v 9.09448261 1.12785855 0.27190282
v 11.92616277 0.00590558 0.41721298
v 11.91361410 0.23303458 0.41946153
v 12.50582211 0.02572418 0.39262344
v 12.62302330 0.32009572 0.22474524
v 12.52475274 0.45157190 0.33112962
v 12.10985802 0.14961713 0.49242691
v 12.05750532 0.37079524 0.48860265
v 12.26322209 0.32903270 0.49120306
v 12.47830482 0.27172833 0.40068271
v 11.83960836 0.46406711 0.40226595
v 11.99316578 0.60612463 0.48830644
v 12.18333989 0.55188118 0.49524853
v 12.48672403 0.64707353 0.32754930
v 12.44841067 0.97293901 0.21318746
v 12.28308947 1.07465558 0.35610461
v 11.61606441 0.87633788 0.37024803
v 11.46760476 1.18733390 0.42685488
v 11.76032537 0.94494240 0.46783530
v 11.79955782 0.72176166 0.43567025
v 11.92127003 0.80133634 0.48895414
v 12.09107998 0.76631915 0.49689331
v 12.18586355 0.92019562 0.46088356
v 11.77808415 1.15304889 0.49766181
v 11.95792429 0.97899621 0.49966849
v 9.83682251 1.45662534 -0.01076556
v 9.63606444 1.39578995 0.06469165
v 10.46115656 1.47829321 -0.00122249
v 10.66294150 1.43457557 -0.08050748
v 10.25255617 1.50351459 0.05777917
v 9.44090861 1.31965248 0.14455742
v 9.82769041 1.49358006 0.19152990
v 10.04155986 1.50745986 0.12082510
v 10.67103800 1.43750303 0.11108045
v 10.46848611 1.51177148 0.18314959
v 8.95805643 2.13105439 0.17466415
v 9.26791382 2.30493913 0.11104446
v 9.62831561 2.41354381 0.13045915
v 10.30543785 2.44021941 0.22771755
v 10.64574962 2.42554930 0.17431595
v 10.85514082 1.35047743 -0.00956912
v 12.31386412 1.31062551 0.10412477
v 10.87763989 1.38597549 0.19956749
v 11.82298213 1.89174605 0.05714762
v 10.97380619 2.36081858 0.11802243
v 11.30555777 2.23116284 0.08860900
v 9.39547524 1.40068667 0.31779108
v 9.61062326 1.46192868 0.26325057
v 10.69412110 1.51397617 0.28944920
v 10.25503393 1.56177843 0.24154701
v 10.03260395 1.59187633 0.30005142
v 9.16874764 1.32734092 0.38411036
v 9.11829540 1.52580999 0.48364097
v 9.04870218 1.71121560 0.49443534
v 9.56431918 1.57840127 0.40045440
v 9.80033552 1.60266233 0.35761097
v 9.33195986 1.53079115 0.43822100
v 9.27246570 1.82022515 0.49652652
v 9.75942500 1.73293700 0.45185050
v 9.49281324 1.74528216 0.48588982
v 9.59381777 1.95104510 0.49649882
v 10.25260058 1.67952610 0.38373383
v 10.48370943 1.61169913 0.34277920
v 10.00803558 1.72254955 0.42217891
v 10.21229377 1.82196277 0.46754698
v 10.48913890 1.77176917 0.45577178
v 10.73115794 1.64436458 0.41832762
v 10.59416014 1.98743231 0.49851351
v 10.76363189 1.80110695 0.48682697
v 9.33755545 2.25446700 0.27528520
v 10.48832930 2.37282530 0.30380483
v 10.67004727 2.31720428 0.33709883
v 9.11923307 1.89023249 0.46603213
v 9.71545316 1.84791834 0.49093600
v 9.76789799 1.96309908 0.49954747
v 9.70919148 2.12196473 0.46512138
v 9.94337926 1.87416963 0.48794005
v 10.17773296 2.02815421 0.49809810
v 10.38067451 2.01075132 0.49905414
v 10.52797032 2.21539734 0.43564359
v 12.07794405 1.62051823 0.12839356
v 11.76962999 1.73149844 0.36843855
v 11.08858867 1.32101674 0.28863590
v 10.93124357 1.49940700 0.37243987
v 11.17529925 1.45491509 0.43394447
v 11.30078663 1.25147297 0.37219752
v 11.25587687 1.59026103 0.49057132
v 11.79499253 1.37569812 0.48709497
v 11.42611594 1.44584661 0.48863941
v 11.00067261 1.65549417 0.47225708
v 11.17027210 1.77143254 0.49898883
v 10.95786997 1.83149817 0.49862785
v 11.57649795 1.79587468 0.42112716
v 11.97250517 1.41050005 0.42087668
v 11.43439674 2.03058549 0.32293034
v 10.86677926 2.31337439 0.28172826
v 10.82945513 1.97061084 0.49423571
v -0.73710675 -2.18238984 -0.39156249
v -0.66753702 -2.04454150 -0.47492294
v -0.88081725 -2.06852348 -0.43115352
v -1.07812711 -2.08119250 -0.35672323
v -1.29534865 -2.05174002 -0.25138507
v -1.70734789 -1.49638010 -0.41699850
v -1.67302087 -1.33854976 -0.47733998
v -1.98605683 -1.24894601 -0.35368267
v -1.22234002 -1.92543988 -0.41002139
v -1.35519722 -1.60748848 -0.48749010
v -1.17533894 -1.74977372 -0.48587335
v -1.01612837 -1.90394642 -0.47251625
v -1.60741225 -1.79743180 -0.27433963
v -1.77277514 -1.63207765 -0.28015807
v -0.31459746 -2.23365309 -0.42591766
v -0.07886631 -2.25516356 -0.42464784
v 0.24270039 -2.04990637 -0.49426821
v 0.64978375 -2.13786191 -0.43910929
v 1.12813914 -1.85482816 -0.46696724
v 1.24894723 -2.03760308 -0.30501302
v -0.45465295 -2.35655110 -0.29037422
v -0.22414043 -2.41733578 -0.25446516
v 0.26753983 -2.36610872 -0.31601949
v 0.70472256 -2.34420372 -0.21417027
v 0.83707384 -2.20909372 -0.33738813
v 1.33500363 -1.67988742 -0.47642318
v -1.12666271 -2.19464970 -0.16027548
v -0.76241918 -2.36703525 -0.08029788
v -1.65683458 -1.85148060 -0.09080477
v -2.12404546 -1.19300376 -0.23598394
v -1.90992156 -1.59205987 -0.08191882
v -0.42861027 -2.44256326 -0.11284909
v 0.26158194 -2.45724217 -0.14735996
v 0.90729799 -2.29717812 -0.15104402
v -0.08755072 -2.48288534 -0.09141107
v 0.59972016 -2.41453420 -0.07504935
v -1.80130642 -1.16089285 -0.47714943
v -1.99378519 -1.00789483 -0.43922163
v -2.08243775 -0.59511931 -0.46882754
v -2.12179735 -1.04487584 -0.33579138
v -2.25244190 -0.66237144 -0.35197180
v -2.10270104 -0.35841763 -0.47981229
v -2.10668925 -0.14333162 -0.48616830
v -2.25149224 -0.23443324 -0.42136890
v -2.31962488 -0.04663381 -0.37881972
v -2.13056920 0.07406522 -0.48019984
v -2.26687694 -0.42954900 -0.39058911
v -2.38042713 -0.27481874 -0.29615681
v -2.24794453 -1.00398994 -0.17260167
v -2.44270797 0.09045535 -0.21860218
v -2.46210828 -0.33047597 -0.09276860
v 1.34838896 -1.84584305 -0.40617633
v 1.53140011 -1.52534009 -0.47069765
v 1.46456925 -1.92859622 -0.25871135
v 1.55457085 -1.94776018 -0.02816683
v 2.07563348 -0.65828871 -0.46485812
v 2.28126167 -0.70702837 -0.30996217
v 2.11293723 -0.40193037 -0.47509478
v 2.14428593 -0.19636742 -0.47411062
v 2.25520293 -0.04038529 -0.42697199
v 2.40549683 -0.10340223 -0.28050819
v 2.36398376 -0.79139579 0.02607249
v 2.39907014 -0.52211309 -0.19122249
v 2.47903466 -0.16491664 -0.09107424
v -1.65454358 -1.84544451 0.11918949
v -0.78481580 -2.34666364 0.13852651
v -0.61565653 -2.36426397 0.22597544
v -1.33106746 -2.07541509 0.16444512
v -2.11781519 -1.31232209 0.03549953
v -1.89486890 -1.59687477 0.12170418
v -2.06386741 -1.30666186 0.21864702
v -0.43255567 -2.44444620 0.10087305
v 0.25689761 -2.47399012 0.07791272
v 0.91725208 -2.31424433 0.06553520
v -0.07249671 -2.48041148 0.10554898
v 0.58117214 -2.40854850 0.12360204
v 1.20012139 -2.16647481 0.12982628
v -0.58065026 -2.26034245 0.37129649
v -1.13126135 -2.13438970 0.27024417
v -1.27732575 -1.97407492 0.34876076
v -0.94216134 -2.12054378 0.37934950
v -0.71385253 -2.13250046 0.42917438
v -0.85719055 -1.99331026 0.46820451
v -0.58420141 -1.96410577 0.49590575
v -1.59377316 -1.77076048 0.31427908
v -1.95351738 -1.29214041 0.35856721
v -2.05952949 -1.14425827 0.34659037
v -1.47958026 -1.65666221 0.44511847
v -1.24518102 -1.77867389 0.46677041
v -1.09603263 -1.63670770 0.49819893
v -0.99551584 -1.83553381 0.49129624
v -1.31695772 -1.51890801 0.49960615
v -0.01985693 -2.41520475 0.27005464
v -0.41551150 -2.36218422 0.29209794
v 0.06156634 -2.31036820 0.38885460
v 0.22693846 -2.39697009 0.27952757
v 0.72781838 -2.33894389 0.21325818
v 0.69863344 -2.22697593 0.37057428
v 0.89426623 -2.24568376 0.26628347
v 1.28553877 -2.02834117 0.29083652
v -0.38543835 -2.25734401 0.40203698
v -0.02679164 -2.16560866 0.46906257
v -0.46256993 -2.11268699 0.47080795
v 0.18849075 -2.14683789 0.47329272
v 0.88907640 -2.12055803 0.39481552
v 0.51619487 -2.11991753 0.46233879
v 0.88947236 -1.89065813 0.49129183
v 1.10478798 -1.83886179 0.47661929
v 1.27324290 -1.69748356 0.48246108
v -2.27362062 -1.01092855 0.07344693
v -2.39728796 -0.67748730 -0.03939783
v -2.36965756 -0.68247065 0.16153961
v -2.44687927 -0.06459325 0.21073797
v -2.45362808 -0.32409403 0.13656152
v -2.17786221 -0.94846838 0.32332910
v -2.02987182 -0.78498722 0.46564474
v -1.86282191 -1.18179186 0.45254111
v -1.72063605 -1.04491744 0.49965658
v -2.23276291 -0.67797567 0.36714357
v -2.04944039 -0.55319331 0.48220931
v -2.36046269 -0.27633433 0.32271022
v -2.22770406 -0.24140953 0.43444061
v -2.31088178 -0.05961156 0.38566727
v 1.52746460 -1.90707674 0.21767808
v 1.41301471 -1.83237525 0.38332681
v 1.53311007 -1.38452959 0.49420960
v 2.28909369 -0.81306949 0.24419974
v 2.43253364 -0.54843631 0.00726508
v 2.47410390 -0.20379462 0.10148156
v 2.04102183 -0.65826583 0.47707462
v 2.41716521 -0.16142654 0.25662949
v 2.33683843 -0.37060790 0.33633225
v 2.07364386 -0.45469851 0.48212493
v 1.98008594 0.07296909 0.49856883
v 2.28258237 -0.12887739 0.40514503
v -2.12198341 0.29467519 -0.47725708
v -2.27660601 0.42776115 -0.38323839
v -2.31098805 0.19200470 -0.38226994
v -2.23891113 0.66765364 -0.36396201
v -1.91974011 0.86348165 -0.48659564
v -2.19118389 0.87847575 -0.34024798
v -2.01666602 1.22423158 -0.34033178
v -2.37096627 0.57582926 -0.22778144
v -2.43023877 0.33369670 -0.19719557
v -2.01717082 1.38327827 -0.21676249
v -2.40005148 0.66964704 -0.03229597
v -2.27210523 1.02045495 -0.04561959
v -1.85138718 1.43577194 -0.35884282
v -1.43328763 1.60666770 -0.47399603
v -1.57749235 1.72671875 -0.36132457
v -1.70011578 1.75428879 -0.22127501
v -0.98752879 1.79448341 -0.49619323
v -0.76343692 2.13876255 -0.41685951
v -0.98433479 2.04420667 -0.41753917
v -1.17224658 2.11820881 -0.26552065
v -1.33643165 1.98026449 -0.30508607
v 1.27759047 1.71983415 -0.47739008
v -0.37758233 2.10109694 -0.47915664
v -0.53972749 2.23601140 -0.39750731
v 0.21686604 2.23360518 -0.43188476
v 0.45223643 2.22527793 -0.41767879
v 0.83658383 2.04740639 -0.45023450
v 1.13760301 1.90464426 -0.44679719
v -0.41506216 2.37249163 -0.27820006
v 0.34002874 2.34343911 -0.33288832
v 0.16954640 2.40859923 -0.27184745
v 1.03477099 2.05131519 -0.39898560
v 1.26130777 2.04945738 -0.28232120
v 0.89786099 2.21362807 -0.30543360
v -1.87549011 1.58818069 -0.18468519
v -2.09942165 1.34336400 -0.02329807
v -1.65592639 1.85354280 -0.08644317
v -1.37625797 2.05579921 -0.13963567
v -1.08427493 2.23384883 -0.09774748
v -0.05915824 2.43671272 -0.22881107
v 0.93062085 2.29794793 -0.11589476
v -0.44462953 2.45039425 -0.05065787
v 0.23977611 2.47913144 -0.04725155
v 1.24560337 2.15607374 -0.05582069
v 0.58365547 2.41327379 -0.09914545
v 2.15742835 0.41660278 -0.45623356
v 2.37888265 0.14386709 -0.31324489
v 2.31201188 0.56758473 -0.31824938
v 1.63299478 0.85936076 -0.49798845
v 1.97621572 0.63550322 -0.49317831
v 2.23300077 0.81643565 -0.32090475
v 2.46298829 0.20979620 -0.14598477
v 2.41572572 0.57131847 -0.10418369
v 2.33996034 0.76378432 -0.17779596
v 1.34207377 1.86408481 -0.39796321
v 1.46680726 1.92354549 -0.26361727
v 1.55747938 1.94459385 -0.03826441
v -2.46633128 0.35073892 0.03967579
v -2.36802494 0.69102491 0.15936820
v -2.22914955 0.99928146 0.21828934
v -2.39650125 0.36321632 0.25438411
v -2.30956181 0.57991783 0.31763668
v -2.24171038 0.34959175 0.41769938
v -2.03013671 0.30847163 0.49539929
v -2.12359696 0.53540154 0.45946999
v -2.05518561 0.96513699 0.41682305
v -1.89516065 0.89503707 0.48899995
v -1.88063802 1.12262555 0.45912032
v -1.74833489 1.34319566 0.45388781
v -1.91208270 1.59980729 0.01194884
v -1.67500724 1.83194079 0.10193967
v -2.08073524 1.31016969 0.18117074
v -1.38114801 2.06420352 0.09517445
v -0.78705405 2.35654009 -0.09146975
v -1.08514926 2.23807857 0.07801057
v -1.17072529 2.14634567 0.21930537
v -0.08540224 2.49125945 -0.01702716
v 0.94380944 2.29905433 0.08775647
v 0.24430081 2.44458689 0.18699889
v 1.15289625 2.17941875 0.16731076
v 0.60467926 2.40395273 0.11781265
v -1.81284786 1.52702417 0.32860112
v -1.65664918 1.72794485 0.30013109
v -1.42584839 1.58027394 0.48072919
v -1.06654641 1.79956591 0.49076121
v -1.34155762 1.96773406 0.31546420
v -0.96859052 2.14231192 0.34954393
v -0.81317597 2.26031581 0.28861674
v -0.93206445 1.97538691 0.46143548
v -0.77923718 2.14062432 0.41247558
v -0.58250110 2.09557749 0.46590711
v 1.00943074 1.91604121 0.46953590
v -0.09883895 2.44854743 0.20390158
v 0.24326206 2.31885396 0.36876925
v -0.49937472 2.28315380 0.36502780
v 1.09922337 2.06833867 0.35914977
v 1.30376030 2.01140422 0.29850387
v 0.93480004 2.21951575 0.27880921
v -0.13087997 2.32800930 0.36920533
v 0.24263663 2.12358157 0.47851486
v -0.16703887 2.13072454 0.47902841
v 0.46649780 2.05250170 0.48674305
v 0.88967151 2.08730113 0.41767576
v 0.62035221 2.30523199 0.30812591
v 0.45084259 2.23556812 0.41123928
v 2.48454872 0.17350982 0.04745471
v 2.35355177 0.57377368 0.25874560
v 2.32598266 0.26445003 0.36131089
v 2.22704977 0.69621483 0.36951363
v 2.15143376 0.53835322 0.44790963
v 2.17678382 0.34217135 0.45483332
v 1.96494069 0.46751895 0.49899273
v 2.24436635 0.12816009 0.42968483
v 2.33358933 0.76463697 0.19348149
v 1.82899991 0.69702004 0.49775459
v 1.83941409 1.04195105 0.48534937
v 1.50402981 1.92378123 0.22006221
v 1.55550697 1.53177450 0.46186402
v 1.38060789 1.69635244 0.46035209
v 1.15399278 -0.58534612 -0.37825653
v 1.08710174 -0.01452595 -0.38408797
v 1.08704927 -0.21931680 -0.37777074
v 1.02819422 -0.41389810 -0.28122994
v 1.05866741 -0.65122224 -0.24230706
v 0.96397185 0.07640753 -0.23119568
v 0.93137993 -0.32661853 -0.05530651
v 1.99558666 -1.91754769 -0.32363633
v 3.16761733 -2.34935590 -0.34338252
v 2.56578287 -2.02678148 -0.46009907
v 2.76112192 -2.02890834 -0.48108424
v 3.08730159 -2.00092074 -0.49840091
v 2.79446276 -2.21680901 -0.39776742
v 2.71984846 -2.32056099 -0.26627903
v 2.38608784 -2.11214260 -0.35706809
v 2.28727738 -1.71849598 -0.49607215
v 1.90332546 -1.53765815 -0.47679964
v 1.85076690 -1.74839761 -0.36422970
v 3.33477105 -2.26084511 -0.42163704
v 3.70379666 -2.28577011 -0.39027084
v 3.32716333 -2.05700879 -0.49487385
v 3.58618369 -2.01346179 -0.49870945
v 3.97579769 -2.03002507 -0.48558509
v 4.21451592 -1.89836422 -0.49414074
v 3.92512342 -2.22830071 -0.40268785
v 3.38545271 -2.41094379 -0.27618575
v 4.07787908 -2.31499953 -0.27584762
v 4.53798846 -1.99875360 -0.39421670
v 4.68006451 -2.04256961 -0.27761167
v 4.53931005 -1.73464629 -0.49344040
v 4.71430293 -1.64784857 -0.48591868
v 4.91326007 -1.50858191 -0.47871821
v 2.31153218 -2.21509607 -0.15577634
v 3.03091103 -2.42913391 -0.18812835
v 2.13585226 -2.15307057 -0.02912063
v 2.64031086 -2.37050974 -0.06686873
v 3.64012152 -2.42147039 -0.23632986
v 4.29276001 -2.24221648 -0.27149758
v 4.85468216 -1.92649437 -0.27107085
v 3.33162356 -2.48856163 -0.06419566
v 4.01791162 -2.41036571 -0.07336919
v 4.63280995 -2.16399674 -0.04915769
v 4.95856876 -1.94432632 -0.03167242
v 1.31258516 -0.64758085 -0.46103319
v 1.00366227 -0.68256899 -0.03241166
v 1.03295108 -0.65890428 0.18633655
v 0.95281130 -0.33892728 0.14896149
v 1.02241768 -0.44472950 0.26741704
v 1.14098325 -0.34386130 0.40602508
v 1.32226362 -0.23671757 0.49022440
v 1.04205738 0.13417773 0.34140209
v 2.96473962 -2.45377734 0.02621912
v 2.29472240 -2.23252025 0.04031797
v 2.01340617 -2.05272483 0.12569229
v 2.60057871 -2.33281573 0.16236887
v 3.64398307 -2.48070100 -0.01857128
v 4.41699091 -2.27277394 -0.07338430
v 3.29314642 -2.46443356 0.15965032
v 3.46401144 -2.40771036 0.28442717
v 3.95806434 -2.40230349 0.16160218
v 4.07091415 -2.28236122 0.32175010
v 4.63296649 -2.12947155 0.17618038
v 4.93333888 -1.90046775 0.22067843
v 2.10941723 -2.01843327 0.29680068
v 2.92581089 -2.39498911 0.22192392
v 2.76728331 -2.28974561 0.32556647
v 2.32660138 -2.10941681 0.33254166
v 2.02849637 -1.87145664 0.37974538
v 2.99517487 -2.30524151 0.35949108
v 2.47136953 -2.02217137 0.44313451
v 2.67899269 -2.09900195 0.44633353
v 2.87526897 -2.14041484 0.45537663
v 2.78430680 -1.95140158 0.49615344
v 3.09807693 -2.17297114 0.45806128
v 1.86027547 -1.73032093 0.38153663
v 2.23115072 -1.90726553 0.43722729
v 1.89727821 -1.17602150 0.49091404
v 4.71788741 -2.00881038 0.29185735
v 4.81028715 -1.80481696 0.40165002
v 3.64969071 -2.33698729 0.34935133
v 3.34737107 -2.16112822 0.47051090
v 3.73069707 -2.21044123 0.43833126
v 3.60129198 -2.10919107 0.48317202
v 3.95645476 -2.15900993 0.44030067
v 4.28969770 -2.22383457 0.29659597
v 4.28219830 -2.01501033 0.45547927
v 4.44003388 -1.86786564 0.47843358
v 1.44742358 -0.81229878 0.48430134
v 1.20119357 0.45318140 -0.43394487
v 1.28843429 0.65121479 -0.45122501
v 1.05052345 0.44742428 -0.30530084
v 1.14195879 0.59920998 -0.36445675
v 1.05200501 0.63642856 -0.23792062
v 0.96015466 0.30020323 -0.18383290
v 1.00053716 0.67123761 -0.03412203
v 1.29080646 0.30026511 -0.48022816
v 1.34975742 0.49577909 -0.48597194
v 1.38373769 0.87197848 -0.45634984
v 1.91806909 1.48081826 -0.48982274
v 2.00472958 1.67529211 -0.46364414
v 2.15070779 1.77301522 -0.46773931
v 1.84869441 1.70044214 -0.39285772
v 2.42952082 1.99274361 -0.44782491
v 1.85894942 1.89049317 -0.23110855
v 2.74393768 2.08551269 -0.46057738
v 2.96921989 2.12750236 -0.46713446
v 2.55846979 2.18069874 -0.36624050
v 2.29588878 2.14203470 -0.27718504
v 3.01215127 2.31082665 -0.35684158
v 2.88207037 2.37307689 -0.24828811
v 4.96186439 1.58814068 -0.44190397
v 4.75127279 1.72768057 -0.45766829
v 3.19637243 2.24147679 -0.43004441
v 3.78824687 2.09329554 -0.48158149
v 3.83326676 2.25297241 -0.40134334
v 3.39510544 2.16415670 -0.46995979
v 3.62373826 2.21880441 -0.43998819
v 4.20779951 2.07791593 -0.44046247
v 3.42133919 2.32649757 -0.37513037
v 3.65018969 2.36586362 -0.31885808
v 3.86906499 2.38224145 -0.25207066
v 4.62169507 2.03107500 -0.32908297
v 4.54301249 2.14863043 -0.23827194
v 4.29932317 2.23251341 -0.28051825
v 2.06447265 2.02073884 -0.25748118
v 2.67146887 2.32860256 -0.22415774
v 1.98034305 2.03792678 -0.09635557
v 2.29564884 2.23113504 -0.06398846
v 2.94769856 2.44900100 -0.05122936
v 3.67037068 2.45480373 -0.15150896
v 4.24175961 2.34251087 -0.07802380
v 3.30204147 2.48032109 -0.10178420
v 4.03776597 2.40960153 0.02285719
v 4.90858995 1.96761707 -0.11567210
v 4.63481578 2.16401255 -0.03458404
v 0.93295119 0.34724810 0.03645376
v 1.02680104 0.64219050 0.18274277
v 1.00653032 0.39201070 0.25248887
v 1.11969898 0.58508608 0.34628614
v 1.14532698 0.35251136 0.40845110
v 1.30515745 0.37799122 0.48107643
v 1.22917643 0.53803750 0.43709661
v 1.36518638 0.60558630 0.48211400
v 1.43247098 0.84342709 0.47772279
v 2.60618949 2.36359899 0.00993316
v 2.00025487 2.05552890 0.08004615
v 2.31432593 2.22861931 0.11702169
v 2.27781307 2.15018815 0.25290955
v 2.97286553 2.43521064 0.14388536
v 2.88018608 2.33225793 0.30777146
v 3.68068880 2.47297902 0.07092667
v 4.33675975 2.29817521 0.10405538
v 3.31121828 2.47352007 0.13534979
v 4.61258056 2.13353477 0.19456218
v 4.95328693 1.92418687 0.14335265
v 4.25683722 2.22941880 0.30643653
v 1.88990729 1.75308293 0.38381737
v 1.83669993 1.37859411 0.49191402
v 2.20080974 1.87492379 0.44292580
v 2.02451716 1.75046728 0.44508608
v 2.06074996 2.02350737 0.24922935
v 2.46502023 2.16909331 0.33985160
v 2.24701042 2.03716079 0.36373831
v 2.64764137 2.31419600 0.23610748
v 3.11025676 2.41309604 0.24868960
v 3.09669598 2.25132628 0.41697953
v 2.40140826 2.00576026 0.43392129
v 2.68562742 2.22356751 0.36470754
v 2.79987658 2.00439822 0.48990359
v 2.83847245 2.16840059 0.43665655
v 2.57749803 1.92901413 0.48925294
v 3.03198369 2.06043381 0.48958062
v 4.90336773 1.66548669 0.43516138
v 4.74469013 1.80757367 0.42712535
v 4.74101537 1.63378131 0.48457885
v 3.31323219 2.36753366 0.32979973
v 4.49353516 2.09457939 0.33851219
v 3.27920624 2.09648079 0.48798533
v 3.33305855 2.23651629 0.43567442
v 3.91414662 2.12388748 0.46097935
v 4.53854148 1.94143253 0.42808656
v 5.31280360 -0.71742932 -0.49650430
v 5.56469375 -0.71147603 -0.41182259
v 5.70675495 -0.69780238 -0.28126309
v 5.42459914 -0.34189938 -0.49559620
v 5.77866756 -0.11184488 -0.31662309
v 5.75567835 -0.76430948 -0.13576890
v 5.75968409 -0.80062791 0.03872818
v 5.80615163 -0.53535680 -0.16456128
v 5.87702239 -0.17102550 -0.09853133
v 5.69938548 -0.81526083 0.22455350
v 5.87179560 -0.22634786 0.10492160
v 5.80481404 -0.13203234 0.27869251
v 5.56341361 -0.83430832 0.37986200
v 5.46527242 -0.63995982 0.47134033
v 5.63629380 -0.06945698 0.43671540
v 5.70462113 -0.44799339 0.35234315
v 5.55970663 -0.43383130 0.45388021
v 5.68178454 -0.25838540 0.39869291
v 5.48680505 -0.22621689 0.48846457
v 5.57401739 0.22059386 -0.46141391
v 5.55509970 0.43480853 -0.45562302
v 5.76792658 0.14733720 -0.32635707
v 5.70545030 0.57093390 -0.32496778
v 5.62493415 0.82215010 -0.32686574
v 5.86285502 0.20369324 -0.14752373
v 5.82256395 0.56786007 -0.07602928
v 5.74033997 0.75958039 -0.18077328
v 5.75860867 0.80916045 -0.01138127
v 5.88670120 0.17098688 0.01919476
v 5.83183030 0.45539052 0.14117397
v 5.70566125 0.86129835 0.17470777
v 5.71996725 0.53682985 0.31633546
v 5.75687019 0.28156808 0.32808644
v 5.66079192 0.74644762 0.31790007
v 5.48371469 0.84534195 0.43006891
v 5.38312458 0.67655809 0.48910887
v 4.60757541 -0.87144291 -0.34204062
v 4.78227646 -0.83226657 -0.46235104
v 4.99609449 -0.96342744 -0.49676615
v 4.76241321 -0.62807411 -0.47989847
v 4.59837753 -0.26326667 -0.44762811
v 4.60700269 -0.00749179 -0.45781420
v 4.44369961 0.00570870 -0.34310659
v 4.44049422 -0.36252313 -0.30790081
v 4.47578443 -0.68807008 -0.25417961
v 4.40563582 -0.68504765 -0.04981324
v 4.31117002 -0.01610860 -0.07065213
v 4.35839648 0.08585550 -0.22068449
v 4.33745784 -0.35055875 -0.07756017
v 4.42633324 -0.66493629 0.16423636
v 4.32320381 -0.01776578 0.12740544
v 4.34514396 -0.34372242 0.11794289
v 4.36690273 -0.22055791 0.22349225
v 4.53590310 -0.61125421 0.35496796
v 4.83597966 -0.84059195 0.47881212
v 4.73247962 -0.64056406 0.46956183
v 4.45113966 -0.26307307 0.33655271
v 4.51396280 -0.38987517 0.38005335
v 4.56679744 -0.23998443 0.43140398
v 4.94657979 -0.67771830 0.49816570
v 4.77801911 -0.25614727 0.49701750
v 4.43688307 -0.05220806 0.33603062
v 4.63399548 -0.04866596 0.46874665
v 4.71293697 0.22400674 -0.48835816
v 4.60576294 0.41810441 -0.43938899
v 4.45295368 0.39463218 -0.31875878
v 4.50104045 0.61453226 -0.31853438
v 5.02994155 0.85209997 -0.49798271
v 4.81600663 0.84448194 -0.47281885
v 4.36026862 0.29010788 -0.18801366
v 4.41208231 0.68265951 -0.09541086
v 4.33273891 0.34728968 0.03335679
v 4.42286768 0.71058401 0.10800519
v 4.41936966 0.38757312 0.27422789
v 4.46624764 0.63569192 0.26411536
v 4.59707007 0.30787236 0.44328589
v 4.57272154 0.53201140 0.40387035
v 4.72887912 0.63094134 0.46923437
v 4.96332169 0.88443197 0.49705247
v 5.45261044 -1.87663762 -0.38694235
v 6.30335692 -2.16838302 -0.44482374
v 7.14294100 -2.09553018 -0.48286701
v 6.69092854 -2.25153873 -0.42613437
v 6.16422068 -2.02948757 -0.48118589
v 6.73842762 -2.05209893 -0.49543226
v 6.93390391 -2.20174016 -0.45348937
v 6.20378660 -2.31891470 -0.30422760
v 5.51505520 -2.05084276 -0.26375577
v 5.85579599 -2.14719542 -0.35608479
v 6.81960462 -2.35349591 -0.34821655
v 6.44715128 -2.30907741 -0.36493876
v 7.01897920 -2.37088394 -0.31647056
v 5.59569657 -1.74898963 -0.48198764
v 5.48205834 -1.51985783 -0.49965391
v 5.38409644 -1.69412424 -0.45238426
v 5.23871649 -1.75966253 -0.34716944
v 7.36448232 -1.99560397 -0.49333674
v 7.48826042 -2.15704072 -0.42295177
v 7.60068191 -2.00530855 -0.47149022
v 7.76040387 -1.87197311 -0.48749574
v 7.77178143 -2.05507504 -0.41716679
v 7.49503224 -2.32480404 -0.25407823
v 7.65969750 -2.18719225 -0.34967019
v 8.17322341 -1.84151956 -0.39686982
v 8.16817672 -1.65272614 -0.47666813
v 8.35075457 -1.51134391 -0.46899669
v 6.35818674 -2.42873942 -0.15441728
v 7.05357122 -2.45927421 -0.14410028
v 6.71851025 -2.48640534 -0.07581792
v 7.71209697 -2.29255345 -0.15790240
v 7.39241737 -2.41520845 -0.08029594
v 8.05760528 -2.15322909 -0.00510791
v 8.35967064 -1.94570521 -0.00637151
v 8.98218594 -0.72526031 -0.39525690
v 9.11569498 -0.71138627 -0.26263895
v 9.09026227 -0.17293860 -0.39673746
v 9.20207216 -0.06685793 -0.28873898
v 9.12685655 -0.84894837 -0.12697471
v 9.16578241 -0.78922382 0.01249477
v 9.20334049 -0.52668912 -0.17709732
v 5.71318410 -2.23796654 0.07503978
v 6.37960757 -2.45383811 0.06237276
v 7.05623419 -2.47698522 0.05318796
v 6.06483758 -2.36783414 0.11643743
v 6.72664007 -2.47595601 0.12640679
v 7.73375638 -2.30554995 0.07711348
v 7.37507526 -2.40747039 0.13549181
v 8.03556697 -2.12655579 0.17955406
v 8.32184531 -1.90800981 0.22281432
v 6.14012203 -2.27437153 0.33203184
v 5.57670742 -2.03657495 0.32633875
v 5.74203316 -2.16386409 0.27802434
v 6.73656156 -2.36838370 0.32976305
v 6.36426606 -2.32283761 0.33593126
v 7.07731196 -2.34003055 0.34321245
v 5.76348315 -2.05460710 0.39336927
v 5.93884293 -2.16149402 0.37710432
v 5.44451881 -1.90092777 0.36634313
v 5.89359223 -1.98303330 0.46320723
v 6.52179120 -2.26995433 0.40689395
v 6.09847410 -2.07873993 0.45749616
v 6.47915712 -2.06671346 0.49008231
v 6.70425994 -2.17773248 0.46318069
v 7.10000765 -2.18157009 0.45458166
v 5.30073589 -1.69906436 0.41925835
v 5.66951568 -1.87687295 0.45977454
v 5.51874076 -1.73381215 0.47366264
v 5.26435521 -1.45578973 0.48480701
v 5.33093694 -1.16171953 0.48438074
v 7.53655161 -2.32842854 0.22851087
v 7.70171134 -2.07151425 0.42353696
v 7.71518108 -2.22004285 0.28827528
v 8.10621565 -2.02157976 0.28465122
v 7.32317668 -2.08979691 0.47349159
v 7.53352711 -1.98571745 0.48386391
v 8.16845314 -1.86247044 0.38623998
v 8.15942640 -1.66680662 0.47506341
v 8.34707522 -1.52139938 0.46723955
v 8.81749424 -0.53047315 0.49191456
v 8.88944346 -0.10015389 0.49000456
v 9.12289800 -0.81056835 0.17788400
v 9.21826510 -0.58270230 0.08130696
v 9.26942552 -0.20077120 0.12448640
v 9.19737451 -0.09718353 0.29228621
v 9.00262660 -0.83294745 0.34479239
v 8.97688588 -0.62171273 0.42347027
v 9.17024018 -0.31118172 0.30903708
v 9.00583292 -0.41452880 0.43201339
v 9.04394146 -0.20106171 0.42698683
v 5.33169014 1.46782759 -0.49329323
v 5.60064846 1.76835158 -0.47866781
v 5.80469890 1.87973395 -0.48139058
v 5.24979368 1.68151328 -0.40445098
v 5.61197028 1.97806381 -0.39087932
v 6.17444881 2.14499423 -0.43808981
v 6.81642519 2.13777795 -0.47886688
v 6.38315991 2.14121655 -0.46264483
v 7.04096897 2.18035589 -0.45757017
v 6.31554317 2.26490758 -0.38273670
v 6.48522453 2.30592519 -0.37417674
v 6.70556033 2.34576406 -0.35210618
v 5.45276453 1.98387500 -0.29262039
v 5.61369718 2.13619518 -0.22363111
v 6.15298230 2.30035510 -0.30692061
v 6.33148018 2.37882103 -0.25379903
v 7.09799984 2.36572197 -0.31215712
v 8.28158382 1.49497133 -0.48677630
v 8.14304659 1.69344037 -0.47064744
v 8.20864628 1.89133660 -0.34171336
v 7.59140741 2.04201274 -0.45911412
v 7.22892786 2.22180146 -0.42289463
v 7.59148889 2.24012294 -0.32524985
v 8.00074572 2.03669144 -0.33490725
v 7.36380256 2.34082189 -0.27935538
v 5.41404272 2.05139180 -0.13258260
v 6.00123267 2.32805149 -0.17540479
v 6.98066485 2.47189386 -0.12532570
v 6.73957093 2.47812766 -0.11829952
v 6.35266772 2.44926371 -0.05989060
v 7.95446754 2.18377966 -0.15474533
v 7.75528467 2.28420579 -0.13241154
v 7.39535234 2.42008584 -0.02411860
v 8.32275613 1.95445869 -0.12344015
v 9.01079818 0.23420710 -0.44478389
v 8.95547437 0.45132935 -0.45408339
v 9.03880189 0.61229837 -0.38073257
v 9.16770657 0.16717737 -0.32514836
v 9.17032736 0.56978802 -0.22937120
v 9.26739275 0.09328903 -0.15626780
v 9.23612407 0.52446706 -0.02836095
v 9.10139877 0.80463087 -0.22784080
v 8.91931511 0.83984830 0.41083286
v 9.02035080 0.67880416 0.37961318
v 8.65186836 0.59440039 0.49727820
v 8.87793461 0.62854765 0.46810204
v 5.41547851 2.06176382 0.09581638
v 6.03657863 2.37168207 0.03435134
v 5.71135121 2.24332929 0.00554632
v 5.62706839 2.15580885 0.20056059
v 6.71433030 2.47386647 0.13422930
v 6.34763453 2.42787498 0.15171524
v 6.34492917 2.34270820 0.30908361
v 7.06700890 2.47203094 0.08211730
v 8.04980918 2.15686567 0.01584038
v 6.93280312 2.42676090 0.24755935
v 7.38645213 2.38220510 0.19639777
v 7.57153460 2.28780547 0.27583349
v 5.28748112 1.75804755 0.37965640
v 5.49675225 1.88742209 0.39927224
v 5.48480583 1.69337329 0.47801334
v 5.64537810 1.80976222 0.47633878
v 5.40991915 1.95503077 0.29255706
v 5.79785723 2.11891770 0.35610263
v 6.03165681 2.17970115 0.38600535
v 6.51771140 2.41361943 0.25015837
v 6.26649651 2.21913336 0.41137170
v 6.70966891 2.35813773 0.33941826
v 5.94295641 2.01281573 0.46113016
v 5.85068585 1.84885590 0.49280930
v 6.18283165 2.04372387 0.47923928
v 6.39343877 2.09323691 0.47983360
v 6.79603938 2.04753509 0.49612466
v 7.09164410 2.31576655 0.36670680
v 6.69604435 2.20716515 0.45115121
v 7.10229403 2.19198230 0.45029088
v 8.18615841 1.98972821 0.25890304
v 7.94737647 1.85243382 0.46391135
v 8.31326176 1.52211435 0.47636839
v 8.14007588 1.70213569 0.46861304
v 8.01418240 2.12579590 0.20846586
v 7.97708658 2.01793692 0.36404704
v 7.32528980 2.24358219 0.39104351
v 9.28597797 0.16599677 0.03452604
v 9.21450181 0.50523829 0.15931226
v 9.13679029 0.59469828 0.27703039
v 9.14525096 0.84486702 0.01625268
v 9.21473633 0.14400119 0.26348911
v 9.07371245 0.25247802 0.40532204
v 8.93119697 0.13948622 0.47890863
v 9.04227996 0.48626464 0.39859066
v 8.92419283 0.38075215 0.47241911
v 9.08290902 0.81833744 0.25175913
v 9.04683829 -2.07707754 -0.32641772
v 9.03842709 -1.86286657 -0.45743651
v 8.89712039 -2.09537221 -0.16228935
v 8.04975688 -0.82238100 -0.39510016
v 8.36230299 -0.91021348 -0.49584957
v 8.21052925 -0.82353791 -0.47424236
v 7.88964731 -0.61601719 -0.30285900
v 7.96090238 -0.43694511 -0.41132772
v 8.11488697 -0.60877239 -0.46626183
v 8.10874907 -0.39552613 -0.48135550
v 7.82117680 -0.35729635 -0.28251087
v 7.80433518 -0.67749638 -0.06172722
v 7.77403681 0.05959139 -0.25017118
v 7.72976361 -0.31546747 -0.05460656
v 9.84042460 -2.06355091 -0.48917972
v 9.44637849 -2.11031840 -0.43427164
v 9.88616604 -2.25469741 -0.41381647
v 10.06370414 -2.14957710 -0.47400380
v 10.79950885 -2.01322240 -0.48822624
v 9.53915804 -2.29028193 -0.31424441
v 9.94577034 -2.39541462 -0.28558636
v 10.08094690 -2.28962522 -0.40015360
v 10.20186878 -2.37160791 -0.32878413
v 10.85616495 -2.27769028 -0.33015879
v 10.45582453 -2.31975152 -0.36647953
v 10.53237733 -2.42404394 -0.21332377
v 9.23658696 -1.99444712 -0.44873154
v 11.03068384 -1.97540532 -0.47715701
v 11.25913251 -1.84418412 -0.48117275
v 11.43330547 -1.97160542 -0.37530448
v 11.05879994 -2.18256121 -0.35447630
v 11.18811330 -2.23481449 -0.21948883
v 11.50341614 -1.77102426 -0.45576814
v 11.61116347 -1.88486091 -0.34540153
v 12.11750816 -1.23756767 -0.41085553
v 11.86908582 -1.59838073 -0.38559924
v 9.08927260 -2.20484125 -0.15428633
v 10.12745247 -2.46517778 -0.16089955
v 10.77841026 -2.39523627 -0.16693210
v 9.88831168 -2.47359006 -0.05412176
v 10.58813799 -2.46613435 -0.01023614
v 11.41192667 -2.14120429 -0.17716958
v 11.26575979 -2.25853476 -0.00849565
v 11.76232683 -1.88311451 -0.21281219
v 11.91310790 -1.74100729 -0.22047976
v 12.21560346 -1.46127984 -0.06212645
v 12.08377838 -1.04086104 -0.47444618
v 12.15386652 -0.60066360 -0.49664653
v 12.35975159 -0.68654173 -0.42014999
v 12.28610125 -1.05675295 -0.36206878
v 12.49505829 -0.76967786 -0.26161288
v 12.43220323 -0.24934829 -0.43181455
v 12.32847289 -0.04938307 -0.48115870
v 12.54278262 -0.37459598 -0.32943574
v 12.54847066 -0.13248774 -0.34757934
v 12.64313989 -0.10601845 -0.21506497
v 12.38483515 -1.13526302 -0.17230018
v 12.54461162 -0.83752600 -0.06085655
v 12.62575099 -0.46797005 -0.15034790
v 12.68570152 -0.15937803 -0.04510015
v 8.94656772 -2.11392444 0.19608300
v 8.97949151 -1.98971803 0.36827924
v 8.85071227 -1.80218871 0.42924779
v 8.70281490 -1.53517868 0.47717481
v 8.91430941 -1.59922185 0.49587995
v 8.65852794 -1.33977381 0.49658826
v 7.82854585 -0.66672788 0.16873452
v 7.76390751 -0.31517062 0.18833128
v 7.91863544 -0.60684767 0.33899827
v 8.31689006 -0.80101903 0.49615792
v 7.83960341 -0.44618436 0.29061885
v 7.80133309 -0.09127462 0.29179891
v 7.90828549 -0.24537091 0.39140110
v 8.28315291 -0.56336086 0.49918221
v 8.15514339 -0.07562426 0.49629000
v 8.13095981 0.11409936 0.49374199
v 9.11883760 -2.24144591 0.07197972
v 10.10476939 -2.48692645 0.07110018
v 10.78503056 -2.41585737 0.08575393
v 9.46678707 -2.36517023 0.13122688
v 9.86731069 -2.44451016 0.16383123
v 10.42723188 -2.46595305 0.13023369
v 11.43789961 -2.15138630 0.10236875
v 11.11093909 -2.30114543 0.13668507
v 11.26150445 -2.19790414 0.23217661
v 11.73461792 -1.94397472 0.12796282
v 11.98544693 -1.72839473 0.08877675
v 12.18473498 -1.46592252 0.15780340
v 9.86574829 -2.37041702 0.30038023
v 9.50175231 -2.25516438 0.33868590
v 9.13495564 -2.14671090 0.29501543
v 10.57470996 -2.40601518 0.23878513
v 10.09649699 -2.40588293 0.27888077
v 10.20437494 -2.29088037 0.40254479
v 10.76107439 -2.34406494 0.27592444
v 10.84777543 -2.22905520 0.37887538
v 9.18908379 -2.01985577 0.42346219
v 9.24093094 -1.87137212 0.48723880
v 9.86010533 -2.09704434 0.48178982
v 10.42617258 -2.27634920 0.40396365
v 10.10438993 -2.13874309 0.47764856
v 10.74210019 -2.07751267 0.47610628
v 10.50307242 -2.06094013 0.49244715
v 9.03938629 -1.81955870 0.47219534
v 11.51978343 -1.84728461 0.41788923
v 11.08923590 -1.98647594 0.46512676
v 10.92735739 -2.07861533 0.45508677
v 11.90498074 -1.70154398 0.27829791
v 11.92942859 -1.54508019 0.38060145
v 12.21292644 -1.33250024 0.27379481
v 11.72066146 -1.82271816 0.32625499
v 11.63257970 -1.66554991 0.45722366
v 11.30383177 -1.86808049 0.46724137
v 11.45582271 -1.68630481 0.48734338
v 11.75982489 -1.49567171 0.47076342
v 12.12629781 -1.22320171 0.41189961
v 12.39615996 -1.17449579 0.04907914
v 12.51139335 -0.85658673 0.16431170
v 12.63585485 -0.51552366 0.05879160
v 12.65501747 -0.19126044 0.17144519
v 12.31194378 -1.18421334 0.26011248
v 12.27636336 -1.02584879 0.38249906
v 11.91912472 -1.34788585 0.46183554
v 12.09626530 -1.02441534 0.47310777
v 12.31430636 -0.62671243 0.45451361
v 12.57006603 -0.53925357 0.24182250
v 12.61005291 -0.05666130 0.27873601
v 12.45789353 -0.45098679 0.39237394
v 12.38097624 -0.07844894 0.46261824
v 12.52256572 -0.20265423 0.36932381
v 12.32909773 -0.24890428 0.47752430
v 8.09222538 0.30302764 -0.48048323
v 8.07324915 0.63558257 -0.44605476
v 7.98993922 0.45094080 -0.42767510
v 7.90398478 0.23996997 -0.38865430
v 7.87448634 0.60761218 -0.28594766
v 8.34001730 0.91376348 -0.49355238
v 8.14468190 0.85453111 -0.44278982
v 7.83527012 0.40736453 -0.29215247
v 7.80218952 0.67304318 -0.04975668
v 8.63567474 1.69330331 -0.39018952
v 8.82475418 1.79717080 -0.42325441
v 8.66707599 1.87030076 -0.26839341
v 8.85639147 1.97096056 -0.31019123
v 8.81821836 2.04796173 -0.14902382
v 12.30500635 0.18987252 -0.48456018
v 12.39895672 0.55302725 -0.41924055
v 12.48848871 0.11950514 -0.40104237
v 12.57351659 0.26487662 -0.30898366
v 12.55714168 0.50034648 -0.27663080
v 12.13178158 1.16836577 -0.42601701
v 12.33492336 0.76086575 -0.41894056
v 12.31141216 1.14873902 -0.28503829
v 12.65560105 0.28297241 -0.15222182
v 12.63597551 0.51743892 -0.05139156
v 12.51124317 0.85992748 -0.16155342
v 12.39676201 1.17044514 -0.06872041
v 9.03529859 1.78888828 -0.47925529
v 9.23059754 1.94598628 -0.46550874
v 9.85969600 2.10427036 -0.47999345
v 9.80745588 2.27483373 -0.38758085
v 9.41433170 2.12003213 -0.42319332
v 9.37648231 2.23253189 -0.32066580
v 9.20305022 2.12859839 -0.34943363
v 9.02247142 2.13790886 -0.22797893
v 9.67352508 2.38666836 -0.22025541
v 10.02759726 2.37302437 -0.32087184
v 10.88515521 2.24745388 -0.35333318
v 10.45114437 2.33382967 -0.35245346
v 10.35987244 2.44797860 -0.20201469
v 11.78817508 1.38253519 -0.48713361
v 11.22570018 1.85896009 -0.48215245
v 11.43792846 1.75501485 -0.47656423
v 11.56567717 1.81023424 -0.41843388
v 11.87804204 1.56451350 -0.39897901
v 11.61494767 1.93399465 -0.29666870
v 12.00533114 1.36332489 -0.42155502
v 12.07005296 1.50739439 -0.29143788
v 10.97162459 1.93195293 -0.49255236
v 10.96728972 2.10477388 -0.43483287
v 11.39592006 1.95739924 -0.39958011
v 11.28864531 2.11225344 -0.32516135
v 11.09944587 2.18567328 -0.33567542
v 11.02900070 2.30396752 -0.21098043
v 9.44757367 2.34062047 -0.18192212
v 10.80315131 2.38406040 -0.18031333
v 9.13888773 2.25360346 -0.04621462
v 9.75889724 2.45164903 -0.04172335
v 12.19049736 1.45259940 -0.16653214
v 11.94972186 1.68612042 -0.24270746
v 11.46069190 2.08590131 -0.22976047
v 11.65551054 2.01751370 -0.08435711
v 11.12222816 2.31583484 -0.01767203
v 7.73117121 0.33201809 0.04156878
v 7.82735485 0.69740756 0.14229085
v 7.89500220 0.61508740 0.31031480
v 7.82618394 0.34545666 0.29162575
v 8.18961990 0.32667186 0.49719375
v 8.01191669 0.45079055 0.44028305
v 8.06283191 0.65318541 0.43745104
v 8.18225784 0.57238170 0.48850297
v 8.20636795 0.82553833 0.47237314
v 8.68677852 1.20833704 0.49600733
v 8.81051497 2.06527679 0.06777910
v 8.60667982 1.37216233 0.48719966
v 8.90412480 1.86662548 0.41561648
v 8.87298115 1.64888480 0.48451372
v 8.85305532 2.00771697 0.26557313
v 12.68328645 0.17808584 0.06093039
v 12.61109779 0.50031474 0.17130228
v 12.54133931 0.84927493 0.04733341
v 12.38515338 1.14341492 0.16098603
v 12.61484814 0.12713127 0.26535346
v 12.32695196 0.10394715 0.48058661
v 12.37702127 0.50221575 0.43777255
v 12.49528624 0.80744601 0.23685531
v 12.37432438 0.86459170 0.36116477
v 12.26654091 1.24100569 0.27993671
v 12.29278687 0.72037529 0.44972930
v 12.10033953 1.08496256 0.46013825
v 11.95302648 1.20646043 0.48100004
v 9.43239187 2.36918995 0.04978189
v 10.81179720 2.41393314 0.05266720
v 10.11499999 2.48325733 0.09007765
v 9.15159343 2.19779540 0.23321598
v 9.87276767 2.44007624 0.17846740
v 9.70315015 2.30694892 0.34115741
v 10.46662050 2.46053296 0.13623818
v 12.21110752 1.47120343 0.03065072
v 11.97601174 1.74845280 -0.02547187
v 11.91002047 1.75900844 0.20004208
v 11.46669297 2.14721227 -0.01467094
v 11.48550501 2.11046215 0.14917152
v 11.29033147 2.15596443 0.27300818
v 11.12136673 2.27386920 0.19605154
v 9.88283497 2.27705854 0.39611642
v 10.10248947 2.38662719 0.30572111
v 10.30933541 2.26851908 0.41829401
v 9.53109340 2.16665772 0.41841149
v 9.42127860 1.94780634 0.48956177
v 9.90910890 2.05465580 0.49322431
v 10.73817776 2.16255401 0.44086947
v 10.07669663 2.20286152 0.45261970
v 11.73156617 1.88207975 0.25005426
v 12.14900565 1.42424426 0.27074189
v 11.96124427 1.59704694 0.32230968
v 11.63274413 1.57889586 0.48098616
v 11.40137219 1.68753358 0.49370061
v 12.12522345 1.24864057 0.40086963
v 11.82839867 1.55649630 0.42692636
v 11.09061035 2.18399820 0.34072337
v 10.96477699 2.11014026 0.43249796
v 11.33127536 1.90186120 0.44983526
v 11.07006518 1.94451313 0.48062867
v 11.19584010 2.06082841 0.40686569
v -0.41572282 -2.00079291 -0.49652926
v 0.93239918 -1.67430568 -0.49252379
v -1.34319749 -2.09846245 -0.04443285
v -1.64486094 -0.99649208 -0.49372410
v -1.60254710 -0.62883124 -0.41545377
v -1.75528413 0.03833563 -0.43768047
v 1.65111471 -1.15300553 -0.49959384
v -0.23475651 -2.44315613 0.20511691
v -0.31068919 -1.95024518 0.49836631
v 0.93359809 -1.47187927 0.43013685
v -1.84758164 -0.86037284 0.49703403
v -1.87540654 -0.49299190 0.49649247
v 1.23790512 -1.15748771 0.39839074
v 2.47319114 -0.34549451 -0.03789036
v 2.12663991 -0.83146234 0.40768834
v -1.75555103 0.38785290 -0.45682996
v -2.02801768 1.01182311 -0.42019733
v -1.64929883 1.53232498 -0.42936268
v 1.02248210 1.29313025 -0.35831302
v -0.16095012 2.08475184 -0.49056477
v 0.34113714 2.04724329 -0.49346314
v -1.22545002 2.17532340 -0.02208493
v 2.30520803 0.34250628 -0.37379175
v 1.76143913 1.03662617 -0.49659891
v 1.63477614 1.22682291 -0.49641502
v -2.07659433 -0.08399389 0.49294608
v -0.26777564 2.47827124 0.07871913
v -0.61956645 1.88749213 0.49878642
v 0.44854635 1.87014562 0.49374636
v 2.46799804 0.37697565 -0.02101733
v 1.69896955 0.03407218 0.40278406
v 2.15522765 -1.48407183 -0.49598907
v 2.35889830 -1.54342866 -0.48100323
v 4.00492358 -1.66734827 -0.44612057
v 4.72697241 -1.17891315 -0.44657978
v 1.81448742 -1.19332259 -0.49861341
v 4.94184612 -1.15451440 -0.49425521
v 1.83930974 -1.94627353 0.04646732
v 1.87383447 -1.52365813 0.47380999
v 2.08096471 -1.54271730 0.49795338
v 3.10269450 -1.83985287 0.48158655
v 2.87913611 -1.79161726 0.48202858
v 4.07356773 -1.97220213 0.49249066
v 4.76391968 -1.58019044 0.49160924
v 4.90360643 -1.42476503 0.49350085
v 4.34592142 1.90375313 -0.48242675
v 1.00588303 -0.23925571 0.28428116
v 4.97322145 1.10844921 0.49395592
v 1.86445082 1.86159543 0.27489556
v 5.87089753 -0.34962640 -0.06187467
v 5.46874912 -1.02768912 0.38708785
v 5.27905758 -0.65132580 0.49885415
v 5.35964620 -0.41754763 0.49938390
v 5.21520879 -0.29113461 0.47264398
v 5.70183850 0.34731177 -0.37559049
v 5.87590005 0.34180716 -0.00283523
v 4.65176555 -0.84168477 0.39038823
v 4.93145445 -1.01397047 0.48235688
v 4.86630195 -0.49360138 0.49907615
v 4.70264270 0.63581179 -0.45847615
v 6.56076862 -1.91493163 -0.49450185
v 7.50515804 -1.66964960 -0.46487782
v 5.36877477 -2.03166273 -0.09033876
v 7.25040619 -2.38641011 -0.25295508
v 8.03775540 -2.11130169 -0.20990973
v 8.16811424 -1.97772861 -0.28890165
v 5.90574649 -2.28100093 0.21296038
v 5.23858386 -1.94468915 0.05638412
v 6.52867714 -2.43082911 0.22179562
v 6.25699293 -1.92908749 0.49934306
v 7.24445282 -1.67063545 0.42138025
v 8.70022284 -0.96458117 0.48018202
v 9.27347854 -0.34610964 -0.03316112
v 5.57334976 1.51962304 -0.49750943
v 7.84828290 1.30753661 -0.38289707
v 7.55582921 1.84128349 -0.49891869
v 6.91890922 2.30180465 -0.39291751
v 5.56529068 2.17143320 -0.01401993
v 7.70060334 2.31481166 0.09518556
v 8.36062947 1.93269895 0.09434051
v 6.14696617 2.34273791 0.24279693
v 7.32414158 1.91290260 0.49865740
v 8.69206270 -1.41399406 -0.49426834
v 8.75136073 -2.00876570 -0.13393753
v 8.79642666 -2.05618093 0.06294358
v 7.96757570 -0.23237952 -0.43246260
v 10.45549312 -1.93260559 -0.49746167
v 10.66213256 -1.85185253 -0.49118993
v 9.44915483 -1.62469093 -0.45436613
v 11.61893018 -1.59433776 -0.48035811
v 11.75670618 -1.41176069 -0.48771725
v 10.34998993 -2.48898166 -0.04135911
v 11.11233937 -2.31618515 -0.06612031
v 12.17576915 -1.39635220 -0.26294836
v 8.86248881 -1.40580118 0.49667629
v 8.76863895 -1.18805417 0.48048723
v 8.52438554 -0.92218183 0.49769815
v 10.27199683 -2.46771155 0.16781869
v 9.44695698 -1.30602992 0.08055099
v 11.72604085 -1.96760101 -0.05583655
v 11.40827694 -2.03127683 0.33586579
v 8.71898883 1.32930929 -0.49887098
v 12.14155037 0.35352785 -0.49829834
v 9.19867121 1.74141679 -0.49940114
v 9.37373312 1.80438861 -0.49869600
v 11.64765785 1.61075949 -0.47095048
v 11.75163085 1.76441660 -0.35415344
v 8.96831666 2.17312074 -0.01129470
v 7.85042259 0.84452835 0.03681004
v 7.90657938 0.83370119 0.23430922
v 8.30731452 0.50383698 0.49779483
v 11.61762870 1.33412858 0.49738451
v 0.40815051 -2.22516381 -0.42391554
v -2.11402658 -0.83916447 -0.41536671
v 1.07344123 -2.15540293 0.28533138
v 1.20316171 1.57081832 -0.49850615
v 0.52576260 2.34896022 -0.28115748
v 2.36259067 0.79895713 -0.00776461
v 0.81711384 1.95025800 0.48425512
v 1.22009535 1.85839639 0.44610595
v 2.05197261 0.21857857 0.49446044
v 2.42712157 -1.90588814 -0.47797201
v 2.83082456 -1.82882668 -0.49234908
v 4.67269441 -1.85376108 -0.43171421
v 1.97495811 -2.03499380 -0.09362193
v 4.32121190 -2.30869660 0.08551640
v 1.39889228 -0.86616669 -0.46291439
v 3.84659887 -2.05406012 0.48756830
v 3.24369590 2.39391060 -0.29284696
v 3.52101136 2.31743332 0.38057221
v 5.60532921 0.35905111 0.43897430
v 4.30885063 -0.18099203 0.02602183
v 5.74956333 -1.58488431 -0.48989620
v 7.14549338 -2.27036849 -0.39885370
v 5.41956675 -2.04629146 0.15491417
v 7.51913351 -2.18382291 0.39873428
v 7.93506995 -1.95848187 0.42054561
v 7.21553122 2.04952158 0.49054745
v 10.68780131 -2.18939650 -0.43284903
v 9.06252315 -1.63745480 -0.49903190
v 8.70603715 -1.73081869 0.40522868
v 9.36829891 -1.77137066 0.49774054
v 12.02242340 0.98403812 -0.49352687
v 9.07269609 2.06396292 0.35042021
v -1.57695670 -1.64823516 -0.40980087
v -0.59801897 -1.56349607 -0.37931459
v -1.28458505 -1.10535208 -0.39840625
v -1.94409672 -0.79699750 -0.48779299
v -1.91482333 -0.45879478 -0.49810517
v 1.70069563 -0.33889746 -0.42507120
v 1.69772895 -0.07914312 -0.40362289
v 1.04837282 -1.66562432 0.49808949
v 1.16611087 -1.48513927 0.48758242
v 1.82963014 0.04935324 0.47021527
v -1.63960730 0.98332835 -0.49170357
v -0.32885189 1.92009089 -0.49743717
v 1.21692687 1.62356932 0.49800229
v 4.14754454 -1.51387700 -0.39109994
v 1.57552926 0.09099693 -0.46886511
v 3.08988915 -2.43521763 0.19983413
v 2.39888297 -2.24365101 0.19055349
v 4.03249653 -1.61765971 0.42697343
v 4.24291058 -1.80720749 0.49895463
v 1.64912958 -0.80411575 0.49435716
v 2.16558180 1.40387713 -0.48345716
v 2.87262348 1.94355177 -0.49965553
v 3.38737273 1.99830386 -0.49917005
v 4.10567020 2.18538726 0.40109049
v 8.07011686 -1.17259459 -0.42115383
v 7.16166793 -2.42747259 0.20008786
v 7.03039773 -1.72398989 0.42820639
v 5.69107021 -1.64354830 0.49864992
v 7.10181847 -1.58673023 0.31899144
v 7.35044199 -1.85508422 0.49552044
v 8.65598276 0.26179590 -0.48364756
v 6.86664996 1.72126108 -0.41479816
v 8.19315463 -0.24377486 -0.49877810
v 8.08738429 -0.70448449 0.44292695
v 10.86496999 -1.69670012 0.46814349
v 11.91528543 -1.12716181 0.49572449
v 7.92900854 0.00097539 -0.41628504
v -1.40694064 -1.85245715 -0.37656181
v 0.87914856 -1.91293649 -0.48709571
v 1.01760648 -2.06817553 -0.39427137
v -1.82629808 -0.94949668 -0.49526329
v -2.30228326 -0.83733484 0.21635936
v 2.11114192 -0.22969426 0.48233609
v -1.85656181 1.20423261 -0.44987495
v -0.29011059 2.24068130 -0.42437275
v 1.51299439 1.70564962 -0.41332899
v 2.15248937 -2.08287117 -0.25316055
v 2.93382077 -2.11703922 -0.46881817
v 2.92089134 -1.95576036 -0.49958021
v 1.39823170 -0.26091226 -0.49905653
v 0.99100621 -0.06702761 0.27755046
v 5.49214325 -0.51261423 -0.47401224
v 4.65286218 -0.43936776 0.46008511
v 6.52817895 -2.10229345 -0.48345229
v 8.85811076 -0.42569870 -0.48742941
v 5.53914697 -2.15448858 -0.03867904
v 5.57899902 -2.14700927 0.16430678
v 5.50603828 1.50317549 0.49865823
v 10.61576159 -2.02511272 -0.49411077
v 12.35838052 -0.45052480 -0.45299985
v 5.82637816 -1.39728619 -0.40401108
v 8.35622485 -0.38179275 0.48594416
v -1.60393309 -0.18997080 -0.32155819
v -1.33173570 -0.74417828 -0.16158522
v -1.82523816 1.66198916 0.16004110
v -0.78850732 2.34631518 0.13521380
v 1.03448988 1.36258152 0.40927110
v 2.94085869 -2.31196550 -0.34282628
v 3.83976874 -1.73437379 -0.45428483
v 1.35536319 -0.60001270 0.48013790
v 4.24587024 1.25784993 0.12150338
v 4.41072711 2.21200034 0.24339759
v 4.61195227 -0.69492639 -0.39823567
v 7.90916415 -2.21343909 0.14638873
v 8.50123359 -0.31293123 0.42177659
v 6.51548209 1.86842077 0.48779560
v 8.36202524 -0.25978932 -0.47921390
v 9.52322210 -2.38880252 -0.10747531
v 8.64337180 -1.90326117 0.18905128
v 7.76048447 0.28197250 -0.19172049
v 9.30782517 2.07322373 0.42582693
v -1.12646631 -1.56982852 -0.49520484
v 0.47247884 -2.38496094 -0.24553878
v 1.22352008 -2.16267448 -0.09017243
v -1.13713595 1.98512801 0.40773215
v 4.36189481 -2.06915485 -0.41077849
v 1.83951475 1.25755149 -0.49938751
v 4.81635677 1.49340849 -0.49508952
v 2.05149644 1.90372528 0.36798594
v 3.51630574 2.14493240 0.47650822
v 5.78630282 -1.80725286 -0.49377534
v 6.26694030 1.93537045 -0.49944463
v 5.26841020 1.90256483 0.22613013
v 10.48942149 2.47475948 -0.03519008
v 7.41666380 -1.61836423 0.42340478
v 8.90382951 -0.20183721 -0.48464499
v 0.67474850 -1.34417675 0.06272742
v -1.19083222 1.09675900 -0.32448619
v 0.31079432 1.96092513 0.49864995
v 4.64068788 1.39447096 -0.48131750
v 5.17800369 1.17794287 -0.49924770
v 2.13150927 1.23100239 0.44174579
v 3.08345489 1.78344592 0.46458137
v 5.81475861 -0.63257840 -0.00572660
v 8.83877547 -0.78914972 0.46075853
v 6.50909825 2.24503993 0.42180896
v 12.00312297 -1.71076580 -0.08656496
v 11.76164411 -0.25735175 0.27691961
v 11.79313472 0.21159664 0.30871729
v -2.05450331 -1.38233932 -0.13660316
v -1.14856066 -2.20679798 0.07950621
v -2.18950848 1.03142616 -0.26191468
v -0.73311591 2.28904541 -0.28505202
v 2.41593000 0.57671705 0.09794769
v 1.53070381 1.44694838 -0.48628285
v -1.95449695 0.11840570 0.49766373
v -0.65315035 2.29462330 0.31182717
v 0.91032382 -0.07744267 -0.06069612
v 4.01577673 -1.81669673 -0.49232849
v 5.60533943 0.00234872 -0.45492486
v 8.73101120 -0.30338586 0.49757252
v 9.29395595 -0.01839212 0.06803554
v 7.78860857 2.14883031 -0.33646361
v 8.67424973 -1.74478137 -0.38044351
v 7.71223653 -0.08076043 -0.07568150
v 7.84480805 0.12398390 0.34425760
v 7.73892973 -1.67907791 -0.49383148
v 0.80998815 -2.06699306 -0.44584937
v 7.96880222 -0.00044698 0.43931608
v 0.68284038 -1.37508390 -0.18418479
v -0.60998392 -1.41619502 0.20217264
v -1.35126446 -1.09172386 0.42702070
v -1.48277216 0.62615537 -0.31498459
v 0.22576322 1.75171646 -0.44278234
v 2.23906731 0.87805825 0.28395950
v 7.71162844 -1.36046536 -0.34455465
v 8.68405265 -0.74119554 -0.49849443
v 6.62030492 -1.61905432 0.33457809
v 7.95443721 -1.12978798 0.32213959
v 8.71957892 1.08420294 -0.47098548
v 8.02985222 -1.01697764 0.29524318
v 11.28410562 -1.23158669 0.34878358
v 11.88512521 -0.55024542 0.44570401
v 8.99355756 1.38925075 0.47381963
v 11.42383892 1.02212884 0.29275971
v 9.25328801 1.66064505 0.49100339
v 2.11864342 0.00238957 0.48442878
v -0.34871455 2.22059256 0.42993294
v 2.03456730 0.70771153 0.47364123
v 4.87343937 -1.73233039 -0.41556556
v 4.07472437 2.36563861 -0.18185409
v 5.84684216 0.23319546 0.18585082
v 4.59975108 -0.47776768 -0.43034081
v 6.09811039 -2.37811049 -0.11883553
v 8.89254139 -0.30572759 0.48524620
v 8.92926582 0.82581266 -0.40726926
v 6.49473727 1.97408749 -0.49915527
v 11.23742355 -2.07410007 -0.38249260
v 12.17491800 -0.06246496 0.49836272
v 5.85163601 -0.44096863 0.05971785
v 7.55460825 -1.82581471 -0.49840061
v 8.85989489 -0.63365708 -0.47425995
v 0.45814288 -1.43016672 -0.04171367
v 2.62904845 -2.17659038 -0.38769118
v 2.11391322 2.13071882 -0.08580784
v 5.28591569 -1.35674936 -0.49764906
v 5.76360933 -1.24100715 -0.32271248
v 7.45479898 -1.53391886 -0.37547456
v 6.28446257 -2.40221568 0.19109943
v 6.29510680 1.71819934 -0.45471509
v 11.04949195 -1.78591168 -0.49834974
v 11.89597128 0.59268041 -0.45778309
v -2.49323984 0.03130476 -0.00960847
v -2.17750881 0.78637608 0.38642797
v 5.00171582 1.32721538 -0.49301577
v 3.87713461 2.43793111 0.10784641
v 9.27749552 -0.12647576 -0.11096110
v 8.81953787 -1.55972848 -0.49213569
v 5.65477414 -1.34505634 -0.44285973
v 8.82096642 -0.07331885 -0.49878692
v 9.02114176 -0.01097245 -0.44782487
v 0.22757952 -1.48189049 -0.00346981
v 0.19700384 -1.59403718 0.31096730
v -1.45982909 0.49764409 -0.20257819
v 5.40669920 0.42553228 0.49560889
v 6.07014786 -1.48193347 -0.36137806
v 5.24832559 1.30683202 -0.49799576
v 6.01391974 1.65740535 -0.47205388
v 11.63610858 -1.16727235 0.47650998
v 10.13359037 2.47039668 -0.14712438
v -1.82085806 0.99288256 -0.49360687
v 0.93396322 0.03236324 0.16137081
v 11.64102319 2.00269632 0.16332115
v 0.24410093 -2.27800134 0.40120906
v 5.33607852 0.64731938 -0.49672639
v 5.81175544 1.61268553 -0.48782297
v 9.50284576 2.32389459 0.25087932
v -0.46359681 2.41491511 0.18149525
v 4.03474968 2.33415546 0.26446639
v 5.69889552 -2.16627134 -0.24308042
v 7.00777112 1.81561594 -0.46981524
v 2.19405924 0.17745620 -0.45453521
v 2.27342425 1.24111869 -0.38327343
v 3.89335322 2.32261878 0.32579235
v 11.60232680 1.11587374 0.45484967
v 5.51224631 0.72437265 -0.43849740
v 8.03591138 -0.22094513 0.46559842
v 11.55591299 1.91844124 0.35324296
v 5.96264672 1.79026627 -0.49842179
v 5.27124953 0.52191338 -0.49653257
v 5.74032850 -2.24267963 -0.11118028
f 2830 1879 18
f 1889 1888 6
f 1 6 8
f 10 7 3055
f 3011 2974 1887
f 9 7 15
f 10 14 7
f 1890 1891 2974
f 10 57 14
f 9 15 2975
f 7 14 15
f 15 14 82
f 15 82 46
f 15 46 13
f 16 1892 1898
f 20 28 22
f 22 24 1894
f 24 29 23
f 48 17 1900
f 2830 27 20
f 8 27 18
f 27 36 20
f 8 9 2975
f 20 36 28
f 27 39 36
f 28 38 37
f 29 31 25
f 29 30 31
f 24 37 29
f 31 30 35
f 2831 32 1896
f 32 104 1903
f 31 35 2831
f 37 40 30
f 30 40 35
f 33 34 32
f 33 71 34
f 71 165 34
f 33 41 71
f 28 36 38
f 36 51 38
f 39 51 36
f 37 38 52
f 39 13 53
f 39 53 51
f 37 52 40
f 33 35 41
f 35 40 3103
f 41 3103 93
f 41 93 72
f 1882 1881 1904
f 2 1882 2832
f 2832 1904 3084
f 45 1890 1906
f 13 46 232
f 221 1942 1906
f 46 225 232
f 44 1898 1909
f 1899 48 1912
f 48 1900 1910
f 228 3056 1913
f 1901 1902 1911
f 220 1909 1949
f 227 1910 1950
f 229 1911 1951
f 1913 229 1953
f 38 51 54
f 38 54 52
f 13 232 53
f 51 53 234
f 51 234 54
f 52 3155 3136
f 53 233 234
f 54 235 3155
f 3136 238 3070
f 3 55 11
f 55 1914 2833
f 4 1885 1914
f 2833 3014 59
f 1915 2943 2977
f 11 58 2976
f 3083 1907 1885
f 14 57 81
f 57 2976 81
f 14 81 82
f 58 61 83
f 83 61 84
f 59 2834 61
f 62 63 2978
f 56 63 2834
f 69 63 87
f 62 65 63
f 62 64 65
f 64 463 2835
f 63 65 3036
f 66 1925 1924
f 87 3036 91
f 68 489 91
f 84 69 90
f 69 87 90
f 71 177 165
f 71 72 177
f 41 72 71
f 72 73 177
f 81 83 86
f 81 86 85
f 46 82 291
f 81 85 82
f 85 291 82
f 83 84 3037
f 84 90 3037
f 80 1926 1987
f 85 290 291
f 85 86 292
f 90 87 295
f 87 91 295
f 1928 88 1991
f 293 90 297
f 295 91 299
f 93 301 72
f 72 301 73
f 301 92 73
f 93 300 301
f 104 34 105
f 102 1930 113
f 104 105 1930
f 102 113 114
f 102 114 155
f 155 114 332
f 153 1931 1932
f 34 165 105
f 105 165 166
f 105 166 2836
f 167 2836 168
f 176 174 175
f 165 171 166
f 165 177 171
f 176 179 169
f 175 174 183
f 169 179 170
f 179 180 170
f 179 181 180
f 179 1934 181
f 183 188 184
f 184 187 1935
f 188 2980 574
f 188 574 187
f 189 1936 1937
f 181 413 180
f 1934 185 1940
f 211 1940 2005
f 224 1948 1946
f 46 291 225
f 223 1942 1962
f 225 247 255
f 225 255 3104
f 226 1912 1952
f 1949 2837 1971
f 1950 261 1973
f 53 232 233
f 54 234 235
f 93 3070 300
f 233 232 3104
f 234 233 271
f 234 271 235
f 236 235 3156
f 3070 239 300
f 300 239 273
f 240 1943 242
f 242 1955 1959
f 1966 246 1957
f 1957 1956 243
f 1960 1961 251
f 247 256 255
f 237 255 248
f 250 1962 1965
f 1966 1969 1965
f 252 254 248
f 256 252 255
f 248 255 252
f 258 1969 259
f 259 1969 257
f 256 259 257
f 256 257 252
f 257 1967 252
f 1971 260 1978
f 1973 262 3167
f 261 1953 262
f 260 1972 1979
f 264 1979 280
f 1979 1981 265
f 262 1975 1983
f 1975 1976 1982
f 270 1983 267
f 235 271 276
f 271 275 276
f 233 237 274
f 233 274 271
f 272 282 238
f 239 282 286
f 271 274 275
f 248 278 237
f 274 278 275
f 272 3156 277
f 251 1961 253
f 253 279 278
f 278 279 275
f 279 2838 275
f 248 253 278
f 276 275 281
f 276 281 277
f 265 281 280
f 275 280 281
f 265 266 277
f 282 283 286
f 277 266 283
f 283 284 286
f 1984 2981 285
f 1985 1986 2981
f 286 285 2839
f 287 2982 288
f 287 288 2842
f 1987 289 1992
f 80 1989 1988
f 85 292 290
f 86 293 292
f 290 292 305
f 225 291 247
f 290 247 291
f 292 294 305
f 293 297 294
f 292 293 294
f 90 295 297
f 91 703 299
f 297 295 298
f 295 299 298
f 300 302 301
f 301 302 92
f 302 322 92
f 300 273 302
f 290 305 309
f 305 294 312
f 294 315 312
f 1994 249 1995
f 1992 306 1993
f 312 317 307
f 308 307 317
f 256 309 259
f 310 311 3105
f 259 311 258
f 305 312 310
f 310 312 307
f 315 313 317
f 317 313 319
f 296 1998 1991
f 298 314 313
f 298 299 314
f 299 718 314
f 313 314 320
f 294 297 315
f 297 298 315
f 312 315 317
f 315 298 313
f 1993 1997 1996
f 308 317 2841
f 2841 317 319
f 313 320 319
f 314 722 320
f 321 319 320
f 319 321 318
f 321 320 724
f 2855 321 3089
f 273 287 302
f 302 287 2842
f 329 1932 2001
f 358 359 360
f 1977 2001 2002
f 268 2002 1986
f 358 360 363
f 363 360 2003
f 366 2003 288
f 415 2004 2844
f 288 425 2842
f 2842 425 323
f 2003 428 425
f 2003 367 428
f 425 428 427
f 425 427 323
f 430 444 2010
f 431 433 439
f 439 2007 2010
f 441 440 435
f 440 441 2860
f 441 445 2983
f 1923 2013 462
f 2015 2014 2013
f 462 465 463
f 466 468 2845
f 2013 464 465
f 466 467 468
f 67 1927 1922
f 469 490 489
f 469 470 490
f 467 472 468
f 471 2017 466
f 467 2984 472
f 468 472 3106
f 472 480 479
f 472 2984 480
f 475 476 480
f 480 476 3071
f 479 480 496
f 481 492 3071
f 501 484 486
f 501 486 502
f 477 2020 2023
f 91 489 703
f 489 491 703
f 489 490 491
f 3106 495 3157
f 490 3157 491
f 488 2021 2070
f 89 1990 3146
f 703 491 705
f 3106 479 495
f 497 492 707
f 492 555 707
f 2023 702 2071
f 704 495 709
f 495 496 706
f 495 706 709
f 496 497 706
f 706 497 710
f 501 714 561
f 501 502 714
f 714 502 716
f 714 715 561
f 474 503 475
f 476 504 481
f 504 506 505
f 505 508 507
f 481 507 492
f 507 508 509
f 508 514 509
f 508 511 514
f 478 2022 2019
f 513 2025 2047
f 507 509 492
f 509 514 558
f 492 509 555
f 509 558 555
f 516 2029 2031
f 2030 518 3086
f 510 521 514
f 2985 519 521
f 521 519 533
f 519 542 522
f 520 523 3107
f 519 522 533
f 514 521 532
f 522 3107 534
f 533 522 560
f 529 524 2848
f 536 526 539
f 539 526 529
f 525 528 527
f 526 528 525
f 520 527 523
f 520 545 527
f 545 546 527
f 527 546 525
f 525 546 531
f 529 526 525
f 529 525 530
f 530 531 2040
f 523 528 535
f 534 523 535
f 536 528 526
f 536 535 528
f 514 532 558
f 558 532 562
f 532 559 562
f 521 533 532
f 522 534 560
f 532 533 559
f 533 560 559
f 535 536 538
f 538 539 561
f 535 538 537
f 536 539 538
f 501 561 2848
f 534 535 537
f 516 540 510
f 519 541 542
f 541 543 542
f 2985 2849 541
f 520 542 543
f 544 550 2037
f 2037 550 2043
f 531 546 2039
f 550 549 2052
f 517 2028 2049
f 555 558 752
f 554 2047 2082
f 2048 494 2084
f 707 555 748
f 555 752 748
f 2032 2033 2050
f 518 2032 2051
f 2049 554 2083
f 2851 2050 2085
f 558 562 752
f 560 534 564
f 534 537 564
f 562 559 753
f 559 560 563
f 559 563 753
f 560 564 563
f 538 561 565
f 538 565 537
f 564 537 755
f 537 565 755
f 752 562 757
f 753 563 758
f 563 564 754
f 715 565 561
f 565 759 755
f 552 2043 2055
f 568 2052 2089
f 647 2045 2056
f 571 2046 2053
f 2054 750 3171
f 2055 763 2091
f 2056 761 2092
f 569 2093 2057
f 761 2053 2090
f 574 579 577
f 578 577 583
f 577 579 582
f 577 582 583
f 582 586 583
f 586 2061 587
f 583 586 587
f 587 588 2062
f 484 623 591
f 623 589 591
f 623 484 524
f 588 587 590
f 588 590 593
f 484 591 486
f 2063 613 2066
f 612 2059 2064
f 611 2060 2065
f 612 2064 2118
f 3088 625 2854
f 624 2034 3019
f 3019 2067 2068
f 3019 641 628
f 3019 682 641
f 682 642 641
f 2068 647 2069
f 2070 701 2073
f 491 704 705
f 705 704 721
f 704 709 721
f 299 703 718
f 703 705 718
f 718 705 720
f 705 721 720
f 709 706 730
f 497 707 710
f 710 707 768
f 706 710 730
f 707 748 768
f 721 709 738
f 709 730 738
f 730 710 740
f 710 768 740
f 714 717 715
f 714 716 717
f 717 716 744
f 717 789 715
f 314 718 722
f 718 720 722
f 722 720 726
f 720 721 725
f 2855 723 2000
f 320 722 724
f 321 724 3089
f 724 722 726
f 724 728 3089
f 724 726 728
f 720 725 726
f 3089 728 2076
f 726 725 733
f 726 733 727
f 727 733 732
f 2077 3147 2074
f 738 730 739
f 721 738 725
f 740 768 773
f 730 740 739
f 725 734 733
f 733 735 732
f 733 734 735
f 734 741 735
f 735 741 737
f 735 737 2080
f 725 738 734
f 738 739 734
f 739 740 775
f 734 739 741
f 739 775 736
f 745 744 841
f 717 745 789
f 717 744 745
f 745 841 845
f 745 845 799
f 2082 747 3038
f 748 752 756
f 768 748 774
f 748 756 769
f 748 769 774
f 2085 751 2098
f 562 753 757
f 564 755 754
f 563 754 758
f 752 757 756
f 565 715 759
f 757 753 787
f 753 758 787
f 754 760 788
f 758 754 788
f 756 757 786
f 756 786 769
f 757 787 786
f 759 715 789
f 754 755 760
f 755 759 760
f 2090 764 2110
f 766 2116 2093
f 774 769 779
f 768 774 773
f 740 773 775
f 773 774 781
f 774 779 781
f 775 773 777
f 775 777 776
f 776 778 2096
f 776 777 778
f 773 781 777
f 777 781 782
f 777 782 778
f 781 779 784
f 781 784 782
f 783 785 2101
f 782 784 783
f 784 806 2857
f 749 2088 2099
f 769 786 791
f 769 791 779
f 786 787 792
f 787 758 793
f 758 788 793
f 786 792 791
f 787 793 792
f 793 788 796
f 759 789 790
f 760 790 801
f 788 760 801
f 759 790 760
f 790 789 798
f 801 790 797
f 745 3040 789
f 779 791 806
f 791 792 794
f 791 794 806
f 792 793 809
f 792 809 794
f 779 806 784
f 790 798 797
f 798 3040 800
f 800 799 2986
f 788 801 795
f 795 801 802
f 802 797 804
f 801 797 802
f 796 795 2858
f 2948 804 2104
f 766 2091 2106
f 806 794 807
f 807 2113 3121
f 808 809 810
f 794 809 808
f 809 796 810
f 796 2858 3072
f 2108 2110 2115
f 2949 2108 2104
f 2114 815 2117
f 816 2118 824
f 825 2119 826
f 2860 2983 827
f 830 2950 2124
f 2950 2123 2124
f 831 2124 2127
f 2012 824 2125
f 835 836 847
f 2126 3108 2121
f 2122 2121 3122
f 831 2127 838
f 2127 839 838
f 2127 840 839
f 2124 3122 2127
f 835 847 840
f 845 841 843
f 840 2128 839
f 2128 844 839
f 845 843 895
f 895 843 844
f 869 2069 2129
f 900 890 869
f 845 895 799
f 895 894 2130
f 895 844 894
f 2130 896 890
f 900 2130 890
f 900 2129 813
f 70 171 177
f 74 177 73
f 70 177 74
f 70 2132 2175
f 2135 2134 75
f 94 73 92
f 74 73 94
f 2136 74 2176
f 77 2135 2138
f 2138 304 2178
f 2146 151 2164
f 2148 113 106
f 103 2148 2861
f 2148 106 107
f 2861 107 172
f 2861 172 116
f 116 172 178
f 2141 2951 109
f 2951 2147 108
f 110 130 98
f 111 117 110
f 110 118 130
f 2861 116 2862
f 111 112 115
f 110 117 118
f 130 118 141
f 111 115 117
f 115 156 117
f 112 116 115
f 115 116 210
f 118 117 157
f 115 210 156
f 117 156 157
f 118 157 159
f 118 159 141
f 2150 97 2152
f 99 120 2152
f 120 123 2153
f 121 2154 2156
f 122 3092 2154
f 125 2151 2168
f 120 99 129
f 120 129 123
f 99 130 129
f 123 129 142
f 129 143 142
f 129 130 143
f 130 141 143
f 2863 145 2987
f 131 133 2161
f 132 136 131
f 133 137 2162
f 133 136 138
f 137 138 139
f 137 139 2163
f 136 150 138
f 142 145 3042
f 142 144 145
f 142 143 144
f 143 141 163
f 143 163 144
f 2987 145 146
f 134 149 148
f 147 134 148
f 147 148 347
f 150 146 216
f 150 216 197
f 151 2145 2167
f 154 2165 2183
f 2166 2164 2184
f 2167 331 2186
f 156 158 157
f 156 213 158
f 157 335 159
f 141 159 342
f 157 158 335
f 158 336 335
f 159 334 342
f 101 2157 2171
f 126 2158 2172
f 160 2168 2187
f 161 2169 2188
f 128 2160 2173
f 162 2170 2174
f 2171 338 2189
f 2172 339 2191
f 144 164 145
f 145 164 146
f 141 342 163
f 144 163 344
f 144 344 164
f 146 346 216
f 146 164 346
f 163 343 344
f 164 345 346
f 2865 106 2836
f 2865 2836 167
f 2865 167 169
f 166 168 2836
f 168 174 167
f 107 2865 169
f 107 169 172
f 172 169 170
f 172 170 178
f 168 173 174
f 178 170 180
f 116 178 210
f 173 182 183
f 138 2864 139
f 139 2866 140
f 2864 191 190
f 2864 196 191
f 150 197 196
f 200 202 1021
f 178 212 210
f 178 180 212
f 212 213 210
f 156 210 213
f 212 180 413
f 212 413 213
f 158 213 414
f 216 217 197
f 197 217 198
f 217 215 198
f 216 419 217
f 94 2177 2176
f 94 92 303
f 303 92 322
f 324 322 323
f 2179 2177 325
f 303 322 324
f 436 2181 2180
f 327 2867 332
f 332 2867 333
f 2183 2989 2196
f 158 414 336
f 159 335 334
f 352 359 333
f 334 335 362
f 342 334 349
f 335 336 362
f 338 2187 378
f 2188 340 2955
f 340 2173 2193
f 341 2174 2194
f 163 342 343
f 164 344 345
f 216 346 419
f 342 349 343
f 344 343 388
f 344 388 345
f 346 350 419
f 346 345 350
f 419 350 351
f 352 2195 2199
f 2990 2186 354
f 2197 2196 2200
f 354 2197 2202
f 2201 355 373
f 2205 357 356
f 360 359 2206
f 336 375 362
f 336 361 375
f 334 362 371
f 334 371 349
f 376 375 361
f 371 362 370
f 2206 2199 364
f 364 2207 365
f 376 368 377
f 367 2868 426
f 426 369 2208
f 377 368 369
f 349 371 394
f 377 365 374
f 372 370 374
f 372 374 373
f 371 2871 2870
f 371 370 2871
f 362 375 370
f 376 374 375
f 370 375 374
f 376 361 423
f 376 377 374
f 2989 2189 353
f 378 2191 379
f 2190 378 2211
f 353 381 2212
f 379 2192 2215
f 357 383 398
f 2212 2214 383
f 383 385 384
f 381 2213 2214
f 385 386 401
f 380 387 2218
f 343 349 395
f 343 395 388
f 349 394 395
f 388 396 389
f 388 389 345
f 345 389 350
f 350 389 402
f 350 402 351
f 389 397 2991
f 390 391 392
f 2209 2194 2210
f 351 407 447
f 351 402 407
f 394 393 395
f 388 395 396
f 393 396 395
f 396 397 389
f 394 398 393
f 396 393 399
f 384 393 398
f 384 399 393
f 384 401 399
f 396 399 397
f 399 401 397
f 397 400 2991
f 400 2992 403
f 390 392 404
f 386 2872 400
f 403 407 402
f 407 408 447
f 403 410 407
f 407 410 408
f 408 410 406
f 405 2873 406
f 408 411 450
f 213 413 414
f 413 417 414
f 413 416 417
f 417 361 414
f 336 414 361
f 417 416 415
f 419 420 217
f 217 420 215
f 419 351 420
f 420 448 215
f 417 415 423
f 423 415 424
f 417 423 361
f 324 323 2219
f 376 423 368
f 423 424 368
f 426 428 367
f 428 2208 429
f 426 2208 428
f 429 427 428
f 2993 427 429
f 368 2208 369
f 368 424 2208
f 424 433 429
f 2208 424 429
f 2993 432 2219
f 438 431 435
f 432 431 438
f 438 435 440
f 438 440 443
f 443 440 2860
f 438 443 437
f 443 2860 829
f 351 447 420
f 420 447 448
f 447 449 448
f 447 408 450
f 447 450 449
f 411 412 450
f 450 412 449
f 412 409 451
f 412 451 2887
f 412 2887 449
f 453 1242 455
f 76 2133 482
f 483 2220 2227
f 77 2137 2133
f 2229 486 591
f 2222 2224 2223
f 485 500 486
f 500 502 486
f 500 2224 2226
f 499 2225 2267
f 96 3165 3091
f 500 713 502
f 713 716 502
f 76 482 186
f 482 2227 572
f 572 580 573
f 580 585 581
f 581 586 582
f 585 2061 586
f 2228 2221 585
f 2853 589 2854
f 2061 589 2853
f 3060 2853 2854
f 625 3060 2854
f 3060 590 2853
f 590 3060 626
f 485 486 2229
f 592 615 593
f 615 613 593
f 592 3176 615
f 657 604 606
f 605 657 606
f 657 3148 604
f 605 606 610
f 609 659 605
f 609 610 622
f 615 614 618
f 615 617 613
f 615 618 617
f 617 616 613
f 617 618 817
f 609 821 693
f 2230 625 628
f 3176 626 2994
f 629 2231 2232
f 635 2232 630
f 627 633 631
f 631 633 643
f 627 632 633
f 629 634 627
f 633 632 640
f 643 633 640
f 635 2234 634
f 636 2995 639
f 639 655 644
f 643 640 683
f 644 655 691
f 2233 628 641
f 631 643 614
f 614 643 684
f 683 644 685
f 643 683 684
f 685 644 691
f 637 2995 636
f 2236 2238 648
f 635 630 2256
f 2238 2257 648
f 638 650 655
f 651 656 650
f 655 650 669
f 650 656 669
f 665 652 662
f 665 654 652
f 651 652 654
f 651 654 656
f 676 653 652
f 651 676 652
f 652 653 662
f 669 656 692
f 656 654 666
f 667 666 654
f 667 654 665
f 660 3073 659
f 657 605 3073
f 3148 661 3160
f 605 659 3073
f 670 660 659
f 609 671 659
f 667 665 670
f 662 653 2875
f 666 667 668
f 692 666 696
f 666 668 696
f 655 669 691
f 656 666 692
f 691 669 695
f 669 692 695
f 667 670 671
f 659 671 670
f 609 693 671
f 668 671 693
f 667 671 668
f 673 694 672
f 694 674 672
f 638 2996 650
f 646 2996 638
f 651 650 675
f 651 675 676
f 646 2237 2244
f 2245 677 676
f 2875 653 2249
f 2248 2250 2251
f 681 664 2253
f 2251 679 2261
f 694 681 2265
f 680 2249 2255
f 614 684 618
f 684 683 867
f 683 685 867
f 685 691 878
f 686 642 869
f 618 684 868
f 867 685 870
f 684 867 868
f 685 878 870
f 2235 642 686
f 3138 2256 2258
f 649 2241 2260
f 687 2257 2276
f 2259 688 2278
f 2260 875 2280
f 691 695 878
f 695 692 879
f 668 880 696
f 668 693 880
f 692 696 879
f 694 697 674
f 878 695 882
f 695 879 882
f 879 696 883
f 697 881 674
f 698 2254 2266
f 700 2255 2262
f 699 2261 2282
f 2263 690 2284
f 697 2265 2286
f 2266 889 2285
f 700 2262 2283
f 2267 711 2269
f 713 2226 2268
f 713 743 716
f 743 744 716
f 743 2268 2270
f 742 2272 2271
f 744 746 841
f 743 746 744
f 2272 2274 2273
f 617 818 616
f 617 817 818
f 618 868 817
f 818 836 616
f 818 817 891
f 817 871 891
f 818 834 836
f 818 891 834
f 823 822 859
f 443 829 442
f 829 827 833
f 828 832 2272
f 829 833 828
f 832 837 2274
f 833 837 832
f 827 831 833
f 833 831 837
f 834 891 903
f 831 838 837
f 837 842 2275
f 746 2275 841
f 842 838 839
f 842 839 844
f 842 844 843
f 846 844 2128
f 847 2128 840
f 847 846 2128
f 847 3075 846
f 823 859 860
f 823 860 935
f 860 859 864
f 860 864 866
f 866 864 865
f 866 865 2877
f 866 2877 936
f 936 2877 1649
f 868 867 872
f 870 878 918
f 867 870 872
f 817 868 871
f 868 872 871
f 872 870 893
f 870 918 893
f 686 869 877
f 2276 876 2295
f 2277 877 2292
f 882 879 919
f 696 880 883
f 880 917 883
f 878 882 918
f 880 3044 917
f 879 883 919
f 918 882 923
f 882 919 923
f 919 883 925
f 883 917 925
f 2284 2296 2307
f 891 871 904
f 871 892 904
f 871 872 892
f 872 893 892
f 891 904 903
f 904 892 907
f 893 918 924
f 892 893 906
f 901 2288 890
f 2289 896 894
f 844 2289 894
f 901 2291 2288
f 2289 898 901
f 903 904 908
f 903 908 905
f 904 907 908
f 905 908 899
f 892 906 907
f 893 924 906
f 908 907 910
f 908 910 909
f 907 906 912
f 906 924 3076
f 907 912 910
f 910 912 911
f 911 912 915
f 876 2279 2293
f 2295 2293 2299
f 2296 2281 2297
f 2291 2290 3062
f 2293 2294 2298
f 914 2302 2298
f 912 3076 915
f 2300 915 2303
f 2299 913 2301
f 925 917 939
f 923 919 926
f 918 923 924
f 919 925 926
f 917 931 939
f 922 921 920
f 924 923 927
f 923 926 927
f 926 925 928
f 925 939 928
f 924 927 916
f 927 926 929
f 927 929 947
f 928 939 940
f 926 928 929
f 929 928 930
f 929 930 948
f 928 940 930
f 930 940 942
f 931 935 932
f 939 931 932
f 932 935 941
f 936 1649 934
f 936 934 938
f 936 937 866
f 932 940 939
f 932 933 940
f 940 933 942
f 930 942 950
f 941 937 2306
f 2304 2305 2306
f 946 2308 2312
f 929 948 949
f 916 947 2309
f 2313 192 193
f 2313 193 200
f 2313 200 1021
f 1019 2313 2314
f 1016 1019 1018
f 1021 202 1024
f 1024 202 207
f 1024 207 1378
f 1024 1378 1025
f 1378 207 597
f 1020 1049 1017
f 1020 2315 2318
f 2315 1022 2320
f 2318 2320 3077
f 1227 2325 2880
f 1227 2322 2325
f 2325 1240 2880
f 1240 1238 2880
f 452 1238 1239
f 1239 1238 1240
f 2882 2881 2326
f 1241 2324 2330
f 1242 456 455
f 453 1239 2881
f 1242 2883 456
f 1243 2883 2882
f 2883 458 456
f 2883 1243 458
f 458 1633 459
f 2882 2329 2331
f 1379 1380 2332
f 1378 597 1381
f 1381 597 598
f 1381 598 601
f 1380 1381 601
f 3168 3183 1383
f 1383 1385 1384
f 1384 1385 1386
f 1384 1386 1388
f 1416 2317 2334
f 1415 2335 2338
f 1416 2337 2341
f 2335 2336 2339
f 1621 2341 3125
f 459 1633 849
f 1635 853 849
f 1633 1243 1634
f 1634 1637 1636
f 1635 1638 853
f 1635 1636 3158
f 1638 856 853
f 1638 862 856
f 1638 1640 1643
f 1639 3158 2960
f 2344 1625 2346
f 1641 1624 1645
f 1638 1643 862
f 1643 1640 2348
f 862 1643 1647
f 1644 2347 1646
f 1645 1646 2347
f 1644 1646 1647
f 2351 2866 190
f 2351 193 192
f 2351 194 193
f 195 200 193
f 2350 190 2349
f 2350 2352 194
f 201 203 195
f 200 195 202
f 201 205 203
f 203 206 207
f 2353 2354 205
f 206 595 597
f 203 207 202
f 218 198 215
f 199 198 218
f 2357 199 2358
f 209 2356 2361
f 2361 422 2364
f 422 2358 2362
f 218 215 421
f 421 215 448
f 2362 421 2366
f 2364 454 2365
f 421 448 2886
f 452 2887 451
f 452 453 2372
f 2372 453 455
f 457 456 458
f 455 456 457
f 2888 2368 2372
f 2888 455 457
f 2370 3026 2371
f 457 458 461
f 461 458 459
f 461 459 852
f 460 2373 461
f 460 461 852
f 205 594 206
f 595 600 598
f 208 2355 2354
f 597 595 598
f 594 2376 595
f 600 601 598
f 2377 2889 599
f 599 602 600
f 600 603 601
f 209 2360 2355
f 602 2380 603
f 2380 604 1385
f 607 606 2381
f 607 608 610
f 608 622 610
f 608 2379 2383
f 620 2382 2384
f 820 2383 2385
f 820 822 622
f 2384 819 2386
f 2365 2374 2363
f 820 857 822
f 857 859 822
f 2371 2375 2374
f 852 459 849
f 855 849 853
f 852 849 855
f 460 852 850
f 852 855 851
f 855 853 856
f 851 854 2388
f 854 863 2390
f 855 856 863
f 857 858 859
f 858 864 859
f 863 856 862
f 862 1647 2391
f 2391 1647 2877
f 2393 2396 954
f 954 2890 3027
f 955 956 2397
f 2395 3027 2397
f 2393 958 2396
f 2401 957 3173
f 952 960 961
f 2406 2962 2405
f 2392 2408 2407
f 3139 135 140
f 968 135 3139
f 956 967 980
f 956 955 967
f 965 970 966
f 966 971 967
f 967 1006 992
f 968 149 135
f 963 3034 3159
f 972 970 964
f 970 1005 971
f 966 970 971
f 967 971 1006
f 971 1009 1006
f 964 963 3159
f 972 3159 1004
f 971 1005 1009
f 956 973 2394
f 2402 2398 2404
f 956 980 973
f 973 980 977
f 977 981 2891
f 977 980 981
f 967 992 980
f 980 992 981
f 982 994 3109
f 978 986 2417
f 983 2417 2416
f 979 987 978
f 986 989 2418
f 987 988 986
f 984 2418 998
f 981 993 3141
f 992 993 981
f 984 998 1000
f 984 999 1013
f 984 1000 999
f 1013 999 1177
f 2399 2403 2419
f 1001 957 3127
f 1002 1003 2421
f 1158 2419 2434
f 2421 1160 2437
f 992 1006 1014
f 1005 1163 1009
f 1004 1008 1005
f 1008 1163 1005
f 1004 969 1007
f 1004 1007 1008
f 1006 1164 1014
f 1006 1009 1164
f 1008 1166 1163
f 1007 1162 1008
f 1009 1168 1164
f 1003 2404 2420
f 2414 2415 2422
f 1171 2894 2424
f 1160 2420 2435
f 1170 2422 2438
f 2423 1170 2439
f 992 1014 993
f 994 993 1012
f 995 1012 1229
f 993 1014 1174
f 993 1174 1012
f 1012 1175 1229
f 1014 1180 1174
f 1012 1174 1175
f 1015 2866 2351
f 1015 192 1016
f 3140 1047 1048
f 989 988 1027
f 987 2998 988
f 988 2998 1031
f 988 1031 1027
f 987 1035 2998
f 2998 1030 1031
f 3135 3110 1039
f 1115 3135 2426
f 995 1053 1035
f 1035 1053 1036
f 2998 1035 1030
f 1030 1035 1036
f 1039 1034 1040
f 1041 1039 1040
f 1039 1041 1044
f 1045 1044 1041
f 1045 1391 1044
f 1044 1391 3153
f 1391 1045 1395
f 1048 1047 1049
f 1047 1017 1049
f 1048 1049 1224
f 1007 1048 1225
f 1048 1224 1225
f 1224 1049 1226
f 995 1229 1053
f 1053 1052 1036
f 1053 1230 1052
f 1028 1115 1029
f 1117 1116 1029
f 1117 2427 2430
f 2427 1118 2432
f 1148 2432 2474
f 2433 2896 2444
f 1157 2897 347
f 347 2897 348
f 1001 3127 2436
f 2434 2898 3142
f 1007 1225 1162
f 1008 1162 1166
f 1009 1163 1168
f 1014 1164 1180
f 1181 391 348
f 1162 1225 1165
f 1163 1167 1168
f 1166 1167 1163
f 1162 1165 1166
f 1164 1186 1180
f 1164 1168 1186
f 2438 3047 2464
f 1173 2425 2441
f 1161 2435 2999
f 2441 1208 2468
f 1175 1176 1229
f 1174 1180 1179
f 1174 1179 1175
f 1175 1179 1207
f 1175 1207 1176
f 2444 2449 2448
f 2450 2443 2458
f 2452 2445 2455
f 2451 2449 2453
f 2453 1183 2899
f 2454 2455 1185
f 392 391 2457
f 1165 1225 1192
f 1165 1192 1191
f 1168 1167 3111
f 1180 1186 3002
f 1186 1197 3000
f 1166 1195 1167
f 1166 1165 1195
f 1195 1196 1167
f 1195 1165 1191
f 2460 2457 1187
f 2460 409 392
f 1191 1192 1193
f 1192 1236 1193
f 1187 1193 1194
f 1237 1194 2461
f 1195 1198 1196
f 1200 2899 1198
f 1199 1185 1201
f 1199 1201 1198
f 1195 1200 1198
f 1195 1191 1190
f 1196 1201 3111
f 1196 1198 1201
f 1197 1202 3000
f 1201 1185 1197
f 1184 1206 1202
f 1206 3003 1211
f 1179 3002 2900
f 1176 1207 1218
f 1176 1218 1231
f 1207 1216 1218
f 1208 1209 1210
f 1202 1211 3000
f 3000 1211 2900
f 2966 1219 1213
f 1216 1217 1218
f 1217 1220 1231
f 1216 1214 1217
f 1214 1215 1217
f 1217 1215 1220
f 1208 1210 2470
f 1219 2469 1215
f 1222 2469 2470
f 1222 1223 1220
f 1220 1223 1245
f 1225 1224 1234
f 1234 1224 1227
f 1227 1224 1226
f 1053 1229 1230
f 1176 1230 1229
f 1176 1231 1230
f 1192 1225 1234
f 1234 1227 2880
f 1192 1234 1236
f 1234 2880 1236
f 1237 451 409
f 451 2461 1238
f 1237 2461 451
f 1236 2461 1194
f 1236 2880 2461
f 2461 2880 1238
f 451 1238 452
f 1223 1221 1248
f 1223 1246 1245
f 1245 1244 3114
f 1245 1246 1244
f 1223 1248 1246
f 1250 2901 3078
f 1249 1254 1253
f 1354 2474 1355
f 2477 1353 1335
f 2479 2476 2481
f 1386 1385 3074
f 1386 3074 3160
f 1386 1387 1388
f 1386 1426 1387
f 1387 1417 1388
f 1387 1436 1417
f 1417 1418 1388
f 1417 1436 1421
f 1391 3004 1392
f 3004 1391 1395
f 3004 1396 1401
f 1393 1399 1400
f 1393 3004 1399
f 3004 1401 1399
f 1399 1404 1400
f 1399 1401 1402
f 1399 1402 1404
f 1400 1405 1496
f 1455 1407 1410
f 1455 1458 1407
f 1455 1410 1411
f 1455 1411 1456
f 1408 1409 3113
f 1458 1409 1407
f 1411 1410 1414
f 1411 1414 1412
f 1414 1425 1412
f 1417 1420 1418
f 1417 1421 1420
f 1420 1419 1418
f 1420 1622 1419
f 1420 1421 1623
f 1420 1623 1622
f 1421 1675 1623
f 1629 1412 1425
f 1629 1489 1412
f 1629 1425 1631
f 1628 1489 1629
f 1387 1426 1427
f 1426 2903 1427
f 1387 1427 1436
f 1427 1435 1436
f 1427 3169 1435
f 2903 1428 2483
f 3169 2483 2484
f 1433 3143 1477
f 1432 1437 1477
f 1436 1435 1475
f 1421 1436 1475
f 2485 661 672
f 1435 1433 1476
f 1435 1476 1475
f 1433 1477 1476
f 1477 1437 1481
f 1437 1478 1481
f 1429 2486 2483
f 1431 1439 1434
f 1440 2488 2490
f 1439 1441 2488
f 2487 2491 2489
f 1483 2493 2510
f 1452 1456 2904
f 1412 1489 2904
f 1464 1451 1452
f 1464 1465 1451
f 1448 1451 1450
f 1448 1449 2905
f 1447 1448 1450
f 1447 1450 1466
f 1451 1454 1452
f 1473 1453 1454
f 1466 1450 1488
f 1465 1450 1451
f 1457 1456 1452
f 1458 1462 1409
f 1450 1465 1488
f 1488 1465 1490
f 1464 1489 1465
f 2904 1489 1464
f 1465 1489 1490
f 1478 1466 1491
f 1466 1488 1491
f 1467 1469 1468
f 1467 1468 1462
f 1469 1470 1468
f 1447 1440 1471
f 1471 2503 1472
f 1473 2905 2502
f 2490 2488 2906
f 1472 2503 2506
f 1483 2498 2906
f 3096 2504 2513
f 2505 3096 2512
f 1421 1475 1675
f 1475 1476 1479
f 1475 1479 1675
f 1476 1477 1480
f 1476 1480 1479
f 1477 1481 1480
f 1481 1478 1678
f 1478 1491 1678
f 1482 674 881
f 1675 1479 1680
f 1479 1480 1676
f 1480 1481 1677
f 1678 1491 1688
f 1479 1676 1680
f 1480 1677 1676
f 1481 1678 1677
f 2495 2494 2507
f 1445 2495 2530
f 1442 674 1482
f 1446 2497 2511
f 2907 2507 2528
f 1485 2508 2529
f 2510 1486 2532
f 2511 1683 2533
f 1491 1488 1685
f 1488 1490 1685
f 1685 1490 1687
f 1628 1490 1489
f 1491 1685 1688
f 1628 1687 1490
f 1474 2506 2514
f 1469 2501 2515
f 2509 1487 2535
f 2514 1691 2538
f 1492 2512 2536
f 1470 2515 2909
f 2516 1497 2519
f 1394 1393 2517
f 3129 1498 2523
f 2518 1496 3129
f 3095 2521 2565
f 1531 2523 2568
f 1622 1623 1696
f 1622 1624 1419
f 1623 1679 1696
f 1622 1642 1624
f 1622 1696 1642
f 1628 1629 1630
f 1629 1631 1630
f 1628 1630 1689
f 1630 1631 1663
f 1630 1663 1661
f 1630 1661 1689
f 1642 1645 1624
f 1642 1696 1700
f 1642 1702 1645
f 1642 1700 1702
f 1646 1648 1647
f 1645 1702 1646
f 1647 1649 2877
f 1649 1647 1648
f 1649 1648 1704
f 1646 1702 1648
f 1648 1702 1703
f 1653 1650 1255
f 1654 2472 2571
f 1654 1656 1653
f 1655 1657 1650
f 2526 1657 1655
f 1656 1660 1655
f 2526 1659 1657
f 2526 1666 1659
f 1663 1664 1661
f 1663 1669 1664
f 1666 1667 1668
f 2526 1667 1666
f 2524 1673 1667
f 1664 1669 1670
f 1664 1672 1744
f 1664 1670 1672
f 1672 1670 1674
f 1667 1673 1668
f 1623 1675 1679
f 1680 1676 1698
f 1676 1677 1681
f 1677 1678 1682
f 1675 1680 1679
f 1676 1681 1698
f 1677 1682 1681
f 1678 1688 1682
f 1696 1679 1701
f 1679 1680 1697
f 1679 1697 1701
f 1680 1698 1697
f 1698 1681 1712
f 1681 1699 1712
f 1681 1682 1699
f 1682 1688 1728
f 1682 1728 1699
f 1482 881 3066
f 2528 3066 2544
f 2529 1684 2910
f 2532 2547 2549
f 1688 1685 1726
f 1628 1689 1687
f 1685 1687 1726
f 1688 1726 1728
f 1726 1687 1727
f 1687 1689 1727
f 2538 1753 2564
f 1696 1701 1700
f 3066 920 2540
f 1701 1697 1711
f 1697 1698 1710
f 1697 1710 1711
f 1712 1699 1715
f 1698 1712 1710
f 1699 1735 1715
f 1702 1700 1705
f 1700 1708 1705
f 1700 1701 1708
f 1701 1711 1708
f 1648 1703 1704
f 1702 1705 1703
f 1707 921 934
f 1703 1705 3031
f 1705 1708 1706
f 1707 2542 2540
f 1709 1719 2551
f 1711 1710 1720
f 1710 1714 1720
f 1710 1712 1714
f 1712 1715 1714
f 1708 1711 1709
f 1711 1720 1713
f 1720 1714 3049
f 1714 1715 1716
f 1684 2531 2545
f 2547 2534 3079
f 2542 2543 2541
f 2545 1718 2550
f 1721 1722 2553
f 2550 2552 2546
f 2554 1723 1724
f 1723 1737 1724
f 1728 1726 1736
f 1727 1689 1732
f 1661 1732 1689
f 1726 1727 1736
f 1736 1727 1733
f 1699 1728 1735
f 1728 1736 1735
f 1731 1730 1686
f 1731 1750 1730
f 1730 1750 1729
f 1750 1749 1729
f 1732 1661 1744
f 1727 1732 1733
f 1732 1734 1733
f 1734 1732 1744
f 1715 1735 1723
f 1735 1738 1737
f 1736 1733 1738
f 1735 1736 1738
f 1737 1738 1739
f 1738 1741 1739
f 1737 1739 2911
f 1738 1733 1741
f 1734 1741 1733
f 1741 1734 1743
f 1740 1741 1743
f 1739 1741 1740
f 1664 1744 1661
f 1672 1674 1746
f 1672 1746 2560
f 1750 2560 1749
f 1750 1757 2561
f 1745 2560 2561
f 1737 2911 2967
f 1756 2564 1754
f 1758 2522 2566
f 3095 2565 2569
f 1761 2568 2574
f 1778 2567 2572
f 1779 2570 2571
f 2570 2572 2573
f 2524 1780 1673
f 2525 2574 2524
f 1667 2527 2524
f 997 998 990
f 997 1000 998
f 976 999 3097
f 2577 1258 2914
f 1172 1177 976
f 1026 990 989
f 1026 1027 1033
f 1026 1033 1028
f 991 1028 1114
f 991 1026 1028
f 1114 1028 1029
f 2579 1033 1027
f 2579 1034 1033
f 2579 1032 1034
f 1032 1040 1034
f 2580 1031 2578
f 1037 1030 1036
f 2578 1030 1037
f 2580 2583 1032
f 1040 1038 1041
f 1051 1036 1052
f 1037 1036 1051
f 2581 1037 2586
f 1046 2585 2588
f 2588 1233 2642
f 1056 2591 1064
f 1061 1063 2916
f 2595 2597 2612
f 3151 1072 2969
f 1070 1075 1073
f 1071 1077 1075
f 3151 991 1072
f 1068 1076 1079
f 1068 1072 1076
f 991 1114 1072
f 1072 1114 1076
f 1059 1070 1073
f 1061 1059 1073
f 1061 1073 1080
f 1061 1080 1063
f 1085 2917 1074
f 1073 1105 1080
f 1073 1075 1105
f 1063 1082 1074
f 1074 1083 1095
f 1071 2918 1077
f 1076 1147 1079
f 1079 1147 1107
f 1077 1078 1075
f 1077 1079 1107
f 1075 1078 1105
f 1063 1080 1082
f 1074 1082 1083
f 1080 1081 1082
f 1080 1105 1081
f 1082 1106 1083
f 1082 1081 1106
f 1066 2598 2613
f 1086 1088 2603
f 1085 1074 1087
f 1088 1090 2919
f 1074 1095 1087
f 1087 1093 1086
f 1088 1093 1089
f 1089 1092 1090
f 1093 1128 1089
f 1089 1128 1120
f 1087 1095 1093
f 1093 1095 1097
f 1093 1097 1128
f 1095 1096 1097
f 1095 1083 1096
f 1097 1096 1152
f 1097 1152 1130
f 1094 2609 2923
f 1258 2611 2651
f 2614 2612 2652
f 1077 1261 1078
f 1077 1107 1261
f 1105 1078 1109
f 1105 1109 1081
f 1083 1108 1096
f 1106 1108 1083
f 1081 1262 1106
f 1081 1109 1262
f 1261 1260 1078
f 1107 1331 2928
f 1078 1260 1109
f 1106 1263 1108
f 1108 1268 1274
f 1109 1264 1262
f 1106 1262 1263
f 1263 1268 1108
f 2615 2613 2653
f 2617 2616 2657
f 1096 1108 1274
f 1096 1274 1152
f 1276 1112 2620
f 1275 2619 3080
f 1076 1114 1146
f 1114 1029 1146
f 1076 1146 1147
f 1146 1029 1116
f 1089 1120 1092
f 1120 1122 1092
f 1120 1121 1122
f 1128 1129 1120
f 1120 1129 1121
f 1129 1132 1121
f 1121 1132 1127
f 1092 1122 1091
f 1091 1122 1125
f 1125 1122 1126
f 1122 1121 1126
f 1125 1126 1123
f 1121 1127 1126
f 1126 1127 1123
f 1125 1123 1124
f 1124 2622 2623
f 1128 1130 1129
f 1129 1131 1132
f 1097 1130 1128
f 1129 1130 1131
f 1132 1134 1133
f 1127 1132 1133
f 1131 1134 1132
f 1099 2624 2631
f 1123 1138 2622
f 1138 1139 1137
f 1137 1139 1141
f 1127 1143 1138
f 1127 1133 1143
f 1138 1143 1139
f 1143 1144 1139
f 1139 1500 1141
f 1139 1144 1500
f 1144 1503 1500
f 1133 1142 1143
f 1143 1142 1144
f 1144 1145 1503
f 1142 1145 1144
f 1145 1510 1503
f 1147 1146 1332
f 1146 1116 1332
f 1107 1147 1331
f 1147 1332 1331
f 1332 1116 1333
f 1152 1339 1130
f 1339 1131 1130
f 1339 1338 1131
f 1131 1338 1134
f 1133 1134 1153
f 1150 2625 2632
f 1152 1337 1339
f 1134 1341 1153
f 1338 1341 1134
f 1341 1348 1153
f 1113 2631 2691
f 2632 1344 2692
f 1133 1153 1142
f 1142 1153 1154
f 1142 1154 1145
f 1154 1155 1145
f 1145 1155 1510
f 1155 1536 1510
f 1156 2630 2634
f 1153 1348 1154
f 1154 1349 1155
f 1154 1348 1349
f 1155 1350 1536
f 1151 2633 2693
f 1172 1178 1177
f 1172 2914 3052
f 1210 1209 2970
f 2638 1221 1210
f 2638 2640 1221
f 1232 1052 3114
f 1233 2586 2641
f 1051 1052 1232
f 1232 3114 1244
f 1248 1247 2926
f 1247 2925 2901
f 2924 2925 2640
f 1357 1353 2925
f 1353 3078 2901
f 2644 1246 2926
f 2926 1246 1248
f 1247 2901 2926
f 2925 1353 2901
f 3007 1244 2644
f 2648 1249 1253
f 1232 2643 2641
f 1251 2648 1252
f 2648 1253 3035
f 3048 1256 3035
f 3048 1255 1256
f 2651 1280 2665
f 2652 2927 2667
f 2654 1259 2664
f 1261 1266 1260
f 1109 1260 1264
f 1262 1267 1263
f 1263 1270 1268
f 1262 1264 1267
f 1263 1267 1270
f 1274 1268 1278
f 1266 1265 1260
f 2928 1289 1290
f 1266 2928 1290
f 1260 1265 1264
f 1264 1265 1269
f 1264 1269 1267
f 1267 1306 1270
f 1267 1269 1306
f 1270 1271 1268
f 1268 1271 1278
f 2657 1315 2930
f 2666 2653 2669
f 1152 1274 1337
f 1274 1278 1337
f 1276 2620 2662
f 1337 1278 1318
f 1279 2661 2682
f 2665 1282 2671
f 1283 2666 2674
f 1286 2673 1287
f 1284 2668 2675
f 2673 2675 1310
f 1288 2677 1311
f 1289 1302 1290
f 1266 1290 1291
f 1266 1291 1265
f 1291 1292 1265
f 1290 1301 1291
f 1269 1265 1292
f 1269 1305 1306
f 1270 1308 1271
f 1269 1292 1305
f 1270 1306 1308
f 1271 1309 3008
f 1291 1301 1293
f 1293 1294 1292
f 1291 1293 1292
f 2639 1295 1303
f 1297 1299 1287
f 1296 2971 1300
f 1293 1301 1296
f 1293 1296 1300
f 1293 1300 1294
f 1300 1299 1294
f 1290 1302 1301
f 1296 1301 1303
f 1301 1302 1303
f 2639 1303 2924
f 1357 1303 1302
f 1357 2924 1303
f 1305 1304 1306
f 1292 1294 1305
f 1271 1308 1309
f 1304 1308 1306
f 1304 1307 1308
f 1307 1309 1308
f 1305 1294 1297
f 1305 1297 1310
f 1305 1310 1304
f 1304 1310 1311
f 1304 1311 1307
f 1307 1312 1309
f 1313 2658 1314
f 1285 2670 2676
f 1316 2930 2687
f 1278 1325 1318
f 1278 1271 1325
f 1318 1326 3115
f 1320 2662 1321
f 2680 2687 1323
f 1323 1324 1322
f 1318 1325 1326
f 1322 1326 1325
f 1326 1327 3115
f 1326 1328 1327
f 1329 2688 2686
f 1319 2683 2689
f 1331 1332 1334
f 1331 1334 1289
f 1332 1333 1334
f 1334 1333 1335
f 1289 1334 1356
f 1334 1335 1356
f 1339 1340 1338
f 1338 1340 1342
f 1341 1342 1348
f 1338 1342 1341
f 1342 1347 1348
f 2691 1359 2695
f 1337 1345 1339
f 1339 1345 1340
f 1337 1318 1345
f 1340 1345 1346
f 1346 1358 1340
f 1342 1358 1347
f 1348 1347 1349
f 1155 1349 1350
f 1350 1763 1536
f 1351 2634 2694
f 1349 1347 1352
f 1349 1352 1350
f 1350 3081 1763
f 1344 2693 2700
f 1356 1335 1353
f 1289 1356 1302
f 1302 1356 1357
f 1356 1353 1357
f 1318 3115 1345
f 1345 3115 1346
f 1346 1362 1358
f 1347 1358 1364
f 1358 1363 1364
f 1359 2692 1360
f 1358 1362 1363
f 2690 2696 2698
f 1366 3162 1330
f 1363 1368 1364
f 1363 1366 1368
f 1366 1365 1368
f 3009 2698 1365
f 1364 1368 3116
f 1368 1369 3116
f 1367 1373 1369
f 1347 1364 1352
f 1364 1372 1352
f 1352 1372 3081
f 1371 1782 1763
f 1370 2694 2704
f 1364 3116 1372
f 1369 1374 3116
f 1372 3116 1375
f 3116 1374 1375
f 1373 1377 1374
f 1371 1372 1375
f 1375 1376 1371
f 1389 2706 1390
f 1396 1395 1390
f 2706 2708 1397
f 1398 1401 1396
f 1398 1402 1401
f 1046 2587 3010
f 1403 1404 1402
f 2712 2711 1403
f 1403 2711 1404
f 1404 2711 1408
f 2711 1410 1407
f 1408 1407 1409
f 2711 1407 1408
f 2931 3113 1409
f 3113 2931 1460
f 1424 1425 1414
f 1424 2710 2714
f 1424 2938 1425
f 2938 1631 1425
f 2931 1462 1461
f 2715 1462 1468
f 1493 1470 1686
f 2717 1470 1493
f 2719 1493 2778
f 1460 1528 1498
f 1460 1545 1528
f 1528 1529 1498
f 1141 1500 1499
f 1499 1501 2932
f 1500 1503 1504
f 1500 1504 1501
f 1504 1511 1508
f 2720 1512 2722
f 2932 1501 1506
f 1506 3145 1505
f 1501 1504 1506
f 1504 1508 1506
f 1508 1517 3145
f 1508 1520 1517
f 1508 1511 1534
f 1508 1534 1520
f 1504 1503 1511
f 1503 1510 1511
f 1509 2723 2728
f 1512 2721 2724
f 1517 1520 1521
f 1517 1521 1513
f 1518 1513 1586
f 1514 1586 1513
f 1513 1521 1514
f 1521 1524 1514
f 1524 1589 1514
f 1507 1505 1516
f 1515 1513 1518
f 1515 1517 1513
f 1516 1526 2726
f 1518 1586 1519
f 1521 1522 1524
f 1521 1520 1522
f 1524 1523 1589
f 1524 1522 1539
f 1524 1539 1523
f 1525 1540 2730
f 1526 2725 2727
f 1528 1532 1529
f 1528 1530 1532
f 1532 1530 1760
f 1530 1608 1760
f 1532 1759 1529
f 1532 1760 1759
f 1759 1533 1529
f 1511 1510 1537
f 1511 1537 1534
f 1510 1536 1537
f 1534 1538 1520
f 2728 2724 2729
f 1537 1764 1766
f 1538 1534 1766
f 1537 1766 1534
f 1535 2728 2783
f 1538 1522 1520
f 1538 1770 1522
f 1522 1770 1539
f 1541 1616 1523
f 1541 1523 1539
f 1540 2727 2731
f 1538 1765 1770
f 1770 1773 1539
f 1541 1539 1773
f 1772 1616 1541
f 1772 1541 1777
f 1542 2730 2785
f 2731 1822 2786
f 1460 1459 1544
f 1544 1543 1546
f 1460 1544 1545
f 1544 1546 1545
f 1528 1545 1530
f 1545 1546 1602
f 1547 2716 2732
f 1543 2933 1548
f 1548 2934 1549
f 2933 2732 2733
f 1548 1549 1553
f 1546 1548 1553
f 2934 1550 1549
f 1553 1549 1554
f 1549 1550 1554
f 1546 1553 1560
f 1553 1561 1560
f 1553 1554 1561
f 1555 1569 1558
f 1554 1552 1564
f 1555 1558 1564
f 1558 1569 1559
f 1572 1559 1569
f 1572 1557 1559
f 1572 1599 1557
f 1559 1557 1562
f 1554 1564 1561
f 1564 1558 1605
f 1558 1559 1565
f 1605 1558 1565
f 1565 1559 1562
f 1545 1602 1530
f 1546 1560 1602
f 1560 1561 1603
f 1602 1560 1607
f 1560 1603 1607
f 1562 1595 1563
f 1561 1564 1604
f 1605 1565 1606
f 1565 1562 1563
f 1603 1561 1604
f 1564 1605 1604
f 1565 1563 1606
f 1551 1566 1550
f 1566 1567 2734
f 1566 1568 1552
f 1555 1571 1569
f 1568 1571 1555
f 1568 2734 1575
f 1572 1569 1570
f 1574 1576 2743
f 1578 2737 2759
f 1584 1594 1590
f 1514 1585 1587
f 1514 1589 1585
f 1584 1585 1589
f 1584 1592 1585
f 1585 1592 1588
f 1596 1584 1589
f 1523 1596 1589
f 1596 1594 1584
f 1594 1595 1562
f 1556 1590 1557
f 1584 1590 1592
f 1590 1591 1592
f 1557 1590 1594
f 1557 1594 1562
f 1556 1591 1590
f 1591 2746 1593
f 1587 1585 1588
f 1601 2755 2746
f 1594 1596 1595
f 1596 1616 1595
f 1523 1616 1596
f 1597 2752 2763
f 1601 2754 2757
f 1601 2756 2755
f 1530 1602 1608
f 1602 1607 1608
f 1607 1603 1806
f 1603 1604 1610
f 1604 1605 1609
f 1604 1609 1610
f 1605 1606 1609
f 1563 1595 1809
f 1606 1563 1809
f 1603 1610 1806
f 1608 1607 1807
f 1760 1608 1811
f 1607 1806 1807
f 1610 1609 1810
f 1609 1606 1808
f 1609 1808 1810
f 1806 1610 1813
f 1606 1809 1808
f 1579 2739 2761
f 1582 2740 2762
f 1583 2744 3067
f 1614 2759 2796
f 2762 1818 2800
f 3067 1613 2802
f 1809 1595 1821
f 1595 1616 1821
f 1617 2764 2804
f 1772 1821 1616
f 1618 2763 2803
f 1598 2750 2766
f 1620 2758 2767
f 2766 2765 2806
f 2760 1615 2797
f 2767 1825 2809
f 2768 1626 2771
f 2938 2714 2769
f 3102 1651 3099
f 1650 1658 1652
f 1255 1650 1652
f 1650 1657 1658
f 1652 1658 2772
f 2940 1658 1659
f 1657 1659 1658
f 2773 2774 2770
f 1662 1669 1663
f 1665 1659 1666
f 1665 1671 2776
f 2776 1671 1670
f 1666 1668 1671
f 1671 1674 1670
f 1671 1668 1674
f 1673 2777 1668
f 2777 1674 1668
f 1673 1747 2777
f 1493 1686 1694
f 2778 1694 2782
f 2777 1747 1748
f 2779 1749 1746
f 1729 1749 1751
f 1751 2781 1752
f 1759 1781 1533
f 1781 1780 1533
f 1759 1760 1762
f 1759 1762 1781
f 1760 1811 1762
f 1537 1536 1764
f 1536 1763 1764
f 1538 1766 1765
f 1768 2729 2784
f 1766 1764 1769
f 1765 1766 1769
f 1765 1769 1776
f 1767 2783 2787
f 1770 1771 1773
f 1765 1771 1770
f 1541 1773 1777
f 2785 1795 2790
f 1765 1776 1771
f 1777 1863 1772
f 1777 1773 3118
f 1781 1762 1832
f 1781 1747 1780
f 1747 1673 1780
f 1781 1832 1747
f 1769 1791 1776
f 1763 1782 3082
f 1785 2784 1786
f 1783 1791 3082
f 1784 1790 2788
f 1791 1800 1776
f 1789 1793 1788
f 1791 1792 1800
f 1771 1776 1797
f 1797 1776 1800
f 1777 1866 1863
f 1777 3118 1866
f 1795 2786 1796
f 2941 3178 1804
f 1794 2791 2793
f 1792 1801 1800
f 1793 1802 1792
f 1797 1800 1799
f 1800 1801 1799
f 1801 1805 1799
f 1805 1802 1803
f 1608 1807 1811
f 1807 1806 1812
f 1610 1810 1813
f 1814 1821 1823
f 1810 1808 1815
f 1808 1809 1814
f 1806 1813 1812
f 1808 1814 1815
f 1809 1821 1814
f 1811 1807 1828
f 1807 1812 1828
f 1813 1810 1830
f 1810 1815 1830
f 1812 1813 1831
f 1813 1830 1831
f 1815 1814 1829
f 1814 1823 1829
f 2798 2800 2811
f 1821 1772 1823
f 2803 1861 2819
f 1823 1772 1863
f 2797 1820 1876
f 1762 1811 1827
f 1762 1827 1832
f 1811 1828 1827
f 1828 1812 1836
f 1832 1827 1837
f 1827 1828 1835
f 1812 1831 1836
f 1830 1815 1843
f 1815 1829 1843
f 1831 1830 1842
f 1836 1831 1844
f 1830 1843 1842
f 1843 1829 1847
f 1827 1835 1837
f 1832 1837 1833
f 1748 3117 2781
f 1828 1836 1835
f 1837 1840 3119
f 1837 1835 1840
f 1835 1839 1840
f 1835 1836 1839
f 1836 1844 1839
f 1838 1840 2814
f 1840 1854 1841
f 1840 1839 1854
f 1854 1839 1857
f 1831 1842 1844
f 1829 1864 1847
f 1842 1843 1846
f 1843 1847 1846
f 1844 1842 1845
f 1839 1844 1857
f 1857 1845 1858
f 1844 1845 1857
f 1842 1846 1845
f 1845 1846 1859
f 1846 1847 1849
f 1846 1849 1848
f 1848 1849 1877
f 2810 2817 2811
f 2973 1853 3054
f 1854 1857 1855
f 1852 1851 1860
f 1829 1823 1864
f 1823 1863 1864
f 1861 2805 2820
f 1863 1866 1865
f 1863 1865 1864
f 1865 1866 1869
f 1865 1869 1867
f 1847 1864 1870
f 1865 1870 1864
f 1865 1867 1870
f 1870 1867 1871
f 1847 1870 1849
f 1872 1870 1871
f 1849 1870 1872
f 2828 1871 2827
f 1869 2821 2822
f 2823 1874 2795
f 2824 2821 1868
f 2808 2809 2825
f 1878 16 47
f 1878 1880 1879
f 16 1879 2830
f 1889 1 1880
f 1879 1880 1
f 1 18 1879
f 18 1 8
f 1879 16 1878
f 42 1881 1880
f 47 42 1878
f 1886 1881 1882
f 1882 2 3011
f 1882 3011 1886
f 1884 3 1883
f 1883 12 4
f 1885 4 12
f 1889 1886 1888
f 1887 1888 3011
f 1888 1887 3055
f 3 2974 1883
f 1889 6 1
f 6 7 9
f 1887 3 5
f 2974 3 1887
f 5 11 57
f 1884 55 3
f 1890 3011 2
f 1891 12 1883
f 1885 12 3083
f 1892 16 2830
f 16 1898 47
f 1899 1898 1892
f 1892 1893 1899
f 48 1899 1893
f 48 1893 17
f 2830 19 1892
f 2830 20 19
f 1894 17 21
f 1894 21 22
f 1893 21 17
f 19 22 21
f 1894 24 23
f 26 2942 1895
f 1894 23 2942
f 1895 2942 23
f 1895 23 25
f 23 29 25
f 1897 1896 1929
f 1897 3013 1896
f 17 2942 1900
f 26 3056 2942
f 1901 3056 26
f 49 1902 3013
f 26 1902 1901
f 1897 49 3013
f 25 31 3012
f 1896 3012 2831
f 1896 32 1903
f 32 34 104
f 1881 42 1904
f 44 1905 47
f 43 1904 42
f 42 47 1905
f 1904 2832 1882
f 1906 2 221
f 1904 43 3084
f 220 1905 44
f 1943 43 1905
f 1945 221 2832
f 2 1906 1890
f 1891 1890 45
f 45 1908 1891
f 3083 12 1908
f 1942 222 1906
f 45 1906 222
f 1908 45 222
f 1947 224 1908
f 1898 1899 1909
f 1900 3056 1910
f 226 1909 1899
f 47 1898 44
f 1899 1912 226
f 227 1912 48
f 228 1910 3056
f 48 1910 227
f 1902 49 1911
f 229 1913 1901
f 1901 1911 229
f 50 1911 49
f 153 3057 1897
f 1909 226 1949
f 1910 228 1950
f 44 1909 220
f 1911 50 1951
f 1953 228 1913
f 230 1951 50
f 11 55 58
f 1914 55 1884
f 1914 1884 4
f 58 2833 61
f 1885 1915 1914
f 2977 3014 1915
f 1915 1885 1917
f 1917 60 2943
f 1918 2943 60
f 1917 1885 1907
f 1917 1926 60
f 1926 1917 1907
f 60 1926 79
f 1918 60 79
f 1919 1924 1921
f 1916 2978 56
f 2978 1916 1919
f 1919 1920 62
f 1919 1916 1924
f 1918 1924 1916
f 1920 1919 1921
f 1923 462 64
f 1920 1922 1923
f 1922 1920 1921
f 62 1920 64
f 1924 1918 66
f 79 66 1918
f 1921 1924 1925
f 1922 1921 1925
f 1925 1928 67
f 1922 1925 67
f 1946 78 3083
f 1907 3083 78
f 1926 1907 78
f 79 1926 80
f 1988 79 80
f 78 1987 1926
f 66 1988 88
f 1988 66 79
f 1928 1925 66
f 67 3146 1927
f 1928 66 88
f 67 1928 89
f 3146 67 89
f 1903 1929 1896
f 102 1929 1903
f 1929 1931 1897
f 1929 102 1931
f 104 1930 1903
f 1903 1930 102
f 1930 106 113
f 1930 105 106
f 155 1931 102
f 1897 1931 153
f 1931 155 1932
f 332 1932 155
f 153 1932 329
f 167 176 169
f 167 174 176
f 1933 176 175
f 176 1933 179
f 175 183 184
f 175 184 1933
f 1934 1933 185
f 184 1935 1933
f 1933 1935 185
f 189 185 1935
f 184 188 187
f 1935 187 1936
f 187 576 1936
f 1935 1936 189
f 187 574 576
f 1937 1938 189
f 214 185 189
f 1938 214 189
f 211 181 1934
f 181 211 1939
f 1939 413 181
f 1934 1940 211
f 185 214 1940
f 2843 1940 214
f 612 1941 1938
f 214 1938 1941
f 211 2005 1939
f 1940 2843 2005
f 434 2005 2843
f 1942 221 241
f 1944 1943 220
f 240 3084 43
f 43 1943 240
f 221 1945 241
f 3084 240 1956
f 1944 242 1943
f 222 1942 223
f 1947 222 223
f 1948 289 1946
f 78 1946 289
f 241 1962 1942
f 1948 224 244
f 224 1947 244
f 223 244 1947
f 1912 227 1952
f 220 1949 1944
f 1971 1944 1949
f 226 1952 2837
f 231 1952 227
f 261 1950 228
f 227 1950 231
f 1973 231 1950
f 1974 1953 229
f 228 1953 261
f 229 1951 1974
f 1976 1974 1951
f 1954 3057 329
f 230 1954 2944
f 1970 2837 1952
f 1970 1952 231
f 231 1973 1970
f 1974 262 1953
f 1977 2944 1954
f 1977 1954 329
f 1955 242 1944
f 242 1958 240
f 1945 1956 1957
f 1945 1957 241
f 1959 1955 1980
f 1956 240 1958
f 242 1959 1958
f 1959 1980 1961
f 1958 1959 1960
f 1961 1960 1959
f 1960 243 1958
f 1960 1968 243
f 223 1962 250
f 250 244 223
f 244 1963 1948
f 250 245 244
f 1963 244 245
f 1962 241 246
f 245 1994 1963
f 1994 245 249
f 258 249 245
f 246 1965 1962
f 1966 243 1968
f 1968 1967 1966
f 1967 1968 254
f 1965 246 1966
f 1969 258 1965
f 250 1965 258
f 1969 1966 1967
f 251 1968 1960
f 1968 251 254
f 254 251 253
f 260 1971 2837
f 1970 260 2837
f 262 1973 261
f 1944 1971 1955
f 1978 1955 1971
f 1972 260 1970
f 1970 1973 1972
f 263 1982 2944
f 1975 262 1974
f 1974 1976 1975
f 1977 263 2944
f 268 263 1977
f 1955 1978 1980
f 264 1980 1978
f 264 1978 260
f 260 1979 264
f 1981 1979 1972
f 1983 269 262
f 1972 3167 1981
f 2838 1980 264
f 1980 2838 1961
f 1979 265 280
f 266 1981 269
f 1981 266 265
f 267 1983 1975
f 1975 1982 267
f 1984 267 1982
f 1984 1982 263
f 1985 263 268
f 266 270 283
f 270 1984 284
f 1985 1984 263
f 284 1984 285
f 2981 1984 1985
f 1986 366 2982
f 366 1986 363
f 2982 366 288
f 1987 78 289
f 80 1987 3015
f 1992 3015 1987
f 1989 88 1988
f 1989 80 3015
f 1964 289 1948
f 88 1989 296
f 1991 88 296
f 1996 296 1989
f 89 1991 1990
f 1948 1963 1964
f 1992 289 1964
f 1996 3015 1992
f 1992 1964 306
f 1964 1994 306
f 306 1994 1995
f 306 2840 1993
f 1995 2840 306
f 2840 1995 307
f 1996 1992 1993
f 2840 308 1993
f 2840 307 308
f 258 311 249
f 296 1996 316
f 296 316 1998
f 1990 1991 1998
f 2000 1990 1998
f 1998 316 1999
f 316 1996 1997
f 316 318 1999
f 1997 1993 308
f 2000 1998 1999
f 2000 1999 2855
f 1932 332 333
f 333 2001 1932
f 359 2001 333
f 329 2001 1977
f 358 2001 359
f 1977 2002 268
f 2001 358 2002
f 363 2002 358
f 2002 363 1986
f 268 1986 1985
f 2003 366 363
f 367 2003 360
f 288 2003 425
f 1939 416 413
f 2004 416 1939
f 2004 1939 418
f 2004 415 416
f 1939 2005 418
f 2005 434 418
f 1941 816 2006
f 2008 434 2006
f 2008 2006 816
f 430 2844 2004
f 2007 2844 430
f 429 433 2993
f 2007 433 2844
f 433 2007 439
f 431 439 435
f 2004 418 430
f 2009 430 418
f 2009 418 434
f 434 2008 2009
f 824 2012 2008
f 2012 2009 2008
f 444 430 2009
f 430 2010 2007
f 439 2010 446
f 3016 2010 444
f 435 439 446
f 446 2010 3016
f 2950 3120 2125
f 444 2012 3016
f 446 3016 445
f 2009 2012 444
f 1923 1922 2015
f 2013 465 462
f 2013 1923 2015
f 64 462 463
f 464 2013 2014
f 2014 2016 464
f 471 464 2016
f 463 465 2845
f 466 464 471
f 2015 1922 1927
f 2015 2021 2014
f 2021 2015 1927
f 2014 2021 2020
f 2016 2014 2020
f 471 2016 2018
f 2846 471 2018
f 2984 3164 474
f 2984 474 475
f 2017 471 2846
f 2018 3085 2846
f 2019 2846 3085
f 2020 477 2016
f 2018 2016 477
f 2024 3085 477
f 2019 3085 478
f 1927 3146 487
f 2021 1927 487
f 2020 2021 488
f 2023 2020 488
f 487 2070 2021
f 1990 701 3146
f 488 2070 702
f 478 2048 2022
f 477 2023 493
f 2023 488 702
f 2071 493 2023
f 2024 477 493
f 478 2024 494
f 2847 473 2025
f 475 503 476
f 503 2026 504
f 2027 512 2026
f 506 2026 512
f 2029 506 515
f 512 515 506
f 512 2033 515
f 2025 513 2847
f 2025 2019 2022
f 2047 2025 2022
f 2027 2847 513
f 513 2047 2028
f 2027 513 2028
f 2028 517 2027
f 2031 2029 515
f 516 2031 2030
f 540 516 2030
f 2030 2036 540
f 515 2033 2032
f 2031 515 2032
f 2032 518 2031
f 2030 2031 518
f 517 512 2027
f 2033 512 517
f 529 530 2945
f 530 2034 2945
f 530 525 531
f 2040 531 2044
f 511 516 510
f 540 2035 2985
f 2985 2035 2849
f 2035 540 2036
f 2036 3018 2035
f 2849 2035 3018
f 541 544 543
f 543 2850 520
f 544 2849 550
f 2850 2037 2038
f 550 3018 549
f 2042 2038 2037
f 546 545 547
f 2039 546 547
f 2038 547 2850
f 2039 547 548
f 2038 548 547
f 548 2046 2039
f 2040 2067 2034
f 2067 2040 2045
f 2044 2045 2040
f 2039 2046 2044
f 3018 2036 2041
f 2041 549 3018
f 2042 2037 2043
f 2052 2043 550
f 549 2041 567
f 2052 549 567
f 2043 552 2042
f 2045 2044 571
f 548 2038 2946
f 2057 2946 552
f 548 2946 551
f 551 2046 548
f 2044 2046 571
f 2022 2048 553
f 2047 2022 553
f 2028 2047 554
f 2049 2028 554
f 517 2049 556
f 2048 478 494
f 553 2082 2047
f 553 2048 747
f 2084 747 2048
f 2082 553 747
f 517 2050 2033
f 2050 517 556
f 2032 2050 2851
f 2051 2032 2851
f 518 2051 557
f 2086 566 3086
f 2083 556 2049
f 556 2085 2050
f 2851 2085 2088
f 2087 2851 2088
f 2087 557 2051
f 566 2086 750
f 2054 2041 566
f 2043 2052 568
f 2055 2043 568
f 567 2089 2052
f 2046 551 2053
f 552 2055 569
f 2054 566 750
f 2089 567 2856
f 567 2054 2856
f 2055 568 763
f 568 2089 763
f 2091 569 2055
f 2056 571 761
f 647 2056 873
f 2092 873 2056
f 2057 552 569
f 2093 570 2057
f 551 2057 570
f 551 570 2053
f 2090 2053 570
f 571 2053 761
f 575 3175 576
f 577 575 574
f 578 583 2062
f 2062 584 578
f 2060 2058 584
f 3175 2058 2852
f 2060 2852 2058
f 611 2059 2852
f 2060 611 2852
f 2061 2853 587
f 583 587 2062
f 2058 578 584
f 588 584 2062
f 584 588 2063
f 584 2063 2060
f 593 2063 588
f 613 2063 593
f 2066 2060 2063
f 1938 2059 612
f 2059 611 2064
f 2859 2064 611
f 2066 2065 2060
f 611 2065 2859
f 2064 2859 2118
f 612 2118 816
f 825 2118 2859
f 2947 2065 2066
f 616 2947 613
f 623 524 624
f 3019 628 3088
f 625 3088 628
f 2045 2068 2067
f 3019 2068 682
f 647 2068 2045
f 2069 682 2068
f 682 2069 642
f 873 2069 647
f 642 2069 869
f 2070 487 701
f 2073 702 2070
f 719 701 1990
f 2071 702 2074
f 493 2071 708
f 2074 708 2071
f 2072 493 708
f 494 2072 729
f 1990 2000 719
f 2073 701 719
f 719 2075 2073
f 2074 702 2073
f 719 2000 723
f 2075 719 723
f 723 2076 2075
f 731 2077 727
f 727 732 731
f 708 2074 3147
f 708 3147 2072
f 2072 2078 729
f 767 2084 729
f 3147 2077 731
f 2078 3147 731
f 731 2079 2078
f 731 732 2079
f 729 2080 767
f 2080 729 2078
f 735 2080 2079
f 2080 737 2081
f 736 776 771
f 554 2082 3038
f 2083 554 3038
f 2084 494 729
f 767 747 2084
f 2083 3038 2095
f 2095 751 2083
f 556 2083 751
f 2085 556 751
f 2098 2088 2085
f 557 2087 749
f 2100 3039 749
f 2088 2098 3058
f 2088 749 2087
f 3039 2100 3090
f 2105 2856 762
f 2856 3171 762
f 2105 763 2089
f 570 2093 764
f 2090 570 764
f 761 2090 2092
f 2110 2092 2090
f 569 2091 766
f 763 2105 805
f 873 2092 2109
f 2108 2109 2092
f 2093 569 766
f 764 2093 2116
f 2110 764 765
f 2092 2110 2108
f 2094 747 767
f 2095 3038 2094
f 751 2095 770
f 767 2080 2081
f 2094 767 2081
f 2095 2094 772
f 2081 772 2094
f 771 2081 737
f 772 2081 771
f 770 2095 772
f 770 772 2096
f 776 2096 771
f 2098 770 780
f 2096 772 771
f 770 2096 780
f 2096 778 780
f 2097 780 778
f 778 782 2097
f 2101 2097 783
f 2098 751 770
f 2099 2088 3058
f 3058 2101 2099
f 2097 3058 780
f 2102 2101 785
f 2099 2101 2102
f 785 2103 2102
f 2107 3090 2103
f 814 804 2948
f 800 803 804
f 803 2986 2949
f 804 803 2104
f 2949 2104 803
f 2105 762 2111
f 2091 763 805
f 2111 805 2105
f 2106 2091 805
f 3121 762 2107
f 2111 762 3121
f 805 2111 812
f 2117 766 2106
f 2857 806 807
f 785 2857 2103
f 807 3121 2103
f 808 811 2113
f 808 810 811
f 2112 3072 2114
f 2113 811 812
f 811 2112 812
f 2103 3121 2107
f 2106 805 812
f 2111 3121 2113
f 2112 2106 812
f 2113 812 2111
f 2106 2112 2117
f 2110 765 2115
f 815 2115 765
f 2104 2108 2115
f 2109 2108 2949
f 2114 814 815
f 814 2948 815
f 815 2948 2115
f 2115 2948 2104
f 2116 766 2117
f 2117 815 2116
f 765 2116 815
f 2112 2114 2117
f 2065 2947 3087
f 2118 825 824
f 2119 825 3087
f 2119 3087 2126
f 836 3108 616
f 2008 816 824
f 2120 824 825
f 824 2120 2125
f 2120 825 826
f 2121 826 2119
f 2125 2123 2950
f 2122 2123 826
f 2122 826 2121
f 2123 2122 2124
f 2123 2125 2120
f 2119 2126 2121
f 835 3122 2121
f 2122 3122 2124
f 2127 3122 840
f 2069 873 2129
f 869 2129 900
f 2109 2129 873
f 895 2130 897
f 2130 894 896
f 895 897 799
f 897 2130 2131
f 2131 900 813
f 2949 2131 813
f 900 2131 2130
f 2129 2109 813
f 70 2136 2132
f 2136 70 74
f 75 2175 2132
f 2133 76 2134
f 2132 2136 2135
f 75 2132 2135
f 2134 2135 77
f 2133 2134 77
f 2176 74 94
f 95 2176 304
f 2135 2136 95
f 2176 95 2136
f 2138 2135 95
f 77 3091 2137
f 2138 95 304
f 2178 96 2138
f 2139 100 3020
f 2140 3041 97
f 2142 2141 109
f 2951 100 2147
f 3021 2143 97
f 2144 2142 3021
f 2142 109 2952
f 110 2952 111
f 3021 2142 3022
f 2143 2152 97
f 98 99 2143
f 2141 2142 3137
f 2146 100 2951
f 101 2165 2140
f 2145 3137 2144
f 2145 151 3137
f 3041 2165 154
f 3137 2146 2141
f 151 2146 3137
f 100 103 2147
f 2861 2147 103
f 2149 103 2139
f 103 100 2139
f 2148 2149 113
f 2149 2148 103
f 106 2865 107
f 2951 108 109
f 2861 2862 2147
f 113 2149 114
f 2151 125 119
f 97 2150 2140
f 2156 2151 121
f 119 2153 121
f 2153 119 2152
f 121 2153 122
f 125 2150 119
f 2152 119 2150
f 121 2151 119
f 2152 120 2153
f 2153 123 122
f 2154 121 122
f 2154 127 2156
f 2155 3059 127
f 3092 2155 2154
f 3059 2155 124
f 2157 2140 2150
f 2150 125 2157
f 101 2140 2157
f 2168 2157 125
f 126 2168 2151
f 2158 2156 127
f 126 2156 2158
f 2156 126 2151
f 128 2169 3059
f 2160 128 2159
f 2160 2159 2953
f 2953 2170 2160
f 2155 131 124
f 2161 124 131
f 2162 2161 133
f 2161 2162 2953
f 2162 137 2163
f 2953 2162 3123
f 135 2163 140
f 147 2170 3123
f 3020 2166 2954
f 154 2167 2145
f 152 2164 151
f 151 2167 152
f 2867 327 2954
f 2164 152 2184
f 331 2167 154
f 2186 152 2167
f 328 2183 2165
f 154 2183 331
f 2139 327 2149
f 160 2171 2157
f 2157 2168 160
f 337 2168 126
f 161 2172 2158
f 126 2172 337
f 2168 337 2187
f 2158 2169 161
f 2169 128 2188
f 162 2173 2160
f 2160 2170 162
f 2170 147 2174
f 347 2174 147
f 338 2171 160
f 101 2171 328
f 2189 328 2171
f 160 2187 338
f 339 2172 161
f 2191 337 2172
f 161 2188 2955
f 2188 2173 340
f 128 2173 2188
f 341 2173 162
f 162 2174 341
f 173 2956 2175
f 2956 168 166
f 2956 173 168
f 2956 166 171
f 174 173 183
f 171 70 2956
f 2175 182 173
f 183 182 2979
f 3023 182 75
f 76 3023 75
f 186 3023 76
f 2177 304 2176
f 2177 94 303
f 304 2177 2179
f 2178 304 2179
f 3165 96 3024
f 2179 2876 2178
f 303 325 2177
f 325 303 324
f 325 324 3043
f 2180 2179 325
f 2876 2179 2180
f 2180 325 436
f 3043 436 325
f 2876 2180 326
f 2876 326 3024
f 326 442 742
f 442 326 2181
f 326 2180 2181
f 330 2185 2166
f 2196 331 2183
f 2990 2184 152
f 2166 2184 330
f 2198 330 2990
f 152 2186 2990
f 2195 2185 330
f 2195 352 2185
f 2197 2186 331
f 2197 354 2186
f 331 2196 2197
f 330 2198 2195
f 328 2189 2989
f 337 2191 378
f 2187 337 378
f 2173 341 2193
f 2174 347 348
f 348 2194 2174
f 2190 2189 338
f 2190 353 2189
f 338 378 2190
f 2192 2191 339
f 2192 379 2191
f 339 2216 2192
f 391 2194 348
f 340 2193 380
f 2209 380 2193
f 2209 2193 341
f 341 2194 2209
f 390 2194 391
f 2207 2199 2195
f 353 2200 2989
f 354 2198 2990
f 2195 2198 2207
f 2202 2197 2203
f 2197 2200 2203
f 2205 2203 2200
f 2205 2200 353
f 2201 2198 354
f 2201 2207 2198
f 354 2202 2201
f 2201 2202 355
f 2203 2204 2202
f 356 2203 2205
f 2204 355 2202
f 2203 356 2204
f 356 357 2870
f 352 2206 359
f 2206 352 2199
f 2868 360 2206
f 2868 2206 364
f 2207 364 2199
f 365 2207 373
f 364 365 2869
f 2868 364 2869
f 2869 369 2868
f 365 377 2869
f 426 2868 369
f 373 355 372
f 356 2871 2204
f 379 2211 378
f 381 353 2190
f 2190 2211 381
f 387 380 2209
f 2209 2210 387
f 2212 2205 353
f 2213 381 2211
f 2213 2211 379
f 379 2215 2213
f 382 2215 2192
f 2872 2215 382
f 2205 2212 357
f 381 2214 2212
f 383 357 2212
f 385 2214 2957
f 398 383 384
f 2214 385 383
f 384 385 401
f 2957 2214 2213
f 2213 2215 2957
f 2872 2957 2215
f 2957 386 385
f 401 386 400
f 2217 2216 380
f 2192 2216 382
f 2217 382 2216
f 2218 2217 380
f 382 2217 2872
f 2992 2872 2217
f 2194 390 2210
f 404 2210 390
f 2873 2210 404
f 2218 405 410
f 387 2210 405
f 2873 405 2210
f 404 2874 2873
f 392 409 404
f 404 409 2874
f 406 2873 411
f 411 2873 2874
f 412 2874 409
f 427 2219 323
f 324 2219 3043
f 2219 427 2993
f 3043 2219 432
f 2181 436 437
f 437 443 2181
f 483 482 2133
f 2227 482 483
f 2227 2220 2228
f 2220 483 2222
f 2221 2220 2223
f 483 2133 2137
f 483 2225 2222
f 2225 483 2137
f 2223 2220 2222
f 2222 2225 499
f 2223 485 2221
f 2224 500 485
f 485 2223 2224
f 2137 3091 498
f 2225 2137 498
f 2224 2222 499
f 2226 2224 499
f 498 2267 2225
f 3165 498 3091
f 499 2267 712
f 500 2226 713
f 2226 499 712
f 572 186 482
f 186 572 2988
f 2227 580 572
f 580 2227 2228
f 573 580 581
f 2228 585 580
f 581 585 586
f 585 2221 2229
f 2229 2061 585
f 2061 2229 589
f 2229 2221 485
f 589 2229 591
f 3060 2230 626
f 2994 629 627
f 629 2232 634
f 2230 2233 2231
f 2233 2230 628
f 2232 2231 630
f 634 2232 635
f 2234 637 632
f 632 637 636
f 2233 641 2235
f 630 2233 2235
f 2235 641 642
f 637 2236 2995
f 2236 637 2238
f 2995 2236 2237
f 2995 2237 645
f 645 646 638
f 2237 2236 648
f 2241 2240 648
f 635 2256 2239
f 2256 630 2235
f 2234 635 2239
f 2239 2238 2234
f 2257 2241 648
f 2241 649 2240
f 657 3073 3061
f 2243 3061 658
f 673 672 2242
f 663 662 2875
f 663 2875 664
f 680 664 2875
f 658 663 2243
f 664 2243 663
f 681 2243 664
f 2242 2243 673
f 681 673 2243
f 681 694 673
f 675 2245 676
f 2247 646 2244
f 646 2247 2996
f 675 2996 2247
f 675 2247 2248
f 676 677 653
f 677 2245 2246
f 2246 678 677
f 2248 2247 2250
f 2244 2250 2247
f 2245 675 2248
f 2251 2246 2248
f 2249 677 678
f 680 2253 664
f 2250 2244 2958
f 2263 2958 649
f 2250 2958 679
f 2251 2250 679
f 2252 3124 678
f 678 2246 2252
f 2261 2252 2251
f 2253 680 2254
f 698 2265 681
f 2254 698 2253
f 681 2253 698
f 680 2255 2254
f 2239 2256 3138
f 2235 2258 2256
f 2258 2235 686
f 2259 2239 3138
f 689 2239 2259
f 2257 2238 689
f 2241 2257 687
f 2260 2241 687
f 689 2276 2257
f 686 2277 2258
f 2259 3138 688
f 649 2260 690
f 689 2259 874
f 2278 874 2259
f 2276 689 874
f 687 2276 875
f 2260 687 875
f 2280 690 2260
f 679 2263 885
f 2261 679 885
f 2252 2261 699
f 2266 2254 700
f 694 2265 697
f 2254 2255 700
f 2255 3124 2262
f 2263 649 690
f 885 2282 2261
f 2284 885 2263
f 699 2282 3149
f 2262 2264 884
f 3172 884 2264
f 888 2265 698
f 698 2266 888
f 2266 700 889
f 2265 888 2286
f 697 2286 881
f 2285 888 2266
f 2283 2262 884
f 700 2283 889
f 498 3165 711
f 2267 498 711
f 2269 712 2267
f 712 2268 2226
f 713 2268 743
f 2269 711 2182
f 2271 2269 2182
f 2268 712 2269
f 2270 2268 2269
f 2269 2271 2270
f 2271 2182 742
f 2182 326 742
f 2270 2271 2273
f 2273 2271 2272
f 743 2270 746
f 2273 746 2270
f 2274 746 2273
f 442 828 742
f 442 829 828
f 2272 742 828
f 828 833 832
f 2274 2272 832
f 2274 837 2275
f 746 2274 2275
f 837 838 842
f 2275 842 843
f 841 2275 843
f 869 890 2878
f 2277 686 877
f 874 2278 876
f 2276 874 876
f 2295 875 2276
f 2292 877 2878
f 2292 688 2277
f 688 2292 2279
f 2278 688 2279
f 690 2280 2296
f 2279 876 2278
f 875 2295 2281
f 2280 875 2281
f 2281 2296 2280
f 2284 690 2296
f 885 2284 887
f 2307 887 2284
f 2282 885 887
f 887 886 2282
f 884 3172 2287
f 2285 889 3045
f 946 2286 888
f 946 922 2286
f 888 2285 946
f 889 2283 3045
f 2287 3045 2283
f 2283 884 2287
f 844 846 2289
f 2289 846 898
f 901 896 2289
f 2291 901 902
f 898 902 901
f 902 2290 2291
f 902 914 2290
f 902 899 914
f 2302 914 909
f 2292 2878 3062
f 2279 2292 2294
f 2294 2293 2279
f 2295 876 2293
f 2299 2281 2295
f 3062 2288 2291
f 2294 3062 2290
f 2298 2290 914
f 2298 2294 2290
f 2293 2298 913
f 2299 2293 913
f 913 2300 2301
f 2300 913 2302
f 913 2298 2302
f 2302 911 2300
f 911 915 2300
f 915 916 2303
f 2303 916 2309
f 2300 2303 2301
f 2303 2309 2297
f 2297 2301 2303
f 2281 2299 2301
f 2297 2281 2301
f 2304 922 2305
f 936 938 937
f 934 921 938
f 866 937 935
f 941 935 937
f 933 943 942
f 950 942 943
f 941 944 933
f 2304 2306 938
f 2306 937 938
f 941 2306 944
f 921 922 2304
f 2305 944 2306
f 2297 2307 2296
f 887 2307 2959
f 3177 886 945
f 2285 3045 2308
f 2308 946 2285
f 946 2312 2305
f 2312 2308 951
f 2308 2287 951
f 2997 951 2287
f 922 946 2305
f 3045 2287 2308
f 947 929 949
f 2309 3063 2310
f 2309 947 3063
f 949 3063 947
f 949 2311 945
f 948 930 950
f 2311 948 950
f 2997 2311 950
f 2297 2310 2307
f 945 2959 3063
f 2311 3177 945
f 2309 2310 2297
f 2312 951 943
f 950 943 951
f 944 2312 943
f 2312 944 2305
f 951 2997 950
f 192 1019 1016
f 192 2313 1019
f 2314 1020 1019
f 2315 1020 2314
f 1021 2316 3025
f 1023 1022 3025
f 1021 1024 2316
f 2316 1025 1023
f 1025 1378 1379
f 2317 1023 3093
f 2314 1022 2315
f 1050 1022 1023
f 1020 2318 1049
f 2319 1049 2318
f 2315 2320 2318
f 1022 1050 2320
f 1416 2321 2317
f 1050 2317 2321
f 2320 2879 3133
f 2319 1226 1049
f 2322 1226 2319
f 2322 2319 1228
f 1226 2322 1227
f 2319 3077 1228
f 2321 1621 2323
f 2324 1241 2323
f 2324 2323 1621
f 1235 2325 2322
f 2325 1235 2326
f 2325 2326 1240
f 2322 1228 1235
f 2328 1235 1228
f 2328 1228 1241
f 1241 2330 2328
f 1632 2327 2324
f 2327 2330 2324
f 2329 1235 2328
f 1235 2329 2326
f 2882 2326 2329
f 2329 2330 2331
f 1634 2331 2327
f 2328 2330 2329
f 1379 2332 3093
f 1380 1379 1381
f 2332 1380 2333
f 2335 2333 1382
f 2332 2333 2884
f 2335 2884 2333
f 1415 2334 2884
f 2335 1415 2884
f 2380 1385 1383
f 1382 3179 2335
f 1388 2336 1384
f 1418 2336 1388
f 1416 2334 2337
f 2334 1415 2337
f 2885 2337 1415
f 2339 2338 2335
f 1415 2338 2885
f 2337 2885 2341
f 1416 2341 1621
f 2340 2338 2339
f 1625 2338 2340
f 2336 1418 2339
f 2339 1418 2340
f 2340 1419 2343
f 2340 2343 1625
f 2885 2342 3125
f 1621 3125 1632
f 2344 2345 2342
f 2344 2342 1625
f 1624 2343 1419
f 1625 2343 2346
f 1641 2343 1624
f 2324 1621 1632
f 2345 1632 3125
f 1632 2345 1637
f 2345 2344 2960
f 2327 1632 1637
f 1637 2345 2960
f 1639 2960 2344
f 2348 3158 1639
f 1640 3158 2348
f 1636 2960 3158
f 2343 1641 2346
f 2346 2347 1639
f 2346 1641 2347
f 1645 2347 1641
f 2344 2346 1639
f 1643 2348 1644
f 1644 2348 2347
f 1639 2347 2348
f 1643 1644 1647
f 2349 190 191
f 190 2350 2351
f 2351 2350 194
f 193 194 195
f 2349 2357 3046
f 2357 2349 199
f 201 195 2352
f 204 2356 3126
f 205 201 2353
f 2354 594 205
f 2353 2356 208
f 2354 2353 208
f 208 2356 209
f 2355 208 209
f 2358 199 218
f 219 2358 422
f 2356 204 219
f 2358 219 2357
f 2361 2356 219
f 209 2359 2360
f 2361 219 422
f 209 2361 2961
f 2364 2961 2361
f 218 2362 2358
f 2362 218 421
f 422 2362 454
f 2364 422 454
f 2366 454 2362
f 2961 2364 2365
f 2363 2961 2365
f 2366 421 2886
f 2368 2886 2367
f 452 2367 2887
f 2367 452 2372
f 454 2370 2369
f 2370 454 2366
f 2365 454 2369
f 2374 2365 2369
f 2369 2370 2371
f 2366 2886 2368
f 2370 2366 3026
f 2368 2367 2372
f 3026 2368 2888
f 2373 2888 457
f 3026 2373 2371
f 2374 2369 2371
f 2375 2371 2373
f 2373 457 461
f 2375 2373 460
f 594 2354 2376
f 206 594 595
f 2376 596 2377
f 596 2376 2354
f 596 2354 2355
f 596 2378 2377
f 599 2376 2377
f 595 599 600
f 2889 602 599
f 602 2889 2381
f 600 602 603
f 2889 2377 2379
f 596 2355 2360
f 596 2382 2378
f 2382 596 2360
f 2379 2377 2378
f 2378 2382 620
f 2381 2380 602
f 2380 2381 604
f 2381 2889 607
f 2379 607 2889
f 607 610 606
f 607 2379 608
f 2360 2359 619
f 2382 2360 619
f 2379 2378 620
f 2383 2379 620
f 619 2384 2382
f 2363 619 2359
f 620 2384 621
f 608 2383 820
f 619 2363 819
f 2384 619 819
f 2386 621 2384
f 2374 819 2363
f 621 2386 2387
f 2385 621 2387
f 820 2385 857
f 2387 857 2385
f 819 2374 848
f 2386 819 848
f 848 2388 2386
f 2389 2387 2386
f 2386 2388 2389
f 2375 850 848
f 848 2374 2375
f 2375 460 850
f 2388 850 851
f 851 855 854
f 2390 863 861
f 854 855 863
f 857 2387 858
f 2389 858 2387
f 2390 858 2389
f 864 858 861
f 858 2390 861
f 861 2391 865
f 2391 861 863
f 861 865 864
f 952 2401 953
f 960 952 3064
f 2392 953 2400
f 3027 2403 2393
f 3027 2395 2403
f 2402 1002 2395
f 2396 952 961
f 965 961 964
f 2393 954 3027
f 2398 2397 956
f 2397 2398 2395
f 952 2396 958
f 2400 959 2392
f 1003 1002 2402
f 2402 2404 1003
f 2406 2405 2407
f 2407 2405 2392
f 2407 968 2406
f 968 3139 2406
f 962 3139 1016
f 1015 3139 140
f 968 2407 2408
f 2408 2392 959
f 148 149 2408
f 2410 974 2409
f 2409 2394 973
f 973 977 2409
f 2409 2411 2410
f 2411 2409 3134
f 2411 2412 2413
f 2410 2411 2415
f 2413 2415 2411
f 2963 974 2893
f 2414 2893 974
f 974 2410 2414
f 2894 1010 975
f 975 2416 2895
f 2412 3100 983
f 3100 979 978
f 983 2416 975
f 2417 983 978
f 2417 986 2418
f 984 2416 2417
f 978 987 986
f 2417 2418 984
f 990 2418 989
f 986 988 989
f 2418 990 998
f 1001 3184 957
f 2403 1002 2419
f 1159 2419 1002
f 2399 2419 3127
f 1002 2421 1159
f 1160 2421 1003
f 1003 2420 1160
f 2897 2892 2964
f 2419 1159 2434
f 2437 1159 2421
f 1157 347 148
f 959 1157 2408
f 2404 2893 2420
f 1169 2420 2893
f 1170 2423 2414
f 2893 2423 1169
f 2414 2422 1170
f 1171 2422 1010
f 1011 2424 2894
f 2894 2895 1011
f 2420 1169 2435
f 2422 1171 2438
f 2439 1169 2423
f 1177 2425 1013
f 1173 2424 1011
f 1011 2425 1173
f 1033 1115 1028
f 1033 3110 1115
f 1039 1044 3028
f 2426 1117 1115
f 2427 1117 2426
f 1119 1118 3028
f 2426 1118 2427
f 1149 1118 1119
f 2429 1149 2428
f 1117 2430 1116
f 1148 2430 2427
f 2430 1148 2431
f 2431 1333 2430
f 2427 2432 1148
f 1118 1149 2432
f 2902 2432 1149
f 2521 3150 2429
f 1149 2429 3150
f 1148 2474 2431
f 2432 2902 2474
f 1336 2474 2902
f 2444 3030 2433
f 1001 2436 2896
f 3127 1158 2436
f 3142 2436 1158
f 1158 2434 3142
f 1159 2437 2898
f 1160 2435 1161
f 2442 2896 2436
f 3142 2446 2442
f 2442 2436 3142
f 2445 2898 2437
f 2445 2437 1161
f 2462 2439 1170
f 1169 2439 2999
f 1170 2438 2462
f 2464 2462 2438
f 2424 1173 2440
f 2425 1177 1178
f 1178 2441 2425
f 1171 2424 3047
f 2462 1203 2439
f 1209 2441 1178
f 2465 1204 2440
f 2465 2440 1173
f 1208 2441 1209
f 1173 2441 2465
f 2442 2449 2896
f 2964 3030 2443
f 2443 2450 2964
f 2449 2444 2896
f 3030 2444 2443
f 2448 2443 2444
f 2452 2446 2898
f 2445 2452 2898
f 2445 1161 1182
f 2443 2448 2458
f 2451 2458 2448
f 2448 2449 2451
f 2458 2459 2450
f 2453 2442 1183
f 2442 2446 1183
f 2452 1183 2446
f 1184 2455 1182
f 1182 2456 1184
f 2442 2453 2449
f 2899 1189 2453
f 2454 1183 2452
f 1183 2454 2899
f 2454 1185 1199
f 2452 2455 2454
f 1184 1185 2455
f 1185 1184 1202
f 2456 1206 1184
f 1181 2457 391
f 2457 1181 2450
f 2459 2457 2450
f 392 2457 2460
f 2459 1187 2457
f 1188 3001 2458
f 1188 2458 2451
f 1187 1194 2460
f 1237 409 2460
f 2460 1194 1237
f 2899 1200 1189
f 1203 2447 2999
f 2439 1203 2999
f 1204 2464 3047
f 2462 2464 2965
f 2440 1204 3047
f 2966 1204 2465
f 2465 2441 2468
f 2456 1182 2447
f 2466 2456 1203
f 2464 1204 2463
f 2467 2466 2965
f 2456 2466 1206
f 1202 1206 1211
f 3003 2466 2467
f 2467 1213 1212
f 1215 1214 1219
f 2469 2468 1208
f 2966 2468 1219
f 2469 1219 2468
f 2469 1222 1215
f 1210 1221 2470
f 1215 1222 1220
f 1222 2470 1223
f 1223 2470 1221
f 1654 1257 2472
f 2430 1333 1116
f 2473 1333 2431
f 1333 2473 1335
f 1335 2473 2477
f 1354 2477 2473
f 2474 1336 1355
f 2479 1355 1336
f 1336 2475 2479
f 2476 2479 2475
f 2476 2475 3095
f 1355 2478 1354
f 1353 2477 3078
f 2478 3078 2477
f 2478 2477 1354
f 2569 1779 2476
f 2479 2481 2480
f 1355 2480 2478
f 2479 2480 1355
f 1250 3078 2471
f 1779 2481 2476
f 2472 3094 3128
f 2472 2481 1779
f 1392 3004 1394
f 1400 1404 1405
f 1400 1496 1393
f 1496 1405 3129
f 1408 1405 1404
f 2482 1428 2903
f 2482 2485 1428
f 2485 2482 661
f 2483 1428 1429
f 2903 2483 3169
f 3169 2484 3182
f 1428 2485 1429
f 1429 2494 2486
f 1429 2485 1442
f 2485 672 1442
f 1442 672 674
f 1443 2484 2486
f 1438 2484 1443
f 2484 2483 2486
f 1438 3065 1430
f 1438 2487 3065
f 3065 2487 2489
f 1443 1444 1438
f 2487 1438 1444
f 1441 2493 2488
f 2493 1441 2492
f 2489 2492 1441
f 2492 2489 2491
f 2487 1444 2496
f 2494 1429 1442
f 1443 2486 2495
f 2495 1445 1443
f 1444 1443 1445
f 1444 2508 2496
f 2508 1444 1445
f 2497 2491 2496
f 2491 2487 2496
f 2906 2493 1483
f 2496 2508 1485
f 2492 2491 2497
f 2497 1446 2492
f 2493 2492 1446
f 2510 2493 1446
f 1483 2509 2498
f 1454 1453 1452
f 1454 2905 1473
f 1453 1473 1463
f 1457 2499 1455
f 2499 1458 1455
f 1457 1453 2500
f 1458 2499 1462
f 1467 1462 2499
f 1457 1452 1453
f 2500 1453 1463
f 2500 1463 2501
f 2499 2500 1467
f 2501 1467 2500
f 1467 2501 1469
f 1471 1472 1449
f 1471 2490 2503
f 2505 1473 3096
f 2502 1472 2504
f 1473 2502 3096
f 2906 2498 2490
f 2506 2504 1472
f 2505 2501 1463
f 1463 1473 2505
f 2506 2503 2498
f 2503 2490 2498
f 2504 2506 1474
f 2498 2509 1494
f 2513 2504 1474
f 2512 1492 2505
f 1442 2507 2494
f 2507 1442 1482
f 2495 2507 2907
f 2530 2495 2907
f 1445 2530 1484
f 2508 1445 1484
f 2497 2496 1485
f 2511 2497 1485
f 1483 2510 2509
f 1482 2528 2507
f 2907 2528 2531
f 1484 2529 2508
f 2530 2907 2531
f 1446 2511 1486
f 2510 1446 1486
f 2509 2510 1487
f 2532 1487 2510
f 2511 1485 1683
f 1485 2529 1683
f 2533 1486 2511
f 2506 2498 1494
f 2514 2506 1494
f 3096 2513 2512
f 1492 2515 2501
f 1469 2515 1470
f 2501 2505 1492
f 2535 1494 2509
f 2512 2513 1495
f 2514 1494 1691
f 1494 2535 1691
f 1474 2514 1690
f 2538 1690 2514
f 2908 1474 1690
f 1693 2515 1492
f 1495 2536 2512
f 1492 2536 1693
f 2515 1693 2909
f 1470 2909 1686
f 2516 1392 1394
f 2519 2429 3154
f 1394 2517 2516
f 1496 2517 1393
f 2518 2517 1496
f 2516 2517 1497
f 2518 1497 2517
f 1527 2519 1497
f 2520 1527 1497
f 2523 2518 3129
f 3129 1406 1498
f 2518 2523 2520
f 1497 2518 2520
f 1529 2523 1498
f 2429 2519 2521
f 2519 1527 2521
f 1531 2522 2520
f 2521 1527 2565
f 1758 2565 1527
f 1527 2522 1758
f 1761 2522 1531
f 2520 2523 1531
f 2523 1529 2568
f 1533 2568 1529
f 1531 2568 1761
f 1654 2571 1656
f 1653 1656 1655
f 1656 2571 2573
f 1655 1660 2526
f 2526 1660 2527
f 2527 1667 2526
f 2528 1482 3066
f 2544 1717 2528
f 1484 2530 1684
f 2529 1484 1684
f 2533 1683 2910
f 1683 2529 2910
f 1487 2532 2537
f 2531 1684 2530
f 1486 2533 2547
f 2532 1486 2547
f 2549 2537 2532
f 2533 2910 2534
f 2534 2547 2533
f 2535 1487 2537
f 1495 2908 1692
f 1691 2535 1753
f 2537 1753 2535
f 2538 1691 1753
f 1690 2538 2539
f 2564 2539 2538
f 2908 1690 2539
f 2539 1692 2908
f 2558 2909 1693
f 1693 2562 2558
f 2536 1495 2562
f 1692 2562 1495
f 2909 1731 1686
f 2909 2558 1731
f 920 921 2540
f 1649 1704 934
f 1707 934 1704
f 1707 1704 3031
f 2540 921 1707
f 2541 2540 2542
f 3031 2542 1707
f 2542 1706 2543
f 2541 1717 2544
f 2545 2531 1717
f 1717 2541 1718
f 2545 1717 1718
f 2555 2537 1725
f 2537 2549 1725
f 3079 2534 2548
f 2534 2910 2548
f 2543 1718 2541
f 2543 2551 1718
f 2550 1718 2551
f 2550 2551 1719
f 2546 2545 2550
f 1719 2552 2550
f 1719 1721 2552
f 2552 2548 2546
f 2548 2553 3079
f 2553 2548 2552
f 2556 3079 1722
f 2554 1724 1725
f 2557 1725 1724
f 1725 2549 2556
f 1722 2554 2556
f 2554 1725 2556
f 1757 1750 1731
f 1743 1742 2559
f 1745 1744 1672
f 1745 1672 2560
f 2560 1746 1749
f 2563 2559 1757
f 1745 2561 1742
f 1742 2561 2559
f 1750 2561 2560
f 2555 2564 1753
f 1753 2537 2555
f 2539 2564 1756
f 1692 2539 1756
f 1757 1731 2558
f 2558 2562 2563
f 1756 1755 1692
f 1724 1737 2967
f 1755 1743 2559
f 1740 1743 1755
f 1740 1755 1756
f 1754 1740 1756
f 2555 1725 2557
f 2564 2555 2557
f 2564 2557 2967
f 2522 1761 2566
f 2565 1758 2569
f 3095 2569 2476
f 1778 2569 1758
f 1758 2566 1778
f 2567 1778 2566
f 2567 2566 1761
f 2568 1533 2574
f 1761 2574 2567
f 1780 2574 1533
f 2570 2569 1778
f 1778 2572 2570
f 2525 2572 2567
f 2569 2570 1779
f 1779 2571 2472
f 2573 2571 2570
f 1660 1656 2573
f 2527 2572 2525
f 2572 2527 2573
f 1660 2573 2527
f 2567 2574 2525
f 2524 2574 1780
f 2524 2527 2525
f 2575 996 2576
f 985 2576 996
f 2575 2577 996
f 985 3097 3151
f 3151 2912 991
f 997 990 2912
f 1026 2912 990
f 2912 1026 991
f 3097 996 976
f 3097 999 1000
f 2577 2914 2913
f 976 1177 999
f 2578 1031 1030
f 2579 2580 1032
f 1031 2580 2579
f 2583 2580 2578
f 2578 2581 2583
f 2581 2578 1037
f 2583 1038 1032
f 1038 2583 2584
f 2584 2583 2582
f 2584 2582 2915
f 1042 3006 2915
f 1389 1390 1043
f 2581 2585 2582
f 2915 1046 3010
f 2586 1037 1051
f 1054 2586 1233
f 2585 2581 1054
f 2586 1054 2581
f 2588 2585 1054
f 1046 3098 2587
f 2588 1054 1233
f 1046 2588 3098
f 2642 1055 2588
f 1056 2589 2591
f 2594 1056 1064
f 2590 1057 1056
f 1069 2590 2601
f 1057 2589 1056
f 1057 2590 1069
f 1070 1057 1058
f 1057 1069 1058
f 1057 1070 2589
f 2576 2601 2575
f 2591 2589 2592
f 2599 1065 1062
f 2592 2596 2591
f 2592 2589 1059
f 1065 2592 1060
f 2596 2592 1065
f 1059 1061 1060
f 1084 2968 2593
f 2590 1056 2594
f 1100 2590 2594
f 2595 1064 2591
f 2594 1064 1101
f 1101 3051 2594
f 2601 2590 1100
f 2597 2596 1065
f 2595 2596 2597
f 2596 2595 2591
f 2599 2597 1065
f 1066 2968 2598
f 2968 1066 2599
f 1102 2612 2597
f 2600 2599 1066
f 2597 2599 1102
f 2600 1102 2599
f 1066 2613 2600
f 2601 1067 1069
f 1067 2576 2969
f 1067 2918 1069
f 2602 2593 1085
f 2593 2602 1084
f 2598 2968 1084
f 1084 2605 2598
f 1110 2613 2598
f 2606 2605 3131
f 2598 2605 1110
f 2606 1110 2605
f 1111 2616 2604
f 2604 2608 1111
f 2618 1111 2608
f 1085 1087 3144
f 2603 2602 3144
f 2603 1088 2607
f 2604 2603 2607
f 1098 2607 2919
f 2608 2607 1098
f 2607 2608 2604
f 1090 2920 2919
f 1090 1092 2920
f 2919 2920 2610
f 2920 1091 1094
f 2920 1094 2610
f 2618 2608 1098
f 1098 2610 2619
f 1112 2619 2610
f 1094 2923 1112
f 1099 2923 2609
f 2610 1094 1112
f 2575 1100 2611
f 2577 2611 1258
f 1103 2611 1100
f 2575 2611 2577
f 2595 2612 2614
f 2600 2613 2615
f 2921 2612 1102
f 1102 2600 2921
f 2611 1103 2651
f 1104 3051 1101
f 2654 1103 3051
f 1101 2614 1104
f 1259 2654 1104
f 2655 1259 1104
f 2612 2921 2652
f 1272 2613 1110
f 1110 2606 2922
f 2606 2616 2617
f 1273 2616 1111
f 1111 2618 2929
f 2613 1272 2653
f 2658 1272 2922
f 2616 1273 2657
f 2618 2619 1275
f 1276 3080 1112
f 1113 2620 2923
f 1277 2620 1113
f 2609 1094 1091
f 1125 2621 1091
f 1091 2621 2609
f 2624 2609 2621
f 2621 1125 1124
f 1124 1123 2622
f 2621 1124 2624
f 2623 1135 1124
f 2624 1099 2609
f 1099 2631 1113
f 1150 2631 2624
f 1136 2625 2623
f 2624 1135 1150
f 2625 1150 1135
f 2625 1135 2623
f 2622 1137 3033
f 1137 1141 1140
f 2622 3033 2623
f 2626 3033 1140
f 1141 2627 1140
f 1141 1499 2627
f 1140 2627 2626
f 2629 2626 2627
f 2623 3033 1136
f 2628 3033 2626
f 2625 1136 1151
f 1156 2633 2628
f 2626 2629 2628
f 2628 2629 1156
f 2630 1156 2629
f 2630 2629 1509
f 2923 1099 1113
f 1343 2631 1150
f 1151 2632 2625
f 1150 2632 1343
f 2631 1343 2691
f 1113 2691 1277
f 1344 2632 1151
f 2692 1343 2632
f 1535 2634 2630
f 1151 2693 1344
f 1351 2693 2633
f 1156 2634 1351
f 1767 2634 1535
f 2914 1258 2635
f 2635 1205 2914
f 1205 2635 2636
f 2636 2637 1205
f 1205 2970 3052
f 2638 2970 2639
f 1210 2970 2638
f 2640 1248 1221
f 1051 2641 2586
f 2641 1051 1232
f 1233 2641 2645
f 2642 1233 2645
f 2643 1232 3007
f 2640 1247 1248
f 1246 2644 1244
f 3007 2648 1251
f 2648 3007 2644
f 2645 2641 2643
f 2647 2645 1251
f 2645 2643 1251
f 1251 1252 3180
f 2649 1252 1256
f 1280 2651 1103
f 1258 2651 2635
f 2665 2635 2651
f 1103 2654 1280
f 2614 2652 2655
f 2667 2655 2652
f 2666 2656 2615
f 2615 2653 2666
f 2664 1280 2654
f 2666 1283 2656
f 1313 2653 1272
f 2659 2658 2617
f 1272 2658 1313
f 1315 2657 1273
f 2617 2657 2659
f 2930 2659 2657
f 1273 2660 1315
f 2618 1275 2929
f 1279 2660 1275
f 2653 1313 2669
f 2659 1314 2658
f 2685 2660 1279
f 2685 1315 2660
f 1275 2661 1279
f 1320 2661 1276
f 2620 1277 2662
f 1276 2662 1320
f 2661 1320 2682
f 1279 2682 2685
f 2684 1321 2662
f 2684 2662 1277
f 2663 1259 2655
f 2663 1281 1259
f 1281 2664 1259
f 1284 1281 2663
f 1280 2664 1282
f 2635 2665 2636
f 1282 2665 1280
f 2671 2636 2665
f 2655 2667 2663
f 1283 2667 2927
f 2656 1283 2927
f 2668 2667 1283
f 2663 2667 1284
f 2668 1284 2667
f 1285 2674 2666
f 2674 2668 1283
f 2666 2669 1285
f 2670 1285 2669
f 1282 2664 1286
f 2673 1281 1284
f 2664 1281 1286
f 2673 1286 1281
f 1286 1298 1282
f 2636 2671 2678
f 2672 2678 2671
f 1287 1298 1286
f 2673 1310 1297
f 1284 2675 2673
f 1288 2675 2668
f 2677 2674 1285
f 2668 2674 1288
f 2677 1288 2674
f 1285 2676 2677
f 2675 1288 1311
f 1311 2677 1307
f 2676 1317 1312
f 1317 2676 2681
f 1312 1317 3008
f 2678 2637 2636
f 2637 2678 2639
f 1295 2678 2672
f 2672 1298 2971
f 1295 2971 1296
f 2678 1295 2639
f 1295 1296 1303
f 1287 1299 1298
f 1314 2670 1313
f 2670 2669 1313
f 1316 1314 2659
f 2930 1316 2659
f 1315 2685 2679
f 2681 2676 2670
f 2670 1314 2681
f 2680 2681 1314
f 2680 1314 1316
f 2687 2680 1316
f 2681 2680 1317
f 1323 1317 2680
f 1321 2683 1320
f 2683 2682 1320
f 2685 2682 1319
f 2683 1319 2682
f 2690 1321 2684
f 2686 2679 2685
f 2686 2685 1319
f 2687 1324 1323
f 1324 2687 2688
f 1322 1324 1328
f 2688 2687 2679
f 2679 2686 2688
f 2688 1329 1328
f 1328 1329 1327
f 1329 2689 1330
f 1330 2689 2697
f 2697 2689 2683
f 2689 2686 1319
f 2683 1321 2697
f 2690 2697 1321
f 1359 2691 1343
f 2695 1277 2691
f 1343 2692 1359
f 1277 2695 2684
f 1361 1360 2692
f 1361 2692 1344
f 1370 2693 1351
f 2634 1767 2694
f 1351 2694 1370
f 2693 1370 2700
f 1344 2700 1361
f 2701 2704 2694
f 2701 2694 1767
f 1360 2696 1359
f 2684 2695 2690
f 2696 2690 2695
f 2696 2695 1359
f 1367 2698 2696
f 3009 2697 2690
f 1330 2697 3009
f 2690 2698 3009
f 2696 1360 1367
f 2699 1367 1360
f 2699 1360 1361
f 1365 1367 1369
f 1367 1365 2698
f 1367 2699 1373
f 1369 1373 1374
f 2704 2702 1370
f 2702 1361 2700
f 2702 2700 1370
f 1784 2704 2701
f 1361 2702 2699
f 2702 2704 2705
f 1373 2699 1377
f 1374 1377 1376
f 2705 1377 2702
f 2703 2704 1784
f 2704 2703 2705
f 1377 2705 1376
f 3132 2705 2703
f 2706 1397 1390
f 1389 2709 2706
f 2709 1389 3010
f 1390 1397 1398
f 2707 1403 1397
f 1403 2707 2712
f 1398 1403 1402
f 2708 2709 2713
f 2712 2707 1413
f 1410 2712 1414
f 2711 2712 1410
f 2710 1424 1413
f 2587 3098 1422
f 2710 2713 1423
f 2714 2710 1423
f 2768 1423 3053
f 1055 1422 3098
f 1423 2768 1627
f 1424 2714 2938
f 2714 1423 1627
f 1462 2931 1409
f 2931 1461 1459
f 1547 1461 2716
f 1461 2715 2716
f 2715 1461 1462
f 2732 2716 1577
f 2716 2715 2717
f 2715 1468 2717
f 2717 1468 1470
f 2716 2718 1577
f 2718 2716 2717
f 2719 2718 2717
f 1577 2718 2739
f 2719 2717 1493
f 2739 2719 2937
f 2778 2937 2719
f 2937 2778 1816
f 1499 2932 2720
f 2720 2932 1502
f 1512 2720 1502
f 2722 2627 2720
f 2629 2722 1509
f 1502 1507 2721
f 1502 2721 1512
f 2629 2627 2722
f 2723 1509 2722
f 2723 2722 1512
f 2630 1509 1535
f 1512 2724 2723
f 1525 2724 2721
f 2723 2724 2728
f 1505 1515 1516
f 2726 2721 1507
f 1518 1519 2972
f 1516 2972 1526
f 2725 1526 2972
f 1519 1586 2745
f 2972 1519 2725
f 2751 2725 1519
f 2721 2726 1525
f 1540 1525 2726
f 1540 2726 1526
f 1525 2730 1542
f 1526 2727 1540
f 2727 2725 1597
f 1535 1509 2728
f 1542 2729 2724
f 1535 2783 1767
f 1768 2783 2728
f 2728 2729 1768
f 1774 2729 1542
f 2724 1525 1542
f 1775 2730 1540
f 1618 2731 2727
f 1540 2731 1775
f 2730 1775 2785
f 1542 2785 1774
f 1822 2731 1618
f 2786 1775 2731
f 1459 1547 1543
f 1547 2732 1543
f 2933 2733 2934
f 1566 1551 1567
f 1550 1566 1552
f 1566 2734 1568
f 1567 2735 2734
f 1567 1551 2736
f 2733 2732 1577
f 1551 2733 2736
f 2738 2736 2733
f 2736 2738 2737
f 2736 1578 1567
f 1578 2736 2737
f 2735 1567 1578
f 1552 1568 1555
f 1569 1571 1570
f 1568 1575 1571
f 2734 2735 1575
f 1571 1575 1576
f 1570 1573 1572
f 1599 1572 1573
f 1573 1600 1599
f 1573 1570 1574
f 1576 1574 1570
f 1600 1573 1574
f 1600 1574 1581
f 1581 2742 1600
f 1570 1571 1576
f 1576 1575 1580
f 1574 2743 1581
f 2719 2739 2718
f 1577 2738 2733
f 2738 1577 2739
f 2739 1579 2738
f 2737 2738 1579
f 1575 2735 2741
f 2759 2737 1579
f 1578 2759 2740
f 2735 1578 2740
f 2740 1582 2735
f 2741 2735 1582
f 1580 1575 2741
f 2743 1576 1580
f 3163 2741 1582
f 1580 2741 3163
f 1581 2760 2742
f 2760 1581 1583
f 2743 1580 2744
f 2744 1583 2743
f 1581 2743 1583
f 1587 2745 1586
f 2745 2935 2749
f 1591 1593 1592
f 1556 1599 2753
f 1588 1592 1593
f 2747 1588 1593
f 1587 1588 2935
f 2747 2935 1588
f 2755 2747 2746
f 1593 2746 2747
f 2935 2747 2748
f 2747 2755 2748
f 2935 2748 2936
f 2750 2936 2748
f 2751 1519 2745
f 2745 2749 2751
f 2936 2749 2935
f 2750 1598 2936
f 2725 2751 1597
f 2752 1597 2751
f 2752 2751 2749
f 1597 2763 1618
f 2749 2764 2752
f 2764 2936 1598
f 2753 1599 1600
f 1591 2753 2746
f 2753 1600 2754
f 2746 2753 1601
f 2754 1601 2753
f 2757 2754 2742
f 2748 2755 2750
f 2754 1600 2742
f 1601 2757 2756
f 2755 2756 2765
f 2742 2760 2758
f 2757 2742 2758
f 2758 1620 2757
f 2756 2757 1620
f 2761 2739 2937
f 1579 2761 1611
f 2759 1579 1611
f 2740 2759 1614
f 2762 2740 1614
f 1582 2762 1612
f 3163 1582 1612
f 2744 3163 1613
f 3067 2744 1613
f 1611 2796 2759
f 2799 2937 1816
f 1611 2761 1817
f 2799 1817 2761
f 2796 1611 1817
f 2762 1614 1818
f 1614 2796 1818
f 2800 1612 2762
f 1612 2798 3163
f 2760 1583 1615
f 1583 3067 1615
f 2797 1615 1820
f 2802 1820 1615
f 2727 1597 1618
f 1617 2763 2752
f 2752 2764 1617
f 1617 2804 1861
f 1598 2804 2764
f 2763 1617 2803
f 1618 2803 1822
f 2804 1598 1824
f 2750 2765 2766
f 2756 1620 2765
f 2767 2758 1619
f 2758 2760 1619
f 2765 1620 2806
f 1826 2806 1620
f 2797 1619 2760
f 2767 1619 1825
f 1620 2767 1826
f 2809 1826 2767
f 1619 2797 1825
f 1598 2766 1824
f 1422 1055 1626
f 2768 1422 1626
f 2771 1627 2768
f 2646 1626 1055
f 1627 2771 2770
f 2769 1627 2770
f 1627 2769 2714
f 2770 2939 2769
f 1626 2646 3099
f 1651 2773 2771
f 2770 2771 2773
f 1651 2772 2773
f 2772 1651 2650
f 2773 2775 2774
f 2775 2773 2772
f 2775 2772 2940
f 2775 1665 2776
f 2770 1662 2939
f 2774 1662 2770
f 1669 1662 2776
f 1662 2774 2776
f 2774 2775 2776
f 1665 1666 1671
f 1669 2776 1670
f 2778 1493 1694
f 2782 1816 2778
f 2782 1694 1695
f 1816 2782 2973
f 1730 1729 1695
f 1674 2777 2779
f 1674 2779 1746
f 1751 1749 2779
f 2777 1748 2779
f 1748 2781 1751
f 1729 1752 1695
f 1752 1729 1751
f 2782 1695 2780
f 2780 1695 1752
f 1785 2783 1768
f 2729 1774 2784
f 1768 2784 1785
f 2783 1785 2787
f 1767 2787 2701
f 1794 1786 2784
f 1794 2784 1774
f 1795 2785 1775
f 2790 1774 2785
f 1775 2786 1795
f 1774 2790 1794
f 2792 1796 2786
f 2792 2786 1822
f 1786 1790 1785
f 2701 2787 1784
f 1790 1784 2787
f 1790 2787 1785
f 1784 2788 2703
f 3132 2703 2788
f 1789 2788 1790
f 2789 1790 1786
f 2789 1786 1794
f 1788 1793 1792
f 1790 2789 1789
f 1793 1789 2789
f 1796 2791 1795
f 2791 1794 2790
f 2791 2790 1795
f 2823 1796 2792
f 1794 2793 2789
f 1803 2793 2791
f 2789 2793 1793
f 1802 1793 2793
f 1802 2793 1803
f 1792 1802 1801
f 1805 1801 1802
f 2794 1796 2823
f 2791 1796 1803
f 2794 1803 1796
f 1805 1803 2794
f 2795 1805 2794
f 1805 2795 1804
f 1804 1868 2941
f 2798 1612 2800
f 1613 2798 1819
f 2811 1819 2798
f 2802 1613 1819
f 2799 1816 2973
f 1817 2799 1850
f 1818 3170 2801
f 1818 2801 2800
f 1820 2802 1851
f 1819 1851 2802
f 1876 1820 1852
f 2819 1822 2803
f 1824 2805 2804
f 1822 2819 2792
f 2806 1826 2807
f 1875 3166 2807
f 2808 1875 2807
f 2808 2807 1826
f 1876 1825 2797
f 1826 2809 2808
f 2809 1825 1876
f 1824 3166 2818
f 1834 1838 1853
f 1834 1833 3119
f 1834 2780 2781
f 1834 1853 2780
f 2782 2780 2973
f 2813 3170 1850
f 2811 2800 2810
f 2817 2812 2811
f 1819 2811 2812
f 2812 1860 1851
f 2812 1851 1819
f 2973 2780 1853
f 1841 1854 1855
f 1841 1856 2813
f 1841 1855 1856
f 2810 1856 2815
f 1856 2810 2801
f 1855 1857 2815
f 2815 1858 2817
f 2810 2815 2817
f 2812 2817 1858
f 1860 2812 1859
f 1860 1859 1848
f 2826 2816 1877
f 2816 1860 1848
f 1858 1859 2812
f 1848 1877 2816
f 1852 2816 1876
f 2816 1852 1860
f 2805 2818 1862
f 1873 1862 2818
f 2820 2819 1861
f 2823 2819 1874
f 2819 2823 2792
f 1874 2819 2820
f 2820 2805 1862
f 1862 2824 2820
f 2820 2824 1874
f 2941 1868 2821
f 1871 1867 2822
f 1869 2822 1867
f 2941 2821 1869
f 2822 1873 2827
f 2795 2794 2823
f 1868 1874 2824
f 2821 2824 1862
f 1873 2818 3181
f 1875 2827 3181
f 2829 2827 1875
f 1876 2825 2809
f 2808 2825 2829
f 2826 2825 1876
f 2826 2829 2825
f 2827 2829 2828
f 2828 1877 1872
f 2829 2826 2828
f 1877 2828 2826
f 1876 2816 2826
f 3055 7 6
f 20 22 19
f 18 27 2830
f 22 28 24
f 2831 35 33
f 3056 1901 1913
f 55 2833 58
f 2977 56 59
f 59 56 2834
f 2834 69 84
f 2943 1918 1916
f 2834 63 69
f 64 2835 65
f 65 2835 68
f 105 2836 106
f 245 250 258
f 1969 1967 257
f 1967 254 252
f 270 267 1984
f 1961 279 253
f 1961 2838 279
f 2838 280 275
f 265 277 281
f 286 284 285
f 273 2839 287
f 290 309 247
f 247 309 256
f 305 310 3105
f 2841 319 318
f 318 321 2855
f 302 2842 322
f 322 2842 323
f 434 2843 2006
f 415 2844 424
f 2844 433 424
f 446 445 441
f 463 2845 469
f 469 2845 470
f 2835 463 469
f 2845 468 470
f 2846 2019 3017
f 2984 475 480
f 503 2847 2026
f 505 506 2029
f 505 2029 508
f 2847 2027 2026
f 2029 516 511
f 510 2985 521
f 2848 524 484
f 2848 539 529
f 501 2848 484
f 2849 544 541
f 2850 543 544
f 2051 2851 2087
f 567 2041 2054
f 2045 571 2056
f 587 2853 590
f 623 2854 589
f 2854 623 3088
f 737 741 736
f 2089 2856 2105
f 783 784 2857
f 2986 799 897
f 2986 897 2131
f 807 794 808
f 2858 814 2114
f 825 2859 3087
f 109 108 111
f 98 130 99
f 2862 116 112
f 3042 2863 3092
f 127 3059 2169
f 2987 132 2863
f 149 134 135
f 2163 139 140
f 196 2864 138
f 2988 579 2980
f 2867 352 333
f 2955 340 2216
f 2868 367 360
f 365 373 374
f 371 2870 394
f 394 2870 398
f 372 2871 370
f 397 401 400
f 2872 2992 400
f 408 406 411
f 432 438 437
f 573 581 582
f 573 582 579
f 609 605 610
f 2994 627 631
f 627 634 632
f 632 636 640
f 639 645 638
f 639 638 655
f 2244 2237 2240
f 680 2875 2249
f 821 3044 693
f 2264 3124 699
f 2860 827 829
f 2878 890 2288
f 898 905 902
f 846 3075 898
f 899 908 909
f 909 910 911
f 916 927 947
f 932 941 933
f 949 948 2311
f 1019 1020 1017
f 452 1239 453
f 2881 1240 2326
f 1242 2882 2883
f 2882 1242 2881
f 1243 2882 2331
f 2332 2884 2334
f 1633 1634 1636
f 1635 1640 1638
f 195 203 202
f 203 205 206
f 206 597 207
f 449 2886 448
f 2886 449 2367
f 2376 599 595
f 2961 2363 2359
f 2388 854 2389
f 2391 2877 865
f 2395 2398 2402
f 2962 960 3064
f 3140 3034 3152
f 955 966 967
f 956 2394 2398
f 3100 982 979
f 959 2400 2892
f 3029 2892 2400
f 957 2399 3127
f 2893 2414 2423
f 1115 1117 1029
f 2897 1181 348
f 2445 1182 2455
f 1168 3111 1186
f 2451 1189 1188
f 1186 3111 1197
f 2899 1199 1198
f 3111 1201 1197
f 1197 1185 1202
f 1203 2965 2466
f 1179 2900 3068
f 3002 3000 2900
f 2926 2901 1250
f 1254 3094 3048
f 1257 1654 1653
f 1336 2902 2475
f 2482 2903 1426
f 2903 3169 1427
f 2904 1456 1411
f 2904 1464 1452
f 1412 2904 1411
f 1448 2905 1451
f 1451 2905 1454
f 1455 1456 1457
f 1474 2908 2513
f 1527 2520 2522
f 1653 1655 1650
f 2910 1684 2546
f 1704 1703 3031
f 1722 1716 2554
f 2911 1739 1740
f 2911 1754 2967
f 1032 1038 1040
f 1038 3006 3050
f 2585 1046 2915
f 1059 1060 2592
f 1060 2916 1062
f 1061 2916 1060
f 2917 1085 2593
f 2969 1072 1068
f 1068 2918 1067
f 2918 1068 1079
f 1071 1075 1070
f 2917 1063 1074
f 2918 1079 1077
f 1088 2919 2607
f 2615 2921 2600
f 1107 2928 1261
f 2617 2922 2606
f 1172 3052 1178
f 1178 3052 1209
f 2640 2638 2924
f 1357 2925 2924
f 1247 2640 2925
f 2644 2926 1249
f 1256 1252 3035
f 1261 2928 1266
f 1273 2929 2660
f 1310 2675 1311
f 1299 1297 1294
f 1309 1312 3008
f 2930 2679 2687
f 3008 1323 1322
f 1329 2686 2689
f 1331 1289 2928
f 1365 1369 1368
f 1042 3010 1389
f 2708 2707 1397
f 2709 3010 2587
f 2931 1459 1460
f 2932 1505 1507
f 1459 1543 1544
f 2933 2934 1548
f 1550 1552 1554
f 1599 1556 1557
f 1587 2935 2745
f 2761 2937 2799
f 2938 2939 1631
f 2939 1663 1631
f 2772 1658 2940
f 2940 1665 2775
f 2939 1662 1663
f 1788 1787 1789
f 1791 1788 1792
f 1805 1804 1799
f 1861 2804 2805
f 2781 1833 1834
f 2814 1840 1841
f 1859 1846 1848
f 1877 1849 1872
f 1871 2822 2827
f 1889 1880 1881
f 42 1880 1878
f 1888 3055 6
f 6 9 8
f 3055 5 10
f 5 3 11
f 5 57 10
f 2974 3011 1890
f 1893 19 21
f 19 1893 1892
f 2942 17 1894
f 2831 33 32
f 2 2832 221
f 49 1897 3057
f 61 2833 59
f 1919 62 2978
f 1923 64 1920
f 1991 89 1928
f 576 574 575
f 214 1941 2843
f 2843 1941 2006
f 816 1941 612
f 2837 1949 226
f 2944 1976 230
f 264 280 2838
f 1976 2944 1982
f 1986 2982 2981
f 311 1995 249
f 1995 311 310
f 308 2841 1997
f 2993 433 431
f 2845 465 466
f 464 466 465
f 2017 467 466
f 3017 3164 2846
f 2072 494 2024
f 504 2026 506
f 524 2945 624
f 529 2945 524
f 2945 2034 624
f 530 2040 2034
f 544 2037 2850
f 2946 2038 2042
f 551 2946 2057
f 2946 2042 552
f 1937 2059 1938
f 2859 2065 3087
f 2947 2066 613
f 2947 616 2126
f 2074 2073 2075
f 2855 3089 723
f 2077 2074 2075
f 2075 2076 2077
f 2076 728 727
f 2077 2076 727
f 2079 732 735
f 736 771 737
f 783 2857 785
f 803 800 2986
f 2857 807 2103
f 807 808 2113
f 810 2112 811
f 2109 2949 813
f 2983 445 2011
f 76 75 2134
f 2142 2952 3022
f 2952 109 111
f 98 2952 110
f 2143 99 2152
f 2146 2951 2141
f 2861 2148 107
f 108 112 111
f 2862 108 2147
f 108 2862 112
f 127 2169 2158
f 2155 132 131
f 2953 124 2161
f 124 2953 2159
f 2139 2954 327
f 2954 2139 3020
f 2185 2954 2166
f 2954 2185 2867
f 2149 327 114
f 161 2955 339
f 2956 70 2175
f 182 2175 75
f 352 2867 2185
f 2216 339 2955
f 380 2216 340
f 2989 2200 2196
f 398 2870 357
f 356 2870 2871
f 373 2207 2201
f 2869 377 369
f 2871 372 2204
f 355 2204 372
f 386 2957 2872
f 405 2218 387
f 2992 2217 2218
f 2218 410 2992
f 411 2874 412
f 2181 443 442
f 2220 2221 2228
f 625 2230 3060
f 626 2230 2994
f 645 2237 646
f 657 3061 3148
f 672 661 2242
f 2958 2244 2240
f 679 2958 2263
f 2958 2240 649
f 2246 2251 2252
f 2249 678 2255
f 3124 2255 678
f 2238 2239 689
f 877 869 2878
f 899 909 914
f 909 911 2302
f 933 944 943
f 2316 1024 1025
f 1050 2321 2879
f 2879 2321 2323
f 1621 2321 1416
f 2881 1239 1240
f 1243 2331 1634
f 1381 1379 1378
f 2885 2338 2342
f 1418 1419 2340
f 2960 1636 1637
f 2352 195 194
f 2961 2359 209
f 2887 2367 449
f 3026 2888 2373
f 2888 2372 455
f 608 820 622
f 621 2383 620
f 621 2385 2383
f 2401 952 958
f 2393 2403 2399
f 2403 2395 1002
f 2396 961 954
f 954 961 965
f 955 2890 966
f 957 2401 958
f 958 2399 957
f 960 2962 963
f 2962 2406 3152
f 2963 2394 974
f 2394 2963 2398
f 974 2394 2409
f 2398 2963 2404
f 2893 2404 2963
f 2413 1010 2415
f 1010 2413 975
f 2891 982 3100
f 2416 984 1013
f 3029 2400 3173
f 959 2892 1157
f 2897 1157 2892
f 2964 2892 3029
f 2408 1157 148
f 2415 1010 2422
f 1010 2894 1171
f 2425 1011 1013
f 1149 3150 2902
f 2902 3150 2475
f 2896 2433 1001
f 2964 3029 3030
f 1181 2897 2964
f 2898 2434 1159
f 2999 2435 1169
f 3047 2438 1171
f 1189 2451 2453
f 2454 1199 2899
f 3001 2459 2458
f 1188 1189 1200
f 2459 3001 1187
f 1193 1187 3001
f 2462 2965 1203
f 2965 2464 2463
f 2456 2447 1203
f 1204 2966 2463
f 2467 2965 2463
f 2466 3003 1206
f 2463 1213 2467
f 1213 2463 2966
f 2467 1212 3003
f 2926 1250 1249
f 1257 3094 2472
f 2473 2431 2474
f 2473 2474 1354
f 1430 3161 3182
f 1440 2490 1471
f 1439 2488 1434
f 2906 2488 2493
f 2486 2494 2495
f 1457 2500 2499
f 1449 1472 2502
f 2908 1495 2513
f 2428 3154 2429
f 2543 1706 2551
f 2546 1684 2545
f 3079 2549 2547
f 1721 3049 1722
f 3079 2556 2549
f 2559 2561 1757
f 1740 1754 2911
f 2967 2557 1724
f 2564 2967 1754
f 2913 976 996
f 976 2913 1172
f 2913 2914 1172
f 2584 3006 1038
f 1389 1043 1042
f 1058 1069 2918
f 1058 1071 1070
f 2589 1070 1059
f 1062 2968 2599
f 1065 1060 1062
f 2968 1062 3032
f 2916 2917 3032
f 2917 2916 1063
f 2601 1100 2575
f 2576 1067 2601
f 3151 2969 985
f 1067 2969 1068
f 2918 1071 1058
f 2920 1092 1091
f 2919 2610 1098
f 2655 1104 2614
f 2656 2921 2615
f 1110 2922 1272
f 1111 2929 1273
f 2658 2922 2617
f 1112 2923 2620
f 3033 1137 1140
f 1209 3052 2970
f 2970 1205 2637
f 2646 2642 2647
f 2927 2652 2921
f 2929 1275 2660
f 2671 1282 1298
f 1298 2672 2671
f 2673 1297 1287
f 2676 1312 2677
f 2672 2971 1295
f 1299 2971 1298
f 2971 1299 1300
f 2679 2930 1315
f 3008 1317 1323
f 2713 2709 3053
f 1459 1461 1547
f 1499 2720 2627
f 1515 2972 1516
f 2726 1507 1516
f 1518 2972 1515
f 1543 2732 2933
f 2934 2733 1551
f 2934 1551 1550
f 1556 2753 1591
f 2749 2936 2764
f 2765 2750 2755
f 2938 2769 2939
f 2650 1652 2772
f 2940 1659 1665
f 1787 2788 1789
f 1804 2795 1868
f 1852 1820 1851
f 1824 2818 2805
f 2815 1857 1858
f 1872 1871 2828
f 1868 2795 1874
f 2975 15 13
f 8 2975 27
f 27 2975 39
f 39 2975 13
f 1908 222 1947
f 3014 2977 59
f 11 2976 57
f 83 2976 58
f 2976 83 81
f 2977 1916 56
f 2978 63 56
f 183 2979 188
f 188 2979 2980
f 574 2980 579
f 1951 230 1976
f 1954 50 3057
f 1966 1957 243
f 1983 270 266
f 239 286 2839
f 273 239 2839
f 285 2981 2839
f 2982 2839 2981
f 2839 2982 287
f 68 2835 469
f 68 469 489
f 504 505 507
f 2029 511 508
f 511 510 514
f 519 2985 541
f 624 3019 3088
f 795 802 2858
f 797 798 804
f 798 800 804
f 2983 830 827
f 3041 2140 2165
f 132 2987 136
f 133 138 137
f 136 2987 150
f 2987 146 150
f 579 2988 573
f 389 2991 402
f 402 2991 403
f 2991 400 403
f 2992 410 403
f 609 622 821
f 822 821 622
f 592 626 3176
f 2230 629 2994
f 636 639 644
f 2995 645 639
f 658 660 663
f 2996 675 650
f 821 822 823
f 834 3075 836
f 834 903 905
f 2311 2997 3177
f 1018 1019 1017
f 453 2881 1242
f 850 852 851
f 3034 3140 969
f 962 1016 1018
f 1018 1017 1047
f 1161 2999 2447
f 1186 3000 3002
f 1180 3002 1179
f 1212 3068 3003
f 3114 3112 1245
f 3004 1395 1396
f 1434 1440 3174
f 1437 3005 1478
f 1478 3005 1466
f 1466 3005 3174
f 1706 1708 1709
f 1709 1713 1719
f 1716 1715 1723
f 1716 1723 2554
f 1734 1744 1742
f 1744 1745 1742
f 3006 1043 3050
f 1043 1390 1395
f 1088 1089 1090
f 2643 3007 1251
f 1271 3008 1325
f 1325 3008 1322
f 3009 1365 1366
f 1375 1374 1376
f 2915 3010 1042
f 1396 1390 1398
f 2650 2649 1652
f 1858 1845 1859
f 1884 1883 4
f 1886 3011 1888
f 1883 2974 1891
f 3012 1896 3013
f 3012 3101 25
f 3013 1902 3101
f 42 1905 43
f 1914 3014 2833
f 3014 1914 1915
f 1934 179 1933
f 1937 1936 576
f 329 3057 153
f 1963 1994 1964
f 1989 3015 1996
f 2011 445 3120
f 474 3017 473
f 473 3017 2025
f 476 503 504
f 510 540 2985
f 550 2849 3018
f 545 2850 547
f 2086 3086 518
f 1937 576 3175
f 2067 3019 2034
f 2116 765 764
f 2097 782 783
f 814 802 804
f 2986 2131 2949
f 2123 2120 826
f 2144 3021 3041
f 97 3041 3021
f 2143 3022 98
f 3022 2143 3021
f 3020 100 2146
f 2164 3020 2146
f 2155 127 2154
f 2165 101 328
f 3024 96 2876
f 3024 326 2182
f 2989 2183 328
f 2990 330 2184
f 410 405 406
f 2993 431 432
f 2988 572 573
f 2230 2231 629
f 2231 2233 630
f 3062 2878 2288
f 938 921 2304
f 1021 3025 2313
f 2313 3025 2314
f 2314 3025 1022
f 1023 3025 2316
f 2317 1050 1023
f 2330 2327 2331
f 1634 2327 1637
f 3093 2332 2334
f 2352 2350 3046
f 3026 2366 2368
f 2397 3027 2890
f 960 963 964
f 2410 2415 2414
f 2412 3134 3100
f 1039 3028 3135
f 1119 3028 3069
f 2428 1119 3069
f 2428 1149 1119
f 3029 2433 3030
f 1161 2447 1182
f 2465 2468 2966
f 1214 1213 1219
f 1250 1254 1249
f 1254 1250 2471
f 3150 3095 2475
f 2480 3128 2471
f 3004 1393 1394
f 3154 3069 3153
f 2516 3154 1392
f 2519 3154 2516
f 3031 1706 2542
f 2910 2546 2548
f 1721 2553 2552
f 2577 2913 996
f 2583 2581 2582
f 3006 2584 2915
f 3006 1042 1043
f 2916 3032 1062
f 2628 1136 3033
f 2633 1156 1351
f 3007 1232 1244
f 1249 2648 2644
f 1307 2677 1312
f 2708 2706 2709
f 1413 2707 2710
f 2713 2710 2708
f 1617 1861 2803
f 1748 1751 2779
f 1855 2815 1856
f 24 28 37
f 2834 84 61
f 2863 132 3092
f 134 2163 135
f 2980 186 2988
f 3044 880 693
f 711 3165 2182
f 902 905 899
f 963 2962 3034
f 3152 3034 2962
f 982 3109 979
f 1236 1194 1193
f 3031 1705 1706
f 1043 1395 1045
f 1889 1881 1886
f 2977 2943 1916
f 3022 2952 98
f 3020 2164 2166
f 960 964 961
f 1193 3001 1191
f 1431 3130 1439
f 1434 2488 1440
f 881 920 3066
f 2968 3032 2593
f 3032 2917 2593
f 2648 3035 1252
f 29 37 30
f 1905 220 1943
f 3036 65 68
f 63 3036 87
f 3036 68 91
f 83 3037 86
f 86 3037 293
f 3037 90 293
f 248 254 253
f 3070 238 239
f 441 2983 2860
f 2024 493 2072
f 481 504 507
f 726 727 728
f 3038 747 2094
f 3039 2086 557
f 796 788 795
f 3040 798 789
f 745 799 3040
f 793 796 809
f 3040 799 800
f 123 142 3042
f 3059 124 2159
f 131 136 133
f 3042 145 2863
f 2953 3123 2170
f 3043 437 436
f 660 658 3073
f 653 677 2249
f 3044 821 823
f 917 3044 931
f 1025 1379 3093
f 2352 3046 3126
f 863 862 2391
f 3047 2424 2440
f 1217 1231 1218
f 1231 1220 3112
f 1254 3048 1253
f 1257 1653 1255
f 1408 3113 1405
f 1431 1434 3005
f 1437 1431 3005
f 3049 1714 1716
f 1720 3049 1721
f 1041 3050 1045
f 1086 1093 1088
f 2654 3051 1104
f 1136 2628 2633
f 3048 3035 1253
f 1255 1652 1256
f 1413 1424 1414
f 3053 1422 2768
f 1499 1500 1501
f 1783 1788 1791
f 3054 1853 1838
f 2814 1841 2813
f 5 3055 1887
f 3056 1900 2942
f 3012 31 2831
f 2832 3084 1945
f 1957 246 241
f 318 2855 1999
f 1997 318 316
f 318 1997 2841
f 520 2850 545
f 3039 557 749
f 3039 750 2086
f 2100 749 2099
f 2101 3058 2097
f 780 3058 2098
f 2144 3041 2145
f 154 2145 3041
f 128 3059 2159
f 147 3123 134
f 3043 432 437
f 3061 2243 2242
f 2245 2248 2246
f 3062 2294 2292
f 2287 3172 2997
f 3063 949 945
f 1025 3093 1023
f 2879 2320 1050
f 3046 2357 204
f 2388 848 850
f 3064 952 953
f 975 2413 2412
f 3100 978 983
f 975 2412 983
f 3028 1044 3069
f 1161 2437 1160
f 1212 1213 1214
f 2469 1208 2470
f 2478 2480 2471
f 2502 2905 1449
f 1755 2559 2563
f 1098 2619 2618
f 3051 1103 1100
f 1151 1136 2633
f 3052 2914 1205
f 2646 1055 2642
f 2921 2656 2927
f 1422 3053 2587
f 3053 1423 2713
f 3067 2802 1615
f 2649 2650 3102
f 3132 2788 1787
f 2813 3054 2814
f 1850 2799 3054
f 473 2847 503
f 123 3042 122
f 3092 122 3042
f 2962 3064 2405
f 1179 3068 1207
f 3068 1212 1216
f 1216 1212 1214
f 1207 3068 1216
f 3065 3130 1432
f 1038 3050 1041
f 2585 2915 2582
f 1322 1328 1326
f 473 503 474
f 2102 2100 2099
f 3093 2334 2317
f 1706 1709 2551
f 3049 1716 1722
f 2562 1692 2563
f 985 2969 2576
f 3053 2709 2587
f 1413 1414 2712
f 230 50 1954
f 2858 802 814
f 3075 847 836
f 3112 1220 1245
f 3048 1257 1255
f 3050 1043 1045
f 2086 518 557
f 2876 96 2178
f 3133 1241 1228
f 3046 2350 2349
f 2428 3069 3154
f 1190 3001 1188
f 3070 93 3103
f 3103 3136 3070
f 243 1956 1958
f 237 278 274
f 435 446 441
f 3071 476 481
f 480 3071 496
f 496 3071 497
f 3071 492 497
f 736 775 776
f 796 3072 810
f 670 665 660
f 662 660 665
f 2264 3149 3172
f 823 935 931
f 860 866 935
f 3075 905 898
f 3075 834 905
f 3076 924 916
f 906 3076 912
f 3076 916 915
f 3077 2320 3133
f 3109 994 995
f 3078 2478 2471
f 3130 1431 1432
f 1723 1735 1737
f 3131 2604 2616
f 1275 3080 2661
f 2622 1138 1137
f 1352 3081 1350
f 3081 1371 1763
f 3081 1372 1371
f 1406 3113 1460
f 3099 1651 2771
f 3082 1764 1763
f 1764 3082 1769
f 3082 1782 1783
f 3082 1791 1769
f 1787 1788 1783
f 3118 1798 1866
f 12 1891 1908
f 1946 3083 224
f 3083 1908 224
f 3120 2012 2125
f 3085 2018 477
f 3085 2024 478
f 3086 2036 2030
f 2036 566 2041
f 566 2036 3086
f 2126 3087 2947
f 3088 623 624
f 3090 3171 750
f 3090 2100 2102
f 810 3072 2112
f 3072 2858 2114
f 830 2983 2011
f 3091 2138 96
f 3091 77 2138
f 3092 132 2155
f 2234 632 634
f 2240 2237 648
f 3073 658 3061
f 2318 3077 2319
f 3077 3133 1228
f 204 2357 219
f 604 2381 606
f 975 2895 2894
f 2504 3096 2502
f 3079 2553 1722
f 1000 997 3097
f 996 3097 985
f 3097 997 3151
f 3098 2588 1055
f 3131 2616 2606
f 3080 2619 1112
f 2661 3080 1276
f 3099 2646 3102
f 2771 1626 3099
f 854 2390 2389
f 2890 955 2397
f 3094 1254 2471
f 3094 1257 3048
f 1406 1460 1498
f 2932 1507 1502
f 1995 310 307
f 3089 2076 723
f 2342 2338 1625
f 2393 2399 958
f 660 662 663
f 2900 3003 3068
f 3003 2900 1211
f 1693 2536 2562
f 1782 1787 1783
f 26 1895 1902
f 3101 1895 25
f 3013 3101 3012
f 3016 3120 445
f 3120 3016 2012
f 3017 2019 2025
f 2707 2708 2710
f 3102 2646 2647
f 238 282 239
f 823 931 3044
f 1256 1652 2649
f 3054 1838 2814
f 3084 1956 1945
f 830 2011 2950
f 2649 3102 3180
f 3102 2650 1651
f 2891 3141 982
f 2563 1692 1755
f 35 3103 41
f 3104 232 225
f 3104 255 237
f 233 3104 237
f 3136 236 238
f 309 3105 259
f 3105 311 259
f 470 468 3106
f 3106 3157 470
f 479 496 495
f 522 542 3107
f 520 3107 542
f 3107 523 534
f 523 527 528
f 739 736 741
f 3108 835 2121
f 965 966 2890
f 3109 1035 979
f 987 979 1035
f 3109 995 1035
f 3140 1048 969
f 1027 1031 2579
f 1034 3110 1033
f 3110 1034 1039
f 3111 1167 1196
f 1230 1231 3112
f 3148 3074 604
f 1713 1720 1721
f 1123 1127 1138
f 1327 3162 1362
f 2932 1506 1505
f 1748 1747 3117
f 3118 1773 1771
f 1771 1797 3118
f 3118 1797 3178
f 1833 3117 1832
f 3117 1747 1832
f 3117 1833 2781
f 3119 1840 1838
f 1875 2808 2829
f 2943 1915 1917
f 283 270 284
f 3164 3017 474
f 2078 2079 2080
f 2107 3171 3090
f 3108 2126 616
f 3120 2950 2011
f 835 3108 836
f 3122 835 840
f 134 3123 2163
f 637 2234 2238
f 3124 2264 2262
f 3125 2341 2885
f 2345 3125 2342
f 201 2352 3126
f 3126 2353 201
f 3126 2356 2353
f 3134 2409 977
f 3127 2419 1158
f 3110 3135 1115
f 2450 1181 2964
f 3128 2480 2481
f 2472 3128 2481
f 3129 1405 1406
f 3130 3065 2489
f 1439 3130 1441
f 3130 2489 1441
f 1719 1713 1721
f 2602 2603 3131
f 2604 3131 2603
f 2605 2602 3131
f 2602 2605 1084
f 1397 1403 1398
f 1834 3119 1838
f 305 3105 309
f 2866 139 2864
f 699 3124 2252
f 1241 3133 2323
f 965 2890 954
f 3132 1787 1782
f 49 3057 50
f 3164 2017 2846
f 2891 3134 977
f 1013 2895 2416
f 1011 2895 1013
f 2411 3134 2412
f 3134 2891 3100
f 2426 3135 1118
f 3128 3094 2471
f 2563 1757 2558
f 199 191 198
f 3126 3046 204
f 3113 1406 1405
f 3123 2162 2163
f 3133 2879 2323
f 994 1012 995
f 1052 3112 3114
f 3112 1052 1230
f 1432 1431 1437
f 3115 1327 1346
f 1837 3119 1833
f 190 2866 2864
f 3135 3028 1118
f 40 3136 3103
f 52 3136 40
f 272 277 283
f 3106 472 479
f 688 3138 2277
f 1383 603 2380
f 2406 3139 962
f 3140 1018 1047
f 964 970 965
f 3141 993 994
f 1015 140 2866
f 2351 192 1015
f 1044 3153 3069
f 3142 2898 2446
f 3143 1433 1430
f 3143 1432 1477
f 1709 1711 1713
f 1026 989 1027
f 1085 3144 2602
f 3145 1515 1505
f 1508 3145 1506
f 1515 3145 1517
f 1543 1548 1546
f 1514 1587 1586
f 487 3146 701
f 3147 2078 2072
f 3090 2102 2103
f 3137 2142 2144
f 3148 3061 2242
f 2242 661 3148
f 3138 2258 2277
f 3149 2264 699
f 3149 2282 886
f 2959 945 886
f 2406 962 3152
f 1016 3139 1015
f 3144 1087 1086
f 2603 3144 1086
f 1580 3163 2744
f 2801 2810 2800
f 1430 3065 3143
f 1432 3143 3065
f 1392 3153 1391
f 272 283 282
f 3154 3153 1392
f 3150 2521 3095
f 3149 886 3177
f 3151 997 2912
f 2891 981 3141
f 1895 3101 1902
f 3141 994 982
f 236 272 238
f 962 1018 3152
f 3140 3152 1018
f 969 1048 1007
f 3074 1385 604
f 920 881 2286
f 1694 1686 1730
f 3155 236 3136
f 3155 52 54
f 3155 235 236
f 236 3156 272
f 235 276 3156
f 3156 276 277
f 491 3157 704
f 3157 495 704
f 575 577 578
f 575 578 2058
f 2058 3175 575
f 590 626 592
f 3148 3160 3074
f 1635 3158 1640
f 953 2392 2405
f 3159 3034 969
f 3159 969 1004
f 1386 3160 1426
f 1426 3160 2482
f 1435 3169 3161
f 1447 1471 1449
f 1448 1447 1449
f 3162 1366 1363
f 1363 1362 3162
f 1330 3009 1366
f 1613 3163 2798
f 266 269 1983
f 2017 3164 467
f 2044 531 2039
f 2959 2307 2310
f 2959 2310 3063
f 1384 3179 3168
f 968 2408 149
f 2482 3160 661
f 2688 1328 1324
f 1377 2699 2702
f 2766 2806 2807
f 2807 3166 2766
f 2766 3166 1824
f 3170 2813 2801
f 1064 2595 1101
f 3161 1430 1433
f 3165 3024 2182
f 953 2405 3064
f 3090 750 3039
f 3157 490 470
f 3164 2984 467
f 2349 191 199
f 920 2286 922
f 3167 262 269
f 196 197 191
f 592 593 590
f 901 890 896
f 1383 3183 603
f 1633 1635 849
f 972 1004 1005
f 972 1005 970
f 1190 1188 1200
f 1195 1190 1200
f 1552 1555 1564
f 3178 1797 1799
f 3178 1799 1804
f 2796 1850 3170
f 1850 2796 1817
f 1973 3167 1972
f 3167 269 1981
f 3171 2856 2054
f 762 3171 2107
f 1382 2333 1380
f 2544 3066 2540
f 1376 2705 3132
f 3170 1818 2796
f 1873 2822 2821
f 1862 1873 2821
f 3175 2852 2059
f 886 887 2959
f 2638 2639 2924
f 2647 2642 2645
f 3174 1440 1447
f 1434 3174 3005
f 1466 3174 1447
f 2059 1937 3175
f 3029 3173 3184
f 3172 3177 2997
f 2544 2540 2541
f 3118 3178 1798
f 1346 1327 1362
f 1633 1636 1635
f 1694 1730 1695
f 1435 3161 1433
f 1798 2941 1869
f 1798 1869 1866
f 1384 3168 1383
f 3173 2400 953
f 2813 1856 2801
f 1101 2595 2614
f 3173 953 2401
f 2848 561 539
f 138 150 196
f 2979 186 2980
f 3176 614 615
f 614 3176 631
f 640 636 644
f 640 644 683
f 458 1243 1633
f 964 3159 972
f 1734 1742 1743
f 1340 1358 1342
f 1798 3178 2941
f 2336 3179 1384
f 3179 2336 2335
f 3184 3173 957
f 3169 3182 3161
f 1717 2531 2528
f 3051 1100 2594
f 1124 1135 2624
f 2970 2637 2639
f 1251 3180 2647
f 2649 3180 1252
f 2781 2780 1752
f 3181 2818 3166
f 3181 2827 1873
f 2979 182 3023
f 1376 3132 1782
f 186 2979 3023
f 1430 3182 1438
f 3176 2994 631
f 1191 3001 1190
f 1371 1376 1782
f 1850 3054 2813
f 3054 2799 2973
f 3180 3102 2647
f 827 830 831
f 1875 3181 3166
f 1438 3182 2484
f 3149 3177 3172
f 830 2124 831
f 1329 1330 3162
f 3179 1382 3168
f 1327 1329 3162
f 197 198 191
f 601 3183 1380
f 3183 601 603
f 327 332 114
f 3183 1382 1380
f 1382 3183 3168
f 2433 3184 1001
f 3029 3184 2433

