# https://github.com/mikedh/trimesh
v -1.33072581 -1.93977579 -0.41856231
v -1.06034454 -1.78011690 -0.54382202
v -1.67082311 -1.35051517 -0.52756655
v -1.43225260 -1.32254636 -0.54701669
v -1.86751191 -1.31117060 -0.47034258
v -1.22362371 -1.38085786 -0.52766054
v -1.50977727 -1.94250787 -0.29358044
v -1.83154482 -1.60953026 -0.32685734
v -0.63512329 -2.05681021 -0.52707819
v -0.23329306 -2.17079295 -0.51624272
v -0.39959210 -1.99143179 -0.54891467
v -0.03427772 -2.14917301 -0.52732704
v 0.16624402 -2.14984101 -0.52615603
v 0.13965467 -2.02040822 -0.54891467
v 0.37441004 -1.93899740 -0.54891467
v -1.02424225 -2.16267103 -0.38365142
v -0.85283934 -1.77190300 -0.54891467
v -0.98543622 -1.59178859 -0.53419566
v -0.75805708 -1.61127675 -0.50354593
v -0.60796931 -1.81882001 -0.54300568
v -0.34050242 -1.77603821 -0.51454810
v -0.89229478 -1.41244007 -0.43938644
v -0.52162655 -1.60540150 -0.45182846
v -0.12561653 -1.94669442 -0.54707944
v -0.10620488 -1.73872599 -0.48464897
v 0.12133550 -1.85946339 -0.53171971
v 0.34631451 -1.78794407 -0.51969629
v -0.30156714 -1.59269452 -0.39722013
v 0.11205711 -1.69831481 -0.46222356
v 0.31629453 -1.63487615 -0.43543773
v -0.67489204 -1.43421854 -0.35958693
v -0.09541873 -1.57961314 -0.35676018
v 0.10141747 -1.55524547 -0.32778836
v 0.28911143 -1.50263597 -0.28437052
v -1.06082543 -2.31182059 -0.07233407
v -1.61740834 -1.96605785 0.05900892
v -1.95068988 -1.57789235 -0.19507538
v -2.06243444 -1.49583805 -0.03323805
v -1.04534831 -2.26045921 -0.24480180
v -0.38334698 -2.45426734 -0.25242332
v 0.23157399 -2.50012432 -0.19317816
v -0.47013101 -1.44809648 -0.27204235
v -0.62433635 -1.32678227 -0.13184501
v -0.27795606 -1.46439433 -0.20672451
v -0.09118177 -1.47412275 -0.16681167
v 0.27462347 -1.42962054 -0.07699789
v 0.09284547 -1.46240072 -0.12691471
v -1.96410677 -1.13034968 -0.47878750
v -2.07906061 -0.77236728 -0.50312600
v -1.87250142 -0.71972632 -0.54891467
v -1.79361510 -1.14911054 -0.53222781
v -1.44911631 -1.05453196 -0.50813212
v -1.22286956 -1.16720678 -0.45421681
v -1.68595013 -0.93197421 -0.54401414
v -1.65589767 -0.65525918 -0.50360615
v -1.47187423 -0.80933267 -0.44579970
v -1.10135193 -1.03438583 -0.24990237
v -1.28175252 -0.93177037 -0.35909409
v -2.03943029 -0.50452419 -0.54039280
v -2.24080390 -0.39448861 -0.47272220
v -2.26720532 0.06028366 -0.47741321
v -2.10418688 -0.26993193 -0.53547640
v -1.94431410 -0.25196401 -0.54834526
v -2.05080802 -0.08045451 -0.54621944
v -1.87419080 -0.00025806 -0.53442108
v -1.81333803 -0.46353683 -0.53379548
v -1.61258099 -0.41413924 -0.43504387
v -1.73742791 -0.22009011 -0.48969915
v -2.33522855 -0.59619606 -0.36513259
v -1.47020521 -0.58209541 -0.35495850
v -1.64816212 0.00000000 -0.42260407
v -1.55608421 -0.19657915 -0.33949330
v -1.00564604 -1.21865012 -0.35361044
v -1.32371100 -0.72771627 -0.24908031
v -1.18558005 -0.86137437 -0.12722993
v -2.40472378 -0.38778507 -0.32975155
v -1.45973371 -0.37479592 -0.24169492
v -1.36215881 -0.53931684 -0.12503576
v -1.45025170 -0.18320940 -0.10794204
v -1.49774159 0.00000000 -0.22184666
v -0.80913491 -1.27499256 -0.24804156
v -0.93386520 -1.12884911 -0.12515225
v -1.05704171 -0.99262827 -0.00081230
v 0.39181767 -2.08447939 -0.53556533
v 0.78596448 -2.10581917 -0.48801290
v 0.64221535 -2.00898713 -0.53854109
v 0.59998545 -1.83661078 -0.54472745
v 0.86769131 -1.96436349 -0.52818518
v 1.01660223 -1.99791426 -0.49172367
v 0.55347178 -1.68757623 -0.50181175
v 0.85384753 -1.84496756 -0.54891467
v 0.80626051 -1.70760643 -0.53809923
v 1.05914261 -1.69265913 -0.54891467
v 0.99170298 -1.55697275 -0.52722207
v 0.74248096 -1.56162050 -0.47772239
v 0.90624754 -1.41537099 -0.44676899
v 1.07548669 -1.83399553 -0.53347846
v 1.23568589 -1.86726743 -0.49368932
v 1.28419230 -1.69613918 -0.53302246
v 1.43749948 -1.76308971 -0.47477260
v 1.53446527 -1.85198226 -0.37134643
v 1.26175699 -1.51924398 -0.54891467
v 1.13158443 -1.38251939 -0.50609425
v 1.49008199 -1.39619398 -0.54795579
v 1.48718320 -1.58967734 -0.51864012
v 1.83855116 -1.46011968 -0.54110809
v 1.66999996 -1.49946046 -0.49061557
v 0.50568856 -1.53896601 -0.39639092
v 0.68251469 -1.41471236 -0.34333145
v 1.66999996 -1.70430914 -0.38648736
v 1.79313902 -1.89807387 -0.31592230
v 2.38496900 -1.96585657 -0.51629513
v 3.36236118 -2.13042609 -0.53214997
v 3.28410866 -2.30660554 -0.45242047
v 2.60612616 -1.99337791 -0.53391822
v 2.96807850 -1.98677786 -0.54891467
v 3.14801090 -2.16349867 -0.52116729
v 2.62821340 -2.27009654 -0.39569909
v 2.10481956 -2.09642093 -0.33294029
v 2.90599456 -2.39188452 -0.33868283
v 2.16883304 -1.94662578 -0.47546410
v 2.05583365 -1.77707442 -0.51244127
v 2.49306801 -1.81413918 -0.54891467
v 2.22436676 -1.63038253 -0.54891467
v 2.57350605 -1.64742896 -0.51811283
v 2.64737401 -1.47190525 -0.40247373
v 2.01395604 -1.57475767 -0.54572889
v 1.97983283 -1.34085563 -0.54220010
v 2.17737798 -1.41071572 -0.52238109
v 2.40993613 -1.46861529 -0.48260705
v 2.74546312 -1.83868459 -0.54476130
v 3.00181853 -1.77942114 -0.51568072
v 3.23114918 -1.92485341 -0.54426501
v 2.80942785 -1.63351801 -0.47110930
v 3.23287918 -1.71569166 -0.47196070
v 3.03500399 -1.59884500 -0.40336596
v 3.24182407 -1.56046205 -0.33356469
v 0.78368303 -2.35182322 -0.26797727
v 1.32189706 -2.10171261 -0.26176503
v 1.57459423 -1.99755851 -0.05392769
v 1.78459132 -2.00072205 -0.10977370
v 0.46550324 -1.42322669 -0.22154795
v 1.66999996 -1.86882668 -0.20441000
v 0.45031664 -1.37835486 -0.00311893
v 0.62523433 -1.32608186 -0.13089344
v 2.88643309 -2.48817123 -0.14394822
v 2.50884132 -1.31097743 -0.31895566
v 2.86200175 -1.47112753 -0.31035189
v 2.70317738 -1.35059171 -0.21234553
v 3.05952970 -1.47027724 -0.21982324
v 3.24740987 -1.46690258 -0.14466243
v 2.88529780 -1.38707847 -0.09830996
v 1.39639280 -1.11694473 -0.50779863
v 1.78270953 -1.24666056 -0.54891467
v 1.36550465 -0.93405772 -0.51570152
v 1.72718617 -1.04347201 -0.54891467
v 1.20585727 -1.19680166 -0.46144421
v 1.21115375 -1.06532714 -0.39189730
v 1.27305285 -0.74150203 -0.51148011
v 1.48497320 -0.73486572 -0.54891467
v 1.55367811 -0.97223730 -0.54891467
v 1.68567559 -0.82739986 -0.53622862
v 1.18939810 -0.87841149 -0.44271897
v 1.04483096 -0.88265057 -0.29888101
v 1.04569291 -1.03947341 -0.16510585
v 1.08546936 -1.11667924 -0.32946731
v 1.10523757 -0.34267740 -0.48133893
v 1.33347232 -0.57128292 -0.54203673
v 1.17380267 -0.54535807 -0.49751827
v 1.67012100 -0.60701107 -0.50305778
v 1.48449086 -0.45694258 -0.54216533
v 1.66950398 -0.42586410 -0.47472281
v 1.20608447 -0.22170780 -0.52875414
v 1.36779768 -0.22457258 -0.54891467
v 1.24031603 -0.04900846 -0.54029493
v 1.54310548 -0.21946222 -0.51542432
v 1.43711062 0.00859927 -0.54107788
v 1.58711586 -0.02007031 -0.49123674
v 1.66910846 -0.17920224 -0.44757599
v 1.00776795 -0.51568058 -0.38463456
v 0.88312910 -0.08846839 -0.29574175
v 0.93923747 -0.30616981 -0.35298715
v 1.94810368 -1.10134081 -0.50247835
v 2.11163542 -1.22317365 -0.48123524
v 2.12876897 -0.75139815 -0.48277972
v 1.88366060 -0.70559862 -0.54891467
v 2.29978211 -1.25975943 -0.40913165
v 2.17768431 -1.05915731 -0.34597914
v 2.28440394 -1.04136249 -0.19025800
v 2.21810004 -0.92351012 -0.37163994
v 1.85221908 -0.48283443 -0.54248223
v 2.07944211 -0.54906161 -0.52779958
v 2.04310034 -0.36936548 -0.54314224
v 0.77623723 -1.22631544 -0.02301011
v 0.93342573 -1.13051500 -0.13087441
v 0.92474887 -1.13085222 0.10551883
v 1.01660171 -1.03392388 0.03935458
v 2.32408523 -1.03379285 0.03034310
v 2.34732542 -0.90810329 -0.18200136
v 2.39333137 -1.15319639 -0.21036387
v 2.51902031 -1.19466922 0.03071731
v 2.47347343 -0.54701932 -0.11346029
v -1.56980019 -1.92533740 0.25801239
v -1.90659313 -1.68564881 0.02293174
v -2.00133113 -1.51415301 0.20003779
v 0.20670447 -2.53756962 -0.02390658
v -0.46887687 -2.48392413 0.15102478
v 0.19422308 -2.50722997 0.18587497
v -0.44876083 -1.38114382 -0.03529460
v -0.09127110 -1.45071268 0.05691741
v -0.27192763 -1.42549450 0.01906100
v 0.09219532 -1.45630684 0.09473067
v -0.62332725 -1.32463781 0.11942099
v -0.45994585 -1.41245087 0.19289486
v -0.28320663 -1.47458114 0.23014862
v 0.29800729 -1.44455046 0.16420874
v -0.09720508 -1.51096784 0.25687435
v -1.94446400 -1.38171587 0.38973910
v -1.22692922 -1.73288738 0.53403312
v -1.28409590 -1.46010758 0.54661220
v -1.12634305 -1.33595643 0.48805274
v -1.50613474 -1.41514833 0.54485165
v -0.77192723 -2.24996822 0.39537776
v -0.89407572 -1.99129845 0.51716362
v -0.72346520 -2.09821388 0.50264339
v -0.28691024 -2.07763940 0.54047240
v -0.06272710 -2.34818115 0.42167813
v -0.09992479 -2.15819553 0.52500586
v 0.10523453 -2.23421372 0.49520707
v 0.26502250 -2.10326751 0.53485828
v -0.80887233 -1.27434697 0.24660080
v -0.66451749 -1.42006854 0.33902653
v -0.48080052 -1.51789659 0.36907327
v -0.10364939 -1.62819455 0.40701926
v 0.09665991 -1.53426087 0.29534438
v -0.29344329 -1.57701544 0.38162570
v 0.30003101 -1.56396351 0.36866648
v -0.83428497 -1.79680076 0.54891467
v -0.75204075 -1.58218158 0.49018424
v -0.99580703 -1.65915654 0.54538019
v -0.50456279 -1.99068507 0.54599025
v -0.29285181 -1.92514676 0.54702658
v -0.55756312 -1.60038610 0.45806427
v -0.50392505 -1.81317892 0.53725791
v -0.89073647 -1.39241993 0.42661491
v -0.98575159 -1.50334603 0.51086763
v -0.31970651 -1.71716449 0.48738557
v -0.10117940 -1.78907023 0.50826025
v -0.09076092 -1.95781567 0.54843732
v 0.10579756 -1.67881270 0.44756728
v 0.10847103 -2.02120115 0.54891467
v 0.35226584 -1.90806918 0.54582454
v 0.32869127 -1.72448108 0.49200438
v -1.27079791 -0.69862708 -0.00277966
v -1.18418800 -0.86036298 0.11820981
v -1.25753008 -0.91320627 0.32188627
v -1.31272080 -0.72167436 0.22242827
v -2.53795777 0.01563581 0.10416934
v -1.40499588 -0.36074163 0.00903128
v -1.45214520 0.00000000 0.03409678
v -2.43034505 -0.29081453 0.31747972
v -1.36134849 -0.53899601 0.12046702
v -1.44379403 -0.57118726 0.31959387
v -1.45944037 -0.18437019 0.14835362
v -0.77709697 -1.22450884 0.00439318
v -1.09389842 -1.02720473 0.22789822
v -0.93394992 -1.12895152 0.12584900
v -1.41750205 -0.77920210 0.39386126
v -1.93226806 -0.86564557 0.53561885
v -2.05458670 -0.68903122 0.52257606
v -1.83850295 -0.64318755 0.54710324
v -1.18847170 -1.10913337 0.40172645
v -1.34598466 -1.23262046 0.52164154
v -1.52356066 -1.09285576 0.53479604
v -1.37592109 -0.99541656 0.45940773
v -1.73919335 -1.01167445 0.54891467
v -1.56291548 -0.86830308 0.50659527
v -1.60028790 -0.63068782 0.47260291
v -1.74647397 -0.77311476 0.54231313
v -1.46039624 -0.37464988 0.24302239
v -1.52404401 0.00000000 0.27443897
v -2.14840311 -0.48037300 0.50932140
v -1.95679325 -0.46599170 0.54891467
v -2.04554854 -0.23119825 0.54568578
v -1.85900851 -0.22730925 0.53419065
v -2.20145996 -0.04130316 0.50958023
v -2.08078933 0.01200559 0.54297596
v -1.95635430 0.00132622 0.54777424
v -1.81237938 0.00376425 0.51618224
v -1.58512217 -0.40455057 0.41125718
v -1.76127466 -0.43807672 0.51742221
v -1.56723982 -0.19676975 0.35299264
v -1.71004628 -0.21220674 0.47433197
v -1.66321680 0.00131947 0.43386889
v -1.00093866 -1.20577376 0.33804474
v 1.66999996 -1.91732229 0.06540296
v 0.80342511 -2.38814819 0.17229977
v 1.38980391 -2.09856106 0.17700761
v 1.77700616 -1.96138892 0.20442697
v 0.64650487 -1.36583531 0.25072128
v 2.29862103 -2.32099957 -0.05733471
v 1.92478022 -2.11668847 -0.01092304
v 2.88957376 -2.50155004 0.08133916
v 2.16776127 -2.15555897 0.30192566
v 2.69550253 -1.32908951 0.17006898
v 3.24313012 -1.45000082 0.05684551
v 3.06574396 -1.42440352 -0.01145416
v 2.87990994 -1.38546435 0.10084500
v 3.05544805 -1.45464418 0.18403858
v 3.23802250 -1.50365157 0.24269224
v 0.73241997 -2.30264916 0.35680996
v 1.32169747 -2.02093258 0.35754824
v 0.51937825 -2.30077944 0.41275893
v 0.44986930 -2.11030198 0.52560135
v 0.80554164 -1.99111513 0.52767214
v 0.97569787 -2.02335022 0.49030036
v 0.47953380 -1.46833618 0.30714667
v 0.84858355 -1.33660683 0.35737718
v 1.67000008 -1.79666767 0.30311472
v 1.87271617 -1.91383784 0.35884172
v 0.60494828 -1.92337716 0.54891467
v 0.52100932 -1.60465231 0.45118845
v 0.56503070 -1.75417619 0.52646498
v 0.98818056 -1.86791095 0.53665304
v 0.80090293 -1.79587693 0.54891467
v 0.76189227 -1.63076894 0.51129574
v 1.16894113 -1.76282454 0.53657100
v 0.92541643 -1.46369037 0.47899647
v 1.01634281 -1.64048355 0.54456122
v 1.15849880 -1.41866996 0.52365918
v 1.66999996 -1.65407336 0.42094411
v 1.66999998 -1.51008561 0.48688486
v 1.28341467 -1.59407194 0.54720796
v 1.44850882 -1.29163421 0.54610805
v 1.83971511 -1.60364593 0.51104255
v 2.93771683 -2.43202119 0.28676488
v 3.13789165 -2.45050744 0.29741916
v 2.07787754 -1.99925284 0.41056616
v 2.57893267 -2.26214899 0.38848305
v 3.21887179 -2.19594054 0.51107535
v 2.96307013 -2.12465864 0.52579018
v 2.52121553 -1.27237834 0.25561548
v 2.66163930 -1.42871106 0.35576541
v 2.19096158 -1.87962980 0.50919293
v 2.01293811 -1.77839813 0.50201403
v 2.01876186 -1.59071486 0.54467291
v 2.39594511 -1.87662047 0.54015839
v 2.23546639 -1.69378114 0.54891467
v 2.50370247 -1.72124081 0.54253984
v 2.45607211 -1.38956138 0.42150191
v 2.13011168 -1.46726979 0.54089135
v 2.25003919 -1.33622321 0.47526494
v 1.88728170 -1.39088884 0.54891467
v 2.07176084 -1.24153551 0.50196829
v 2.36333613 -1.53102693 0.51763262
v 3.03737552 -1.55136124 0.35466355
v 3.23478974 -1.62589869 0.40506016
v 2.82022710 -1.58359047 0.43656872
v 2.76207664 -1.76334789 0.52972818
v 3.23908480 -1.81574600 0.51884281
v 2.98594372 -1.89031129 0.54362290
v 3.16404721 -2.00661319 0.54891467
v 3.01191082 -1.70701615 0.48258529
v 2.59740993 -1.57117540 0.48236357
v 0.79487790 -1.25287428 0.18751831
v 1.10413253 -1.05062136 0.27548750
v 0.98216366 -1.18060232 0.29326332
v 0.91603304 -0.62662195 0.21834260
v 2.38020298 -0.90145113 0.04294917
v 2.39639144 -1.14234175 0.18127582
v 2.53124203 -0.24735470 0.05079402
v 2.48818359 -0.24995654 0.21833772
v 1.06110095 -1.27524757 0.43093611
v 1.12732563 -0.87462117 0.39677195
v 1.19068208 -1.06274096 0.37521822
v 1.30693830 -1.07742737 0.45845542
v 1.27556432 -1.21677364 0.49646328
v 1.65592921 -1.26540561 0.54233320
v 1.48954362 -1.13449263 0.53451298
v 1.66251138 -1.06772238 0.54891467
v 1.27165780 -0.89675077 0.48468811
v 1.37467182 -0.75796173 0.53911281
v 1.74692742 -0.90783596 0.54891467
v 1.66999997 -0.50583228 0.48787091
v 1.66999996 -0.72528851 0.52048045
v 1.52510524 -0.64792454 0.54444649
v 1.83072678 -0.67210944 0.54729839
v 1.05440224 -0.30495588 0.45558644
v 1.09405173 0.14683216 0.48610589
v 1.67000008 -0.25968958 0.45502614
v 1.13814038 -0.48958406 0.48397881
v 1.34123100 -0.50996368 0.54531947
v 1.53013348 -0.38463951 0.52911483
v 1.81835694 -0.41345072 0.53264931
v 1.66999996 -0.05240038 0.44113208
v 1.20999597 -0.27667380 0.52862719
v 1.36992224 -0.26932768 0.54891467
v 1.29487188 -0.01670660 0.54744364
v 1.52945287 0.02855773 0.51607440
v 1.58661503 -0.18253123 0.49713126
v 1.80686962 -0.17845553 0.51835226
v 1.47337441 -0.18148603 0.53540617
v 2.23325142 -1.05112034 0.27888921
v 2.05082511 -1.07518342 0.44745033
v 2.33541057 -1.20594308 0.34122106
v 1.85563654 -1.11859557 0.53087922
v 2.15593842 -0.84620066 0.44855923
v 2.01730673 -0.71897378 0.52949456
v 2.16303610 -0.59912424 0.49074783
v 1.99840795 -0.51275185 0.54529823
v 2.19209453 -0.34232738 0.50255735
v 2.37825083 -0.26661050 0.38204907
v 1.97981931 -0.27813642 0.54891467
v 2.12139549 -0.14690471 0.53317709
v -2.16579740 0.27824829 -0.51756825
v -1.74752606 0.21727249 -0.49511190
v -1.96767448 0.24247698 -0.54891467
v -2.32660176 0.25235547 -0.42967062
v -2.02634835 0.46498686 -0.54295713
v -2.07257610 0.67127646 -0.51796533
v -1.87573877 0.56483231 -0.54852095
v -1.61451275 0.41123550 -0.43602039
v -1.55809728 0.19683346 -0.34194603
v -1.46653553 0.57806513 -0.34922295
v -1.94726421 0.89646972 -0.52875164
v -1.82844278 0.75282253 -0.54891467
v -2.15433084 0.87389300 -0.44166330
v -1.85119459 1.09167569 -0.52763798
v -1.65765236 0.63650004 -0.50196849
v -1.75512922 0.98506037 -0.54891467
v -1.61909038 0.86851825 -0.52523293
v -1.45252600 0.93647082 -0.47884778
v -1.68961618 1.21063967 -0.54324860
v -1.48354259 1.16244991 -0.53790802
v -1.27034726 1.26522734 -0.50939221
v -1.34293305 1.09933434 -0.48286633
v -1.26661717 0.92079605 -0.33649673
v -1.05572204 1.30867432 -0.44788971
v -2.48391737 0.32244789 -0.21541537
v -1.45958977 0.37475896 -0.24137911
v -2.52410039 0.34402386 -0.01772283
v -1.45021513 0.18320478 -0.10774880
v -1.36115276 0.53891852 -0.11936350
v -1.31841932 0.72343045 -0.23499946
v -1.18061360 0.85776600 -0.09504866
v -0.96480821 1.17771189 -0.27262698
v -1.07703935 1.01661779 -0.17989892
v -0.79305006 1.24964690 -0.17608137
v -1.69439135 1.40947793 -0.50788365
v -1.47303467 1.38030080 -0.54891467
v -1.84336086 1.26250239 -0.49593974
v -1.54862406 1.56939315 -0.50782079
v -1.33601202 1.60297118 -0.54226186
v -1.20594917 1.46311527 -0.54008490
v -1.71497790 1.58904856 -0.43225162
v -1.25195161 1.80200963 -0.51195027
v -1.42475917 1.72324177 -0.49665545
v -1.07557314 1.87824004 -0.52349315
v -1.56915764 1.91162530 -0.27792074
v -0.73508401 1.53143054 -0.46015954
v -1.08042662 1.68876432 -0.54891467
v -0.81170048 1.69802542 -0.53661348
v -0.88986045 1.86812294 -0.54445631
v -0.49403674 1.80056369 -0.53348177
v -0.64507093 1.88917932 -0.54891467
v -0.30635118 1.85140167 -0.53562766
v -0.10237494 1.87710499 -0.53611807
v 0.10716405 1.83589932 -0.52551731
v -0.32918434 1.65931538 -0.45500360
v 0.33743677 1.75973867 -0.50798261
v 0.13135581 1.65243805 -0.43085044
v -0.50302882 1.52842254 -0.38624575
v -0.65856199 1.39283842 -0.30093485
v -0.09971186 1.58487454 -0.36313269
v 0.35872653 1.61147329 -0.42661812
v -0.77110394 2.00211262 -0.52830300
v -0.93783995 2.04284397 -0.48946922
v -0.60443484 2.06297706 -0.52750494
v -0.41838720 2.01903261 -0.54522749
v -0.26387902 2.17383880 -0.51352316
v -0.71811133 2.14412974 -0.48215092
v -0.49636728 2.22874727 -0.46879154
v -0.17314089 2.00747144 -0.54891467
v -0.06442201 2.13651359 -0.53058386
v 0.06357323 2.00558541 -0.54891467
v 0.45805497 2.03855717 -0.54158505
v 0.13162981 2.20197435 -0.50868167
v -0.09407468 2.26931857 -0.47586985
v -0.52849827 2.39074729 -0.31233245
v -2.03463219 1.52559913 -0.07142967
v -1.89097753 1.65948404 -0.17657488
v -0.28621262 1.49689572 -0.27445395
v 0.09549621 1.50581248 -0.24552752
v -0.45806870 1.40824662 -0.17870942
v -0.61951536 1.31653715 -0.07248949
v -0.09239182 1.46852597 -0.14955247
v 0.27396249 1.43616158 -0.10941230
v -1.01957599 2.27852351 -0.22924016
v -0.76643217 2.38337449 -0.21805751
v -0.52830151 2.46813977 -0.15448367
v 0.16786930 2.51757234 -0.16441885
v 1.17368029 0.31822638 -0.51439291
v 0.97207723 0.22555030 -0.39417364
v 1.38518739 0.26681394 -0.54891467
v 1.66943733 0.06595677 -0.44216051
v 1.57230491 0.21554321 -0.50376586
v 1.32907785 0.51886377 -0.54355808
v 1.16610839 0.51645807 -0.49633800
v 1.52671270 0.46626081 -0.53393549
v 1.87208079 0.51819419 -0.54625634
v 1.66971932 0.45411785 -0.47921519
v 1.67000008 0.28169266 -0.45802757
v 1.24306486 0.71816291 -0.50302696
v 1.46416834 0.72887886 -0.54891467
v 1.66960802 0.64951811 -0.50837098
v 1.80063637 0.71985668 -0.54564612
v 1.51478874 0.98474698 -0.54381794
v 1.40120782 1.13575414 -0.51402677
v 1.66446032 0.86190402 -0.53764866
v 1.68809825 1.05399559 -0.54891467
v 1.84026632 1.16250141 -0.54068504
v 1.61399167 1.21261683 -0.54891467
v 1.15301507 1.05798240 -0.33639250
v 1.84019387 -0.01095189 -0.52586487
v 2.00726124 0.03932107 -0.54891467
v 2.17971078 0.04753206 -0.51803619
v 1.96430753 0.31717652 -0.54891467
v 2.08892969 0.24540289 -0.53992181
v 2.23850172 0.28831048 -0.48492734
v 2.37471957 0.30798905 -0.38198356
v 1.97804730 0.73783906 -0.53760050
v 2.25842233 0.92970851 -0.32425379
v 1.98748784 1.18798885 -0.51235068
v 1.82509520 1.34751342 -0.54891467
v 2.14496396 1.25155659 -0.48006485
v 2.13311105 1.06478825 -0.38848226
v 2.19368682 1.05713571 -0.32948447
v 0.95743886 1.16927289 -0.25153767
v 0.94743114 0.82885123 -0.11642946
v 1.02316683 1.03517628 -0.08757905
v 0.91422471 1.12654938 -0.02590573
v 2.50077292 0.02701464 -0.22139160
v 2.38410797 0.89380904 -0.02141202
v 2.30339218 1.03774034 -0.14203130
v 2.40745071 1.14766344 -0.17450650
v 0.72885811 1.52060837 -0.45107225
v 1.05087415 1.27480529 -0.42586822
v 0.85273634 1.34306715 -0.36666386
v 0.93824292 1.58943264 -0.52781548
v 0.54235809 1.66801684 -0.49115564
v 0.52865798 1.85190887 -0.54430883
v 0.74511686 1.72400246 -0.53615093
v 1.11135794 1.67797457 -0.54891467
v 0.90595532 1.79612009 -0.54891467
v 1.06916045 1.84462411 -0.53186639
v 1.42331619 1.37712809 -0.54891467
v 1.16300080 1.44495648 -0.52981100
v 1.67000002 1.46397771 -0.50155785
v 1.52263724 1.57779833 -0.51244725
v 1.67000002 1.57403940 -0.46405830
v 1.32560599 1.60862786 -0.54257829
v 1.67000008 1.79443094 -0.30568907
v 0.50257599 1.51667351 -0.37561197
v 0.79247675 1.25257280 -0.18313639
v 1.47717027 1.76607247 -0.45824539
v 1.77819451 1.91177295 -0.28455513
v 0.70814074 1.94842136 -0.54362872
v 0.40314906 2.21023496 -0.49018292
v 0.63447961 2.13269784 -0.50014862
v 0.91990106 1.94036152 -0.52878202
v 0.86187234 2.07885127 -0.48643231
v 0.44082752 2.34607302 -0.38908205
v 0.97660518 2.20688448 -0.35805866
v 2.30818144 1.39654386 -0.48332118
v 2.12725769 1.51302094 -0.54578880
v 2.32509237 1.60618967 -0.54066977
v 2.50081494 1.49936044 -0.47333144
v 1.98247385 1.67029747 -0.52731166
v 2.16270038 1.74543746 -0.53892585
v 2.52914516 1.70269599 -0.53756162
v 2.54262406 1.91936834 -0.54288989
v 2.39373412 1.98580584 -0.51103513
v 1.83411871 1.78547362 -0.43364198
v 2.67308559 1.61054897 -0.48698024
v 2.86933481 1.62485807 -0.45632133
v 2.75101196 1.82866489 -0.54335819
v 3.00476374 1.83245819 -0.53172397
v 3.23156958 1.79001473 -0.50863494
v 3.06554814 1.69161545 -0.47029871
v 3.24138712 1.62675328 -0.40552021
v 2.68347606 1.44549062 -0.36409108
v 3.05467572 1.54911769 -0.34834241
v 2.72315479 2.04682080 -0.53073678
v 2.95804101 2.00396017 -0.54821717
v 2.92266358 2.16172733 -0.51041702
v 3.20433250 1.96584271 -0.54891467
v 3.15257707 2.12253727 -0.53244206
v 3.12735288 2.37247710 -0.39134280
v 0.65457641 1.38954921 -0.29335249
v 0.46057426 1.41695082 -0.20525950
v 1.67000006 1.89792253 -0.13987347
v 0.62009446 1.31776780 -0.07961929
v 1.33390315 2.08068887 -0.28029487
v 0.71683041 2.43628800 -0.08271466
v 2.88066548 1.44997731 -0.27067942
v 3.24596846 1.49458913 -0.22142713
v 2.73268538 1.32981664 -0.11375096
v 3.06540220 1.44034458 -0.13162870
v 2.90716167 1.38638631 -0.05309966
v 3.20743436 2.49179894 -0.23360420
v -1.40529702 0.36081894 0.01397292
v -1.46058113 0.18451430 0.15189242
v -1.36568543 0.54071312 0.14155829
v -1.27157116 0.69905217 0.01680470
v -1.19378700 0.86733704 0.16239392
v -1.06043943 0.99581891 0.07089960
v -0.92540850 1.11922401 -0.03621492
v -0.77986321 1.22886775 0.07471059
v -2.40210492 0.42431645 0.32457637
v -2.27569588 0.57054260 0.42643854
v -1.46840863 0.37702327 0.26072804
v -2.13645127 0.42767139 0.51789644
v -2.19121939 0.19636782 0.50977219
v -2.03175421 0.23407717 0.54740552
v -1.88527295 0.23717807 0.54066915
v -1.77278459 0.45501951 0.52313673
v -2.04645289 0.63248497 0.52923907
v -1.93601694 0.47030373 0.54891467
v -1.57452573 0.19890886 0.36196248
v -1.72707166 0.21926688 0.48401056
v -1.47385527 0.58354056 0.35970390
v -1.61313140 0.41440668 0.43548510
v -1.33097575 0.73171010 0.26624978
v -1.12321404 1.05575845 0.30202346
v -2.16067668 0.78180130 0.45976583
v -1.80681524 0.70574298 0.54573541
v -1.94744388 0.82472451 0.53656862
v -2.08078957 1.12901474 0.40729654
v -1.63288309 0.64746410 0.49259630
v -1.47027217 0.81030475 0.44519417
v -1.62889486 0.89806528 0.53082457
v -1.29423479 0.94222936 0.37830069
v -1.76658077 0.97369720 0.54891467
v -1.58497507 1.14923157 0.54795786
v -1.44015576 1.05171219 0.50468010
v -1.23677789 1.16615243 0.46058832
v -0.95166892 1.15037009 0.21175330
v -1.89724601 1.69662366 0.02621990
v -1.43608795 2.09018434 0.09800009
v -0.44983055 1.38443614 0.07598579
v -0.27204764 1.42612359 -0.02924061
v -0.09177247 1.45868168 0.10682791
v 0.09106368 1.44741576 -0.00441097
v -0.63068294 1.34026949 0.17975782
v 0.27520133 1.44265577 0.14105970
v -0.79252415 2.41173644 0.10316056
v -0.45202549 2.50639878 0.02674430
v -0.19020002 2.53992838 -0.01958093
v -0.98843342 2.19030490 0.37145562
v -0.47291604 2.43997538 0.25675081
v -2.04690712 1.38579290 0.27485651
v -1.03454665 1.25165633 0.39982690
v -1.72767548 1.21245519 0.53781891
v -1.53517031 1.39359919 0.54376767
v -1.37191355 1.28983231 0.53670506
v -1.15031625 1.40626785 0.51808412
v -1.52439105 1.85712697 0.37375531
v -1.34812116 1.54625077 0.54644631
v -1.11100789 1.86388910 0.52193330
v -1.19916564 1.66485586 0.54622760
v -1.21376000 1.98682462 0.43844659
v -0.82623558 1.30181599 0.30254862
v -0.47645587 1.46830485 0.30542963
v -0.28059336 1.47092199 0.22121813
v 0.09468304 1.50494385 0.24347551
v 0.29726318 1.55830813 0.36119827
v -0.09819509 1.56076619 0.33393306
v -0.68288020 1.45139294 0.38115296
v -0.90794204 1.43347231 0.45829119
v -1.00054860 1.64183011 0.54374745
v -0.75149135 1.60517349 0.50033588
v -0.79594211 1.75629308 0.54440581
v -0.52307819 1.61569904 0.45935214
v -0.57721300 1.77916288 0.53347062
v -0.33935379 1.77749222 0.51499348
v -0.30529872 1.60505602 0.40919964
v 0.10412079 1.65341674 0.42907237
v -0.10878921 1.73372237 0.48189277
v 0.32226430 1.73987509 0.49932471
v -0.90798287 1.88447241 0.54153770
v -0.65085790 1.94557920 0.54663240
v -0.39581859 1.94879105 0.54891467
v -0.27437703 2.13383787 0.52675399
v -0.47187649 2.11574211 0.52270591
v -0.13055515 1.93966481 0.54627501
v -0.05467072 2.14841465 0.52752214
v 0.11578854 1.84411530 0.52763099
v 0.13315284 2.02208523 0.54891467
v 0.34593361 1.92946199 0.54841060
v 0.20941566 2.20583756 0.50363700
v 0.81766228 0.28021181 0.09879238
v 0.96517479 0.29009631 0.38387837
v 0.95578900 0.87332763 0.08598991
v 0.77834197 1.22737595 0.05395932
v 1.04712304 1.03974622 0.16873811
v 0.95065970 1.15049600 0.21070708
v 2.54223493 0.11836791 -0.00505368
v 2.52108921 0.33981050 0.07172663
v 2.49634567 0.47570704 -0.05894126
v 2.44670947 0.70007330 -0.02666900
v 2.52699635 -0.04833433 0.14503839
v 2.56603729 1.22685335 -0.01306673
v 2.42525310 1.12921130 0.06509210
v 2.30693974 1.03706360 0.13037793
v 1.13015611 0.37453672 0.49153353
v 1.67000002 0.15788542 0.44595382
v 1.77847674 0.02006854 0.50316540
v 1.66999997 0.38457658 0.47019280
v 1.24618859 0.24712580 0.53864053
v 1.54634358 0.27778154 0.51812512
v 1.38485736 0.24582762 0.54891467
v 1.81005704 0.21272258 0.52046782
v 1.17101780 0.57634948 0.49150941
v 1.28343457 0.46561527 0.53807747
v 1.43562153 0.48981727 0.54891467
v 1.56998950 0.48092578 0.52451266
v 1.16973518 1.06009465 0.35362693
v 1.03443876 1.24731297 0.39669512
v 1.31581713 0.71552159 0.52808659
v 1.53374791 0.71974361 0.54628321
v 1.89501001 0.96605193 0.53329348
v 1.28969753 1.07524944 0.44777412
v 1.40481687 1.10994420 0.50860338
v 1.38951190 0.92119194 0.52529317
v 1.23845218 1.19434495 0.47346298
v 1.56120587 0.97699240 0.54891467
v 1.56541316 1.19199845 0.54891467
v 1.73898838 1.09114877 0.54607641
v 2.37717026 0.62840799 0.29979275
v 1.94371073 -0.00870611 0.54623565
v 2.34022472 0.27292963 0.41738467
v 1.97949492 0.26307030 0.54891467
v 2.14378043 0.33045490 0.52226706
v 2.23340919 0.51185990 0.46460858
v 1.83140982 0.45293096 0.53785108
v 2.01455096 0.49986947 0.54359662
v 2.08742935 0.66008632 0.51373309
v 2.20467262 1.05574785 0.31660605
v 2.37211007 1.18544507 0.28536477
v 2.17711891 0.90615883 0.41456612
v 1.88930290 0.70852731 0.54891467
v 2.06233916 0.83921511 0.50018958
v 2.06891094 1.07289870 0.43624546
v 2.09938545 1.22158988 0.48521845
v 0.44864010 1.38077226 0.02908509
v 0.62906580 1.33683288 0.16806854
v 0.54977953 2.48525179 0.01704896
v 0.76742218 2.42265770 0.08597332
v 1.76165269 1.99619586 0.03635124
v 1.66999996 1.91731416 0.06549738
v 1.35816923 2.11731590 0.18755836
v 3.24880516 1.44892115 0.02845860
v 2.82539581 1.36767778 0.11938908
v 3.04661821 1.43531319 0.13046256
v 2.89924401 1.45938796 0.27777596
v 2.28851166 2.29605586 0.15474398
v 2.82614084 2.49099852 -0.06950591
v 0.47062708 1.44844122 0.27276434
v 0.82108807 1.29382772 0.28756791
v 1.81841263 1.82539443 0.39902797
v 1.67000008 1.61391822 0.44289571
v 1.52365041 1.80913901 0.40884871
v 0.68270568 1.45076544 0.38054646
v 0.90979283 1.43233046 0.45827424
v 0.52679490 1.62683225 0.46702476
v 0.66532901 1.82992463 0.54698536
v 0.77698682 1.62927893 0.51341512
v 1.02049727 1.60164136 0.54056067
v 0.91499365 1.84602978 0.54537430
v 1.12256363 1.74797446 0.54341517
v 1.66999999 1.51404609 0.48549426
v 1.37494105 1.31204161 0.54082151
v 1.14885376 1.39172737 0.51307639
v 1.28919159 1.55289200 0.54891467
v 1.52770197 1.41712195 0.54259814
v 1.50670040 1.61557282 0.50585119
v 1.14915093 1.92331499 0.49255876
v 0.97665158 2.06870443 0.46815450
v 0.55217062 2.00855755 0.54230041
v 0.44965815 2.16658470 0.50536179
v 0.76574113 2.02315980 0.52377644
v 0.34202274 2.08614488 0.53674582
v 2.53731252 1.26490525 0.22260566
v 3.24861020 1.52038625 0.27341204
v 2.28312844 1.29042420 0.43763321
v 2.47409110 1.37354931 0.39992355
v 1.91857801 1.40044216 0.54891467
v 2.11267349 1.67128863 0.54347366
v 2.38941017 1.50842708 0.50458061
v 2.03277433 1.83882667 0.48320078
v 2.19624160 2.01399022 0.44566676
v 2.31083671 1.66152508 0.54767698
v 2.26438356 1.85155269 0.52950425
v 2.60089726 1.56330842 0.47764070
v 2.52696037 1.71476638 0.54040343
v 2.69115090 1.41061203 0.32081728
v 2.83022394 1.59309992 0.44100908
v 2.83150548 1.79238531 0.53236887
v 3.02232836 1.73718919 0.49803924
v 2.42368656 2.03079583 0.49934735
v 2.46302392 1.87184302 0.54477403
v 2.70072967 1.89856024 0.54891467
v 2.60823153 2.02535350 0.52646910
v 2.79371890 2.09067814 0.52432294
v 3.02230728 2.16234620 0.51537080
v 2.97289209 1.95537256 0.54891467
v 3.22873166 1.86021186 0.53177207
v 3.22540090 2.04874178 0.54660820
v 2.85987683 2.26519917 0.44744836
v 3.25718213 2.21370390 0.50402845
v 3.49732077 -1.98712550 -0.54891467
v 3.75786049 -2.03245479 -0.54359849
v 3.70168712 -1.85915230 -0.53961339
v 4.01589317 -2.04180506 -0.52782561
v 3.96206209 -1.89217276 -0.54891467
v 4.49986889 -2.00010190 -0.44887649
v 4.43548644 -2.16457625 -0.34211273
v 3.45649385 -1.80132522 -0.51327926
v 3.91361879 -1.74854899 -0.52578064
v 3.66748303 -1.69971606 -0.47860739
v 3.86241340 -1.59774649 -0.44685794
v 4.22105537 -1.88764072 -0.54272472
v 4.17080859 -1.75705060 -0.54617720
v 4.10412225 -1.61759531 -0.50689478
v 4.34677656 -1.58609878 -0.53556347
v 4.02797129 -1.46076852 -0.39118121
v 4.44955454 -1.85724741 -0.52401418
v 4.41958542 -1.71805135 -0.54891467
v 4.60312545 -1.84636516 -0.49411995
v 4.65338650 -1.67648855 -0.53269771
v 4.74616079 -1.76559770 -0.48380171
v 4.87071327 -1.81881549 -0.39766256
v 4.48284727 -1.38953155 -0.51097104
v 4.58718580 -1.52505628 -0.54891467
v 4.71325899 -1.31329104 -0.54079107
v 4.25501967 -1.44216184 -0.46584558
v 3.44337623 -1.63447421 -0.41284912
v 3.63723433 -1.55044725 -0.35196774
v 4.16513492 -1.30020446 -0.29946867
v 6.10830051 -2.09573796 -0.52054413
v 6.42201366 -2.13691895 -0.52649609
v 5.56115974 -1.77428291 -0.54090207
v 5.45837779 -1.94535041 -0.46214703
v 5.34021542 -1.72572234 -0.51595341
v 4.81454132 -1.46679616 -0.54282354
v 4.85887466 -1.63638010 -0.49608992
v 5.20368921 -1.55635383 -0.52836527
v 5.54309862 -1.43901638 -0.52462803
v 5.19836558 -1.34951842 -0.54891467
v 5.00999977 -1.49891083 -0.49080852
v 5.80960742 -1.83303706 -0.54891467
v 5.66631415 -1.62859824 -0.54308086
v 5.89645688 -1.67189100 -0.52732511
v 6.05779857 -1.86096545 -0.54862895
v 6.12920081 -1.70214871 -0.50690373
v 5.75370535 -1.47315228 -0.48379688
v 5.96770570 -1.52130142 -0.44600109
v 6.17758632 -1.55132097 -0.40624970
v 5.01000023 -1.70430918 -0.38648733
v 5.83480345 -1.33648404 -0.35522596
v 4.64189951 -2.08610632 -0.29939529
v 4.16783706 -2.37990807 -0.16821341
v 3.81280675 -1.45389620 -0.28203902
v 3.43484083 -1.50745151 -0.24881510
v 3.61388017 -1.44492392 -0.14748836
v 3.97091548 -1.34076377 -0.18143906
v 3.42489975 -1.44975948 -0.04173684
v 3.78714182 -1.38185084 -0.03978804
v 5.39350882 -2.13068480 -0.24402447
v 4.90245457 -2.00691807 -0.04697435
v 5.94705502 -2.34323810 -0.30471091
v 5.56131117 -2.24174018 -0.20893539
v 5.09741934 -1.97680626 -0.12751087
v 5.01000023 -1.86882669 -0.20440999
v 6.21461527 -1.43230726 -0.23943273
v 6.02578173 -1.39511172 -0.30118366
v 6.05799420 -1.32182966 -0.10315188
v 6.22740819 -1.37835266 -0.01642519
v 4.55907337 -1.19408951 -0.46605315
v 4.54688892 -1.06478850 -0.38848226
v 4.55937821 -0.70601487 -0.49477305
v 4.36571584 -1.25511074 -0.39757245
v 4.43060102 -1.11947380 -0.33618927
v 4.38569290 -1.03947344 -0.16510582
v 4.38061582 -0.87726441 -0.29517931
v 4.60908737 -0.49718870 -0.53292983
v 4.56286638 -0.15178727 -0.53419250
v 4.64754600 -0.31347462 -0.54579162
v 4.42871932 -0.33593185 -0.47309738
v 4.68289183 0.03096529 -0.54891467
v 4.46237117 0.06289498 -0.50264073
v 4.27285336 -0.00061321 -0.36894318
v 4.25661866 -0.21973205 -0.33265466
v 4.97186766 -1.25616863 -0.54542521
v 4.99815088 -1.05695120 -0.54891467
v 5.19177420 -1.12251785 -0.53228807
v 4.89555143 -0.89690923 -0.54891467
v 4.80005986 -0.66328911 -0.54891467
v 5.01000023 -0.74068493 -0.52308106
v 5.35162285 -0.78022327 -0.52601600
v 5.16723103 -0.65129343 -0.54606333
v 5.51768440 -1.05915755 -0.34597924
v 5.63411513 -1.27225369 -0.42177665
v 5.63864943 -1.03864526 -0.15407712
v 5.53573771 -0.86119448 -0.41583199
v 4.82686447 -0.41141955 -0.54079046
v 5.17015410 -0.42268732 -0.53607582
v 5.37991981 -0.54118092 -0.53809615
v 5.56449752 -0.43159844 -0.47771500
v 5.01000023 -0.49061214 -0.48528019
v 4.81137065 -0.17641249 -0.53583866
v 4.86267522 0.03542898 -0.51892902
v 5.16507734 -0.19580582 -0.52496973
v 5.38682946 -0.27898945 -0.54482216
v 5.00999975 -0.25968952 -0.45502614
v 5.01000023 -0.05240040 -0.44113214
v 5.56838400 -0.23337166 -0.49276873
v 5.70625691 -0.52364369 -0.34468326
v 4.11894105 -1.22741456 -0.05909406
v 4.28466126 -1.13892388 -0.17539100
v 4.26411657 -1.12777065 0.09047184
v 4.35660162 -1.03392400 0.03935459
v 5.72076877 -1.16659983 -0.24917616
v 5.66356720 -0.90389862 -0.23921525
v 5.89104531 -1.24763778 -0.16456820
v 5.65400062 -1.03571681 0.09983299
v 5.90253074 -1.22737774 0.04728879
v 5.72295284 -0.89709781 -0.02272282
v 5.83871947 -0.47436266 -0.02581991
v 6.96453143 -2.22809867 -0.48860967
v 6.49933990 -2.33650338 -0.42758438
v 6.75300012 -2.38457974 -0.38742989
v 6.32415037 -1.89022324 -0.54364029
v 6.58523944 -1.98446091 -0.54891467
v 6.87681111 -2.06122939 -0.54396256
v 6.80282503 -1.87713079 -0.53627709
v 7.19178809 -2.26610690 -0.44107570
v 7.12881378 -2.11621291 -0.52419599
v 7.37454150 -2.12933744 -0.49450636
v 7.05300334 -1.94618612 -0.54891467
v 7.31470029 -1.96660535 -0.54484590
v 7.56116937 -1.96975053 -0.52562017
v 6.56877618 -1.79561866 -0.51085808
v 6.98354884 -1.59125886 -0.39611365
v 6.35870006 -1.68716697 -0.47110196
v 6.78733111 -1.70233901 -0.46462130
v 7.01809675 -1.76842018 -0.51138357
v 7.25547820 -1.79740697 -0.53790573
v 7.58221848 -1.73889781 -0.54851823
v 7.42641094 -1.65095099 -0.51647907
v 7.20785941 -1.62847612 -0.46804762
v 7.37253943 -1.47459441 -0.40479631
v 7.60676835 -1.48621826 -0.49022958
v 6.57797383 -1.62062470 -0.39976138
v 6.38729168 -1.53327404 -0.33045809
v 6.77680505 -1.53867169 -0.30228226
v 7.15672452 -1.46720740 -0.30385686
v 7.51802319 -1.32051341 -0.33408980
v 7.78168813 -1.84637974 -0.52743918
v 7.77588182 -1.63540240 -0.54891467
v 8.17291457 -1.61008773 -0.51118115
v 7.84868646 -1.40615189 -0.52253839
v 7.98842385 -1.52226818 -0.54891467
v 8.06355110 -1.30337683 -0.54076805
v 7.72972245 -1.26999681 -0.42218101
v 8.36481991 -1.48637998 -0.48891837
v 8.16777690 -1.41842232 -0.54614021
v 8.54151770 -1.21285599 -0.50089127
v 6.53025954 -2.45572773 -0.29866271
v 6.52237272 -2.52432812 -0.14724858
v 7.73658589 -2.20873853 -0.31631626
v 7.43125775 -2.38811280 -0.21632051
v 6.58574361 -1.48620299 -0.20377131
v 6.40292539 -1.43581540 -0.11171642
v 6.95798661 -1.45725712 -0.18680818
v 6.95248187 -1.42839976 0.06607192
v 6.77129769 -1.45113733 -0.06368047
v 7.31589308 -1.34677433 -0.20426929
v 7.13036117 -1.38232247 -0.06212815
v 8.29107800 -1.84578995 -0.31026102
v 8.14474648 -2.06432161 -0.11942203
v 8.73170171 -1.47845200 -0.14670909
v 8.45655250 -1.76367784 -0.21231023
v 8.14088650 -1.06545539 -0.51449217
v 8.34933822 -1.12914202 -0.54891467
v 8.48981213 -0.93261193 -0.54839142
v 7.93475443 -1.17985934 -0.47379354
v 7.98450359 -0.94969447 -0.39022287
v 8.31808616 -0.89579994 -0.53264311
v 8.30883693 -0.64655534 -0.49036651
v 8.15006412 -0.81005024 -0.44496720
v 8.61109099 -1.01533219 -0.51755351
v 8.62238696 -0.76484762 -0.54218690
v 8.78054042 -0.73737388 -0.49931169
v 8.46884337 -0.70772453 -0.54364941
v 7.81460954 -1.06627801 -0.32571013
v 8.28591884 -0.41216849 -0.43000224
v 8.42448391 -0.21912845 -0.49350376
v 8.27089751 -0.19829451 -0.38054404
v 8.60270967 -0.50530265 -0.54891467
v 8.73464993 -0.54574407 -0.53412931
v 8.87086084 -0.50447744 -0.48839277
v 8.45175195 -0.45676435 -0.52298391
v 8.58927030 -0.25380528 -0.54403172
v 8.72605741 -0.32548735 -0.54381529
v 8.85252917 -0.26127712 -0.51555529
v 8.93922873 -0.08802230 -0.48083903
v 9.01505046 -0.28658004 -0.42143677
v 8.14853260 -0.58152568 -0.35283193
v 8.14833533 -0.37669689 -0.26044532
v 8.15520669 -0.18534293 -0.19706439
v 7.63965041 -1.16001799 -0.23836263
v 7.60440583 -1.11776545 -0.00803606
v 7.46616571 -1.23363572 -0.11442942
v 7.75168956 -1.00726838 0.14758849
v 7.74473963 -0.99985706 -0.10182313
v 8.01003227 -0.73138290 -0.26462907
v 9.00740342 -0.87524398 -0.25030054
v 7.87907093 -0.87124709 -0.18263479
v 9.16332765 -0.24721589 -0.22902338
v 8.04403668 -0.54006026 -0.13562230
v 8.08678120 -0.36120001 -0.03832783
v 8.11942953 -0.18184221 0.01382545
v 3.50916013 -2.54238588 0.02274837
v 4.18012540 -2.40118260 0.04991447
v 3.95944225 -1.31638159 0.07158821
v 3.39448880 -1.46487073 0.13828053
v 3.58717460 -1.44119626 0.11801370
v 3.79855270 -1.42121252 0.21293288
v 5.01000023 -1.91732217 0.06540298
v 5.20928679 -2.07510082 0.02727811
v 5.59408750 -2.30557331 -0.02287828
v 5.14321889 -1.95361470 0.25062631
v 5.28971241 -2.08270130 0.21160354
v 4.89885655 -1.97018458 0.19086062
v 5.64376958 -2.28737410 0.19695771
v 6.30430810 -2.41738110 0.31495925
v 6.05431463 -1.32211867 0.11379312
v 6.19182518 -1.39540415 0.17606410
v 3.54359135 -2.47413234 0.25843013
v 4.21930956 -2.21303248 0.39049624
v 3.46270665 -2.21449817 0.50371335
v 3.99502168 -2.28639795 0.39412550
v 3.60806954 -2.04553439 0.54480306
v 4.04443958 -2.12255664 0.49597215
v 3.84500796 -2.02069453 0.54229702
v 4.28975262 -2.01125785 0.50152058
v 3.42740561 -1.53343814 0.29401920
v 3.63029402 -1.54661938 0.34609477
v 3.84333642 -1.55325013 0.40822374
v 3.99515802 -1.39296673 0.29858105
v 3.44619479 -1.68062566 0.44891292
v 3.49585384 -1.86508868 0.53426849
v 3.71787954 -1.89069019 0.54431716
v 3.67066364 -1.71626951 0.48787498
v 4.08524292 -1.91888604 0.54537588
v 3.90987620 -1.75520310 0.52703087
v 4.06320084 -1.53608697 0.45896246
v 4.29872029 -1.77932557 0.54891467
v 4.14741808 -1.70768186 0.53825970
v 4.47019275 -1.64535572 0.54891467
v 4.54561852 -1.93524791 0.47181388
v 4.64444069 -1.73912487 0.51989342
v 4.29906848 -1.51581563 0.50876960
v 4.52587215 -1.41916117 0.52819545
v 4.77722109 -1.31544699 0.54692848
v 5.48033323 -1.99935752 0.43539398
v 6.03517544 -2.13271076 0.49912305
v 6.29968987 -2.13134173 0.52397542
v 5.01000023 -1.79666759 0.30311468
v 5.87014249 -1.27532355 0.24951622
v 6.02015209 -1.38888694 0.29644577
v 6.19038033 -1.48013846 0.32869211
v 5.15928401 -1.79190754 0.42255776
v 5.34016245 -1.80687121 0.48688248
v 5.00999975 -1.63069374 0.43399345
v 4.86153360 -1.44070110 0.54115955
v 5.01000014 -1.47313721 0.49924166
v 5.39411226 -1.60432346 0.54597416
v 5.48619181 -1.45028631 0.53557888
v 5.22359968 -1.39164836 0.54891467
v 5.38061808 -1.25507887 0.51434222
v 5.58507868 -1.33266290 0.47528437
v 5.85458116 -1.76696337 0.54703512
v 5.65675068 -1.64273272 0.54523186
v 6.14020237 -1.99797236 0.54398766
v 5.91070711 -1.63153797 0.51272999
v 6.15221819 -1.61403644 0.45932259
v 6.09670952 -1.79227638 0.53715614
v 5.80581987 -1.37289220 0.40342198
v 5.96950635 -1.49929851 0.43103745
v 5.73100925 -1.49171100 0.49856153
v 4.13330323 -1.25004576 0.17753527
v 4.44413264 -1.05062120 0.27548741
v 4.32131162 -1.17863142 0.29007409
v 5.76605778 -1.12713446 -0.03080056
v 5.54767801 -1.05533743 0.31258848
v 5.74016905 -1.14711409 0.18633424
v 4.53068217 -1.06274118 0.37521817
v 4.40754300 -1.28110100 0.43725264
v 4.50587636 -0.90652755 0.41696845
v 4.64693831 -1.07742725 0.45845543
v 4.60946361 -1.20914270 0.49109871
v 4.82521776 -1.13824033 0.53427007
v 4.80201751 -0.70308998 0.54891467
v 4.26862289 -0.25524154 0.34446461
v 4.50208682 -0.47448240 0.49825968
v 4.66116386 -0.49854000 0.54309535
v 4.42371105 -0.25187095 0.47678793
v 4.62949575 -0.24666559 0.54493679
v 4.86445063 -0.20778535 0.52251947
v 4.44122153 0.14573521 0.49008546
v 4.48084609 -0.06438256 0.50991838
v 4.58790397 -0.00025211 0.54164104
v 4.73575312 0.00763415 0.54629485
v 4.88502495 0.02227993 0.50975267
v 5.50615686 -1.17783837 0.43542708
v 5.39082504 -1.07518335 0.44745034
v 5.00997797 -1.26416835 0.54106286
v 4.71124869 -0.91817433 0.52044630
v 4.90926313 -0.92064413 0.54891467
v 5.18261266 -1.12192323 0.53400661
v 4.99930652 -1.06969853 0.54891467
v 5.55489563 -0.86842945 0.39658460
v 5.08511985 -0.91112519 0.54891467
v 5.00999979 -0.50583228 0.48787095
v 4.91824453 -0.58349702 0.53064723
v 5.01000023 -0.72528851 0.52048045
v 5.42362121 -0.83869926 0.49068811
v 5.17661023 -0.68343571 0.54844969
v 5.35336473 -0.72169970 0.53024238
v 5.67362454 -1.22268660 0.35808487
v 5.01000023 -0.25968952 0.45502614
v 5.16812194 -0.42160315 0.53551003
v 4.92593483 -0.41272768 0.51272845
v 4.80794741 -0.45584722 0.54419629
v 5.34150779 -0.52955836 0.54427310
v 5.48808308 -0.40035231 0.51539448
v 5.00999999 -0.05240040 0.44113214
v 5.15111846 -0.18296492 0.52014688
v 5.31997285 -0.28947186 0.54891467
v 5.46328230 -0.16782325 0.53235473
v 5.69685305 -0.66802352 0.31097269
v 5.64632656 -0.20047923 0.44677266
v 6.88219993 -2.53705137 -0.04108663
v 6.87854468 -2.51673761 0.15511674
v 6.58407073 -1.44966306 0.04963085
v 7.30800356 -1.31014005 0.05556097
v 6.37863398 -1.44196454 0.15906084
v 6.77297492 -1.47924248 0.18259976
v 6.96745901 -1.50691268 0.29026191
v 7.13999305 -1.41155906 0.19039133
v 8.55718312 -1.70486276 0.10845792
v 6.50542595 -2.39489231 0.37445050
v 6.51228389 -2.22394280 0.49858446
v 6.72277403 -2.14275787 0.52897743
v 6.53893357 -2.01510714 0.54891467
v 6.94081786 -2.07625822 0.54105979
v 7.12102131 -2.34767236 0.38756622
v 7.13421865 -2.19483332 0.49265971
v 7.36473795 -2.11309740 0.50272164
v 7.17613274 -2.03130368 0.54127570
v 7.41471398 -1.94686266 0.54257394
v 7.59644724 -2.01327540 0.50579026
v 6.58161928 -1.52494362 0.28109023
v 6.99332467 -1.65251626 0.44750973
v 7.17870951 -1.53487000 0.39039016
v 7.33559608 -1.39321268 0.29919678
v 7.53133821 -1.35012688 0.37328958
v 6.37725504 -1.56770141 0.37386905
v 6.35080093 -1.72635754 0.49306493
v 6.78034037 -1.59770548 0.37818856
v 6.57446120 -1.67124925 0.44208107
v 6.33431155 -1.90855691 0.54578144
v 6.56182745 -1.83446327 0.52523679
v 6.78590053 -1.75789528 0.49520822
v 6.76722668 -1.93616747 0.54569712
v 7.02016013 -1.85622996 0.53795015
v 7.22447497 -1.70243502 0.50638981
v 7.62147009 -1.80656828 0.54813692
v 7.54254226 -1.69046014 0.54072598
v 7.40537259 -1.54640621 0.46598299
v 7.77198519 -1.66817230 0.54891467
v 7.63374226 -1.50346016 0.50345639
v 8.20114831 -1.95374757 0.26867118
v 8.14217800 -1.65183711 0.50745477
v 7.99332638 -1.54613547 0.54891467
v 7.85735709 -1.41694315 0.52627988
v 8.08671214 -1.30615096 0.54320287
v 8.31417880 -1.54224236 0.49041206
v 8.42202622 -1.37105998 0.50303794
v 8.20866324 -1.43309973 0.54121520
v 8.61857925 -1.36532135 0.40268002
v 7.63196346 -1.16691701 0.24062639
v 7.46760048 -1.24105989 0.14478049
v 7.85656448 -0.85482423 0.06856697
v 7.95187954 -0.69922173 -0.02239909
v 8.93768739 -1.17352948 -0.03961051
v 7.92214878 -0.90156782 0.29153588
v 7.98919320 -0.71973501 0.21387342
v 8.11200829 -0.36831823 0.17179146
v 8.16446397 -0.18761964 0.21873796
v 9.16175421 -0.56042671 -0.03438384
v 8.03808801 -0.53770502 0.10208298
v 8.10818585 -0.56605481 0.29376274
v 7.73664434 -1.28071040 0.43181501
v 7.83380761 -1.08349759 0.35683083
v 8.08839521 -0.77379376 0.38394149
v 8.95666394 -0.94843245 0.28590190
v 8.03292981 -0.97827315 0.43858882
v 7.95516099 -1.19015437 0.48599050
v 8.16858379 -1.06921225 0.52393929
v 8.58434394 -1.15592997 0.49864714
v 8.33057624 -1.18306792 0.54891467
v 8.49202686 -0.99327187 0.54486853
v 8.21172353 -0.83994847 0.48732159
v 8.35159153 -0.92197281 0.54180125
v 8.37254217 -0.67258926 0.51967053
v 8.65985225 -0.91767716 0.51654558
v 8.84366758 -0.83422706 0.44590134
v 8.52242440 -0.77196976 0.54891467
v 8.70637234 -0.68862166 0.52968949
v 8.20129871 -0.38950471 0.34189340
v 8.30329860 -0.19823508 0.41096723
v 9.12540127 -0.32340781 0.28767534
v 8.22436846 -0.61015026 0.43191141
v 8.35316686 -0.41962118 0.47552357
v 8.77786372 -0.46691287 0.52757852
v 8.56305588 -0.49577405 0.54670061
v 9.01914290 -0.29710034 0.41678485
v 8.50203017 -0.22819288 0.52471049
v 8.82031687 -0.08778404 0.52927396
v 8.86423979 -0.28316492 0.51001611
v 8.69028243 -0.26254684 0.54891467
v 4.62380944 0.25763556 -0.54413125
v 4.47503315 0.31467688 -0.49959664
v 4.65817150 0.45448209 -0.54376827
v 4.56329268 0.56783378 -0.51399599
v 4.59371042 0.78231137 -0.49917956
v 4.62102105 1.16440678 -0.47943727
v 4.46034559 0.86659694 -0.39285896
v 4.49306273 1.05798863 -0.33644173
v 4.82731097 0.25127312 -0.53350726
v 5.15758100 0.03164976 -0.51893633
v 5.32714927 0.08605248 -0.54891467
v 5.47762114 -0.03238412 -0.53086099
v 5.20515052 0.26597462 -0.53736507
v 5.43055249 0.21826996 -0.53994343
v 5.00895991 0.20864442 -0.44902981
v 4.88109356 0.47581936 -0.53117680
v 5.01049602 0.39123976 -0.47114907
v 5.16303699 0.51898828 -0.54038335
v 5.36012093 0.45621039 -0.54393960
v 5.48557190 0.58907669 -0.50050136
v 5.59961437 0.11928184 -0.47954584
v 5.53751087 0.35156848 -0.49975972
v 5.75531784 0.05927354 -0.35460469
v 4.80176565 0.70325253 -0.54891467
v 5.11511456 0.72783158 -0.54315285
v 5.01039219 0.64951809 -0.50837099
v 5.29216880 0.72572194 -0.54253975
v 5.47388603 0.82317541 -0.46788120
v 4.96307048 0.85952236 -0.54358629
v 5.13166433 0.92313517 -0.54891467
v 4.98116371 1.05926956 -0.54891467
v 5.15859236 1.10785329 -0.53646078
v 4.83330826 1.18434755 -0.54182100
v 5.01140470 1.24850638 -0.54246134
v 5.31496647 0.97130728 -0.50924061
v 5.32960587 1.12661180 -0.49561079
v 5.46061168 1.24279708 -0.48573021
v 5.50425224 1.06085453 -0.35982434
v 4.25547380 0.55488981 -0.24689534
v 4.37146757 0.92476285 -0.25326081
v 4.29699789 1.16886962 -0.25029103
v 4.36316663 1.03517640 -0.08757908
v 4.25425842 1.12682080 -0.02971943
v 5.85531357 0.06992666 -0.17681298
v 5.79477934 0.67605337 0.02265027
v 5.63004717 0.87364457 -0.31096570
v 5.62315041 1.04160172 -0.19344200
v 5.75806297 1.13777356 -0.12624896
v 5.87581009 1.26912967 -0.23202937
v 4.05909300 1.53909791 -0.45986874
v 3.44103852 1.88658369 -0.53855660
v 3.91542153 1.73882906 -0.52362637
v 3.67150470 1.75906847 -0.50733831
v 3.44489862 1.68773802 -0.45404870
v 3.85039531 1.57992117 -0.43182872
v 4.68580482 1.32050667 -0.53785969
v 4.48556724 1.38833077 -0.51121990
v 4.59282807 1.51660486 -0.54891467
v 4.38656721 1.26191923 -0.41452548
v 4.26605598 1.46536610 -0.47997512
v 4.13518158 1.67676562 -0.52977328
v 4.36034548 1.59997109 -0.54037833
v 4.48046580 1.71527320 -0.54543197
v 4.25058851 1.80629048 -0.54891467
v 4.70745769 1.63595374 -0.53260736
v 3.63739394 1.56298380 -0.36683656
v 4.00133567 1.41235949 -0.32892641
v 4.18970224 1.34638022 -0.36835848
v 4.13389165 1.25712950 -0.19755186
v 3.38372445 2.08233736 -0.54235572
v 3.53422537 2.22104317 -0.49840763
v 3.81708817 1.94374367 -0.54891467
v 3.75361908 2.11177477 -0.52755362
v 4.04299660 1.88538555 -0.54891467
v 3.89414828 2.21288317 -0.46934025
v 4.02287796 2.09471970 -0.50985957
v 4.24990044 2.02534608 -0.50229404
v 4.37245890 2.17156248 -0.37147381
v 4.12720348 2.36088956 -0.24831869
v 4.82789484 1.41630061 -0.54632579
v 5.01000003 1.45099315 -0.50484134
v 4.88255763 1.56853450 -0.50971651
v 5.16823643 1.53143878 -0.52679419
v 5.54138551 1.56759341 -0.54586207
v 5.01000023 1.56890332 -0.46619907
v 5.36417433 1.67865389 -0.53187820
v 5.50941028 1.84125584 -0.51832638
v 5.01000023 1.79443087 -0.30568904
v 5.13427944 1.90885403 -0.30321080
v 5.61304241 1.39332217 -0.49326260
v 5.77960559 1.55553336 -0.51136346
v 5.80491008 1.37256556 -0.40367650
v 5.97491290 1.61482346 -0.49691004
v 6.16447993 1.58902803 -0.43917786
v 5.61734600 1.72687687 -0.54891467
v 5.87444927 1.77182559 -0.54668157
v 5.71455868 1.89947748 -0.53235485
v 6.11131675 1.75092826 -0.52588933
v 5.98885701 1.44018421 -0.37540102
v 5.78536525 2.06056798 -0.48915276
v 6.06682983 1.92363477 -0.54891467
v 6.01679131 2.11724580 -0.50325168
v 6.43184348 2.22913481 -0.49055469
v 3.43590477 1.53306365 -0.29342793
v 3.80815427 1.44192504 -0.26073509
v 3.61614560 1.44760619 -0.15657019
v 3.96337106 1.32511689 -0.12184530
v 3.43128474 1.45093009 -0.06038000
v 3.78852650 1.38042238 -0.02323779
v 3.81136682 2.49193306 -0.11766865
v 4.09148479 2.42858361 0.07664336
v 5.01000023 1.91596320 -0.07297230
v 6.20243397 1.44312694 -0.26899616
v 6.05427019 1.32620672 -0.13272230
v 6.23083810 1.37994860 -0.01994837
v 4.82818791 1.91396894 -0.34383145
v 4.86765323 1.99707488 -0.18033301
v 5.36181108 2.16105398 -0.13118336
v 5.55155023 2.28109858 -0.03808524
v 7.65575974 1.18037048 -0.28618616
v 8.24497601 0.00216577 -0.33545642
v 8.33500746 0.21073921 -0.43762783
v 8.43414929 0.44889366 -0.51544980
v 8.23962545 0.40167019 -0.38732444
v 8.11587594 0.56850355 -0.30639492
v 8.56365958 -0.01040576 -0.53701613
v 8.39694659 0.00224181 -0.47086338
v 8.74887581 -0.07252159 -0.54400004
v 8.51597773 0.21581625 -0.52809171
v 8.68807596 0.17942345 -0.54891467
v 8.81039810 0.28879733 -0.52794319
v 8.84775506 0.09798732 -0.52151298
v 8.92875834 0.41744606 -0.46604872
v 8.74909604 0.51198862 -0.53267542
v 8.87803324 0.64220943 -0.46507958
v 8.18981584 0.19157070 -0.27117589
v 8.11672842 0.36888922 -0.18617919
v 8.27242888 0.63054644 -0.46846563
v 8.27504629 0.87824625 -0.51947114
v 8.09305661 0.77630513 -0.38891617
v 8.04063805 0.98863159 -0.44737239
v 7.96558655 1.20939203 -0.49727836
v 8.18386328 1.11612359 -0.53433923
v 8.26545365 1.29889135 -0.54650494
v 8.43980986 1.23820215 -0.52728955
v 8.45477534 0.70037048 -0.54166820
v 8.65490048 0.76465182 -0.53623880
v 8.70151518 0.95423448 -0.49454558
v 8.85017429 0.85096669 -0.43763067
v 8.54752654 1.00880084 -0.53500844
v 8.82979206 1.18329743 -0.30901392
v 7.60647841 1.11991980 -0.05519426
v 7.75191299 1.00659343 -0.14654289
v 8.14976514 0.00025539 -0.14448091
v 9.08562846 0.36006021 -0.33496754
v 9.16789111 0.35324769 -0.19138343
v 8.12212333 0.18218250 -0.05697989
v 8.13467883 -0.00027137 0.07081749
v 8.08792558 0.36095836 0.05551181
v 8.03330074 0.53580961 -0.07509181
v 7.90893194 0.89287140 -0.26655959
v 7.83664683 1.08616381 -0.36153889
v 8.95170169 0.99871687 -0.25717279
v 7.97716803 0.71312412 -0.17675202
v 8.89755656 1.21502011 -0.14876658
v 6.38747064 1.91892025 -0.54623953
v 6.57850801 1.80402730 -0.51419388
v 6.80562421 1.88182711 -0.53756601
v 6.35148679 1.71727291 -0.48811575
v 6.57678188 1.62991052 -0.40857026
v 7.01279827 1.74894202 -0.50341705
v 6.78657436 1.69054153 -0.45610915
v 7.41141486 1.56155929 -0.47496903
v 7.24910562 1.75321416 -0.52648598
v 7.63708236 1.51089963 -0.50668099
v 7.73305006 1.65625591 -0.54857539
v 7.48883992 1.71915384 -0.54063589
v 7.58037936 1.85978091 -0.54474019
v 7.19313245 1.58731303 -0.43753632
v 6.38226255 1.54667843 -0.34769802
v 6.97925592 1.57178565 -0.37742918
v 7.54652993 1.36833039 -0.39590183
v 7.34620753 1.41976395 -0.33943708
v 7.48019772 1.26147821 -0.21365703
v 6.36622367 2.09363291 -0.53574537
v 6.58953437 2.02671570 -0.54891467
v 6.64476170 2.23185382 -0.49650701
v 6.83509777 2.07157725 -0.54332483
v 7.11960861 1.96121070 -0.54891467
v 7.05958674 2.10442591 -0.53086864
v 7.32705315 1.92694951 -0.54891467
v 7.46859829 2.03059641 -0.51807230
v 7.06365577 2.27357526 -0.45451222
v 7.69166816 1.99382926 -0.49500490
v 7.28688136 2.15946534 -0.49061671
v 7.73143166 2.16865311 -0.36349133
v 6.90589435 2.37466213 -0.38774079
v 8.09075660 1.34171917 -0.54666331
v 7.86720267 1.43673444 -0.53175943
v 7.96979997 1.57323606 -0.54886658
v 8.16980090 1.52735115 -0.53142859
v 7.75323108 1.29894728 -0.44965305
v 8.02845294 1.72584296 -0.51389336
v 7.81820576 1.78602747 -0.53638942
v 7.89022213 1.88054846 -0.49601539
v 8.22628817 1.85566756 -0.35829014
v 8.58865232 1.38357871 -0.41725061
v 6.77626272 1.53810123 -0.30138158
v 6.58542392 1.49585588 -0.22424850
v 7.14988382 1.44749757 -0.27102943
v 6.40390717 1.43970321 -0.13021333
v 6.95272487 1.42967360 0.07478772
v 6.95730287 1.45367266 -0.17557747
v 6.77138479 1.45252139 -0.07447066
v 7.30402483 1.32612028 -0.12800973
v 7.12874816 1.38110447 -0.03463698
v 6.37645275 2.51994561 -0.08217087
v 6.85998127 2.48267142 -0.24669200
v 7.76062944 2.25788998 -0.21784248
v 7.43727480 2.42619094 -0.08125310
v 8.40656536 1.71294526 -0.33483169
v 8.05763533 2.13611639 -0.08328265
v 4.14979133 0.28093114 0.03364333
v 4.30787036 0.30605534 0.38471818
v 4.28961268 0.85580208 0.08358255
v 4.11768679 1.22636703 0.03485091
v 4.38712303 1.03974624 0.16873805
v 4.28915791 1.14806680 0.20464256
v 5.88289095 0.08415945 0.02883364
v 5.85677184 0.25874198 0.13505015
v 5.66611694 1.03340527 -0.00369388
v 5.90501633 1.22555958 -0.00284509
v 5.76283126 1.13369073 0.09417809
v 5.64155520 1.03809094 0.14669705
v 4.49224541 0.39348248 0.50044586
v 4.63712987 0.24510366 0.54591361
v 4.84342055 0.24753307 0.52925597
v 4.59973399 0.61630306 0.52180324
v 4.76348702 0.43892971 0.54891467
v 4.50973525 1.06009497 0.35362689
v 4.78495204 0.75417512 0.54824601
v 4.36787856 1.23737974 0.38565639
v 4.62969754 1.07524949 0.44777407
v 4.57635764 1.18569528 0.46919998
v 4.69888097 1.29772188 0.53588952
v 5.71868360 0.05997686 0.39385087
v 5.01000023 0.15788543 0.44595381
v 5.12185871 0.01724264 0.50443396
v 5.01000023 0.38457654 0.47019280
v 5.29141221 -0.02032289 0.54730089
v 5.16403831 0.19894401 0.52475364
v 5.36900670 0.21622041 0.54789453
v 5.23357838 0.52134521 0.54891467
v 4.86178798 0.58939915 0.54255661
v 5.00986522 0.70176238 0.51655496
v 5.42457386 0.59745877 0.52248803
v 5.62039162 0.24898580 0.46339838
v 5.56000437 1.05323544 0.29639246
v 5.69288815 1.18871934 0.30795362
v 5.50213481 0.90200887 0.42780805
v 5.11301057 0.92353021 0.54891467
v 5.21161502 0.71725085 0.54891467
v 5.41453287 0.77588755 0.50440279
v 5.40891093 1.07289851 0.43624544
v 4.91330131 1.25299680 0.54891467
v 5.21808057 1.12414032 0.52733953
v 5.15726367 1.26110414 0.54891467
v 5.31138911 0.92832128 0.51778551
v 5.52487723 1.19994198 0.43782781
v 3.61343531 1.43339860 0.09466704
v 3.80267725 1.42397425 0.22081283
v 3.96365077 1.32532522 0.12340354
v 3.43558144 1.48098117 0.18889139
v 3.72453156 2.51360955 0.04753323
v 5.01000023 1.88399021 0.17119277
v 5.01000023 1.73133087 0.36549793
v 6.05697549 1.32399465 0.11569484
v 6.21840494 1.42626023 0.22495443
v 4.91049374 1.98151352 0.14150277
v 5.15715075 1.86338907 0.36871680
v 5.37636958 2.17530573 0.10242403
v 3.63220738 1.52206673 0.31530090
v 4.00756275 1.41755413 0.33762321
v 4.15441002 1.28162714 0.26578633
v 3.84541944 1.55351098 0.40902229
v 3.44954165 1.60830004 0.38914259
v 3.66175714 1.67476142 0.46450879
v 3.45697246 1.77364347 0.50240800
v 3.89908446 1.72049050 0.51477190
v 3.94665225 1.90512532 0.54891467
v 4.23234661 1.40319277 0.43364857
v 4.46901714 1.36620838 0.50026062
v 4.59523469 1.51178373 0.54887968
v 4.82698965 1.57764904 0.52217110
v 4.07977124 1.56963963 0.48087416
v 4.15181036 1.72947131 0.54198857
v 4.32822837 1.55665309 0.52663012
v 4.40222459 1.71145733 0.54891467
v 4.21188361 1.87881302 0.54419102
v 4.44217295 1.90228046 0.51027542
v 4.75545291 2.03750585 0.25796284
v 4.55654444 2.06856363 0.37338097
v 3.45998307 1.93758144 0.54587610
v 3.45857197 2.10666356 0.53826323
v 3.69007793 1.84262237 0.53479678
v 3.69075452 2.01124512 0.54779737
v 4.22409805 2.05643237 0.49340747
v 3.87467708 2.12766145 0.51193015
v 3.45815084 2.29190804 0.46311992
v 5.87713526 1.26764929 0.22790776
v 6.01755988 1.41370563 0.33093477
v 5.01000023 1.60830469 0.44587470
v 4.81436252 1.41229268 0.54786817
v 5.01000023 1.45539427 0.50372835
v 5.25621900 1.41419988 0.54891467
v 5.51270851 1.43278944 0.52792748
v 5.39388434 1.61631818 0.54472889
v 5.33617792 1.81677147 0.48118043
v 5.53892591 1.97275520 0.47083701
v 5.63577099 1.32360202 0.45176350
v 5.81261834 1.37689404 0.40334900
v 5.73158775 1.51067522 0.50494600
v 6.18456683 1.56247114 0.41477809
v 5.63607390 1.64841473 0.54712298
v 5.53468160 1.78090457 0.53638009
v 5.95080301 1.56315735 0.47533769
v 5.86376578 1.72135889 0.54132948
v 6.15926537 1.89602147 0.54891467
v 5.88543241 2.15861564 0.45757133
v 6.18628569 2.31341744 0.40724641
v 5.76689439 2.03284475 0.49906005
v 5.73728611 1.86010430 0.54212276
v 5.96634848 1.94829333 0.54338700
v 6.12103929 2.12040702 0.51232190
v 6.35401740 2.18977841 0.50416178
v 7.45789467 1.22576581 0.02805598
v 7.62586353 1.14315342 0.18743729
v 8.22755370 -0.00380538 0.31186155
v 8.14778755 0.18244513 0.17366955
v 9.22500465 0.06809501 -0.01129879
v 9.12698592 0.69324652 -0.05607706
v 8.05698063 0.54488762 0.17866247
v 7.95601989 0.70149778 0.07835264
v 7.85417589 0.85308879 -0.02163816
v 8.90138452 1.24176331 0.06404354
v 7.74486167 0.99997167 0.10270081
v 8.84109221 1.24212685 0.23693389
v 7.70357522 1.23497952 0.38123846
v 8.28204576 0.19155144 0.39061457
v 8.17961107 0.59231234 0.38905082
v 8.16932332 0.37563669 0.29385007
v 9.14345577 0.23397242 0.27094087
v 8.41666224 -0.00158515 0.48167932
v 8.48107541 0.22217220 0.51714718
v 8.33446970 0.41924631 0.46536806
v 9.03559031 0.28514328 0.40223344
v 8.62564608 0.00009173 0.54641169
v 8.64781786 0.24317376 0.54891467
v 8.74080387 0.38530644 0.54056297
v 8.94761152 0.10083001 0.47578755
v 8.89642121 0.31796518 0.49381391
v 8.54102112 0.44808455 0.54264057
v 8.82739775 0.55471979 0.50402417
v 7.89200103 0.88057032 0.22264178
v 8.03419106 0.74447301 0.30799547
v 7.99874480 0.95812424 0.40560347
v 7.81068741 1.06116333 0.31641154
v 8.37902412 0.66220318 0.52072875
v 8.17847630 0.82314858 0.46681046
v 8.36062483 0.91168499 0.54223949
v 7.92408051 1.16677549 0.46459022
v 8.05569231 1.30678179 0.54040128
v 8.15879358 1.07257059 0.52183909
v 8.59099569 0.99491404 0.52641082
v 8.31514203 1.30420468 0.54123006
v 8.79150145 0.92824905 0.45302665
v 8.55972822 0.79414955 0.54784620
v 8.73769104 0.78325010 0.50985457
v 8.55224013 1.23751597 0.48988329
v 6.58886695 1.44851966 0.02199170
v 6.40568733 1.43817060 0.12011218
v 6.77298345 1.47668639 0.17474756
v 7.14157955 1.42059557 0.21326326
v 7.30336210 1.32471183 0.11984981
v 6.81088018 2.54144086 -0.05617662
v 6.51372749 2.53488219 0.09470509
v 6.44547692 2.47254414 0.25353033
v 7.20925291 2.42643110 0.25485215
v 8.51079326 1.75903339 0.09569690
v 8.43437561 1.68719565 0.33450852
v 8.00783829 2.15706282 0.12513738
v 6.58659242 1.51002432 0.25429339
v 6.39298800 1.53357939 0.32992729
v 6.96954824 1.51479825 0.30314137
v 7.49321952 1.28042838 0.26251763
v 7.34717717 1.41654986 0.33633244
v 6.36510248 1.73348496 0.49597269
v 6.58327911 1.63821439 0.41630419
v 6.78256460 1.58995987 0.36967641
v 6.58452305 1.77926973 0.50437229
v 6.99992467 1.66445378 0.45695036
v 6.79443017 1.74191407 0.48673912
v 7.18480053 1.55048004 0.40615632
v 7.57237106 1.40328841 0.43371529
v 7.23896581 1.71849144 0.51401724
v 7.28482162 1.90789081 0.54891467
v 7.42004718 1.56943733 0.48084982
v 7.49332713 1.72927570 0.54203622
v 7.66931850 1.55813414 0.52710320
v 7.56562078 1.87451218 0.54400614
v 6.86144279 2.35382691 0.41243269
v 6.33249562 1.98944916 0.54891467
v 6.56434761 1.92393707 0.54414902
v 6.55435133 2.09347553 0.54094586
v 6.79946983 1.89256395 0.54010800
v 6.78578177 2.04303705 0.54733030
v 6.73650234 2.21768112 0.50245065
v 6.55056406 2.24605849 0.48868247
v 6.95971753 2.17999214 0.51031380
v 7.02873114 1.83169902 0.53196533
v 7.02140962 1.99521583 0.54891467
v 7.81223727 1.36715032 0.50136117
v 7.91739605 1.51427491 0.54775148
v 8.31883228 1.54739064 0.48659007
v 8.15093340 1.47812650 0.54209068
v 8.13371656 1.68256293 0.50086705
v 7.74521341 1.70078335 0.54891467
v 7.96700427 1.66942759 0.53815679
v 7.94144719 1.84215897 0.49653782
v 7.78217239 1.83214917 0.53058734
v 8.51023697 1.45668951 0.42901967
v 8.00721063 2.06277135 0.30939231
v -1.20058016 -2.10745366 -0.34141945
v -1.37226032 -2.05316180 -0.27985925
v -2.04405440 -1.24303535 -0.38053857
v -1.68439064 -1.69419036 -0.38415877
v -1.46385076 -1.77314601 -0.46091628
v -1.76325193 -1.50328722 -0.44496981
v -1.93683613 -1.44716932 -0.35394472
v -0.67491681 -2.26147587 -0.41218307
v -0.30101480 -2.33801362 -0.41309339
v 0.10488767 -2.27689338 -0.47169732
v -0.86058771 -2.11960420 -0.46582079
v -0.08562151 -2.32091823 -0.44200114
v 0.05181186 -2.42529289 -0.34125804
v 0.27038370 -2.38287926 -0.37434179
v -1.24507439 -2.18563729 -0.17568168
v -1.45653000 -2.07560523 -0.09684042
v -2.08452888 -1.37385606 -0.22428652
v -2.18957164 -1.28534239 -0.08575395
v -1.64116396 -1.92203818 -0.14653458
v -0.16864690 -2.45284387 -0.30038084
v -0.85741044 -2.29415601 -0.30978035
v -0.63337197 -2.41261567 -0.22821042
v -0.00310267 -2.52392784 -0.14848294
v 0.41550041 -2.45164881 -0.24937418
v -0.85781991 -2.37975075 -0.13311362
v -0.37267627 -2.51579702 -0.03663359
v 0.41341368 -2.50917606 -0.05993382
v -2.19415111 -0.61776619 -0.47127399
v -2.13521560 -1.00530508 -0.41052095
v -2.30691360 -0.94620646 -0.23693878
v -2.20018259 -1.15658007 -0.25184466
v -2.25095809 -0.78934926 -0.38730676
v -2.40768206 0.03994464 -0.36530461
v -2.34511626 -0.17073565 -0.41882885
v -2.44095121 -0.56682010 -0.20778034
v -2.28473652 -1.09250814 -0.11190434
v -2.27037678 -1.14896085 0.02334799
v -2.44615486 -0.70299606 -0.02068540
v -2.48584122 -0.38508127 -0.17919913
v -2.48242948 -0.16739792 -0.24160399
v -2.53032829 -0.27464289 -0.03802928
v -2.48048608 -0.56046944 0.05409632
v -2.54264390 -0.06359572 -0.05332645
v 0.69564743 -2.26623561 -0.40299429
v 0.93867922 -2.19374432 -0.38680612
v 0.48837460 -2.32525259 -0.39770985
v 0.60054808 -2.38082508 -0.29921595
v 1.17088300 -2.05128484 -0.40902216
v 1.36739491 -1.93407968 -0.40261813
v 0.61616786 -2.44511300 -0.15587717
v 0.96688893 -2.30412429 -0.21985505
v 1.13753856 -2.20350788 -0.26093792
v 1.49578208 -1.98860915 -0.24165667
v 0.85260390 -2.39578616 -0.05666494
v 1.25582334 -2.20024612 -0.10860003
v 1.41943832 -2.11123879 -0.04164992
v 2.03327078 -0.92365529 -0.49585819
v 2.27948714 -0.55807036 -0.42542880
v 2.21374918 -0.37194766 -0.48968775
v 2.27750422 -0.14212963 -0.46892050
v 2.35691115 -0.31330275 -0.39750619
v 2.39949295 -0.06975391 -0.37293651
v 2.39367950 -0.62235715 -0.27795491
v 2.41077572 -0.75042795 -0.14616668
v 2.42999681 -0.43424258 -0.27877520
v 2.47077909 -0.20474006 -0.26136969
v 2.53854811 -0.11492632 -0.06709622
v -1.26096950 -2.20927358 0.02373295
v -1.43400857 -2.07851504 0.14689379
v -1.36406001 -2.01720526 0.33104203
v -1.21858281 -2.17713633 0.22700990
v -1.76321521 -1.83372556 -0.01968285
v -2.15520470 -1.33506783 0.09821693
v -1.74185048 -1.82055029 0.16212884
v -0.86327305 -2.39216707 0.04770447
v -0.65801636 -2.45789986 -0.01028322
v -0.00078925 -2.53933637 0.07578005
v -0.83399891 -2.34934632 0.23449124
v -0.67416806 -2.42853813 0.16090395
v 0.39817531 -2.49778794 0.13534155
v -1.45505756 -1.81212167 0.44172422
v -1.11038760 -2.06127234 0.42720734
v -2.10428156 -1.29116663 0.27842537
v -2.03037500 -1.18368219 0.42133022
v -1.68940614 -1.73858260 0.34300538
v -1.24974742 -1.92214199 0.46468224
v -1.73680401 -1.42519755 0.48833705
v -0.22540689 -2.50438641 0.18252210
v -0.60678119 -2.36942771 0.31419807
v -0.99348248 -2.23800542 0.31312123
v -0.37581184 -2.38906509 0.35090458
v -0.01336216 -2.47476759 0.26860137
v 0.35712252 -2.42044690 0.31383154
v 0.14050349 -2.40194825 0.36953260
v -2.23929055 -1.14457198 0.18062216
v -2.28777995 -0.92103511 0.28843930
v -2.40651884 -0.76584443 0.14396045
v -2.50101362 -0.37636974 0.13827359
v -2.43615933 -0.53617041 0.23003212
v -2.51955388 -0.16576704 0.14520516
v -2.46378052 -0.01439368 0.29219751
v -2.13704205 -1.07643303 0.38047034
v -2.34555862 -0.69964250 0.31250535
v -1.85422157 -1.22344003 0.50108523
v -2.22317949 -0.70616457 0.43350714
v -2.24899383 -0.28649963 0.47943712
v -2.32304375 -0.49886297 0.39609199
v -2.33335904 -0.12151327 0.43074194
v 0.61987208 -2.46510390 0.05023196
v 1.23301849 -2.22201605 0.06035121
v 1.01775234 -2.32014388 0.11497109
v 0.58265171 -2.41700553 0.24601499
v 0.95169958 -2.26680905 0.29512281
v 1.17866074 -2.19179251 0.24061477
v 1.50802654 -1.84682610 0.39125972
v 0.86223682 -2.15068727 0.44480331
v 1.15875946 -1.94305587 0.48047990
v 1.08408443 -2.11378984 0.39682969
v 1.33635386 -1.81202209 0.48571494
v 1.47128595 -1.63011613 0.51126280
v 2.44611669 -0.69193193 0.07116971
v 2.40953672 -0.61237460 0.25531099
v 2.49515617 -0.45165184 0.09545090
v 2.43274723 -0.41841149 0.27919326
v 2.28357417 -0.68244402 0.38920349
v 2.43866976 -0.06639540 0.32583533
v 2.32538080 -0.49277167 0.39500596
v 2.28252686 -0.09158920 0.46790733
v -2.43224234 0.21836089 -0.32167296
v -2.38071182 0.42298058 -0.35033159
v -2.04400997 1.08421755 -0.44913919
v -1.99021525 1.27369187 -0.40785470
v -2.28744746 0.64777863 -0.39581676
v -2.33487936 0.79815606 -0.28047692
v -2.00351166 1.45503062 -0.27413113
v -2.49872173 0.08607735 -0.21785391
v -2.42084246 0.56121196 -0.25207749
v -2.53627114 0.15587259 -0.06234096
v -2.48534759 0.47117189 -0.12684658
v -2.43310258 0.69038963 -0.13789839
v -2.23689747 1.02913913 -0.28845736
v -2.35112023 0.93231467 -0.14728118
v -2.24962171 1.16886660 -0.10802240
v -2.34008527 1.00218336 -0.01412175
v -1.84876689 1.43779116 -0.42739520
v -1.57514154 1.74519933 -0.41953939
v -1.38318573 1.93955106 -0.38971994
v -1.84870635 1.58613334 -0.32890492
v -1.73417942 1.74184350 -0.29684856
v -1.23584624 2.14461580 -0.26868490
v -0.86187795 2.23685104 -0.37546544
v -1.03713807 2.15790168 -0.38173834
v -0.66629487 2.29595892 -0.38277408
v -0.31901893 2.33302980 -0.41562262
v 0.25973230 2.32558342 -0.42825664
v 0.33057032 2.43978315 -0.28879723
v -2.13130221 1.24298815 -0.28316357
v -2.12767389 1.36018560 -0.14431783
v -1.74386947 1.83744123 -0.10802257
v -1.44059851 2.04386952 -0.21552891
v -1.57282456 1.99824021 -0.06171033
v -1.18810823 2.24730594 -0.05197311
v -0.32200225 2.45773285 -0.26147369
v -0.08991804 2.50947405 -0.19305471
v -0.94906749 2.36047570 -0.01398690
v -0.70275199 2.44519275 -0.02911692
v -0.32124419 2.51017327 -0.12144544
v 0.37746017 2.51363023 -0.06132118
v 0.02551354 2.54181449 -0.05022595
v 0.22449719 2.53493908 0.02995510
v 2.09363573 0.48721090 -0.52766849
v 2.32468633 0.09827795 -0.43810512
v 2.43091620 0.16097796 -0.32801469
v 2.32151588 0.51169575 -0.39524160
v 2.16803703 0.67978904 -0.47439719
v 1.84264950 0.94001437 -0.54423155
v 2.30879674 0.74215264 -0.34145056
v 2.51296700 0.25780141 -0.14765664
v 2.43185102 0.61083579 -0.20925231
v 2.37272129 0.82895555 -0.18294209
v 1.25976031 1.82789150 -0.50182277
v 1.12516107 2.03337974 -0.43981980
v 0.79097963 2.21218281 -0.42183491
v 0.61125632 2.28905645 -0.40194363
v 0.80704415 2.34666984 -0.26091856
v 1.34751623 1.94572663 -0.40474630
v 1.50071288 1.94550373 -0.29816578
v 0.55730389 2.43395878 -0.22447300
v 1.00418953 2.29708971 -0.20454389
v 1.46948234 2.04653418 -0.16238088
v 1.16668358 2.19973784 -0.23807555
v 0.90768175 2.37378344 -0.05956530
v 1.11304274 2.28852083 -0.05270899
v 1.51172078 2.04587644 0.01994251
v -2.48364032 0.56103541 -0.00306324
v -2.48353793 0.43031611 0.16003765
v -2.51710606 0.18575891 0.14886770
v -2.40166739 0.57566045 0.28087290
v -2.41625039 0.79725125 -0.00976627
v -2.43846778 0.67472936 0.13708641
v -2.27057218 1.13251719 0.08974528
v -2.25570913 1.03427028 0.25575209
v -2.44136079 0.24145857 0.30501470
v -2.33588444 0.10000621 0.42989021
v -2.31656689 0.33371296 0.42951818
v -2.32195125 0.78038932 0.30855786
v -2.20052477 0.93699703 0.38228452
v -2.05858413 0.93590039 0.48036964
v -1.88747534 1.26846252 0.47366331
v -2.15824918 1.34475707 0.03410057
v -2.15800757 1.25772007 0.22468832
v -2.01846815 1.51775768 0.15223329
v -1.86648712 1.68754845 0.17960089
v -1.73696172 1.84806237 0.09219270
v -1.71627580 1.79216737 0.25594829
v -1.09733533 2.27000695 0.16717109
v -1.56880760 1.96674377 0.18140734
v -1.19630084 2.12263495 0.32780350
v -0.63300900 2.45014603 0.12170392
v -0.24311553 2.51114184 0.15501022
v -0.00086067 2.53537459 0.09658949
v 0.40078675 2.49434419 0.14546182
v -0.90522494 2.33097065 0.21504049
v -0.25898856 2.43070741 0.31717849
v -0.70382016 2.38194953 0.25415169
v -0.02974053 2.45939656 0.29287013
v -1.86334079 1.59134595 0.30756260
v -1.75531906 1.44537711 0.47339324
v -1.66670683 1.69151195 0.39738610
v -1.58488566 1.57451219 0.49604151
v -1.31255273 1.86420682 0.47016559
v -1.38010569 2.01480998 0.32156646
v -0.78872147 2.25060605 0.38900264
v -0.58429410 2.28269271 0.41405233
v 0.21495171 2.39211785 0.37165504
v 0.40666734 2.42233891 0.30106374
v -0.37801304 2.30920835 0.42929139
v 0.42123467 2.29750222 0.43380246
v -0.83372230 2.06892492 0.49722441
v 0.04322766 2.30799673 0.45140771
v 2.46937214 0.56377435 0.11813017
v 2.46292033 0.43408186 0.21479152
v 2.40062031 0.79066193 0.13761032
v 2.30212470 0.86148831 0.29876133
v 2.47919682 0.19002193 0.24544897
v 2.39917080 0.39331885 0.33510222
v 2.34529550 0.10611674 0.42247825
v 2.21341376 0.73119645 0.43463732
v 0.97588294 2.33449011 0.12586702
v 0.59832094 2.43068511 0.20950464
v 0.80904434 2.34159233 0.26825564
v 1.17587936 2.23078926 0.15646383
v 1.00060219 2.23586170 0.31213008
v 1.52986129 1.96884096 0.23305757
v 1.35837815 1.97578929 0.37566910
v 1.33289140 1.78943310 0.49690256
v 0.61144322 2.32280198 0.36960733
v 1.17738959 2.10268265 0.36001479
v 0.60967598 2.18001834 0.47926810
v 0.80778258 2.20295916 0.42401576
v 1.83982782 -1.70540181 -0.47542677
v 2.69837999 -2.14341550 -0.49442108
v 2.27326005 -2.08831556 -0.42526307
v 2.46651525 -2.15866378 -0.43639006
v 2.26916942 -2.22603168 -0.28155526
v 3.08526927 -2.35644305 -0.40134770
v 3.46317836 -2.32668126 -0.43780578
v 2.69206703 -2.39971776 -0.24710062
v 1.96767127 -1.92776096 -0.40469935
v 1.92877296 -2.06262545 -0.21997979
v 2.46678003 -2.32000257 -0.26184188
v 2.09325508 -2.20008459 -0.13231558
v 2.51004023 -2.39729791 -0.10128856
v 3.08453545 -2.48494281 -0.22174911
v 3.31056432 -2.52827196 -0.13389637
v 1.08901568 -0.71261167 -0.40959550
v 1.08210936 0.06535894 -0.48235848
v 0.87929413 -0.48754689 -0.19612912
v 0.94684079 -0.69185430 -0.23780871
v 0.95179374 -0.85423713 -0.09701805
v 0.87627172 -0.64889168 -0.02077942
v 0.83193292 -0.26338154 -0.16165664
v 0.80467263 -0.02519617 -0.11480494
v 1.80911132 -2.02731038 0.07249176
v 2.68472058 -2.45812592 -0.01763609
v 3.09170706 -2.53151849 -0.03650400
v 3.32304766 -2.54349981 0.02338498
v 2.10618044 -2.21524009 0.09526419
v 2.47594559 -2.38723010 0.08453158
v 2.46845743 -2.32843789 0.24645671
v 2.29369529 -2.29047340 0.17663479
v 2.68616210 -2.40895115 0.22493080
v 3.10412244 -2.51594717 0.14310592
v 3.32407841 -2.50959154 0.19269239
v 1.80585289 -1.74961448 0.43858562
v 2.36892541 -2.20977421 0.35727033
v 3.32732742 -2.38288257 0.38902679
v 2.50292463 -2.07181744 0.49506306
v 2.29073931 -2.03718732 0.46400950
v 2.81351413 -2.29547408 0.41593080
v 3.06024987 -2.32351609 0.42792329
v 0.93375050 -0.80551038 0.08597332
v 1.00059859 -0.85330602 0.24043931
v 0.83016920 -0.41948399 -0.01576493
v 0.85715535 -0.50056872 0.11082725
v 0.80345058 -0.19748763 0.01630301
v 0.82361959 -0.32686041 0.10876792
v 0.87344323 -0.38191878 0.22799835
v 1.04627293 -0.67429672 0.38248690
v 1.21486773 -0.70280023 0.49295721
v 1.49219022 -0.91991994 0.54472352
v 0.97585416 -0.45691130 0.36233991
v 0.83300182 -0.17488109 0.18208287
v 1.04563747 -0.08781714 0.46061486
v 0.90922245 0.39642523 -0.28875261
v 0.93036001 0.60902098 -0.25643294
v 1.08696649 0.66343393 -0.42206069
v 1.30502111 1.00824615 -0.47516716
v 0.85495158 0.17406727 -0.23514683
v 0.84600020 0.42175335 -0.13084448
v 0.80675553 0.21375006 -0.05257149
v 0.83026847 0.42110213 0.01248905
v 0.87270870 0.64098203 0.00573866
v 1.93947237 1.99019806 -0.33154362
v 2.22089612 1.96185560 -0.48192857
v 2.03970316 1.89243588 -0.46064478
v 2.52915578 2.12384326 -0.47373662
v 2.71716327 2.24140460 -0.43838918
v 3.07493857 2.24455094 -0.48096274
v 3.28064965 2.24460971 -0.48948053
v 2.91549974 2.32937475 -0.40659532
v 3.36404665 2.38441393 -0.38758591
v 2.13564805 2.08397451 -0.36413865
v 2.26711223 2.24887991 -0.24259602
v 2.74543209 2.40602495 -0.26235141
v 1.82395556 2.01634708 -0.15329399
v 2.03865221 2.15699344 -0.16948629
v 2.50102349 2.30939938 -0.29811742
v 3.44659220 2.49372011 -0.22951342
v 2.60247821 2.42881139 -0.09372376
v 2.97179852 2.46309123 -0.23782467
v 3.06133133 2.52687596 -0.04922693
v 2.19524102 2.27097063 -0.05429957
v 2.38776875 2.35560561 -0.06755256
v 0.85761285 0.17586591 0.24056187
v 0.86882690 0.48953664 0.16327256
v 0.94578721 0.69661032 0.23254569
v 0.94482382 0.10408882 0.37554336
v 0.99122991 0.51144628 0.36825600
v 1.10148059 0.73217174 0.41506267
v 1.88752617 2.08893456 -0.01977853
v 1.91404971 2.07742220 0.16422672
v 2.06341692 2.19790472 0.06260471
v 3.31961844 2.54273940 -0.03549558
v 2.70694440 2.46093241 0.06236464
v 2.91152581 2.49634134 0.12293356
v 3.30901441 2.52329419 0.15043697
v 2.49565104 2.30881819 0.29584802
v 2.70863048 2.42307523 0.20769893
v 3.42012644 2.45667461 0.29716772
v 1.92048297 1.61180867 0.52796734
v 1.96423440 1.99048777 0.34888820
v 2.12369399 2.15003819 0.27604547
v 2.34874646 2.18111939 0.37964048
v 2.73140855 2.34109074 0.34901118
v 3.28108898 2.35408006 0.41612772
v 2.60796674 2.18513308 0.45638118
v 3.08336292 2.31722833 0.43457344
v 3.64602598 -2.33750151 -0.41298053
v 4.06699164 -2.18143959 -0.46023224
v 4.27345634 -2.05699350 -0.48311128
v 3.83005721 -2.27327012 -0.43995901
v 3.94569693 -2.38980359 -0.28346377
v 4.21709958 -2.25145459 -0.35223314
v 4.70259346 -1.92306124 -0.41366111
v 3.75792395 -2.43159215 -0.28434185
v 4.00182312 -2.44310503 -0.11988649
v 4.55076786 -2.19569789 -0.19946131
v 4.83042036 -1.98338643 -0.25736406
v 3.57529240 -2.51968117 -0.12848230
v 3.75569035 -2.50683756 -0.07665264
v 4.37172237 -2.29056117 -0.19293726
v 4.55488625 -2.23293628 -0.04706478
v 4.73247441 -2.11671990 -0.11989083
v 5.35367148 -0.99115186 -0.48979645
v 5.70818322 -0.32078688 -0.38576834
v 5.81766557 -0.15151406 -0.25385159
v 5.69230123 -0.72554678 -0.28974228
v 5.81036776 -0.39274836 -0.21570624
v 5.88162111 -0.06599200 -0.06718547
v 3.96493055 -2.46404727 0.04649666
v 4.35693821 -2.33439163 -0.00232125
v 4.73731239 -2.12074403 0.08785385
v 3.74514709 -2.49695595 0.13508745
v 3.78706363 -2.39700769 0.33054442
v 4.70357587 -2.03726648 0.30822242
v 3.58911433 -2.34275895 0.41478419
v 3.92672360 -2.41623581 0.24544617
v 4.32857066 -2.29448279 0.22194785
v 4.53782415 -2.21559476 0.16492289
v 4.87787996 -1.85034743 0.36995888
v 4.45496858 -2.11889042 0.37862451
v 4.71637897 -1.86905019 0.44186257
v 4.84278523 -1.65565553 0.49441691
v 5.78384222 -0.70160324 0.06257004
v 5.87045067 -0.11753769 0.10991408
v 5.84261585 -0.33964178 0.15464275
v 5.84209041 0.05672130 0.21461993
v 5.50986994 -0.64152489 0.47995030
v 5.74962158 -0.40978700 0.31761055
v 5.79361263 -0.15585820 0.29419515
v 5.62833515 -0.46880506 0.43127845
v 5.69229059 0.26532870 -0.40650305
v 5.62441081 0.45884724 -0.43544304
v 5.73805742 0.46409589 -0.31947810
v 5.62290947 0.65651628 -0.39733713
v 5.80993412 0.25686273 -0.25619666
v 5.82347935 0.47701879 -0.13073022
v 5.74592335 0.68579708 -0.21594594
v 5.72275481 0.88041882 -0.08175445
v 4.64511279 1.85707364 -0.47575332
v 3.60036929 2.39515356 -0.36111285
v 3.86399454 2.39363395 -0.30968638
v 4.69281840 2.04785542 -0.30468015
v 4.20184858 2.22791037 -0.38352844
v 4.84009855 1.73689607 -0.46230260
v 3.66031374 2.47741763 -0.22033972
v 4.47781141 2.26488046 -0.10971977
v 4.52087932 2.18285255 -0.25502018
v 4.32956145 2.28798385 -0.23403767
v 3.57737886 2.52998676 -0.07340508
v 4.49049074 2.26726586 0.06202762
v 4.27753762 2.36246019 -0.05219772
v 4.82806473 2.06167127 0.03788096
v 5.83350962 0.46747344 0.08837387
v 5.78917962 0.21135870 0.29567834
v 5.73420776 0.63987883 0.26861315
v 5.72988745 0.82870244 0.13006577
v 5.64623192 0.86218027 0.29225630
v 5.76892928 0.39943494 0.29072887
v 5.61209837 0.49080467 0.43988814
v 5.56973309 0.71138888 0.42779457
v 3.92609384 2.47672217 0.00479589
v 3.88488313 2.45836162 0.17097342
v 3.65512666 2.47107401 0.23512512
v 4.07305372 2.36491543 0.27151793
v 4.45141686 2.21120471 0.27119850
v 4.28622088 2.33383800 0.16591551
v 4.69325262 1.90406240 0.43113787
v 3.60557052 2.37200698 0.38554049
v 3.83771413 2.34727879 0.37514906
v 4.05144654 2.22649833 0.43285765
v 4.88339643 1.90276335 0.31314748
v 4.25292128 2.23680168 0.35276253
v 3.66134606 2.20800658 0.49704830
v 4.38396318 2.09952372 0.42610106
v 4.85482191 1.74675293 0.44973471
v 6.08934138 -2.26132429 -0.43016909
v 5.67098572 -2.09317702 -0.44240659
v 5.51711068 -2.12679357 -0.34288489
v 5.32087690 -2.01287313 -0.33880146
v 5.72928966 -2.24831510 -0.32284662
v 5.89338371 -2.19583110 -0.43451265
v 5.27207689 -1.86405529 -0.43130664
v 5.14620995 -1.70838001 -0.46064561
v 6.16464490 -2.41436374 -0.28137744
v 5.77336837 -2.35225652 -0.15804781
v 5.39353384 -2.18566291 -0.09818457
v 5.23847933 -2.05651156 -0.18817239
v 5.99146999 -2.43647859 -0.11871294
v 4.67182085 -0.88493981 -0.51190720
v 4.49977018 -0.85707891 -0.42929395
v 4.30805365 -0.67653140 -0.28415792
v 4.42283842 -0.56605197 -0.44030480
v 4.27149965 -0.45115264 -0.30711151
v 4.37704358 -0.13682951 -0.45213057
v 4.27862095 -0.81417305 -0.09624262
v 4.21511451 -0.63741038 0.05975692
v 4.17250022 -0.31833125 -0.15216278
v 4.21094701 -0.55957745 -0.12390662
v 7.00089103 -2.34252061 -0.40654218
v 7.57013208 -2.15134230 -0.43688439
v 6.94019598 -2.47589420 -0.23960191
v 7.38658175 -2.28148780 -0.38653543
v 7.77963183 -2.04323394 -0.44248670
v 8.75078565 -1.15183080 -0.40528482
v 8.41899468 -1.61324545 -0.40280446
v 8.67494422 -1.36564641 -0.35234756
v 8.83114528 -1.27703933 -0.21498340
v 6.35968579 -2.48480586 -0.20473182
v 6.71244507 -2.51075355 -0.18910907
v 7.64143222 -2.32894858 -0.16266609
v 6.41048248 -2.53056977 -0.00912855
v 7.06841040 -2.50388756 -0.10998416
v 7.68926805 -2.33555475 0.03006586
v 7.26882151 -2.47093294 -0.07367001
v 8.12584020 -1.98149117 -0.30312186
v 8.57954848 -1.56667755 -0.28834095
v 8.60394762 -1.65747581 -0.07785105
v 8.78600547 -0.90859664 -0.46273826
v 8.94897530 -0.70973719 -0.39433146
v 9.03424334 -0.49850262 -0.36468167
v 9.09658439 -0.07070298 -0.35220393
v 8.91678242 -1.07556901 -0.25477566
v 9.08941303 -0.66398075 -0.22323334
v 9.01084325 -1.00093200 -0.09757936
v 9.19940061 -0.00678770 -0.17645972
v 9.13384232 -0.42728166 -0.23649192
v 5.42279838 -2.20205765 0.09677427
v 5.81014840 -2.39033156 0.03631575
v 6.03766202 -2.45482232 0.08572692
v 5.88089256 -2.36635569 0.22816613
v 5.45826231 -2.14498231 0.27890904
v 5.63745526 -2.15424860 0.38229965
v 5.29735868 -1.98085332 0.35343365
v 5.79116112 -2.26210916 0.33500053
v 6.09201727 -2.40264445 0.27078222
v 5.82865079 -2.12570354 0.46457031
v 5.67458723 -1.98247138 0.50089034
v 6.16046142 -2.29042361 0.42215922
v 5.17648534 -1.60979249 0.50838793
v 4.27730354 -0.80611609 0.10273972
v 4.34738889 -0.85598968 0.25242430
v 4.17151338 -0.42302086 0.02624010
v 4.21914522 -0.45362559 0.21131409
v 4.14332561 -0.18753818 0.02426539
v 4.40974819 -0.67692596 0.40272970
v 4.34128822 -0.45803293 0.38880954
v 4.18917139 -0.06177923 0.23787622
v 4.33496919 -0.06181399 0.42499083
v 6.20760543 -2.50080994 -0.07073371
v 6.46331941 -2.50169283 0.19413565
v 6.64976109 -2.54294426 0.03223287
v 7.07633996 -2.51203935 0.04877244
v 7.48936990 -2.41562156 -0.01641989
v 7.29864163 -2.45680246 0.10660655
v 7.71139425 -2.28187442 0.21334235
v 6.25629531 -2.49269198 0.14165902
v 7.51297855 -2.37914901 0.16455283
v 7.83823392 -2.25093597 -0.12222612
v 7.88380124 -2.23292100 0.08984161
v 8.26689855 -1.98964793 0.04066874
v 8.07040270 -2.09792910 0.17749934
v 8.43785205 -1.83855679 -0.02206319
v 8.82972052 -1.35964560 0.02173346
v 8.62437884 -1.54209312 0.25630735
v 6.68574483 -2.47552578 0.26740429
v 6.35471726 -2.30500669 0.43713706
v 6.90974821 -2.41888155 0.33724892
v 7.31724195 -2.38419308 0.27965764
v 7.53322289 -2.28243648 0.32798936
v 6.92257001 -2.25886227 0.47469436
v 7.53914953 -2.15666536 0.44158434
v 7.74281260 -2.12353813 0.39843427
v 7.89283328 -2.16805142 0.24985931
v 8.47990374 -1.69586265 0.27873417
v 8.75791174 -1.37098199 0.23946301
v 8.11308289 -1.84237721 0.43330818
v 8.30894630 -1.74481281 0.38514858
v 8.47867473 -1.54230891 0.40208232
v 8.88829779 -1.17852250 0.21631597
v 9.09274867 -0.80435627 -0.02784088
v 9.01085547 -1.00365735 0.09142691
v 9.05940440 -0.82389124 0.16816787
v 9.12367925 -0.64668018 0.14853169
v 9.22078703 -0.13014503 -0.01628784
v 9.16948589 -0.43104491 0.14159884
v 9.19014156 -0.21525738 0.16458908
v 8.79800451 -1.04526769 0.40916393
v 9.01111903 -0.73654469 0.31618326
v 8.74075212 -1.22144176 0.37816016
v 8.89258051 -0.61957913 0.46032354
v 9.06006134 -0.50472795 0.33255244
v 8.93091456 -0.44211626 0.46167810
v 9.10891655 -0.13429406 0.33246112
v 4.32641373 0.21580149 -0.40821251
v 4.37080138 0.44425580 -0.41851627
v 4.25328951 0.36710944 -0.30373353
v 4.59718082 0.96952160 -0.45912678
v 4.77031693 0.97322288 -0.52909241
v 4.41882839 0.66859615 -0.41327728
v 4.20192387 0.17579717 -0.24973253
v 4.17873306 0.35468066 -0.15003887
v 4.14969660 0.16484305 -0.09508425
v 4.13594261 0.05361987 0.04083477
v 4.18471543 0.49527909 -0.01713539
v 4.22054752 0.63831549 0.09157776
v 4.32013530 0.76502723 -0.25708609
v 4.29884503 0.86942028 -0.10759890
v 4.23854699 0.70905233 -0.06209860
v 5.32402227 1.90105003 -0.43174586
v 5.14925312 1.73987599 -0.44544804
v 5.56142942 1.99098784 -0.46800776
v 5.64526387 2.15080346 -0.38867989
v 6.21517013 2.21247635 -0.48179291
v 5.84657755 2.20645407 -0.41214547
v 6.04276895 2.31225305 -0.37421511
v 5.79456143 2.29081950 -0.29838786
v 5.22088828 2.02989106 -0.21643832
v 5.56633939 2.23208656 -0.23210633
v 5.98920893 2.40535089 -0.21278798
v 5.75506492 2.34845241 -0.14817671
v 5.92269377 2.43074163 -0.03596482
v 8.99875934 0.15883416 -0.43964319
v 9.02787668 0.74296543 -0.28788714
v 8.79787957 1.04790649 -0.40821314
v 8.67112927 1.19005836 -0.44352069
v 8.74235686 1.37923070 -0.25801659
v 9.14462629 0.16335988 -0.27609655
v 9.12249473 0.53137411 -0.21869452
v 9.20618316 0.21702088 -0.09947620
v 9.06210208 0.87231155 -0.09817549
v 6.24717165 2.44378777 -0.26135645
v 7.88499920 2.01730737 -0.42157318
v 7.52457032 2.16601532 -0.43916280
v 6.72477062 2.38866361 -0.38358729
v 7.24772424 2.32720961 -0.37735874
v 7.41248599 2.28913278 -0.37264652
v 8.39794287 1.49027766 -0.47349146
v 8.23129064 1.70316901 -0.45468984
v 8.05100601 1.86326261 -0.44757028
v 8.05463921 1.98012979 -0.35983948
v 6.14213412 2.48420994 -0.07268393
v 6.66100816 2.49926065 -0.21771586
v 7.08506922 2.43016067 -0.28912786
v 7.32793500 2.39435875 -0.25815199
v 7.67797792 2.33426631 -0.08423747
v 6.60968834 2.54173750 -0.05145226
v 7.02515427 2.51129321 -0.09986863
v 7.21743741 2.48777728 0.02697384
v 8.34879522 1.85042418 -0.23473048
v 8.36631112 1.90289988 -0.05501556
v 8.57618680 1.56050714 -0.29864018
v 8.67190831 1.55109823 -0.14980577
v 8.79658277 1.40765398 -0.05764563
v 7.94331883 2.13564692 -0.25853545
v 8.17813760 2.00423917 -0.21178393
v 7.88566830 2.23486557 -0.07616682
v 7.79430795 2.27992184 0.09996056
v 4.18654514 0.18530571 0.21577945
v 4.21076186 0.44306555 0.19598650
v 4.28606860 0.68148011 0.24307143
v 4.27271278 0.10775341 0.36062518
v 4.34990121 0.52473581 0.38500966
v 4.40319228 0.71255421 0.38650379
v 5.14420850 2.02574881 0.05394582
v 5.59951140 2.27358485 0.18253044
v 6.05525451 2.45411631 0.11229937
v 5.22946080 2.02744524 0.23138070
v 5.82821425 2.37955498 0.14203891
v 6.00974986 2.38369402 0.26746027
v 5.14825816 1.64739622 0.48681454
v 5.32407057 1.97402985 0.37854821
v 5.44067710 2.11789571 0.30300961
v 5.81114522 2.29247054 0.30560287
v 6.00105543 2.27889929 0.39536157
v 9.18285260 0.45584772 -0.01641427
v 9.20496304 0.24241822 0.09749469
v 9.12961893 0.63933591 0.13811052
v 8.99576220 1.05402601 -0.01308360
v 9.05627169 0.85676679 0.14602788
v 9.08725904 0.07788970 0.36292984
v 9.12521348 0.44939525 0.24571695
v 8.97106724 0.50221097 0.42476788
v 9.02629733 0.69372046 0.31428551
v 8.91934901 0.92022822 0.35004568
v 8.76808019 1.12922676 0.40100471
v 8.70475801 1.35841818 0.32654976
v 8.88682176 0.73375318 0.43862612
v 6.28413260 2.50586449 0.09477313
v 6.23087554 2.44034948 0.26427089
v 6.97840565 2.51194477 0.12724890
v 6.73356342 2.53163967 0.11620729
v 7.38521283 2.43157772 0.12185386
v 7.58277314 2.36725431 0.10722130
v 7.45069480 2.34809345 0.28100150
v 8.34750419 1.88423506 0.17591152
v 8.66296798 1.59381057 0.01802734
v 8.77922326 1.41143351 0.13156045
v 8.20132668 2.03778433 0.03428572
v 6.40114512 2.35249473 0.40218851
v 6.62636918 2.38563887 0.38643333
v 6.98572674 2.43185884 0.30612616
v 7.08620868 2.32180243 0.41582117
v 7.66017574 2.26406404 0.28260152
v 7.30683456 2.26521435 0.42002704
v 7.52200343 2.19810197 0.41648004
v 7.42361247 2.07070126 0.50984922
v 8.61597964 1.56706437 0.23619482
v 8.28531466 1.82617267 0.33539207
v 8.10156100 1.88511502 0.40993397
v 8.25914565 1.71966667 0.43205374
v 8.16591652 1.99227779 0.24768446
v 7.85230898 2.16657246 0.28663409
v 7.72002280 2.01837001 0.47563446
v 7.89716791 2.01308340 0.41954000
v -1.55342632 -1.54792670 -0.51272451
v -1.33967010 -1.56236854 -0.54569137
v 0.33008398 -2.22822209 -0.48539733
v -1.93666072 -0.95595867 -0.52470362
v -1.60524120 -1.17144382 -0.54891467
v 0.55990819 -2.17360836 -0.48950570
v 1.33705052 -1.30641178 -0.53367463
v -1.05037461 -2.30574117 0.12223147
v -1.05358383 -1.86284870 0.52968832
v -0.47629017 -2.19457222 0.48977546
v -0.70296234 -1.92814325 0.54625654
v 0.69474755 -1.48041212 0.41065075
v 2.33308413 -0.83839900 0.26304103
v 1.95676215 -0.89821940 0.52634905
v -0.96413734 1.50524769 -0.50643794
v -1.17555841 2.00084473 -0.44290023
v -1.38003252 2.13504235 -0.08044448
v 0.29815942 1.94488288 -0.54891467
v -2.36581654 0.90669283 0.12372270
v 1.66978419 0.62244363 0.50498542
v 1.72573945 1.30038240 0.54357509
v 2.56743523 -1.24898256 -0.14385275
v 1.27524222 -0.39260389 -0.53952682
v 2.70591854 -2.12562357 0.50290616
v 2.61555044 -1.91241272 0.54710663
v 1.02375731 0.84361353 -0.28628305
v 2.35114027 1.23754495 -0.36017438
v 1.04546805 0.89542988 0.29360269
v 3.24465234 1.67650098 0.44586838
v 4.77288897 -1.09281542 -0.51285281
v 5.13477633 -0.90166405 -0.54891467
v 5.54859768 -0.64777293 -0.45673859
v 5.31035471 -0.07831463 -0.54891467
v 4.19548964 -1.34633884 0.37182978
v 5.68218134 -0.89105194 0.20997297
v 5.80499726 -0.55400723 0.14472567
v 5.87073650 -0.25636867 -0.04981387
v 5.27294315 -0.90126977 0.53155950
v 4.50278856 2.04022935 -0.42180695
v 3.13630631 2.52600028 0.11635459
v 3.17140369 2.45869079 0.29123214
v 5.90980305 -2.00831783 -0.52690462
v 5.13612787 -1.89344196 -0.32430261
v 7.56123701 -2.27987133 -0.31690166
v 5.71355811 -1.83060153 0.54394832
v 5.91002166 -1.94537711 0.54110556
v 4.58984949 -0.69962349 0.50785957
v 8.38723854 -1.84599689 0.17799160
v 8.70921753 -1.53038061 0.07733508
v 6.71253927 -2.33202208 0.43391779
v 7.26018246 -1.86745421 0.54783665
v 7.33706352 -2.25873867 0.41885525
v 5.67578541 1.20889012 -0.34351230
v 5.89919668 1.95887515 -0.53772674
v 6.49379205 2.40493706 -0.36061441
v 8.52124586 1.73652130 -0.14120098
v 4.37865026 0.88042579 0.29068541
v 8.79655402 0.14355831 0.53447427
v 7.18100960 2.13042232 0.51419084
v -1.09674599 -1.98661025 -0.47591243
v -2.19571478 -0.12987848 -0.50964856
v 0.30144518 -2.27681286 0.45967477
v 2.14857886 0.85557212 -0.45113082
v 0.20147171 2.49772852 0.20914829
v 1.05233402 -0.13621253 -0.46326803
v 2.33424719 2.14033034 -0.41030244
v 5.86918472 0.26762110 -0.06322645
v 3.73133676 2.28537550 -0.44528878
v 4.67171682 2.16256481 -0.08999763
v 5.65997515 -1.93395584 -0.51496366
v 4.16034761 -0.05094829 -0.16713439
v 7.18734001 -2.41594075 -0.28211281
v 5.95898780 -2.27468499 0.38935861
v 4.27466921 -0.64180835 0.24609037
v 4.17698878 -0.28079511 0.17384484
v 7.09794090 -2.46381362 0.22302446
v 7.97401616 -2.02118273 0.37689624
v 5.42828276 2.08324808 -0.33727241
v 5.65760306 2.15982646 0.38683336
v 6.62005120 2.49294857 0.23115626
v -1.14719264 -1.55558331 -0.54527040
v 0.82149241 -1.28016864 -0.27049602
v 0.61705870 -1.31878183 0.07870157
v 1.84844173 -0.89853228 -0.54580381
v 0.48246663 -1.39256279 0.16143732
v -1.38927003 -1.60314875 0.53491819
v 0.65283581 -2.13358991 0.49799485
v -2.22438872 0.47164157 -0.47364068
v 0.26694982 2.09744913 -0.53628120
v -0.16455347 2.31735151 0.44288615
v 1.72069180 0.85491470 0.54376883
v 2.15174599 0.09612515 0.52620467
v 1.32364067 2.17247592 -0.05644615
v 2.70964214 -1.30595356 -0.01519833
v 2.85382497 -1.44851151 0.28190428
v 0.92287017 -0.23360579 0.33915610
v 2.35440337 1.81779799 -0.54420047
v 1.20682187 0.91478104 0.44292286
v 3.05066465 1.55904820 0.36088412
v 3.59636799 -2.17070596 -0.51512964
v 5.67001724 -0.10231517 -0.43404754
v 3.66810781 -2.18465211 0.50607374
v 3.81695956 -2.24685961 0.46095251
v 5.52552061 0.02063732 0.51640583
v 5.01000023 0.54302842 0.49420246
v 4.63810043 1.71558129 0.52687280
v 5.41559245 -1.59194904 -0.54883951
v 7.97729489 -1.73492963 -0.52290609
v 7.81066576 -1.90179735 0.50499795
v 9.20399569 -0.34191186 -0.02566419
v 5.21807543 1.29605786 -0.54777342
v 5.38206377 1.44639883 -0.54654653
v 8.63171374 0.38168676 -0.54891467
v 8.46742311 0.88176313 -0.54891467
v 8.37919333 1.05962547 -0.54891467
v 8.59507549 0.57051974 -0.54891467
v 9.02533778 0.54765005 -0.36412257
v 4.53718620 0.86913259 0.45072513
v 2.30374645 -0.76415837 -0.33903177
v -0.92508679 -2.13199782 0.44061045
v -0.27363357 -2.27726162 0.46188816
v -0.10804918 2.40304772 -0.36820094
v 0.07225913 2.33202895 -0.43391278
v 0.11193966 2.43416734 -0.33050950
v 1.94826509 -2.07758349 0.21860822
v 0.87680167 -0.03150345 0.29141868
v 0.80167093 0.03526992 0.09574709
v 3.49180055 2.53423815 0.10255867
v 4.63932770 2.15950783 0.16569270
v 4.42242918 -0.73769801 -0.39640751
v 7.95958383 -2.12058549 -0.26866435
v 9.19513736 0.02142639 0.18674588
v 8.98363498 -0.09581244 0.45351250
v 6.79920012 2.47011960 0.27593991
v 1.08712277 -2.29828629 -0.08422211
v 0.12044774 -1.84506835 0.52801695
v -1.14856181 1.11554871 -0.37982493
v -0.85955157 1.34944021 -0.37747942
v 0.29329751 1.51668479 -0.30749853
v 2.79663369 -1.96534195 0.54787588
v 3.38344216 -2.02578744 0.54891467
v 1.03181850 0.44597965 -0.41915233
v 2.48013326 1.36246938 -0.38804894
v 1.90701450 1.18561160 0.53168452
v 4.10811719 -2.37343954 0.23765513
v 5.76238988 -0.74536143 -0.10297401
v 5.40970522 -1.23544661 -0.50076572
v 7.55150036 2.31518054 -0.27072722
v 4.99771454 1.08879937 0.54891467
v 2.51501529 -0.33839542 -0.10445792
v -1.05377433 2.03292751 0.46495819
v -0.65911562 2.12629118 0.50017982
v 3.27461629 -2.44654535 -0.31316044
v 3.51717774 -2.47703619 -0.25934478
v 4.03356223 2.43634481 -0.11282026
v 7.22112258 2.46736882 -0.14695383
v 5.72210434 2.35663238 0.01913982
v 5.42210489 0.41199133 0.53420849
v -0.84827700 -1.92818702 -0.53867718
v -0.46579616 -2.20105538 -0.48775404
v -0.50197414 -2.35106625 -0.36942269
v 1.66777366 -1.34959552 -0.52832182
v -0.11364225 1.74075456 -0.48605106
v 0.49289843 1.83119218 0.54064325
v 2.55569316 1.28813391 -0.24709372
v 2.67801451 1.30326308 0.11885868
v 0.87885462 0.35862900 0.24860922
v 5.36043945 -1.46873337 -0.54891467
v 6.28444154 -2.28589115 -0.44453115
v 4.89759536 0.90691020 0.54891467
v -0.19106316 -2.41118174 0.35237361
v -1.45074659 1.72855653 0.48476634
v 2.78199819 -2.29055087 -0.41304304
v 4.44133890 1.88534079 -0.51632372
v 4.02482312 2.28510757 -0.38832805
v 8.16547491 -1.81806375 -0.42520917
v 8.29145023 -1.93746879 -0.17457302
v 5.53173275 -1.81050941 0.52975293
v 7.97289656 -1.94419139 -0.43333010
v -1.63152972 -1.83002018 -0.30630682
v 1.55219643 -1.19856513 -0.54871154
v -1.84518329 -1.68066071 0.23097952
v -0.19500582 -2.53321869 -0.08445798
v 1.46878251 -1.43320719 0.54642185
v -1.44980138 0.77200781 -0.41847773
v 1.67000007 1.82820361 0.26681862
v 2.29252261 -1.79844898 -0.54257323
v 1.25108752 0.13625633 -0.54096224
v 2.69419170 1.72195155 0.52625530
v 4.80210982 1.08366094 0.52286989
v 6.21223902 2.04317369 -0.54071352
v 6.87322622 2.23569429 -0.49076226
v 4.71724906 0.95492693 0.51639225
v 8.93061208 1.07771364 0.22618635
v 8.37403874 1.10553336 0.54891467
v -1.82937481 -1.57372324 0.35652681
v -2.33453280 -0.98712919 0.11091228
v -2.11353285 -0.89563334 0.46179811
v 0.94665364 0.03544133 -0.38153110
v 6.27576869 2.34270661 -0.39654032
v 6.47671903 2.50176211 -0.19910261
v -1.89165729 1.04344387 0.52549757
v -1.24801267 -1.78387587 -0.51868871
v -1.61255805 -1.60514934 0.47330463
v 6.36395765 -2.40007589 -0.34674679
v 1.84675240 -0.24985217 -0.53193853
v 2.04633899 -0.17461338 -0.54603565
v -2.09084429 0.07706972 -0.54118861
v -1.81045030 0.42514852 -0.53121516
v 0.94566727 1.43600382 -0.47301233
v -1.29996324 2.16735279 0.14354877
v 2.39626486 -1.66716815 -0.54309353
v 2.20725533 -1.18173221 0.41503240
v 1.83458028 1.54437938 -0.52548458
v 1.97478144 1.42867966 -0.54891467
v 3.59718618 1.99547521 -0.54891467
v 4.06142610 2.03582314 0.52494426
v 7.43156294 -1.82136828 -0.54891467
v 6.23262100 1.87305136 -0.54434237
v 8.63650986 0.61512079 0.54634335
v 6.12208652 1.73729831 0.52111172
v -1.95966382 -1.04634744 0.50205840
v 2.45183387 0.37951679 -0.25975101
v 2.78218172 -2.02564589 -0.53978967
v 2.90912894 -2.19533739 -0.49558914
v 1.78970325 1.95623975 0.22918854
v -0.65276279 -1.74696335 0.53289672
v -1.14416599 -1.53775980 0.54322001
v -1.60891175 -1.24492331 0.54857143
v 1.52277482 -2.01977758 0.12955193
v 1.31993768 -1.38711019 0.54298224
v -0.58307161 1.67938235 -0.50311214
v 1.24947132 1.23351045 -0.49334480
v 2.50803010 2.39598782 0.10379990
v 5.38025997 1.27041642 0.51887494
v -1.80722437 -1.74877155 -0.18548193
v 7.96572705 -1.79455736 0.50646628
v -1.07807688 -1.36035049 -0.48216929
v 5.18806002 0.39631321 0.53932937
v 1.00114172 -1.22212589 -0.35380954
v -1.59269420 1.04375034 -0.54162865
v 1.80364605 0.37567724 -0.52711083
v 4.46021861 -1.82654600 0.52961390
v 4.67497463 -1.55141130 0.54710927
v 8.30352196 -1.28014237 -0.54430483
v 8.50616810 -1.43197148 -0.44277191
v -2.37813566 -0.78559250 -0.20655374
v 2.95548567 2.44127215 0.27579021
v -0.51202968 -2.48904879 -0.08181508
v -2.38191886 -0.90400450 -0.00439352
v 1.97867679 1.00250726 -0.50263871
v 1.85287271 0.17510838 -0.53177200
v 1.19565178 0.86294033 -0.45163365
v 1.37132030 0.86783618 -0.52690300
v 5.80050483 -0.59361589 -0.13450883
v 6.65671635 -2.20738900 -0.50653363
v 7.39520642 -1.74522421 0.53839446
v 6.96765143 1.96752768 -0.54891467
v -2.50217065 -0.45334120 -0.03456106
v 8.06142363 -2.14109804 -0.01278763
v 2.11987150 1.48017922 0.54297521
v 1.51398489 -1.96019554 0.26708270
f 3 2373 1682
f 2 2531 2432
f 2532 1684 9
f 11 10 2532
f 12 13 1686
f 2375 1722 1690
f 11 21 24
f 11 24 10
f 12 24 14
f 13 84 2375
f 12 14 13
f 14 26 15
f 24 26 14
f 13 14 84
f 14 15 84
f 16 1687 1697
f 1689 41 1699
f 2 17 2531
f 17 19 20
f 2 18 17
f 18 22 19
f 17 18 19
f 9 2531 20
f 11 20 21
f 20 23 21
f 19 23 20
f 19 31 23
f 23 28 21
f 19 22 31
f 21 25 24
f 24 25 26
f 25 21 28
f 15 26 27
f 25 29 26
f 26 29 27
f 27 29 30
f 25 32 29
f 25 28 32
f 29 33 30
f 32 33 29
f 22 73 81
f 22 81 31
f 23 31 42
f 23 42 28
f 42 44 28
f 42 31 43
f 31 81 43
f 30 33 34
f 32 28 44
f 30 34 108
f 32 44 45
f 32 45 33
f 33 47 34
f 33 45 47
f 1677 39 1691
f 35 1744 1691
f 38 1694 1693
f 2608 1695 1748
f 35 1701 1751
f 43 81 265
f 42 209 44
f 42 43 209
f 34 46 142
f 34 47 46
f 43 213 209
f 43 265 213
f 44 211 45
f 45 210 47
f 45 211 210
f 209 211 44
f 47 212 46
f 47 210 212
f 46 212 216
f 46 216 144
f 5 48 51
f 48 1679 1705
f 2376 49 50
f 49 59 50
f 49 1708 1704
f 51 2376 54
f 51 54 2377
f 52 54 56
f 4 52 53
f 53 52 58
f 50 54 2376
f 54 55 56
f 50 55 54
f 56 55 70
f 52 56 58
f 1707 1706 1705
f 1683 1693 1679
f 1706 2619 1708
f 53 57 73
f 53 58 57
f 57 58 75
f 58 56 74
f 56 70 74
f 58 74 75
f 49 1704 59
f 50 59 66
f 59 60 62
f 59 63 66
f 59 62 63
f 66 63 68
f 63 62 64
f 63 65 68
f 63 64 65
f 50 66 55
f 55 66 67
f 66 68 67
f 55 67 70
f 68 65 71
f 67 68 72
f 68 71 72
f 60 69 76
f 1710 76 1716
f 70 67 77
f 67 72 77
f 74 70 78
f 70 77 78
f 72 71 80
f 77 72 79
f 72 80 79
f 81 73 82
f 73 57 82
f 1707 1694 1712
f 57 75 83
f 75 74 254
f 74 78 254
f 75 255 83
f 75 254 255
f 78 77 259
f 77 79 259
f 254 78 262
f 78 259 262
f 79 80 260
f 259 79 264
f 79 260 264
f 81 82 265
f 57 83 82
f 82 267 265
f 82 83 267
f 84 86 2378
f 84 15 86
f 15 87 86
f 86 91 88
f 86 87 91
f 85 89 1721
f 86 88 85
f 89 98 1724
f 1700 1722 1723
f 15 27 87
f 27 90 87
f 87 90 92
f 27 30 90
f 90 95 92
f 90 108 95
f 87 92 91
f 91 92 93
f 88 91 97
f 91 93 97
f 88 97 89
f 92 95 94
f 92 94 93
f 94 102 93
f 30 108 90
f 95 96 94
f 94 96 103
f 96 2612 103
f 95 108 109
f 95 109 96
f 98 100 1725
f 97 93 99
f 93 102 99
f 97 99 98
f 99 105 100
f 101 100 110
f 94 103 102
f 102 103 2379
f 99 102 105
f 2612 157 103
f 104 107 105
f 154 2534 2553
f 108 142 109
f 34 142 108
f 109 145 2454
f 109 142 145
f 101 110 143
f 101 143 1729
f 1700 1723 1726
f 1726 1730 1785
f 139 1729 1732
f 142 144 145
f 46 144 142
f 1729 143 140
f 140 143 296
f 145 2455 194
f 157 158 153
f 2456 183 156
f 1733 183 2456
f 2456 156 162
f 2456 162 186
f 186 162 170
f 157 2612 166
f 166 195 165
f 157 166 158
f 166 165 158
f 186 170 191
f 191 170 172
f 191 172 2578
f 179 505 524
f 1733 186 185
f 185 186 192
f 185 192 1734
f 193 2579 1735
f 2579 526 1736
f 195 197 165
f 199 369 189
f 189 369 198
f 1747 1766 1758
f 1713 1694 1749
f 36 1750 1748
f 205 1759 1749
f 1752 207 1755
f 206 1703 1756
f 1755 207 1765
f 1764 1753 1768
f 209 214 211
f 209 213 214
f 210 211 215
f 214 215 211
f 216 317 2457
f 213 232 214
f 213 231 232
f 210 217 212
f 210 215 217
f 212 235 216
f 212 217 235
f 216 237 317
f 216 235 237
f 203 1746 1757
f 1762 1758 2381
f 1761 1757 2576
f 220 2458 2600
f 222 2601 1763
f 1769 313 2434
f 1758 2492 224
f 225 2382 241
f 2493 228 226
f 228 251 249
f 229 2434 230
f 231 245 232
f 214 232 233
f 214 233 215
f 231 295 245
f 233 236 215
f 215 236 217
f 234 235 217
f 250 237 235
f 234 217 236
f 234 250 235
f 243 247 233
f 233 247 236
f 2381 238 240
f 246 240 239
f 238 2383 2599
f 226 242 241
f 239 2599 243
f 243 244 247
f 245 239 232
f 221 245 295
f 239 243 232
f 221 246 245
f 239 245 246
f 221 220 2600
f 236 247 234
f 234 248 250
f 234 247 248
f 237 253 322
f 237 250 253
f 242 249 248
f 242 248 247
f 249 251 2508
f 251 252 2508
f 255 266 83
f 255 254 257
f 254 262 257
f 1772 1779 1773
f 266 255 256
f 255 257 256
f 262 259 280
f 259 264 280
f 1776 261 1777
f 257 262 263
f 262 280 263
f 264 260 281
f 280 264 292
f 264 281 292
f 213 265 231
f 265 267 231
f 267 83 266
f 267 295 231
f 266 295 267
f 218 1760 1759
f 266 256 272
f 256 257 268
f 257 263 268
f 268 263 278
f 2601 276 1780
f 270 282 1781
f 272 273 221
f 221 295 272
f 272 256 275
f 272 275 273
f 222 273 2601
f 274 275 277
f 2601 274 276
f 274 277 276
f 273 275 274
f 277 268 278
f 275 268 277
f 256 268 275
f 271 269 279
f 279 276 277
f 277 278 279
f 1775 1779 1783
f 263 280 290
f 263 290 278
f 280 292 290
f 292 281 294
f 271 283 270
f 282 283 284
f 282 284 1782
f 283 291 285
f 283 285 284
f 1880 1784 286
f 623 1880 286
f 1782 284 286
f 284 285 288
f 284 287 286
f 284 288 287
f 285 289 288
f 278 290 291
f 278 291 271
f 290 293 291
f 290 292 293
f 292 294 293
f 285 291 293
f 285 293 289
f 289 293 294
f 266 272 295
f 140 296 2602
f 1756 1785 1788
f 1787 1786 1790
f 144 2457 2455
f 300 317 2384
f 1769 1788 313
f 1789 1794 1792
f 1789 1790 1794
f 312 1791 1795
f 2434 313 314
f 314 2459 321
f 316 1793 324
f 237 322 317
f 1791 319 331
f 314 321 252
f 252 323 253
f 252 321 323
f 315 325 321
f 323 325 326
f 253 323 322
f 322 323 326
f 2384 322 326
f 321 325 323
f 315 324 325
f 324 329 325
f 325 329 326
f 324 327 329
f 2384 328 318
f 328 373 318
f 2384 326 328
f 326 329 328
f 328 329 330
f 373 328 330
f 1793 1795 327
f 327 333 329
f 373 330 377
f 329 333 330
f 333 2556 2603
f 330 2603 377
f 2556 332 378
f 2455 365 194
f 194 365 196
f 196 366 197
f 196 365 367
f 196 367 366
f 369 2385 403
f 365 318 367
f 367 373 375
f 367 375 366
f 318 373 367
f 373 377 375
f 377 376 375
f 334 379 377
f 377 379 376
f 379 378 380
f 2386 383 406
f 406 383 380
f 383 1987 380
f 383 385 1987
f 383 387 385
f 394 401 390
f 385 387 384
f 394 390 384
f 401 395 390
f 401 717 395
f 2385 407 403
f 403 407 404
f 407 408 2386
f 2386 406 404
f 407 409 408
f 408 410 387
f 387 410 394
f 408 409 410
f 1801 1803 409
f 394 410 413
f 394 413 401
f 410 411 413
f 413 411 414
f 413 740 401
f 411 1804 414
f 740 414 2464
f 401 740 717
f 412 1804 411
f 61 415 2580
f 417 2580 415
f 64 2580 65
f 65 417 416
f 415 418 2460
f 417 415 419
f 415 2460 419
f 417 419 2581
f 65 416 71
f 71 416 423
f 416 422 423
f 421 429 2581
f 422 429 424
f 71 423 80
f 80 423 442
f 423 440 442
f 423 422 440
f 422 424 440
f 440 424 443
f 424 444 443
f 419 420 421
f 421 426 429
f 420 2460 1809
f 425 430 426
f 425 428 430
f 430 428 433
f 427 1807 425
f 1807 451 428
f 426 431 429
f 426 430 431
f 429 431 2557
f 431 2613 432
f 430 433 2613
f 428 451 433
f 432 437 2557
f 432 436 437
f 444 437 445
f 437 447 445
f 439 1812 1814
f 442 440 611
f 440 443 611
f 441 1814 1873
f 441 1871 1815
f 80 442 260
f 260 442 612
f 442 611 612
f 611 443 613
f 443 614 613
f 443 444 614
f 444 445 614
f 1818 1816 1875
f 445 447 616
f 614 445 615
f 445 616 615
f 447 446 617
f 446 448 617
f 447 617 616
f 617 448 618
f 448 495 618
f 450 449 452
f 434 433 450
f 433 449 450
f 450 454 435
f 450 452 453
f 450 453 454
f 453 461 454
f 438 454 2387
f 452 455 1822
f 452 457 453
f 461 456 458
f 454 461 2387
f 453 456 461
f 457 1822 1823
f 1833 1811 1808
f 1823 1826 2388
f 2387 461 462
f 2387 462 460
f 461 458 463
f 461 463 462
f 458 477 463
f 462 463 465
f 462 465 2604
f 464 466 469
f 464 469 2604
f 2535 468 471
f 470 471 468
f 470 468 2390
f 467 468 2535
f 471 470 475
f 2510 460 473
f 472 469 492
f 473 472 494
f 448 473 495
f 473 494 495
f 472 492 494
f 492 474 496
f 474 493 496
f 475 563 2511
f 469 474 492
f 474 471 493
f 471 475 2511
f 465 476 478
f 463 476 465
f 456 2388 458
f 477 481 476
f 477 2388 1828
f 465 478 479
f 465 479 464
f 478 482 479
f 480 479 482
f 466 479 483
f 479 480 483
f 483 484 485
f 483 480 484
f 468 467 485
f 468 485 2390
f 485 487 2461
f 484 487 485
f 487 568 2461
f 487 2495 1831
f 1819 1834 1833
f 1811 491 1824
f 491 1835 1825
f 494 492 651
f 492 496 651
f 496 493 653
f 493 497 653
f 495 494 650
f 494 651 650
f 618 495 654
f 495 650 654
f 651 496 652
f 496 653 652
f 497 755 655
f 497 655 653
f 1841 499 498
f 1839 500 1843
f 657 1842 1895
f 501 1840 1845
f 657 658 1843
f 524 505 2624
f 505 512 2624
f 510 511 515
f 510 2614 511
f 516 515 519
f 516 519 1852
f 516 1852 531
f 522 518 556
f 1852 519 520
f 1852 520 521
f 522 556 558
f 2605 523 547
f 547 538 548
f 538 523 540
f 547 523 538
f 525 528 526
f 525 2624 527
f 525 527 528
f 526 528 529
f 2624 2614 527
f 528 527 1847
f 528 1847 529
f 1738 1848 1849
f 530 1850 2595
f 516 531 510
f 1847 531 1851
f 531 1852 2623
f 1851 531 2435
f 2435 536 532
f 532 536 537
f 532 537 544
f 538 540 541
f 564 538 541
f 564 541 704
f 541 540 705
f 1743 542 707
f 1856 544 543
f 1855 1856 710
f 543 544 714
f 557 547 2582
f 549 553 557
f 546 549 2582
f 546 552 549
f 470 550 475
f 546 550 552
f 550 551 552
f 551 567 552
f 553 554 555
f 553 549 554
f 552 567 554
f 546 563 550
f 556 557 561
f 556 561 559
f 558 556 559
f 553 561 557
f 561 553 1857
f 565 560 559
f 560 565 562
f 546 548 599
f 563 546 599
f 599 548 564
f 2511 563 600
f 563 599 600
f 538 564 548
f 565 1863 562
f 486 567 551
f 567 569 571
f 567 486 569
f 554 567 570
f 569 1860 1859
f 1862 603 1863
f 599 602 600
f 564 602 599
f 497 600 755
f 564 704 602
f 600 602 755
f 1863 601 562
f 1861 1864 604
f 1866 2465 1870
f 612 611 621
f 611 613 621
f 258 1777 1873
f 260 612 281
f 281 612 629
f 612 621 629
f 621 613 631
f 613 633 631
f 1819 1820 1877
f 613 614 633
f 614 615 633
f 633 615 642
f 615 634 642
f 615 616 634
f 616 617 647
f 617 618 647
f 634 616 647
f 647 618 672
f 1777 1880 1879
f 281 629 294
f 629 621 632
f 621 631 632
f 286 287 623
f 288 289 625
f 287 624 623
f 288 625 624
f 622 627 620
f 623 624 622
f 625 628 624
f 625 626 628
f 626 636 628
f 294 629 630
f 629 632 630
f 289 294 630
f 289 630 625
f 625 630 626
f 632 631 639
f 630 632 626
f 632 639 626
f 626 639 636
f 631 633 640
f 633 642 640
f 642 634 646
f 634 662 646
f 627 637 635
f 628 636 627
f 637 2574 1884
f 631 640 639
f 640 642 645
f 639 640 641
f 639 641 636
f 640 645 641
f 636 641 643
f 642 646 645
f 641 644 643
f 641 645 644
f 643 644 663
f 644 645 665
f 645 646 665
f 634 647 662
f 647 672 662
f 648 1889 1890
f 649 1893 1908
f 650 651 674
f 651 652 674
f 655 755 768
f 652 653 675
f 653 655 675
f 618 654 672
f 654 650 673
f 650 674 673
f 672 654 678
f 654 673 678
f 674 652 677
f 652 675 677
f 675 655 676
f 655 768 676
f 2436 1898 1846
f 1899 659 1909
f 1896 660 1900
f 1898 2436 1912
f 646 662 666
f 663 664 1904
f 644 664 663
f 644 665 664
f 1906 664 668
f 646 666 665
f 665 666 668
f 1904 664 1906
f 668 670 2544
f 673 674 686
f 662 672 679
f 672 678 679
f 678 673 683
f 673 686 683
f 677 675 687
f 674 677 686
f 675 676 687
f 686 677 688
f 677 687 688
f 679 678 681
f 681 678 683
f 662 679 666
f 666 679 680
f 679 681 680
f 683 686 685
f 680 681 682
f 681 684 682
f 680 690 669
f 680 682 690
f 682 691 690
f 681 683 684
f 683 685 684
f 682 684 691
f 684 685 692
f 687 676 689
f 688 687 697
f 676 775 689
f 686 688 685
f 685 688 695
f 688 697 695
f 687 689 697
f 697 689 699
f 660 1901 1910
f 1912 1911 1914
f 1902 1900 2462
f 690 691 1915
f 684 692 691
f 691 694 2524
f 691 692 694
f 685 695 692
f 692 695 693
f 695 698 696
f 693 696 2462
f 695 697 698
f 696 698 700
f 697 699 698
f 698 792 700
f 698 699 792
f 541 705 706
f 541 706 704
f 704 769 756
f 704 706 769
f 706 705 727
f 711 707 1921
f 708 1917 1918
f 543 714 1919
f 717 716 395
f 717 722 716
f 722 718 716
f 717 740 722
f 722 745 718
f 745 751 2392
f 706 728 769
f 706 727 728
f 728 727 735
f 727 732 735
f 751 2463 2392
f 735 732 733
f 735 733 782
f 782 733 737
f 731 738 2463
f 731 2516 738
f 740 2464 742
f 740 742 722
f 741 744 743
f 745 722 742
f 742 743 746
f 742 746 745
f 743 744 746
f 751 745 746
f 746 747 751
f 1920 748 750
f 739 1920 1924
f 750 748 753
f 1920 714 748
f 752 731 751
f 750 753 752
f 752 753 731
f 753 2516 731
f 755 602 756
f 602 704 756
f 755 756 768
f 1868 758 1925
f 758 757 1926
f 1926 1912 1933
f 1870 761 1930
f 756 773 768
f 756 769 773
f 676 768 775
f 773 769 774
f 768 773 775
f 728 774 769
f 1930 772 2558
f 772 771 2558
f 775 773 777
f 728 783 774
f 773 774 777
f 774 778 777
f 774 783 778
f 689 775 2536
f 775 777 776
f 776 777 779
f 777 778 779
f 778 780 779
f 779 780 787
f 735 783 728
f 735 782 783
f 782 784 783
f 778 783 784
f 782 785 784
f 784 785 786
f 785 737 2393
f 785 2393 781
f 786 785 781
f 772 786 771
f 778 784 780
f 780 784 1932
f 772 1931 1932
f 699 2536 789
f 699 789 792
f 789 791 1935
f 1936 1933 1935
f 111 143 110
f 112 123 115
f 1939 121 112
f 112 1940 1939
f 112 115 1940
f 115 131 2596
f 116 117 2597
f 116 132 133
f 116 133 117
f 117 133 113
f 119 1941 1948
f 127 124 122
f 123 125 131
f 124 130 2584
f 122 121 1945
f 124 129 130
f 125 130 126
f 129 187 130
f 129 184 187
f 130 147 126
f 130 187 147
f 123 131 115
f 116 131 132
f 131 134 132
f 125 134 131
f 125 126 134
f 132 135 133
f 133 135 828
f 132 136 135
f 132 134 136
f 134 148 136
f 135 137 847
f 136 137 135
f 126 148 134
f 126 149 148
f 137 136 150
f 126 147 149
f 148 150 136
f 137 151 874
f 137 150 151
f 141 1960 296
f 141 143 111
f 141 296 143
f 1944 146 1961
f 148 152 150
f 148 149 152
f 150 307 151
f 151 306 877
f 307 306 151
f 152 307 150
f 159 155 163
f 156 2553 161
f 155 161 153
f 128 154 183
f 159 160 155
f 159 168 160
f 159 163 1952
f 155 160 161
f 161 162 156
f 160 162 161
f 160 170 162
f 164 158 165
f 163 158 164
f 160 168 171
f 168 2395 171
f 174 176 171
f 169 1952 180
f 169 167 2395
f 160 171 170
f 170 171 172
f 171 176 172
f 173 175 174
f 174 177 176
f 173 2437 175
f 174 175 177
f 1953 2560 175
f 172 176 179
f 176 177 178
f 176 178 179
f 179 178 505
f 128 183 184
f 184 183 188
f 184 188 187
f 147 187 200
f 187 188 200
f 188 189 200
f 164 165 1956
f 1956 165 197
f 147 200 2394
f 200 189 198
f 1960 299 296
f 299 319 296
f 299 320 319
f 302 1948 1964
f 1961 303 1968
f 152 2466 308
f 309 306 307
f 306 310 1037
f 309 310 306
f 320 1971 319
f 1971 331 319
f 335 353 332
f 353 378 332
f 1971 320 345
f 1968 336 1976
f 338 1975 344
f 1977 1973 340
f 1976 1977 341
f 342 350 343
f 342 405 350
f 308 2467 309
f 308 305 2467
f 309 356 310
f 309 2467 356
f 310 357 1058
f 310 356 357
f 343 358 2467
f 2467 358 356
f 348 355 351
f 347 2397 349
f 348 349 355
f 348 347 349
f 355 349 364
f 350 364 343
f 350 355 364
f 352 350 405
f 335 346 353
f 353 346 351
f 346 348 351
f 351 355 352
f 353 351 354
f 354 351 352
f 352 355 350
f 358 363 356
f 363 357 356
f 357 360 1062
f 349 2397 359
f 2397 2512 359
f 341 361 2512
f 359 361 363
f 364 359 358
f 358 359 363
f 349 359 364
f 341 362 361
f 361 362 360
f 361 360 363
f 362 2513 360
f 363 360 357
f 343 364 358
f 197 366 1979
f 368 1979 1985
f 1981 368 1984
f 201 198 370
f 370 198 403
f 370 342 201
f 305 201 342
f 405 342 370
f 405 370 403
f 374 366 375
f 1979 366 374
f 376 381 375
f 1987 376 379
f 353 406 378
f 378 406 380
f 1987 379 380
f 1987 381 376
f 381 1987 382
f 1986 381 382
f 1986 382 392
f 382 386 392
f 386 1987 385
f 386 385 384
f 1988 1985 391
f 1989 2468 2498
f 391 392 396
f 392 397 396
f 397 392 393
f 397 393 402
f 386 384 393
f 386 393 392
f 393 384 390
f 393 390 400
f 400 390 395
f 400 395 399
f 396 397 398
f 397 402 398
f 396 398 1990
f 398 402 399
f 393 400 402
f 402 400 399
f 403 404 2585
f 352 405 2585
f 353 354 406
f 354 404 406
f 2560 502 504
f 175 2560 177
f 177 504 506
f 1953 502 2560
f 177 506 178
f 178 506 505
f 506 512 505
f 506 511 512
f 502 507 504
f 504 509 506
f 504 507 509
f 507 508 513
f 506 509 511
f 509 507 514
f 509 514 515
f 509 515 511
f 1991 1992 2514
f 2625 1994 2626
f 515 514 519
f 514 517 519
f 1994 518 517
f 517 520 519
f 517 522 520
f 517 518 522
f 521 520 522
f 2625 523 1994
f 539 540 2398
f 535 536 533
f 535 537 536
f 537 545 544
f 537 2399 545
f 2399 2537 545
f 545 713 544
f 713 714 544
f 545 2537 712
f 545 712 713
f 2537 607 712
f 534 558 2586
f 583 562 566
f 534 2587 533
f 534 2586 2587
f 574 575 576
f 577 584 591
f 575 578 579
f 576 2469 580
f 576 580 577
f 580 581 586
f 583 2002 578
f 580 586 584
f 586 587 585
f 589 588 590
f 589 587 588
f 585 589 592
f 588 1298 590
f 589 590 592
f 591 605 607
f 605 592 608
f 592 606 608
f 592 590 606
f 590 1348 606
f 593 594 586
f 586 594 587
f 593 595 594
f 587 594 596
f 588 587 596
f 594 597 596
f 588 596 1295
f 596 597 1314
f 594 595 597
f 2003 2438 2014
f 566 562 601
f 601 760 759
f 607 605 609
f 605 608 609
f 608 606 762
f 606 1352 762
f 712 607 2538
f 607 609 763
f 609 608 764
f 608 762 764
f 2014 2010 2020
f 702 2025 2539
f 703 2400 705
f 713 712 793
f 713 749 714
f 713 793 749
f 702 2024 389
f 399 395 716
f 399 716 720
f 720 716 718
f 389 398 719
f 1990 398 389
f 389 719 715
f 398 721 719
f 399 720 721
f 720 718 726
f 715 723 2025
f 715 719 724
f 721 720 725
f 720 726 725
f 724 725 729
f 726 730 725
f 726 718 2392
f 726 2392 730
f 2400 2023 2026
f 724 729 723
f 725 730 729
f 729 730 734
f 730 2392 2463
f 730 2463 736
f 732 2470 734
f 734 736 733
f 733 736 737
f 2463 738 736
f 736 738 737
f 2393 737 738
f 749 748 714
f 748 754 753
f 748 795 754
f 748 749 795
f 754 2516 753
f 754 797 2516
f 2598 760 2558
f 609 764 763
f 764 762 794
f 762 1517 794
f 793 2538 806
f 806 763 765
f 764 794 2471
f 759 2028 2027
f 2016 2020 2606
f 767 2016 2031
f 2028 2039 2029
f 2606 2034 2035
f 770 2558 771
f 738 2516 2393
f 797 781 2393
f 2037 781 797
f 749 793 796
f 793 806 796
f 749 796 795
f 806 765 807
f 794 1530 2401
f 807 2471 809
f 754 795 2633
f 795 796 799
f 796 806 804
f 754 2633 797
f 2633 802 798
f 795 799 2633
f 796 804 799
f 2633 799 802
f 799 805 802
f 802 811 803
f 799 804 805
f 802 805 811
f 805 812 811
f 806 807 804
f 804 807 2561
f 809 2401 817
f 807 809 808
f 805 2561 812
f 2401 1532 817
f 809 817 816
f 811 813 810
f 811 812 813
f 813 812 814
f 814 815 819
f 816 817 818
f 817 1547 818
f 816 818 815
f 815 820 2044
f 113 1943 114
f 1943 2472 2045
f 133 828 821
f 2472 821 822
f 821 828 823
f 821 823 822
f 822 824 2048
f 822 823 825
f 822 825 824
f 825 832 824
f 824 832 2047
f 824 2047 2046
f 2049 872 2053
f 2058 827 2054
f 828 830 823
f 828 847 830
f 823 829 825
f 825 829 833
f 823 830 829
f 830 831 829
f 829 831 834
f 831 836 834
f 135 847 828
f 847 848 830
f 848 831 830
f 848 873 831
f 831 873 836
f 825 833 832
f 829 834 833
f 833 838 832
f 832 838 837
f 2047 832 837
f 2047 837 826
f 833 834 835
f 833 835 838
f 834 846 835
f 834 836 846
f 837 838 840
f 839 841 2051
f 835 844 838
f 838 844 840
f 837 840 839
f 835 846 843
f 835 843 844
f 840 844 855
f 844 843 845
f 844 845 855
f 843 889 845
f 843 892 889
f 836 849 846
f 846 892 843
f 846 849 892
f 847 874 848
f 836 876 849
f 137 874 847
f 848 874 875
f 848 875 873
f 873 876 836
f 840 855 856
f 842 856 869
f 855 860 856
f 845 904 855
f 855 904 860
f 842 869 884
f 842 884 2055
f 1950 2525 1951
f 1962 1951 1963
f 2058 2054 2059
f 875 878 873
f 873 878 876
f 874 877 875
f 151 877 874
f 876 929 849
f 876 1036 929
f 878 1036 876
f 875 877 1038
f 875 1038 878
f 871 2055 2060
f 2055 884 880
f 880 884 1040
f 845 889 2402
f 889 890 2402
f 892 930 893
f 889 892 893
f 889 893 890
f 893 894 890
f 849 930 892
f 893 930 894
f 845 2402 904
f 2402 905 904
f 904 905 906
f 905 2403 906
f 2403 2061 906
f 915 912 2061
f 2403 909 911
f 911 909 920
f 2061 2403 910
f 910 911 918
f 911 920 917
f 917 920 925
f 917 925 923
f 911 917 918
f 917 924 918
f 917 923 924
f 918 924 919
f 923 1254 2405
f 924 2405 1256
f 924 1256 927
f 923 925 926
f 923 926 1254
f 919 927 2062
f 849 929 930
f 929 931 930
f 930 932 894
f 930 931 932
f 934 938 914
f 938 936 914
f 1034 2057 2070
f 2067 1035 2517
f 1969 1963 1970
f 1034 2070 1050
f 2068 2059 2076
f 337 1970 1973
f 877 1037 1038
f 306 1037 877
f 878 1039 1036
f 878 1038 1039
f 1036 1061 1103
f 1036 1039 1061
f 1037 1058 1038
f 1038 1059 1039
f 310 1058 1037
f 1038 1058 1059
f 880 1040 1045
f 1045 1040 1080
f 2075 2076 2078
f 2072 2077 2079
f 340 1052 2513
f 2475 1055 1056
f 1053 1051 1055
f 1055 1057 1066
f 1057 1072 2615
f 1062 1059 1058
f 1039 1060 1061
f 1039 1059 1060
f 357 1062 1058
f 1060 1068 1061
f 1103 1061 2406
f 1061 1068 2406
f 1062 1065 1059
f 1059 1065 1060
f 1060 1067 1068
f 360 1063 1062
f 1062 1063 1065
f 1054 1064 1063
f 1063 1064 1065
f 1066 1070 1067
f 1060 1065 1067
f 1067 1070 1068
f 1070 1069 1074
f 1073 2080 2616
f 2406 1074 1110
f 1110 1075 1113
f 1068 1070 1074
f 1074 1075 1110
f 2616 1087 1076
f 2616 1076 1075
f 1075 1076 1113
f 1045 1080 2077
f 2077 1080 1086
f 2077 1086 2080
f 2079 2080 1073
f 1087 1088 1129
f 929 1036 1103
f 929 1103 931
f 931 1104 932
f 931 1103 1105
f 931 1105 1104
f 938 2407 936
f 1103 2406 1105
f 1105 1110 1109
f 1105 1109 1104
f 2406 1110 1105
f 1110 1113 1109
f 1113 1112 1109
f 1113 1114 1112
f 1113 1076 1114
f 1134 1128 1107
f 1133 1129 1132
f 1135 1133 1132
f 1135 1132 2410
f 2410 1132 1128
f 1134 1139 1128
f 1135 2410 1140
f 1140 1138 1135
f 1140 1136 1138
f 1134 2085 1139
f 1139 2085 1141
f 1140 1141 1147
f 2086 1154 2088
f 1144 1150 1143
f 1140 1144 1136
f 1144 1143 1136
f 1140 1147 1144
f 1141 2085 1147
f 1144 1147 1151
f 1144 1151 1150
f 1151 1148 1152
f 1147 1148 1151
f 1150 1149 1143
f 1150 1492 1149
f 1150 1151 1494
f 1154 2476 1152
f 1494 1152 2476
f 1150 1494 1492
f 1250 1300 1277
f 1250 1252 1303
f 1303 1285 1312
f 1285 1252 1286
f 1303 1252 1285
f 1254 1257 1255
f 1255 1258 1256
f 1256 1258 1265
f 1254 926 1259
f 1254 1259 1257
f 1257 1259 1261
f 1262 1270 1269
f 1262 1261 1270
f 1257 1263 1258
f 1262 1263 1257
f 1255 1257 1258
f 1258 1263 1266
f 1266 1264 2090
f 1262 1271 1263
f 1257 1261 1262
f 1266 2089 1265
f 2089 2090 2091
f 1270 1273 1269
f 1274 1269 1273
f 1269 1274 1271
f 1271 1274 1279
f 1262 1269 1271
f 1263 1271 1264
f 1264 1272 2092
f 1271 1279 1272
f 1272 1282 1290
f 1274 1273 1275
f 1274 1276 1279
f 1274 1275 1276
f 1279 1276 1280
f 1277 1278 1275
f 1277 1324 1278
f 1272 1279 1282
f 1290 1282 1291
f 1285 1286 1287
f 1313 1285 1287
f 1313 1287 1470
f 1287 1286 1471
f 588 1295 1298
f 1295 1297 1298
f 1297 1296 1299
f 1296 1305 1294
f 1296 1294 1299
f 1297 1316 1296
f 1296 1316 1318
f 1296 1318 1305
f 1298 1297 1310
f 1310 1297 1299
f 1304 1301 1303
f 1304 1306 1301
f 1304 1294 1305
f 1301 1302 1300
f 1301 1300 1250
f 1301 1306 1302
f 1300 1302 1324
f 1302 1309 1324
f 1250 1303 1301
f 1305 1308 1306
f 1305 1306 1304
f 1308 1307 1306
f 1318 1308 1305
f 1308 1321 2546
f 1302 1306 1307
f 1307 2546 2097
f 1310 1299 1349
f 1299 1294 1311
f 1299 1311 1349
f 1310 1349 1350
f 1348 1310 1350
f 1349 1311 1351
f 1311 1313 1351
f 590 1298 1348
f 1298 1310 1348
f 1303 1312 1304
f 1294 1304 1312
f 1294 1312 1311
f 1311 1312 1313
f 1285 1313 1312
f 596 1314 1295
f 1295 1314 2588
f 1297 1295 2588
f 1314 1315 2588
f 1317 1319 1320
f 1317 1320 1316
f 598 2008 2006
f 1308 1318 1321
f 610 2015 2008
f 2098 2015 2103
f 1277 1300 1324
f 1324 1325 1278
f 1324 1326 1325
f 1324 1309 1326
f 1326 1329 1325
f 1329 2102 1332
f 606 1348 1352
f 1348 1350 1352
f 1349 1351 1353
f 1350 1349 1353
f 1313 1470 1351
f 1350 1353 1514
f 1352 1350 1514
f 1353 1351 1516
f 1470 1516 1351
f 2106 1323 2109
f 1354 2107 1518
f 1360 1361 1332
f 1332 1361 1356
f 1361 2110 1356
f 2110 1523 1356
f 1470 1528 1516
f 1287 1471 1472
f 1470 1287 1472
f 1470 1472 1528
f 1472 1471 1484
f 1474 2111 2116
f 2114 1475 1478
f 2096 1475 2114
f 2115 1478 1502
f 1472 1484 1486
f 1472 1486 1528
f 1484 1487 1488
f 1486 1484 1488
f 1488 1487 2562
f 1489 1488 2562
f 1492 1491 1149
f 1492 1495 1491
f 1495 1493 1491
f 1492 1494 1495
f 1494 2476 1496
f 1495 1494 1496
f 1495 2611 1493
f 1501 2476 1490
f 2115 1502 1504
f 1504 1502 1508
f 1506 1505 1499
f 2117 2118 1500
f 1506 1500 1507
f 1504 1508 1512
f 1506 1512 1505
f 1505 1510 2521
f 1509 1558 1557
f 762 1352 1517
f 1352 1514 1517
f 1514 1353 1515
f 1353 1516 1515
f 1517 1514 1526
f 1514 1515 1526
f 1515 1516 1527
f 1516 1528 1527
f 2108 2109 2124
f 2123 2124 2130
f 2129 1520 1519
f 1356 1523 1519
f 794 1517 1530
f 1517 1526 1530
f 1526 1515 1529
f 1515 1527 1529
f 1526 1529 1531
f 1529 1527 1539
f 1526 1531 1530
f 1527 1528 1535
f 1486 1535 1528
f 1527 1535 1539
f 1531 1529 1533
f 2401 1530 1532
f 1532 1531 1549
f 817 1532 1547
f 1532 1549 1547
f 1529 1539 1533
f 1533 1539 1540
f 1531 1533 1549
f 1549 1533 1534
f 1533 1540 1534
f 1535 1486 1536
f 1539 1535 1541
f 1535 1536 1541
f 1486 1488 1536
f 1536 1488 1489
f 1536 1489 1537
f 1537 1489 1557
f 1541 1536 1537
f 1537 1538 2478
f 1537 1557 1538
f 1539 1541 1540
f 1540 1541 1542
f 1534 1540 1543
f 1540 1542 1543
f 1543 1542 1544
f 1541 1537 1542
f 1544 2478 2125
f 818 1547 1548
f 1547 1549 1550
f 1547 1550 1548
f 1548 1550 2131
f 818 1548 820
f 1548 2131 1553
f 1549 1534 1550
f 1550 1534 1552
f 1534 1543 2589
f 820 1553 2042
f 1544 2125 1546
f 2129 2133 1520
f 1509 1557 1489
f 1557 1558 1538
f 1538 1558 1556
f 2133 1556 1520
f 2414 864 850
f 864 943 850
f 2415 2137 2145
f 2139 881 2138
f 859 857 860
f 859 860 904
f 2540 858 2479
f 858 2519 913
f 861 852 862
f 861 862 863
f 862 866 863
f 2414 861 864
f 861 863 864
f 863 865 864
f 864 865 943
f 865 955 943
f 863 867 865
f 865 868 955
f 865 867 868
f 858 866 862
f 858 913 866
f 863 866 867
f 866 870 867
f 866 913 870
f 2415 884 869
f 867 886 868
f 868 885 965
f 868 886 885
f 867 870 886
f 870 935 886
f 882 2138 2143
f 883 2145 1041
f 2415 883 884
f 883 1040 884
f 885 888 984
f 885 886 887
f 886 935 887
f 885 887 888
f 887 1048 888
f 887 937 1048
f 891 2147 2148
f 895 890 894
f 895 2149 2502
f 896 898 916
f 916 898 921
f 2150 899 896
f 898 897 921
f 897 901 900
f 921 900 922
f 2152 899 903
f 859 904 906
f 2402 907 905
f 907 2403 905
f 859 906 2519
f 913 2519 912
f 907 909 2403
f 907 908 909
f 908 920 909
f 870 913 933
f 912 933 913
f 870 933 935
f 912 914 933
f 908 916 920
f 916 925 920
f 916 921 925
f 921 922 926
f 895 894 2153
f 2153 894 932
f 2155 2156 2200
f 933 1106 935
f 933 914 1106
f 914 936 1106
f 935 1106 937
f 887 935 937
f 2628 940 942
f 2628 944 945
f 2628 851 944
f 851 943 944
f 944 953 946
f 2628 945 940
f 944 946 945
f 945 946 950
f 948 949 947
f 949 952 2158
f 952 951 2590
f 951 952 949
f 942 2157 2159
f 943 955 953
f 944 943 953
f 953 964 956
f 950 946 957
f 953 956 946
f 946 956 957
f 956 954 957
f 955 965 964
f 953 955 964
f 868 965 955
f 956 966 954
f 964 966 956
f 950 957 958
f 950 958 951
f 957 961 958
f 958 961 960
f 954 961 957
f 958 960 2590
f 952 959 969
f 959 970 969
f 960 963 959
f 954 967 961
f 970 963 972
f 960 962 963
f 960 961 962
f 961 967 962
f 962 968 963
f 963 968 975
f 964 983 966
f 964 965 983
f 965 984 983
f 885 984 965
f 954 966 985
f 954 985 967
f 968 1022 975
f 962 988 968
f 962 967 988
f 968 988 1024
f 952 969 2161
f 970 973 2480
f 970 972 973
f 973 972 974
f 973 974 977
f 972 997 974
f 963 975 972
f 972 975 997
f 2164 2174 2618
f 2170 2444 2172
f 982 2168 2211
f 966 987 985
f 966 983 987
f 985 989 967
f 967 989 988
f 983 1157 987
f 983 984 1157
f 985 987 986
f 985 986 989
f 1157 984 1159
f 888 1159 984
f 988 1158 1024
f 988 989 1158
f 2549 993 2220
f 968 1024 1022
f 974 997 994
f 974 994 2617
f 994 999 995
f 994 998 1001
f 975 1006 997
f 994 997 998
f 997 1006 998
f 994 1001 999
f 999 1001 1000
f 999 1000 1005
f 1000 1001 1019
f 996 1003 1002
f 1005 1010 1003
f 975 1022 1006
f 1006 1029 998
f 1001 998 1027
f 998 1029 1027
f 1001 1027 1019
f 2162 2176 2180
f 1005 1000 1013
f 1000 1019 1007
f 1000 1007 1013
f 1013 1007 1008
f 1007 1009 1008
f 1008 1009 1371
f 1009 1365 1371
f 1003 1010 1011
f 1005 1013 1010
f 1003 1011 1004
f 1010 1013 1014
f 1010 1014 1015
f 1010 1015 1011
f 1011 1015 1016
f 1012 1016 1018
f 1013 1008 1014
f 1014 1372 1015
f 1015 1372 1016
f 1014 1008 1370
f 1014 1370 1372
f 1008 1371 1370
f 1016 1372 1017
f 1007 1020 1009
f 1019 1027 1031
f 1019 1031 1020
f 1007 1019 1020
f 1009 1021 1365
f 1020 1021 1009
f 1021 1398 1365
f 1022 1026 1006
f 1022 1024 1023
f 1022 1023 1026
f 1024 1205 1023
f 1158 1205 1024
f 1026 1023 1025
f 1006 1026 1029
f 1027 1207 1031
f 1027 1029 1207
f 1029 1206 1207
f 1026 1206 1029
f 1026 1025 1206
f 2182 1028 2238
f 1020 1031 1032
f 1020 1032 1021
f 2181 2178 2184
f 1207 1214 1031
f 1031 1214 1032
f 1032 1033 1021
f 1033 1398 1021
f 1033 1402 1398
f 2482 1030 2242
f 1043 1080 1040
f 2186 2146 2187
f 1044 2185 2189
f 2188 2187 2193
f 888 1048 1049
f 1049 1083 1159
f 1048 1082 1049
f 1048 1081 1082
f 1049 1082 1083
f 2445 2196 1078
f 1078 1079 1096
f 1096 1079 1184
f 2191 1084 1043
f 1084 1086 1080
f 1081 1100 1082
f 1081 1142 1100
f 1082 1101 1083
f 1082 1100 1101
f 1083 1098 1180
f 1083 1101 1098
f 1084 2197 1086
f 1085 1089 2197
f 1089 1091 2197
f 2197 1091 1088
f 1091 1129 1088
f 1089 1095 1090
f 1089 1090 1091
f 1090 1092 1091
f 1090 1093 1092
f 1089 2550 1095
f 2550 2417 1095
f 1095 1097 1102
f 1095 1094 1097
f 1094 2418 1099
f 1096 1184 1099
f 1099 1184 1181
f 1097 1099 1098
f 1098 1099 1181
f 1094 1099 1097
f 1100 1102 1101
f 1100 1142 1093
f 1098 1101 1097
f 1097 1101 1102
f 1090 1095 1102
f 1090 1102 1093
f 1100 1093 1102
f 932 1104 2199
f 2446 2199 2203
f 937 1106 1108
f 937 1108 1081
f 1106 936 1108
f 1108 936 1107
f 1048 937 1081
f 1111 1104 1109
f 2199 1104 1111
f 1111 1109 1112
f 1115 1118 2419
f 1118 1115 1146
f 1117 1119 2204
f 1118 1120 1117
f 1118 1146 1120
f 1120 1146 1121
f 1120 1121 1125
f 1120 1123 1119
f 1120 1124 1123
f 1120 1125 1124
f 1121 1126 1125
f 1127 1107 1128
f 1108 1107 1142
f 1081 1108 1142
f 1107 1127 1142
f 1093 1127 1092
f 1091 1132 1129
f 1114 1129 1133
f 1131 1114 1133
f 1130 1114 1131
f 1127 1128 1092
f 1091 1092 1132
f 1092 1128 1132
f 1115 1130 1131
f 1131 1133 1135
f 1131 1135 1138
f 1131 1138 1115
f 1115 1138 1137
f 1146 1115 1137
f 1137 1138 1136
f 1093 1142 1127
f 1137 1136 1145
f 1137 1145 1146
f 1145 1136 1143
f 1145 1143 1121
f 1121 1146 1145
f 1121 1143 1149
f 1121 1149 1126
f 2210 2172 2212
f 2211 2171 2215
f 2208 2209 2223
f 888 1049 1159
f 987 1160 986
f 987 1157 1160
f 989 1162 1158
f 989 986 1162
f 1157 1175 1160
f 1157 1159 1175
f 986 1161 1162
f 986 1160 1161
f 1158 1178 1205
f 1158 1162 1178
f 2171 2216 2217
f 2213 2217 2231
f 2220 1163 2420
f 2196 1047 2224
f 2196 2224 1079
f 1079 1167 1184
f 1079 1165 1167
f 1184 1167 1185
f 1167 1187 1185
f 1168 1172 1188
f 1170 1171 1172
f 1172 1173 2423
f 1171 1174 1173
f 1159 1180 1175
f 1083 1180 1159
f 1183 1182 1175
f 1160 1175 1182
f 1160 1182 1161
f 1183 1175 1180
f 1182 1176 1161
f 1162 1161 1177
f 1162 1177 1178
f 1161 1176 1177
f 1205 1178 1179
f 1178 1177 1192
f 1178 1192 1179
f 1180 1181 1183
f 1098 1181 1180
f 1182 1186 1176
f 1183 1181 1185
f 1183 1185 1186
f 1184 1185 1181
f 1185 1187 1186
f 1187 1188 1186
f 1168 1188 1187
f 1182 1183 1186
f 1176 1186 1188
f 1176 1188 1189
f 1177 1189 1192
f 1173 1190 2629
f 1176 1189 1177
f 2629 1190 1191
f 1189 2629 1192
f 1191 1194 1192
f 1190 2481 1193
f 1192 1194 1179
f 1194 1216 1179
f 1194 1198 1216
f 1174 2481 1190
f 1193 2609 1197
f 2609 1196 1197
f 2234 2235 1196
f 1216 1198 1221
f 1193 1198 1194
f 1193 1197 1198
f 1196 1202 1197
f 1198 1199 1221
f 2235 2236 1200
f 1196 1200 1202
f 1197 1202 1199
f 1202 1224 1199
f 1202 1201 1224
f 1023 1205 1204
f 1023 1204 1025
f 1204 1217 1025
f 1207 1210 1214
f 1206 1210 1207
f 1025 1217 1209
f 1206 1209 1210
f 1206 1025 1209
f 2239 2238 2240
f 1219 2240 2246
f 1214 1211 1032
f 1032 1211 1033
f 1211 1212 1033
f 1033 1212 1402
f 1212 1582 1402
f 1214 1215 1211
f 1210 1215 1214
f 1235 2244 2251
f 1205 1179 1204
f 1204 1216 1217
f 1179 1216 1204
f 1209 1217 1220
f 1210 1218 1215
f 1210 1209 1218
f 1209 1220 1218
f 1218 1236 1215
f 1216 1221 1217
f 1217 1221 1220
f 1199 1222 1221
f 1220 1221 1222
f 1223 1225 1224
f 1199 1224 1222
f 1224 1225 1227
f 1220 1222 1226
f 1218 1226 1236
f 1220 1226 1218
f 1222 1227 1226
f 1225 1231 1227
f 1226 1227 1228
f 1226 1228 1236
f 1227 1231 1228
f 2247 2245 1223
f 1225 1229 1231
f 1230 2248 1232
f 1231 1232 1239
f 1211 1215 1233
f 1211 1233 1212
f 1215 1236 1233
f 1233 1236 1237
f 1233 1237 1234
f 1212 1233 1234
f 1212 1234 1582
f 2249 1240 2250
f 1228 1237 1236
f 1228 1231 1239
f 1228 1239 1237
f 1237 1239 1241
f 1234 1597 1582
f 1237 1241 1234
f 1234 1241 1597
f 1232 1238 1239
f 2248 2250 1238
f 1239 1244 1241
f 1238 1243 1244
f 1239 1238 1244
f 1241 1244 1601
f 1241 1601 1597
f 1244 1242 1601
f 1243 2505 1242
f 1243 1240 2505
f 900 901 1245
f 900 1253 922
f 900 1245 1253
f 901 1246 1245
f 1245 1247 1260
f 1253 1245 1260
f 1246 2252 2253
f 1246 1248 1247
f 1247 1248 1268
f 2253 2252 2254
f 1249 1251 2255
f 1268 1249 2256
f 2256 1250 1277
f 1251 1252 2255
f 1251 1284 1252
f 1284 1286 1252
f 922 1259 926
f 922 1253 1259
f 1253 1260 1261
f 1259 1253 1261
f 1247 1268 1260
f 1260 1268 1270
f 1260 1270 1261
f 1268 1273 1270
f 1268 2256 1273
f 1273 2256 1275
f 2256 1277 1275
f 1276 1275 1278
f 2484 1281 2483
f 1281 1282 1280
f 1282 2425 1291
f 1291 2425 1292
f 2425 1293 1292
f 1284 2265 1286
f 1292 1475 1291
f 1292 1477 1475
f 1292 1293 1476
f 1292 1476 1477
f 1293 1358 1476
f 1278 1325 2483
f 1327 1325 1329
f 2484 1334 1281
f 1327 1330 2484
f 1334 1328 1335
f 1328 1330 1339
f 1330 1331 1339
f 1337 1338 1343
f 1328 1339 1335
f 1335 1340 1337
f 1331 1341 1339
f 1339 1341 1340
f 1340 1341 2426
f 1340 1342 1337
f 1337 1342 1338
f 1342 1413 1338
f 1340 1345 1342
f 1342 2591 1413
f 1343 1338 1357
f 1338 1424 1357
f 2425 1336 1293
f 1293 1343 1358
f 1343 1357 1358
f 1344 2270 2272
f 1345 2563 2591
f 1346 2271 2563
f 1347 1429 2271
f 2273 2272 2274
f 1333 1332 1356
f 1358 1357 1359
f 1357 1455 1359
f 1476 1358 1521
f 1358 1359 1521
f 2277 2274 2278
f 2278 1363 2529
f 1362 2275 2322
f 1373 1366 1367
f 1371 1365 1366
f 1373 1371 1366
f 1367 1382 1390
f 1367 1368 1382
f 1366 1368 1367
f 1368 1369 1382
f 1370 1371 1373
f 1370 1373 1374
f 1372 1370 1374
f 1372 1374 1376
f 1376 1375 2280
f 1373 1367 2485
f 1374 2485 1375
f 1375 2485 1378
f 1375 1378 1377
f 1367 1390 2488
f 1366 1365 1380
f 1366 1380 1368
f 1365 1398 1380
f 1368 1381 1369
f 1380 1381 1368
f 2179 2280 2285
f 1390 1382 1383
f 1390 1383 2486
f 1383 1384 1385
f 1382 1369 1384
f 1382 1384 1383
f 1386 1442 1387
f 1385 1386 1387
f 1383 1387 2487
f 2487 1387 1388
f 1383 1385 1387
f 1387 1442 1388
f 1389 2295 1451
f 1385 1406 1386
f 1386 1406 1446
f 2488 1390 1391
f 1378 1391 1379
f 2487 1394 2486
f 1391 1394 1392
f 1392 2283 2282
f 1394 1389 2283
f 1385 1384 1405
f 1384 1408 1405
f 1369 1408 1384
f 1385 1405 1406
f 1446 1406 1364
f 2489 1379 2281
f 2282 1395 1407
f 1364 1406 1397
f 1364 1397 1396
f 1364 1396 1428
f 1428 1396 1580
f 1397 1590 1396
f 1380 1398 1401
f 1380 1401 1381
f 1369 1404 1408
f 1369 1381 1404
f 1401 1403 1381
f 1398 1402 1401
f 1381 1403 1404
f 1404 1403 1586
f 1404 1586 1587
f 2287 1400 2333
f 1405 1588 1397
f 1405 1408 1588
f 1405 1397 1406
f 1408 1587 1588
f 1404 1587 1408
f 1397 1588 1590
f 2288 1407 2336
f 1413 1411 1414
f 1413 1410 1411
f 1411 1412 1416
f 1415 1416 1412
f 1338 1413 1424
f 1411 1416 1414
f 1413 1414 1424
f 1416 1415 1425
f 1446 1426 1419
f 1426 1417 1419
f 1418 1423 1415
f 1418 1417 1423
f 1415 1433 1418
f 1418 1433 1435
f 1418 1435 1421
f 1419 1417 1421
f 1418 1421 1417
f 1419 1421 1420
f 1421 1435 1422
f 1420 1421 1422
f 1422 1448 1420
f 1422 1438 1448
f 1415 1423 1425
f 1357 1424 1455
f 1424 1453 1455
f 1452 1425 1457
f 1424 1414 1453
f 1414 1452 1453
f 1414 1416 1452
f 1416 1425 1452
f 1425 1423 1454
f 1423 1417 1427
f 1423 1427 1454
f 1417 1426 1427
f 1446 1364 1426
f 1427 1426 1428
f 1427 1459 1454
f 1427 1428 1459
f 1425 1454 1457
f 1364 1428 1426
f 1411 1430 1412
f 1415 1412 2630
f 1432 1434 2630
f 1431 2564 1432
f 1437 1434 2564
f 1434 1439 1433
f 1422 1435 1436
f 1422 1436 1438
f 1438 1440 2290
f 1386 1443 1442
f 1386 1446 1443
f 1419 1420 1443
f 1442 1443 1444
f 1442 1444 1445
f 1444 1447 1445
f 1419 1443 1446
f 1389 1388 2295
f 1443 1420 1444
f 1444 1448 1447
f 1444 1420 1448
f 1447 1449 2297
f 1445 1447 2296
f 1450 2298 2313
f 1453 1452 1458
f 1452 1457 1458
f 1455 1453 1624
f 1453 1458 1624
f 1454 1459 1460
f 1457 1454 1460
f 1428 1580 1459
f 1456 1457 1460
f 1456 1458 1457
f 1359 1455 1625
f 1455 1624 1625
f 1460 1459 1628
f 1580 1628 1459
f 2305 1629 2348
f 2311 2310 2354
f 2313 1466 2356
f 1468 2320 2317
f 1469 2429 1471
f 1477 1478 1475
f 1477 1476 1554
f 1476 1521 1554
f 1477 1503 1478
f 1503 1502 1478
f 1477 1554 1503
f 1468 2319 1122
f 1123 1124 1122
f 1124 1125 1480
f 1125 1126 1481
f 1124 1480 1122
f 1125 1481 1480
f 1479 1482 2320
f 1122 1480 1479
f 2429 2318 2321
f 1126 1491 1481
f 1126 1149 1491
f 1481 1491 1493
f 1481 1493 1483
f 1498 1493 2477
f 1483 1498 1482
f 1502 1513 1508
f 1498 1499 1485
f 2542 1505 2521
f 1510 1511 2521
f 1511 1558 1509
f 1521 1359 1522
f 1524 1519 1520
f 1554 1521 1555
f 1521 1522 1555
f 1525 2322 2325
f 2279 2529 2326
f 2325 1524 2329
f 2327 2326 2331
f 1503 1554 1565
f 1555 1522 1567
f 1522 1637 1567
f 1554 1555 1565
f 1503 1565 1564
f 1565 1555 1570
f 1555 1567 1570
f 2607 1513 1560
f 1511 1559 1558
f 2328 1558 1559
f 2328 1556 1558
f 1513 1564 1560
f 2328 1559 1561
f 1560 1568 1561
f 2328 1520 1556
f 1561 1568 1569
f 1561 1569 1562
f 1564 1565 1566
f 1564 1566 1560
f 1565 1570 1566
f 1560 1566 1568
f 1568 1576 1569
f 1566 1570 1571
f 1566 1571 1568
f 1568 1571 1576
f 1571 1577 1576
f 1567 1641 2593
f 1571 2593 1577
f 1572 1641 1656
f 1569 1576 1563
f 2332 1573 1578
f 1576 1577 1575
f 1577 1572 1578
f 1396 1590 1581
f 1580 1396 1581
f 1580 1639 1628
f 1580 1581 1639
f 1581 1590 1611
f 1401 1402 1583
f 1401 1583 1403
f 1583 1402 1582
f 1403 1583 1595
f 1583 1582 1593
f 1583 1593 1595
f 1403 1595 1586
f 1586 1594 1609
f 1586 1595 1594
f 2334 2333 2339
f 1590 1588 1608
f 1587 1608 1588
f 1587 1609 1608
f 1586 1609 1587
f 1608 1611 1590
f 2337 2336 2566
f 1581 1611 1592
f 1581 1592 1639
f 1595 1593 1599
f 1595 1599 1594
f 2338 1600 1604
f 1582 1597 1593
f 1593 1598 1599
f 1593 1597 1598
f 1599 1612 1594
f 1599 1598 1606
f 1599 1606 1612
f 1597 1601 1598
f 1601 2430 1602
f 1601 1602 1598
f 2430 1603 1602
f 1605 1607 1603
f 1598 1602 1606
f 1602 1603 1606
f 1600 2340 1605
f 1608 1609 1610
f 1609 1613 1610
f 1594 1613 1609
f 1608 1610 1611
f 1611 1610 1615
f 1592 1611 1615
f 2341 2342 2345
f 1594 1612 1613
f 1612 1621 1614
f 1612 1614 1613
f 1613 1614 1617
f 1614 1621 1618
f 1610 1617 1615
f 1615 1617 1616
f 1613 1617 1610
f 1614 2567 1617
f 1617 1619 1616
f 1619 2567 1623
f 1607 1622 2592
f 1606 2592 1612
f 1622 1618 1621
f 1359 1625 1522
f 1624 1458 1626
f 1458 1456 1626
f 1625 1624 1636
f 1624 1626 1636
f 1456 1460 1627
f 1460 1628 1627
f 1626 1456 1638
f 1456 1627 1638
f 1522 1625 1637
f 1625 1636 1637
f 1627 1628 1640
f 1628 1639 1640
f 2304 1630 2349
f 1630 2346 1631
f 1464 2306 2350
f 2352 2361 2351
f 2355 2354 2365
f 1633 2353 1634
f 2353 2356 2369
f 1637 1636 1642
f 1636 1626 1643
f 1626 1638 1643
f 1636 1643 1642
f 1567 1637 1641
f 1637 1642 1641
f 1638 1645 1643
f 1638 1627 1647
f 1627 1640 1647
f 1640 1639 1648
f 1638 1647 1645
f 1647 1640 1651
f 1592 1648 1639
f 1640 1648 1651
f 1641 1642 1644
f 1642 1643 1646
f 1643 1645 1646
f 1642 1646 1644
f 1641 1657 1656
f 1641 1644 1657
f 1644 1659 1657
f 1645 1664 1646
f 1644 1646 1659
f 1646 1664 1659
f 1648 1592 1666
f 1651 1648 1653
f 1648 1666 1653
f 1645 1647 1649
f 1647 1651 1649
f 1645 1649 1664
f 1664 1649 1650
f 1649 1652 1650
f 1651 1653 1652
f 1649 1651 1652
f 1653 1671 1652
f 1650 1652 1654
f 1652 1671 1654
f 1654 1671 1674
f 1654 1674 2371
f 1631 2347 2357
f 2352 1632 2362
f 1655 2360 2359
f 1656 1657 1658
f 1657 1660 1658
f 1656 1658 1579
f 1657 1659 1660
f 1658 1660 1661
f 1659 1664 1665
f 1659 1665 1660
f 1660 1663 1661
f 1660 1665 1663
f 1658 1661 1662
f 1579 1662 2357
f 2362 2364 2363
f 1664 1650 1665
f 1665 1650 2431
f 1654 2364 1650
f 1654 2371 2364
f 1615 1666 1592
f 1615 1616 1666
f 1666 1616 1667
f 1616 1669 1667
f 1653 1666 1667
f 1667 1669 1672
f 1668 1670 1669
f 1670 1673 1672
f 1653 1667 1671
f 1667 1672 1671
f 1671 1672 1674
f 1675 1634 1668
f 2369 1676 2367
f 1678 1 1677
f 1 2432 1677
f 39 1677 16
f 1681 1680 2373
f 1 1681 2575
f 2374 2453 2575
f 3 1682 5
f 2374 2373 4
f 51 2377 3
f 5 1682 1683
f 8 1683 1682
f 1679 5 1683
f 1683 8 37
f 1693 1683 37
f 1680 1681 2552
f 1682 1680 8
f 1681 1 7
f 1687 9 1684
f 1685 2532 10
f 1690 1686 2375
f 1687 1684 1697
f 1697 39 16
f 2532 1685 2533
f 1696 40 1685
f 1684 2532 2533
f 1698 1697 1684
f 1696 1685 1688
f 1689 1696 1688
f 1689 1688 1686
f 1686 1690 1689
f 1700 1690 1722
f 1699 1696 1689
f 1689 1690 41
f 1700 41 1690
f 35 1691 39
f 1744 35 2380
f 1695 1692 36
f 2608 37 8
f 204 38 37
f 1693 37 38
f 1707 1693 1694
f 2608 2552 1695
f 37 2608 204
f 1712 1694 1713
f 1748 1695 36
f 35 39 1701
f 1697 1701 39
f 1702 2621 40
f 1697 1698 1701
f 1752 1701 1698
f 2555 1702 40
f 1703 206 41
f 35 1751 2380
f 207 1752 2621
f 1701 1752 1751
f 206 1699 41
f 48 1705 2376
f 48 5 1679
f 59 1704 60
f 49 1705 1708
f 1705 1679 1707
f 1708 1705 1706
f 1693 1707 1679
f 1704 1708 69
f 2619 69 1708
f 69 2619 1711
f 60 2433 62
f 2433 60 1710
f 62 2433 64
f 61 1710 1709
f 60 1704 69
f 1710 60 76
f 76 69 1711
f 1716 1709 1710
f 1709 1716 1812
f 1706 1707 1712
f 1706 2622 2619
f 1713 2622 1712
f 2619 1714 1711
f 76 1711 1715
f 1711 1714 2631
f 1716 76 1715
f 1716 1715 1717
f 1812 1716 1719
f 1717 1719 1716
f 1718 2631 1714
f 1722 2378 1720
f 85 88 89
f 1724 98 1725
f 1722 2375 2378
f 85 1721 1720
f 89 1724 1721
f 1722 1720 1723
f 138 1723 1720
f 1720 1721 138
f 1727 138 1721
f 1721 1724 1728
f 139 1728 1724
f 1724 1725 139
f 1729 1725 101
f 1721 1728 1727
f 1729 139 1725
f 89 97 98
f 1725 100 101
f 98 99 100
f 100 105 110
f 105 107 110
f 1723 138 1726
f 1730 1726 138
f 138 1727 1730
f 1700 1726 1703
f 1785 1703 1726
f 2507 1730 1727
f 1727 1728 2507
f 1728 139 1731
f 1732 1731 139
f 1729 140 1732
f 1733 188 183
f 1733 185 190
f 185 1734 2491
f 1735 192 193
f 192 1735 1734
f 1736 526 1848
f 2579 1736 1735
f 1735 1736 1737
f 1738 1737 1736
f 1738 1736 1848
f 1741 1737 1742
f 1739 2491 1734
f 1737 1738 1742
f 542 1742 1738
f 1740 1739 202
f 199 1740 369
f 1797 369 1740
f 1797 1740 202
f 1739 1741 202
f 2522 202 1741
f 1741 1742 2522
f 1742 542 1743
f 1743 2522 1742
f 1743 371 2522
f 1745 1692 1744
f 1745 36 1692
f 1744 1747 1745
f 1747 2380 1766
f 36 1745 203
f 1746 203 1745
f 1745 1747 1746
f 1758 1746 1747
f 38 204 205
f 38 1749 1694
f 1749 38 205
f 1713 1749 1771
f 1750 204 1748
f 204 1750 2554
f 1759 1771 1749
f 1771 1759 1778
f 1750 36 203
f 203 1761 1750
f 1755 1751 1752
f 1754 2380 1751
f 1751 1755 1754
f 1699 206 1753
f 208 1753 206
f 1756 208 206
f 1702 2555 1764
f 2380 1754 1766
f 1765 1754 1755
f 1768 1753 208
f 1769 208 1756
f 1762 1757 1746
f 1746 1758 1762
f 1758 224 2381
f 1759 205 218
f 218 2568 1763
f 1761 203 1757
f 219 2600 2458
f 218 1763 1780
f 1763 2601 1780
f 223 1766 1754
f 1767 1765 207
f 207 1764 1767
f 1754 1765 223
f 223 2492 1766
f 2382 223 1765
f 1764 1768 2543
f 1770 1768 208
f 208 1769 1770
f 1768 1770 227
f 1770 229 227
f 225 223 2382
f 225 2492 223
f 2492 225 224
f 2381 224 238
f 224 225 2383
f 1767 2543 2493
f 228 229 251
f 2622 1713 2569
f 1772 1771 1778
f 1773 1714 2622
f 1779 1775 1773
f 1775 1774 1718
f 1717 1776 1719
f 1719 1776 258
f 1775 261 1774
f 258 1776 1777
f 1776 1774 261
f 1778 1759 1760
f 1772 2570 1781
f 1779 1772 1781
f 1780 1760 218
f 2570 1778 2594
f 1780 276 2594
f 1781 282 1783
f 1782 261 1783
f 261 1784 1777
f 1784 261 1782
f 1777 1784 1880
f 1783 282 1782
f 1784 1782 286
f 297 1785 1730
f 1703 1785 1756
f 1730 2507 1787
f 1787 297 1730
f 2507 1786 1787
f 1732 1786 1731
f 1785 297 1788
f 1789 297 1787
f 311 1788 297
f 1756 1788 1769
f 297 1789 311
f 1787 1790 1789
f 1786 1732 298
f 298 1790 1786
f 312 1790 298
f 1788 311 313
f 2459 313 311
f 1792 311 1789
f 311 1792 2459
f 1790 312 1794
f 1793 1794 312
f 1791 312 2634
f 1795 1793 312
f 313 2459 314
f 316 1792 1794
f 1792 316 315
f 315 316 324
f 1794 1793 316
f 324 1793 327
f 1796 1795 1791
f 1791 331 1796
f 331 332 1796
f 1795 1796 333
f 332 2556 1796
f 369 1797 2385
f 1798 2385 1797
f 202 2522 1799
f 1799 371 372
f 711 372 371
f 711 1743 707
f 1800 1798 1799
f 1800 1799 372
f 1802 372 711
f 1800 1803 1798
f 2385 1801 407
f 1801 409 407
f 410 409 411
f 412 1803 1800
f 372 1802 412
f 1802 1923 1804
f 1804 412 1802
f 411 1803 412
f 414 1804 2464
f 415 61 418
f 1709 418 61
f 418 1806 2460
f 1709 1805 418
f 1805 1709 1812
f 1812 439 1805
f 1806 418 1805
f 2460 1806 1809
f 1806 1805 439
f 1809 1806 1813
f 420 427 425
f 425 1807 428
f 1807 1808 451
f 433 451 449
f 451 1808 1821
f 427 1809 1810
f 427 1817 1807
f 1817 427 1810
f 1808 1807 1833
f 1807 1817 1833
f 1814 1812 1719
f 439 1814 441
f 439 1813 1806
f 1813 439 1815
f 1815 1816 1813
f 1815 439 441
f 258 1814 1719
f 1816 1815 1871
f 1810 1813 1816
f 1816 1818 1810
f 1817 1810 1818
f 1818 1819 1817
f 1833 1817 1819
f 1875 1816 1871
f 1818 1875 1820
f 1819 1818 1820
f 1821 455 449
f 452 449 455
f 453 457 456
f 452 1822 457
f 457 1823 456
f 456 1823 2388
f 1824 1821 1811
f 1821 1808 1811
f 455 1821 1824
f 1825 455 1824
f 1822 455 1825
f 1823 1822 459
f 1825 459 1822
f 1826 1828 2388
f 459 1836 1823
f 1823 1836 1826
f 1828 1826 498
f 1827 1828 498
f 463 477 476
f 476 481 478
f 477 1827 481
f 481 1829 482
f 478 481 482
f 1827 477 1828
f 481 1827 1829
f 480 488 484
f 482 1830 480
f 487 1831 568
f 487 488 2495
f 568 1831 572
f 1832 572 1831
f 1860 568 572
f 1830 1839 2494
f 1839 1830 489
f 1830 482 489
f 488 1830 2494
f 2496 2495 2494
f 2494 1839 1840
f 2496 2494 1840
f 1840 501 2496
f 1832 2496 501
f 1864 572 1832
f 1811 1833 1834
f 1811 1834 490
f 491 1811 490
f 1825 1824 491
f 1835 459 1825
f 1834 1819 1886
f 1886 490 1834
f 490 1886 1888
f 648 490 1888
f 491 490 648
f 1835 491 648
f 1890 1837 1835
f 1836 459 1837
f 1826 1836 2389
f 1837 2389 1836
f 498 1826 1838
f 1837 1893 649
f 1838 2389 2583
f 1829 1827 499
f 498 499 1827
f 489 1829 499
f 1838 1841 498
f 499 1841 1842
f 499 500 489
f 500 499 1842
f 1839 489 500
f 501 1844 1832
f 1832 1844 1864
f 1843 1840 1839
f 1843 500 657
f 500 1842 657
f 1845 1840 658
f 1840 1843 658
f 1844 501 1846
f 501 1845 1846
f 1864 1844 757
f 526 529 1848
f 1850 530 529
f 1850 1847 1851
f 530 1849 1848
f 1848 529 530
f 1738 1849 542
f 1854 542 1849
f 529 1847 1850
f 1855 2595 1850
f 1851 1853 1850
f 2435 2623 536
f 1850 1853 1855
f 1855 709 2595
f 542 1854 707
f 710 709 1855
f 1856 1855 1853
f 544 1856 532
f 1856 543 710
f 559 561 565
f 1862 565 1857
f 560 558 559
f 567 571 570
f 569 486 568
f 568 1860 569
f 1858 570 571
f 569 1859 571
f 571 1859 573
f 1859 1860 1861
f 1860 572 1864
f 573 1859 1861
f 1864 1861 1860
f 1861 1865 573
f 565 1862 1863
f 1867 603 1858
f 1862 1858 603
f 1867 1858 573
f 1865 1861 1868
f 604 1868 1861
f 1865 1868 1869
f 1863 603 1866
f 603 1867 2465
f 1866 601 1863
f 1866 603 2465
f 1869 2465 1867
f 1870 601 1866
f 1867 1865 1869
f 757 604 1864
f 601 1870 760
f 1873 1814 258
f 441 1873 1872
f 1871 441 1872
f 1872 1876 1871
f 1872 1873 1879
f 1874 1876 1872
f 1874 1872 619
f 1875 1871 1876
f 1876 2391 1875
f 1820 1875 2391
f 1877 1820 2391
f 1882 1876 1874
f 2391 1882 1878
f 1877 2391 1878
f 1878 1887 1877
f 1879 1880 1881
f 1881 619 1879
f 1881 1880 623
f 1881 622 620
f 1882 1874 620
f 1878 1882 1883
f 1883 1882 635
f 620 635 1882
f 1884 1883 635
f 1887 1878 638
f 1884 638 1883
f 635 620 627
f 635 637 1884
f 1886 1819 1877
f 1837 1890 1893
f 1890 1835 648
f 1886 1877 1887
f 1887 661 1886
f 1888 1903 1889
f 648 1888 1889
f 1891 1903 1905
f 1891 1890 1889
f 1891 1893 1890
f 1891 1889 1903
f 1905 667 1891
f 1893 1891 667
f 1841 1838 1892
f 1908 1893 667
f 649 1908 2583
f 1899 656 1841
f 1842 1841 656
f 1895 1842 656
f 656 1899 1901
f 658 1897 1845
f 1897 658 1896
f 658 657 1896
f 1897 1896 1902
f 1846 1897 2436
f 757 1844 1898
f 1896 657 660
f 657 1895 660
f 1895 656 1901
f 1909 1901 1899
f 1901 660 1895
f 1902 1896 1900
f 661 1887 638
f 1903 1888 661
f 661 1885 1903
f 1903 1904 1905
f 1904 1903 1885
f 1905 1904 1906
f 1907 667 2544
f 1908 1907 671
f 1906 668 2544
f 1905 2544 667
f 1907 669 671
f 2544 670 1907
f 1894 2523 659
f 1910 1901 1909
f 1900 660 1913
f 660 1910 1913
f 2436 1902 1911
f 1912 2436 1911
f 1900 1913 2462
f 1916 1902 2462
f 1911 1916 700
f 1914 1911 700
f 1916 1911 1902
f 1909 1915 2524
f 669 690 2523
f 700 790 1914
f 700 792 790
f 694 1913 1910
f 693 2462 1913
f 1916 2462 696
f 707 1854 708
f 708 709 1917
f 1917 709 710
f 707 708 1921
f 711 1921 1802
f 708 1918 1921
f 739 1918 1917
f 1921 1918 1922
f 1919 710 543
f 710 1919 1917
f 1917 1919 739
f 1920 739 1919
f 1920 1919 714
f 1802 1921 1923
f 1922 741 1921
f 739 1922 1918
f 744 1922 739
f 744 741 1922
f 1923 741 743
f 746 744 747
f 1924 744 739
f 750 1924 1920
f 752 1924 750
f 1924 752 747
f 747 752 751
f 1868 604 758
f 757 758 604
f 1869 1868 1925
f 1926 757 1898
f 758 1926 1927
f 1869 1928 2465
f 1926 1898 1912
f 1925 758 1927
f 1933 1927 1926
f 1927 1929 1925
f 1928 1925 1929
f 787 1931 1934
f 771 786 781
f 786 772 1932
f 1932 787 780
f 1931 787 1932
f 1927 1933 1936
f 1929 1927 1936
f 1936 788 1929
f 1933 1912 1914
f 1930 1931 772
f 1929 1934 1928
f 1934 1929 788
f 790 1935 1914
f 1936 1935 791
f 789 790 792
f 1935 790 789
f 791 779 788
f 787 1934 788
f 787 788 779
f 1936 791 788
f 1914 1935 1933
f 1946 111 1945
f 110 1937 111
f 110 107 1937
f 1937 107 106
f 112 121 2559
f 1939 119 121
f 117 1942 2597
f 1938 2596 2597
f 1947 1940 118
f 1947 1941 1940
f 1941 1939 1940
f 1945 121 119
f 1941 119 1939
f 1948 1946 119
f 1945 119 1946
f 117 114 1942
f 1943 2525 114
f 146 1944 120
f 1944 1947 118
f 1950 146 120
f 1942 2525 1950
f 122 124 2559
f 1945 1937 122
f 1937 1945 111
f 1946 141 111
f 302 1960 141
f 301 1948 1941
f 1941 1947 301
f 1949 301 1947
f 1947 1944 1949
f 1961 1949 1944
f 1965 301 1949
f 302 141 1946
f 1946 1948 302
f 303 1961 146
f 146 1950 1962
f 1962 303 146
f 1951 1962 1950
f 1949 1961 1965
f 155 153 158
f 159 169 168
f 159 1952 169
f 168 169 2395
f 1952 163 164
f 164 1955 1952
f 180 1955 1954
f 180 182 167
f 169 180 167
f 2395 167 173
f 1953 175 2437
f 180 1954 182
f 1955 180 1952
f 2437 167 182
f 182 1954 1958
f 1953 2437 2571
f 182 181 2437
f 164 1956 1955
f 1955 1956 1957
f 1954 1955 1957
f 1980 1954 1957
f 1959 1958 1982
f 1982 2499 1959
f 2497 299 1960
f 299 2497 320
f 338 320 2497
f 1948 301 1964
f 1967 1964 301
f 301 1965 1967
f 2497 1960 302
f 302 1964 2497
f 1968 1965 1961
f 1969 303 1962
f 1962 1963 1969
f 1966 1967 1965
f 1967 1966 1972
f 339 1972 1966
f 1967 304 1964
f 1972 304 1967
f 336 1968 303
f 1965 1968 1966
f 303 1969 336
f 337 336 1969
f 1969 1970 337
f 1966 1968 339
f 1971 335 331
f 335 332 331
f 1972 339 1974
f 338 345 320
f 1975 338 304
f 1972 1974 1975
f 1976 339 1968
f 336 337 1977
f 1973 1977 337
f 336 1977 1976
f 2396 1974 339
f 347 1974 2397
f 1973 1052 340
f 339 1976 2396
f 341 2396 1976
f 1977 340 341
f 341 340 362
f 344 345 338
f 346 345 348
f 1975 347 344
f 1956 1978 1957
f 1981 1978 368
f 1981 1957 1978
f 1979 368 1978
f 368 1985 1988
f 1980 1957 1981
f 1982 1980 1983
f 1981 1983 1980
f 1983 1989 1982
f 1983 1981 1984
f 1984 368 1988
f 1989 1983 1984
f 1985 1979 374
f 374 1986 1985
f 1986 374 381
f 375 381 374
f 2468 1988 388
f 1989 1984 2468
f 1986 392 391
f 391 396 388
f 1990 388 396
f 1953 503 502
f 502 503 2514
f 2514 508 502
f 502 508 507
f 507 513 514
f 181 1995 2571
f 503 1995 1991
f 2514 503 1991
f 1993 2514 1992
f 2398 1993 1992
f 508 1993 513
f 1994 517 2626
f 513 1993 2625
f 2398 2625 1993
f 1997 1996 1995
f 1991 1995 1996
f 1996 1992 1991
f 1996 1997 1998
f 1997 1959 2499
f 2499 701 1997
f 1998 1997 701
f 1998 1999 1996
f 1992 1996 1999
f 1992 539 2398
f 539 1992 1999
f 1999 703 539
f 560 2586 558
f 583 560 562
f 578 2586 583
f 560 583 2586
f 566 2012 2000
f 578 2002 579
f 579 2001 2469
f 2001 579 2002
f 583 2000 2002
f 2000 583 566
f 2001 2438 582
f 582 2003 581
f 2003 2004 593
f 2002 2000 2009
f 2003 582 2438
f 593 2004 595
f 2004 2007 595
f 595 2005 597
f 2005 2006 597
f 597 2006 1314
f 2005 595 2007
f 2007 598 2005
f 2006 2005 598
f 2001 2009 2438
f 2000 2012 2013
f 2014 2438 2010
f 2009 2000 2013
f 2014 2004 2003
f 2004 2014 2011
f 2011 2007 2004
f 2007 2017 598
f 2017 2007 2011
f 598 2017 610
f 2008 598 610
f 2012 566 601
f 2027 2012 759
f 2027 2013 2012
f 2014 2020 2016
f 2016 767 2011
f 2017 2011 767
f 610 2030 2015
f 2030 610 2018
f 610 2017 2018
f 2019 2013 2029
f 2013 2027 2029
f 2010 2013 2019
f 2020 2010 2019
f 2020 2019 766
f 2018 2017 767
f 2499 2021 701
f 701 2021 2539
f 2499 1989 2498
f 2024 702 2021
f 1999 1998 2022
f 2025 2023 2022
f 703 1999 2023
f 2023 2400 703
f 1990 389 2024
f 389 715 702
f 2025 702 715
f 2026 2023 2025
f 723 729 2026
f 732 734 733
f 2028 759 2598
f 2029 2027 2028
f 2029 766 2019
f 766 2606 2020
f 2031 2016 2606
f 2018 767 2032
f 767 2031 2032
f 2030 2018 2412
f 2032 2412 2018
f 2031 2606 2035
f 2035 2032 2031
f 766 2039 2040
f 2039 766 2029
f 2041 2035 2034
f 2032 2035 2620
f 2413 2412 2620
f 781 2037 771
f 770 771 2037
f 2038 2598 770
f 770 800 2038
f 800 770 2037
f 2039 2038 801
f 2039 2028 2038
f 801 2040 2039
f 2038 800 801
f 2040 2043 2034
f 2036 2413 2042
f 2041 2034 2043
f 2043 819 2041
f 2620 2041 819
f 2620 2044 2413
f 2044 2620 819
f 810 2040 801
f 2043 2040 810
f 810 813 2043
f 814 816 815
f 2043 814 819
f 815 818 820
f 815 2044 819
f 2044 820 2042
f 113 2472 1943
f 2048 824 2046
f 826 839 2051
f 2046 2047 2050
f 2049 2052 2048
f 2049 2048 2046
f 1943 2045 2526
f 2052 2526 2045
f 2046 2050 2049
f 2049 2050 872
f 2058 872 2050
f 827 2050 2047
f 2047 826 827
f 2058 2050 827
f 871 827 826
f 2055 2051 842
f 827 871 2054
f 826 2051 871
f 2055 871 2051
f 826 837 839
f 2051 841 842
f 839 840 841
f 841 856 842
f 856 860 869
f 2052 2049 2057
f 2067 2057 2053
f 2060 2054 871
f 2056 1951 2526
f 1035 2067 2053
f 1963 2056 1034
f 872 2058 2068
f 2068 1035 872
f 2058 2059 2068
f 2054 2060 2059
f 2055 880 2060
f 2061 912 2519
f 2061 910 915
f 2064 2404 928
f 910 2404 915
f 915 2064 934
f 2064 928 2627
f 910 918 2404
f 927 1256 2473
f 2473 1265 1267
f 927 2473 2062
f 928 2062 2065
f 1288 2063 1267
f 2518 2064 2627
f 2081 938 2518
f 2081 2518 2627
f 928 2065 2627
f 2409 939 2065
f 2065 2063 2409
f 2066 2409 2063
f 2066 2063 1288
f 2627 2065 939
f 2057 1034 2056
f 2057 2067 2070
f 2074 2070 2067
f 1963 1034 1970
f 1050 1970 1034
f 2068 2076 2075
f 1035 2068 2075
f 2059 2060 2069
f 2069 2076 2059
f 2071 1050 2070
f 2070 2074 2071
f 1970 1050 1973
f 1035 2075 2517
f 2072 2076 2069
f 2060 880 2069
f 1045 2069 880
f 2069 1045 2072
f 2073 1050 2071
f 2073 1973 1050
f 1051 1053 2517
f 1053 2074 2517
f 2073 2071 2475
f 1053 2475 2071
f 2517 2075 1051
f 2076 2072 2078
f 2079 1072 2072
f 2075 2078 1051
f 1052 1973 2073
f 1055 2475 1053
f 1056 1055 1066
f 1051 1057 1055
f 1066 1057 1069
f 1057 2078 1072
f 2080 2079 2077
f 2079 1073 1072
f 2077 2072 1045
f 1088 2080 1086
f 938 2081 2407
f 1153 2407 2081
f 2407 1153 1134
f 2409 2082 2083
f 1473 2082 2066
f 2084 2082 1473
f 2084 2087 2082
f 2410 1128 1139
f 1134 1153 2085
f 1147 2085 1148
f 2083 2087 2086
f 2088 1153 2086
f 1490 2087 2084
f 1154 2087 1490
f 2088 1154 1148
f 1148 1154 1152
f 2088 2085 1153
f 1265 1258 1266
f 1266 1263 1264
f 2090 1264 2092
f 2089 1267 1265
f 1266 2090 2089
f 2093 1267 2089
f 1267 2093 1288
f 2090 2092 2091
f 2095 2091 2092
f 2089 2091 2093
f 1264 1271 1272
f 2092 1272 1290
f 1279 1280 1282
f 2092 1290 2095
f 2091 2095 2094
f 2093 2094 2439
f 1291 2096 1290
f 2094 2095 1289
f 1475 2096 1291
f 1326 1309 2102
f 2097 2102 1309
f 2102 2097 1360
f 2100 1360 2097
f 1315 2440 1317
f 2008 2098 1315
f 1315 2006 2008
f 2546 1321 2411
f 1321 2101 1322
f 2098 2099 2440
f 2098 2008 2015
f 2103 2099 2098
f 2097 2411 2100
f 2105 2100 2411
f 2411 1322 2105
f 2101 1320 2547
f 2106 1322 2101
f 1322 2106 2105
f 2102 1329 1326
f 1332 2102 1360
f 2099 2103 1354
f 1323 2099 2527
f 2103 2015 2107
f 2015 2030 2107
f 2107 1354 2103
f 1361 2100 2441
f 2100 2105 2441
f 2105 2106 2104
f 2109 2104 2106
f 2119 1354 1518
f 2108 2441 2104
f 2109 1323 2527
f 2104 2109 2108
f 2100 1361 1360
f 2441 2110 1361
f 2066 1288 1473
f 1474 1473 2439
f 2111 2094 1289
f 1473 1474 2084
f 2112 2084 1474
f 1474 2116 2112
f 2113 2116 2111
f 2114 1289 2096
f 2111 1289 2113
f 2115 2113 2114
f 2115 2114 1478
f 2084 2112 1490
f 1501 1490 2112
f 2117 2116 2113
f 2112 2116 1501
f 2117 1501 2116
f 1490 2476 1154
f 1501 2117 2530
f 2113 2115 2118
f 1504 2118 2115
f 2113 2118 2117
f 1507 2118 1504
f 2118 1507 1500
f 1506 1507 1512
f 1512 1507 1504
f 2107 2030 2500
f 2119 1518 2120
f 2120 1355 2119
f 2500 1518 2107
f 2121 2120 1518
f 2108 2501 2441
f 1355 2124 2109
f 2121 2500 2036
f 2122 1355 2120
f 2120 2121 2127
f 2122 2120 2127
f 2124 1355 2122
f 2108 2124 2123
f 2122 2130 2124
f 1545 1523 2110
f 1523 1545 2129
f 1519 1523 2129
f 2125 2478 2133
f 2121 2036 2126
f 2126 2127 2121
f 2131 2127 2126
f 2036 2042 1553
f 2122 2127 2128
f 2129 1545 2125
f 1546 2125 1545
f 1546 1545 2501
f 2132 2130 1551
f 2129 2125 2133
f 2130 2122 2128
f 2128 2127 1552
f 820 1548 1553
f 2131 1552 2127
f 1552 2589 2128
f 2130 2128 1551
f 2132 1544 1546
f 1544 2132 1551
f 2133 1538 1556
f 1538 2133 2478
f 2414 2135 2442
f 861 2414 2442
f 2414 2139 2135
f 2136 853 2135
f 2140 853 2137
f 853 2136 2137
f 2137 2136 879
f 882 879 2136
f 2137 2415 2140
f 2145 2137 879
f 2142 881 2134
f 2136 2138 882
f 2138 2136 2135
f 854 2141 857
f 852 854 2479
f 2140 854 853
f 852 853 854
f 2540 857 859
f 869 2141 2415
f 869 860 2141
f 857 2141 860
f 2141 854 2140
f 1042 2144 882
f 2415 2145 883
f 879 882 2144
f 2144 2145 879
f 2138 881 2143
f 2146 2143 881
f 881 2142 2146
f 882 2143 1042
f 2166 2207 2142
f 2144 1042 2185
f 883 1041 1040
f 2145 2144 1041
f 2144 2185 1041
f 2186 1042 2143
f 2143 2146 2186
f 2402 2147 907
f 2147 2402 890
f 2147 891 908
f 891 2150 896
f 891 2148 2502
f 896 899 898
f 899 2152 897
f 901 2152 902
f 2150 2151 899
f 2151 2150 2149
f 899 2151 903
f 903 2151 2155
f 2252 901 902
f 903 902 2152
f 2443 903 2155
f 902 903 2443
f 895 2153 2149
f 2149 2153 2156
f 2156 2153 2154
f 2151 2149 2156
f 2156 2155 2151
f 2200 2156 2154
f 2155 2200 2202
f 2443 2155 2202
f 2202 2261 2443
f 941 2541 851
f 940 2157 942
f 947 949 2160
f 948 951 949
f 2158 952 2161
f 947 2157 940
f 949 2158 2160
f 2160 2158 2416
f 2134 2541 2142
f 942 979 941
f 2167 979 942
f 942 2159 2167
f 2160 2444 947
f 2160 2416 982
f 2158 2161 981
f 2548 2551 2480
f 2480 971 2548
f 2163 2548 971
f 2618 978 2164
f 2162 2164 978
f 990 2173 2548
f 2163 990 2548
f 2163 2174 993
f 980 2166 979
f 979 2167 980
f 980 2169 2166
f 980 2167 2209
f 2167 2159 1155
f 2170 1155 2159
f 2170 2159 2444
f 2168 2416 981
f 2168 982 2416
f 2169 2207 2166
f 980 2209 2169
f 2167 1155 2209
f 2210 1155 2170
f 2444 982 2172
f 2211 2172 982
f 2171 2211 2168
f 2170 2172 2210
f 981 2503 2216
f 2173 2549 991
f 2168 2216 2171
f 2218 2219 2632
f 2220 2218 2549
f 2175 993 2174
f 992 2174 2164
f 2164 2165 992
f 2175 2174 992
f 991 2549 2218
f 2421 1163 2175
f 992 2165 2221
f 2175 992 2421
f 978 1002 2162
f 1002 2176 2162
f 1002 1003 2176
f 2177 1012 2178
f 1004 2177 2176
f 2165 2164 2162
f 2162 2180 2165
f 1028 2180 2176
f 2176 2177 1028
f 2181 1028 2177
f 1004 1011 1012
f 1018 1016 1017
f 1012 1018 2178
f 1017 1372 1376
f 1017 1376 2280
f 1030 2184 1018
f 2177 2178 2181
f 2179 1030 1018
f 2183 1030 2179
f 2182 1208 2180
f 2182 2180 1028
f 1213 2238 2181
f 2239 1208 2182
f 1028 2181 2238
f 2182 2238 2239
f 2181 2184 1213
f 1584 2242 2183
f 2482 1213 2184
f 2243 1213 2482
f 1030 2482 2184
f 1030 2183 2242
f 1046 2185 1042
f 1044 1043 1041
f 2188 1046 2186
f 2146 2207 2187
f 2186 2187 2188
f 1042 2186 1046
f 2214 2187 2207
f 1041 2185 1044
f 1044 2191 1043
f 2185 1046 2189
f 2187 2214 2193
f 2192 1046 2188
f 2190 2189 1046
f 1044 2189 2191
f 2190 1077 2189
f 2191 1077 1085
f 1046 2192 2190
f 2445 2194 2192
f 2196 2193 1047
f 2192 2188 2445
f 2195 1077 2190
f 1078 2194 2445
f 2194 1078 2418
f 2196 1079 1078
f 1085 1084 2191
f 2197 1084 1085
f 1086 2197 1088
f 2153 2198 2154
f 2201 2154 2446
f 2199 2446 2198
f 2201 2446 2204
f 2200 2154 2201
f 2202 2200 2447
f 2201 2447 2200
f 2447 2205 2202
f 2203 2199 1111
f 2203 1111 2419
f 1112 1130 1111
f 2203 1117 2204
f 2201 2204 1116
f 2205 2447 1116
f 2204 1119 1116
f 1117 1120 1119
f 2206 1116 1119
f 2206 1119 1123
f 2206 1123 1122
f 2207 2169 2214
f 2208 2214 2169
f 2169 2209 2208
f 1156 2209 1155
f 1155 2210 1156
f 2172 2211 2212
f 2215 2212 2211
f 2210 2212 2448
f 2213 2215 2171
f 2209 1156 2223
f 2214 2208 1047
f 1164 1047 2208
f 2208 2223 1164
f 2225 2223 1156
f 1156 2448 2225
f 2212 2215 2226
f 2448 2212 2226
f 2227 2226 2215
f 2215 2213 2227
f 2171 2217 2213
f 2216 2632 2217
f 1195 2219 2218
f 2217 2219 2231
f 2231 2219 2449
f 2420 2218 2220
f 2218 2420 1195
f 2222 1163 2421
f 2237 2221 1208
f 2420 1163 2232
f 1163 2222 2232
f 2222 2236 2232
f 2221 2237 2233
f 2422 1164 2223
f 1047 1164 2224
f 1169 2225 2448
f 2448 2226 1169
f 2424 1169 2226
f 2225 1169 2228
f 2422 1165 1164
f 1165 2224 1164
f 2424 1170 1169
f 1170 2228 1169
f 2422 2228 1166
f 2224 1165 1079
f 1167 1165 1166
f 1166 2228 1168
f 1174 2229 2230
f 2424 1171 1170
f 1172 1171 1173
f 2229 1174 1171
f 1173 1174 1190
f 2230 2481 1174
f 2234 2449 1195
f 2481 2230 2449
f 1195 2420 2235
f 2236 2222 1203
f 2245 2247 2237
f 2232 2236 2235
f 2234 1196 2609
f 2235 1200 1196
f 1201 2236 1203
f 1202 1200 1201
f 2236 1201 1200
f 1224 1201 1223
f 1208 2239 2237
f 1219 2237 2239
f 2237 1219 2245
f 2239 2240 1219
f 2238 1213 2241
f 2240 2241 2246
f 2249 2246 2241
f 1213 2243 2241
f 2504 2242 1584
f 1235 2249 2243
f 2241 2243 2249
f 2243 2244 1235
f 2242 2504 2244
f 2338 2251 2504
f 1230 2245 1219
f 1219 2246 1230
f 2248 1230 2246
f 1201 1203 1223
f 1225 1223 1229
f 2245 1230 1229
f 1229 1230 1232
f 1232 2248 1238
f 1240 2249 1235
f 2246 2249 2248
f 2250 2248 2249
f 1235 2251 1240
f 1243 2250 1240
f 2250 1243 1238
f 2505 1240 2251
f 1242 2505 1604
f 901 2252 1246
f 1245 1246 1247
f 1246 2253 1248
f 1248 2253 2257
f 902 2258 2252
f 2252 2258 2254
f 2254 2258 2259
f 1283 2253 2254
f 1283 2257 2253
f 2259 1283 2254
f 1248 2257 1249
f 1248 1249 1268
f 1249 2255 2256
f 1249 2257 1251
f 2256 2255 1250
f 2255 1252 1250
f 2264 2257 1283
f 2264 1284 1251
f 1251 2257 2264
f 2260 2259 2258
f 2259 2260 1467
f 2260 2443 2261
f 2261 1467 2260
f 2262 2259 1467
f 1283 2259 2262
f 2262 2266 1283
f 2266 2262 2263
f 1283 2266 2264
f 1284 2264 2265
f 2265 2264 2266
f 1469 2265 2266
f 2268 2267 1330
f 1330 2267 1331
f 2267 2269 1331
f 2268 1329 1332
f 1331 2269 1341
f 2269 2267 2450
f 2269 1344 1341
f 1341 1344 2426
f 1344 2272 1346
f 1344 2269 2270
f 2450 2270 2269
f 1346 2272 2273
f 2271 1346 2273
f 2273 2289 2572
f 2450 2276 2270
f 2270 2274 2272
f 2274 2270 2276
f 2273 2274 2277
f 2277 2289 2273
f 2450 2275 1362
f 1362 2276 2450
f 1362 1363 2276
f 2276 2278 2274
f 2278 2276 1363
f 2277 2278 2279
f 2529 2279 2278
f 2279 2299 2277
f 2275 1333 1356
f 1356 2322 2275
f 1363 1362 1525
f 1362 2322 1525
f 2280 1375 1377
f 1377 1378 1379
f 2489 1399 1377
f 2489 1377 1379
f 1017 2280 2179
f 1399 2285 2280
f 2179 2285 2183
f 2280 1377 1399
f 2286 1399 2489
f 1393 1391 1392
f 1379 1391 1393
f 1392 2282 1393
f 1392 1394 2283
f 2283 1389 1451
f 1379 1393 2281
f 1407 2281 1393
f 1393 2282 1407
f 2282 2283 1395
f 2284 1395 2283
f 1409 1407 1395
f 1400 2285 1399
f 2287 1584 2183
f 2287 2285 1400
f 1399 2286 1400
f 1585 2333 2286
f 2334 1584 2287
f 1400 2286 2333
f 2287 2333 2334
f 2286 2281 1585
f 2288 1585 2281
f 2288 2281 1407
f 2337 1585 2288
f 1407 1409 2336
f 1589 2336 1409
f 2288 2336 2337
f 1431 2292 2564
f 2292 1431 2427
f 2289 2427 2572
f 1431 1347 2427
f 1437 2564 1441
f 2564 2292 1441
f 1439 1434 1437
f 1438 2290 1449
f 1439 2291 1436
f 1438 2291 1440
f 2291 1439 2294
f 2294 2520 2291
f 2301 1441 1462
f 1441 2292 1462
f 2300 1462 2292
f 1437 1441 2301
f 1437 2293 1439
f 2293 1437 2301
f 2294 2293 2302
f 2301 2302 2293
f 2295 1388 1445
f 2297 1449 2290
f 1447 2297 2296
f 2298 2297 2290
f 2296 2297 1450
f 2298 1450 2297
f 1445 2296 2295
f 2295 2296 1465
f 2296 1450 1465
f 1465 1450 2307
f 2309 2284 1451
f 1395 2284 1409
f 2309 2295 1465
f 1438 1449 1448
f 2312 2313 2298
f 1440 2312 2290
f 2298 2290 2312
f 1450 2313 2307
f 2300 2573 2304
f 1462 2305 2301
f 2305 1462 1629
f 1462 2300 1629
f 2304 1629 2300
f 2302 2301 2528
f 2294 2302 2520
f 2306 1464 2528
f 1464 2351 2303
f 2303 2351 2315
f 1465 2307 2428
f 2308 2428 2307
f 2428 2310 2309
f 2309 1465 2428
f 2308 1633 2428
f 1409 2284 2311
f 2311 1589 1409
f 2284 2310 2311
f 2355 1589 2311
f 2311 2354 2355
f 1633 2354 2428
f 2310 2428 2354
f 2312 1440 1463
f 2307 2313 2308
f 2313 2312 1466
f 2312 2314 1466
f 2356 2308 2313
f 1463 2314 2312
f 2314 1463 2303
f 1466 2314 1635
f 2315 1635 2314
f 2356 1466 1635
f 2315 2314 2303
f 2261 2316 1467
f 2316 2261 2205
f 1467 2316 2317
f 2317 2263 2262
f 2319 1468 2316
f 2317 2316 1468
f 2263 2317 2318
f 2320 2318 2317
f 1469 2263 2318
f 2318 2429 1469
f 2206 1122 2319
f 1468 1122 1479
f 2320 1468 1479
f 1479 1483 1482
f 2321 2318 2320
f 2429 2321 2490
f 2490 2321 1482
f 1482 1485 2490
f 1519 2325 2322
f 1363 1525 2323
f 1363 2323 2529
f 2279 2326 2324
f 2299 2279 2324
f 2324 2346 2299
f 2325 1519 1524
f 1525 2325 2330
f 2329 2330 2325
f 2323 1525 2330
f 2324 2326 2327
f 2346 2324 2347
f 2327 2347 2324
f 2323 2331 2326
f 2327 2331 2332
f 1574 2327 2332
f 1524 1562 2329
f 1524 1520 2328
f 1562 1524 2328
f 2328 1561 1562
f 1562 1569 1563
f 2323 2330 2451
f 2329 1562 1563
f 2330 2329 1563
f 1563 2451 2330
f 2331 2323 2451
f 2332 2331 1573
f 2451 1573 2331
f 2347 2327 1574
f 1573 2451 1575
f 2332 1578 1574
f 1563 1576 1575
f 1563 1575 2451
f 1575 1577 1573
f 1578 1656 1579
f 1578 1579 1574
f 1584 2334 2504
f 1596 2504 2334
f 2504 1596 2338
f 2334 2339 1596
f 2333 1585 2335
f 2341 2339 2335
f 1585 2337 2335
f 2335 2337 2341
f 2336 1589 2566
f 1591 2566 1589
f 1600 2338 1596
f 1596 2339 1600
f 2340 1600 2339
f 2251 2338 2505
f 1605 1604 1600
f 1603 2430 1605
f 1603 1607 2592
f 2340 1607 1605
f 2342 2341 2337
f 2339 2341 2340
f 2345 2340 2341
f 1620 2345 2342
f 2337 2566 2342
f 2343 2342 2566
f 2342 2343 1620
f 1622 2345 1620
f 2340 2345 1607
f 2345 1622 1607
f 2592 1622 1621
f 1620 1618 1622
f 1618 1620 2343
f 2346 1630 1461
f 2304 1461 1630
f 2348 1629 2349
f 1629 2304 2349
f 2351 1464 2350
f 2315 2351 2361
f 1631 2346 2347
f 1630 2452 2349
f 2348 2349 2506
f 2348 2506 2359
f 2350 2306 1632
f 2306 2348 1632
f 1632 2352 2350
f 2351 2350 2352
f 2315 2361 2370
f 2359 1632 2348
f 2353 1633 2308
f 2354 1633 2365
f 1589 2355 1591
f 2344 1591 2355
f 2355 2365 2344
f 2344 2343 1591
f 1634 2365 1633
f 2308 2356 2353
f 2370 1635 2315
f 1635 2369 2356
f 2369 1635 1676
f 1635 2370 1676
f 2357 2347 1574
f 2359 2506 1655
f 2506 2358 1655
f 2363 2371 2361
f 2362 1632 2360
f 2363 2361 2352
f 2352 2362 2363
f 1579 1658 1662
f 1579 2357 1574
f 1661 2358 1662
f 1655 1663 2360
f 1663 1655 1661
f 1655 2358 1661
f 2357 1662 2358
f 1663 2431 2360
f 2364 2371 2363
f 2364 2362 2431
f 2366 1634 2353
f 2368 1634 2366
f 1675 1623 2344
f 2344 2365 1675
f 1634 1675 2365
f 1623 1675 1619
f 1670 1672 1669
f 1619 1668 1669
f 1673 2367 2372
f 2368 1668 1634
f 1670 2368 2367
f 1673 1674 1672
f 2371 1674 1673
f 2367 1673 1670
f 2368 1670 1668
f 2372 2367 1676
f 2370 2361 2371
f 2353 2369 2366
f 2367 2366 2369
f 2371 2372 2370
f 1676 2370 2372
f 2366 2367 2368
f 2371 1673 2372
f 2 2453 18
f 1681 2373 2374
f 2374 6 2453
f 2375 84 2378
f 51 48 2376
f 4 2377 52
f 2377 54 52
f 1717 1774 1776
f 2378 85 1720
f 102 2379 104
f 105 102 104
f 2379 103 157
f 2454 145 194
f 153 2379 157
f 190 189 188
f 190 199 189
f 186 191 192
f 2579 525 526
f 2454 194 195
f 219 2381 240
f 2382 1767 2493
f 2434 314 230
f 230 314 252
f 251 230 252
f 2383 241 244
f 365 300 318
f 2384 318 300
f 317 322 2384
f 1797 202 1799
f 387 394 384
f 383 2386 387
f 413 414 740
f 420 425 426
f 2510 438 2387
f 460 472 473
f 2388 477 458
f 487 484 488
f 2390 551 470
f 550 470 551
f 2390 486 551
f 1777 1879 1873
f 2391 1876 1882
f 624 628 622
f 1846 1845 1897
f 669 2523 671
f 745 2392 718
f 779 791 776
f 782 737 785
f 1932 784 786
f 147 2394 149
f 2394 201 2466
f 163 155 158
f 174 2395 173
f 2395 174 171
f 2394 200 201
f 152 308 307
f 308 309 307
f 2396 341 2512
f 305 342 343
f 382 1987 386
f 391 1985 1986
f 2625 2398 523
f 2398 540 523
f 2399 537 535
f 1959 1997 1995
f 539 703 540
f 535 574 2399
f 585 587 589
f 577 591 2515
f 581 593 586
f 2400 727 705
f 719 721 724
f 721 725 724
f 2400 2026 2470
f 2471 794 2401
f 2401 809 2471
f 2472 822 2048
f 2403 911 910
f 915 2404 2064
f 919 924 927
f 923 2405 924
f 2405 1254 1255
f 2405 1255 1256
f 1066 1069 1070
f 2407 1107 936
f 2407 1134 1107
f 2409 2066 2082
f 2410 1141 1140
f 1151 1152 1494
f 1308 2546 1307
f 1302 1307 1309
f 1307 2097 1309
f 1322 2411 1321
f 1500 1497 2530
f 1497 2611 2530
f 1505 1512 1510
f 2030 2412 2033
f 2413 2036 2033
f 1530 1531 1532
f 2126 1553 2131
f 1550 1552 2131
f 2414 850 2139
f 2148 2147 890
f 908 907 2147
f 2148 890 895
f 916 908 896
f 981 2416 2158
f 971 973 977
f 971 977 976
f 2550 1089 1085
f 2418 1096 1099
f 1114 1130 1112
f 2419 1117 2203
f 2222 2421 2233
f 2228 2422 2225
f 1166 1168 1187
f 1168 1170 1172
f 1167 1166 1187
f 1172 2423 1188
f 2424 2229 1171
f 1188 2423 1189
f 1197 1199 1198
f 1222 1224 1227
f 1229 1232 1231
f 1243 1242 1244
f 1242 2430 1601
f 1242 1604 2430
f 2425 1282 1281
f 2443 2260 2258
f 2265 1469 1286
f 1281 1334 2425
f 2268 1332 1333
f 1340 2426 1345
f 1336 1343 1293
f 1345 2426 1346
f 1333 2275 2267
f 1394 2487 1389
f 1378 2488 1391
f 1439 1436 1435
f 2292 2427 2300
f 2429 1484 1471
f 1479 1480 1483
f 1511 1509 2521
f 1603 2592 1606
f 1665 2431 1663
f 2431 1650 2364
f 2432 16 1677
f 2373 1680 1682
f 2374 2575 1681
f 2 2575 2453
f 1 2575 2432
f 2373 3 4
f 3 5 51
f 4 3 2377
f 2432 1687 16
f 2432 2531 1687
f 2375 1686 13
f 2376 1705 49
f 2433 1710 61
f 2580 2433 61
f 2433 2580 64
f 1717 2631 1774
f 2378 86 85
f 2507 1731 1786
f 190 2491 199
f 2380 1747 1744
f 1762 2381 219
f 1762 219 1757
f 2382 1765 1767
f 2434 1770 1769
f 229 1770 2434
f 241 2383 225
f 224 2383 238
f 1792 315 2459
f 1797 1799 1798
f 1801 2385 1798
f 412 1800 372
f 1803 411 409
f 1809 1813 1810
f 420 1809 427
f 1821 449 451
f 480 1830 488
f 1854 2595 709
f 1856 1853 532
f 1858 571 573
f 1867 573 1865
f 1881 623 622
f 638 1878 1883
f 2436 1897 1902
f 671 1894 1908
f 1854 709 708
f 1924 747 744
f 1928 1934 761
f 1938 2597 2545
f 114 117 113
f 2437 173 167
f 335 1971 345
f 335 345 346
f 1975 304 1972
f 2397 2396 2512
f 2396 2397 1974
f 1975 1974 347
f 347 348 344
f 1978 1956 197
f 1978 197 1979
f 1989 2499 1982
f 388 1988 391
f 1995 181 1959
f 2438 2009 2010
f 2010 2009 2013
f 2022 1998 701
f 2413 2033 2412
f 2413 2044 2042
f 2043 813 814
f 2404 918 919
f 2473 1256 1265
f 2062 2063 2065
f 2081 2408 1153
f 2408 2083 2086
f 2082 2087 2083
f 2410 1139 1141
f 2093 2091 2094
f 2093 2439 1288
f 1474 2439 2111
f 2096 2095 1290
f 2098 2440 1315
f 1320 1319 2547
f 2439 1473 1288
f 2036 1553 2126
f 2132 2123 2130
f 2123 2132 1546
f 2442 2135 853
f 852 2442 853
f 861 2442 852
f 2138 2135 2139
f 2415 2141 2140
f 1040 1041 1043
f 908 891 896
f 898 899 897
f 897 2152 901
f 2444 2157 947
f 2157 2444 2159
f 2160 982 2444
f 2503 2173 991
f 2165 1208 2221
f 2165 2180 1208
f 2193 2214 1047
f 2445 2193 2196
f 1096 2418 1078
f 2417 2418 1094
f 2418 2417 2195
f 1085 1077 2550
f 2198 2153 932
f 2198 932 2199
f 2446 2203 2204
f 2205 2261 2202
f 1130 2419 1111
f 1130 1115 2419
f 2447 2201 1116
f 2419 1118 1117
f 2448 1156 2210
f 2421 2221 2233
f 2422 2223 2225
f 2424 2226 2227
f 2231 2230 2213
f 2229 2424 2227
f 2422 1166 1165
f 1168 2228 1170
f 2230 2231 2449
f 2449 2234 2609
f 2420 2232 2235
f 2235 2234 1195
f 2222 2233 1203
f 1203 2233 2247
f 2237 2247 2233
f 2443 2258 902
f 2267 2268 1333
f 2426 1344 1346
f 2275 2450 2267
f 1436 2291 1438
f 2317 2262 1467
f 1573 1577 1578
f 2430 1604 1605
f 2343 1623 1618
f 1631 2452 1630
f 2452 2506 2349
f 1631 2357 2358
f 2506 2452 2358
f 1631 2358 2452
f 2431 2362 2360
f 6 53 2610
f 2453 6 2610
f 109 2454 96
f 96 2454 2612
f 2455 300 365
f 145 144 2455
f 1733 2456 186
f 2454 195 2612
f 190 188 1733
f 192 191 193
f 1737 1734 1735
f 216 2457 144
f 220 221 273
f 240 238 239
f 2457 300 2455
f 300 2457 317
f 2459 315 321
f 2460 420 419
f 485 2461 2390
f 2461 568 486
f 475 550 563
f 287 288 624
f 2574 638 1884
f 638 2574 1885
f 1913 694 693
f 696 700 1916
f 2463 751 731
f 2464 743 742
f 1870 2465 761
f 106 107 2534
f 128 184 129
f 127 106 128
f 149 2466 152
f 149 2394 2466
f 2466 305 308
f 2467 305 343
f 2468 1990 2498
f 1990 2468 388
f 574 576 577
f 574 577 2515
f 2469 576 579
f 2469 581 580
f 577 580 584
f 2469 582 581
f 584 586 585
f 585 592 605
f 721 398 399
f 727 2470 732
f 2026 729 2470
f 734 2470 729
f 765 764 2471
f 2471 807 765
f 814 812 816
f 2472 2048 2045
f 113 821 2472
f 2062 2473 2063
f 2067 2517 2074
f 1052 2474 1054
f 1056 1066 1067
f 1323 2106 2101
f 1501 1496 2476
f 1496 1501 2530
f 1497 1500 1506
f 1497 1506 2477
f 1499 2477 1506
f 1537 2478 1542
f 1542 2478 1544
f 852 2479 862
f 2479 858 862
f 895 2502 2148
f 897 900 921
f 851 850 943
f 969 970 2480
f 2480 973 971
f 969 2480 2551
f 2190 2192 2194
f 2417 1094 1095
f 2205 1116 2206
f 2481 2609 1193
f 2243 2482 2244
f 2483 1280 1276
f 1276 1278 2483
f 1281 1280 2483
f 2483 1327 2484
f 2484 1328 1334
f 1334 1335 1336
f 1334 1336 2425
f 1335 1339 1340
f 1373 2485 1374
f 2485 1367 2488
f 2485 2488 1378
f 2486 1383 2487
f 1390 2486 1391
f 2486 1394 1391
f 2286 2489 2281
f 1447 1448 1449
f 1484 2490 1487
f 1487 2490 2565
f 1498 2477 1499
f 2542 1499 1505
f 1559 1560 1561
f 1692 1691 1744
f 185 2491 190
f 1741 1734 1737
f 1734 1741 1739
f 2492 1758 1766
f 2458 222 2576
f 1763 2576 222
f 228 2493 227
f 251 229 230
f 1783 261 1775
f 371 1743 711
f 488 2494 2495
f 1831 2496 1832
f 2496 1831 2495
f 1857 555 1858
f 1857 1858 1862
f 638 1885 661
f 1885 663 1904
f 1907 670 669
f 2523 690 1915
f 1910 2524 694
f 743 2464 1923
f 1923 2464 1804
f 1870 1930 760
f 1928 1869 1925
f 1942 120 2597
f 2497 1964 304
f 338 2497 304
f 362 340 2513
f 2468 1984 1988
f 2024 2498 1990
f 1314 2006 1315
f 2009 2001 2002
f 2014 2016 2011
f 2021 2498 2024
f 2498 2021 2499
f 2026 2025 723
f 800 803 801
f 2061 2519 906
f 919 2062 928
f 2473 1267 2063
f 2073 2474 1052
f 2474 2073 2475
f 2474 2475 1056
f 939 2409 2083
f 2095 2096 1289
f 2530 2117 1500
f 2500 2121 1518
f 2500 2030 2033
f 2501 2110 2441
f 2500 2033 2036
f 2123 2501 2108
f 2110 2501 1545
f 1546 2501 2123
f 2139 850 2134
f 881 2139 2134
f 2207 2146 2142
f 2502 2150 891
f 2150 2502 2149
f 2161 2503 981
f 2161 969 2551
f 2216 2168 981
f 2503 2632 2216
f 1018 1017 2179
f 2482 2242 2244
f 2190 2194 2195
f 2154 2198 2446
f 2319 2205 2206
f 2632 2219 2217
f 2230 2229 2227
f 2238 2241 2240
f 2504 2251 2244
f 1223 1203 2247
f 2245 1229 1223
f 2294 1439 2293
f 2284 2309 2310
f 2306 2305 2348
f 2316 2205 2319
f 2321 2320 1482
f 2333 2335 2339
f 1604 2505 2338
f 2360 1632 2359
f 1623 2343 2344
f 2386 408 387
f 2466 201 305
f 703 705 540
f 584 585 591
f 2400 2470 727
f 2408 939 2083
f 1512 1508 1510
f 1469 1471 1286
f 2484 1330 1328
f 2487 1388 1389
f 2429 2490 1484
f 2491 1739 1740
f 2404 919 928
f 2632 2503 991
f 2230 2227 2213
f 11 2532 9
f 9 20 11
f 10 24 12
f 2507 1728 1731
f 249 242 226
f 249 2508 248
f 248 2508 250
f 250 2508 253
f 2508 252 253
f 270 283 282
f 436 435 2509
f 2387 460 2510
f 446 2510 448
f 2510 473 448
f 2511 600 497
f 493 2511 497
f 471 2511 493
f 467 483 485
f 555 554 570
f 555 570 1858
f 680 669 670
f 1915 691 2524
f 693 695 696
f 692 693 694
f 118 2545 1944
f 127 122 1937
f 154 156 183
f 1958 1954 1980
f 2512 361 359
f 2513 1063 360
f 508 2514 1993
f 521 522 534
f 535 575 574
f 575 579 576
f 2399 2515 2537
f 715 724 723
f 763 764 765
f 2516 797 2393
f 840 856 841
f 1316 2588 1317
f 2588 1315 1317
f 2611 1495 1496
f 921 926 925
f 948 950 951
f 1376 1374 1375
f 1463 2520 2303
f 1678 1677 1691
f 1678 1692 7
f 1692 1678 1691
f 227 229 228
f 1781 1783 1779
f 2522 371 1799
f 667 1907 1908
f 2523 1894 671
f 1909 2524 1910
f 106 127 1937
f 2525 1942 114
f 120 1942 1950
f 1958 1980 1982
f 581 2003 593
f 1999 2022 2023
f 2037 798 800
f 2525 2526 1951
f 1064 1054 1056
f 1071 2615 1073
f 2088 1148 2085
f 2527 2099 1354
f 2119 2527 1354
f 2441 2105 2104
f 1355 2527 2119
f 2109 2527 1355
f 2163 993 990
f 993 2549 990
f 2188 2193 2445
f 1469 2266 2263
f 1327 1329 2268
f 2183 2285 2287
f 2520 1440 2291
f 1461 2573 2289
f 1451 2295 2309
f 1440 2520 1463
f 2528 2301 2305
f 2306 2528 2305
f 2528 1464 2302
f 2520 1464 2303
f 2326 2529 2323
f 1619 1675 1668
f 2389 1838 1826
f 776 791 789
f 2515 591 2537
f 2530 2611 1496
f 2540 859 2519
f 858 2540 2519
f 2526 2525 1943
f 2111 2439 2094
f 2418 2195 2194
f 2458 220 222
f 2509 438 446
f 2510 446 438
f 761 2465 1928
f 106 154 128
f 127 128 129
f 574 2515 2399
f 1335 1337 1343
f 1336 1335 1343
f 2161 2551 2503
f 1327 2268 1330
f 591 585 605
f 2491 1740 199
f 2531 9 1687
f 1698 2533 40
f 2531 17 20
f 104 2534 107
f 104 2553 2534
f 271 291 283
f 432 434 436
f 2509 435 438
f 469 2535 474
f 466 2535 469
f 2535 466 467
f 2535 471 474
f 467 466 483
f 553 555 1857
f 637 636 643
f 637 643 2574
f 668 666 670
f 2536 775 776
f 689 2536 699
f 2536 776 789
f 2553 153 161
f 154 2553 156
f 2537 591 607
f 2538 607 763
f 2539 2025 2022
f 712 2538 793
f 734 730 736
f 2538 763 806
f 808 809 816
f 808 816 812
f 1064 1056 1067
f 1064 1067 1065
f 1543 1544 1551
f 945 948 940
f 945 950 948
f 2142 2541 2577
f 1012 1011 1016
f 1325 1327 2483
f 1430 1431 1432
f 1429 1347 1430
f 1430 1432 1412
f 1487 2565 2562
f 1513 2607 1508
f 1572 1656 1578
f 1 1678 7
f 2533 1685 40
f 1684 2533 1698
f 2622 1706 1712
f 207 1702 1764
f 1764 2543 1767
f 2543 1768 227
f 2543 227 2493
f 1781 2570 270
f 1837 459 1835
f 619 1881 620
f 1874 619 620
f 1906 2544 1905
f 659 2523 1915
f 1909 659 1915
f 1931 1930 761
f 1931 761 1934
f 1940 115 1938
f 2545 118 1938
f 2469 2001 582
f 701 2539 2022
f 702 2539 2021
f 1317 2440 1319
f 1320 2101 1321
f 2099 1323 2547
f 2101 2547 1323
f 1289 2114 2113
f 941 979 2577
f 2548 2173 2551
f 2549 2173 990
f 2289 2277 2299
f 2520 2302 1464
f 1461 2299 2346
f 2576 1757 2458
f 2545 2597 120
f 181 182 1958
f 2546 2411 2097
f 1319 2099 2547
f 2099 1319 2440
f 1077 2195 2550
f 2417 2550 2195
f 2390 2461 486
f 106 2534 154
f 1619 1669 1616
f 181 1958 1959
f 2545 120 1944
f 2541 2134 850
f 7 1692 1695
f 1461 2289 2299
f 2541 850 851
f 2551 2173 2503
f 8 1680 2608
f 10 12 1688
f 12 1686 1688
f 2553 2379 153
f 2578 172 179
f 2568 2554 1761
f 1753 2555 1699
f 241 242 244
f 279 269 276
f 2556 333 1796
f 421 420 426
f 2557 431 432
f 424 429 2557
f 424 2557 444
f 2557 437 444
f 437 2509 447
f 2509 446 447
f 549 552 554
f 622 628 627
f 627 636 637
f 664 665 668
f 1930 2558 760
f 113 133 821
f 112 2559 123
f 2559 124 2584
f 2560 504 177
f 2561 807 808
f 2561 805 804
f 2561 808 812
f 1068 1074 2406
f 1071 2616 1075
f 1489 2562 1509
f 959 963 970
f 1004 1012 2177
f 1345 1346 2563
f 2563 1429 1410
f 2563 2271 1429
f 1410 1429 1430
f 1411 1410 1430
f 1432 2564 1434
f 1485 2542 2565
f 1502 1503 1513
f 1570 1567 2593
f 1570 2593 1571
f 2593 1572 1577
f 2567 1619 1617
f 2567 1614 1618
f 2567 1618 1623
f 2552 1681 7
f 10 1688 1685
f 2552 7 1695
f 2555 40 1696
f 1696 1699 2555
f 205 2554 2568
f 2554 205 204
f 2554 1750 1761
f 2555 1753 1764
f 2568 218 205
f 2569 1713 1771
f 1772 2569 1771
f 1773 2569 1772
f 2570 1772 1778
f 1803 1801 1798
f 482 1829 489
f 1837 649 2389
f 565 561 1857
f 1872 1879 619
f 1892 1894 659
f 1899 1892 659
f 2559 121 122
f 2571 2437 181
f 345 344 348
f 503 1953 2571
f 2571 1995 503
f 2041 2620 2035
f 2175 1163 2220
f 2191 2189 1077
f 2273 2572 2271
f 2572 2427 1347
f 2300 2427 2573
f 1451 2284 2283
f 2573 1461 2304
f 2343 2566 1591
f 1885 2574 663
f 2575 2 2432
f 2435 532 1853
f 1851 2435 1853
f 2574 643 663
f 978 2618 2617
f 2565 2490 1485
f 993 2175 2220
f 2509 437 436
f 534 522 558
f 2521 1509 2562
f 1761 2576 2568
f 1054 2474 1056
f 1347 2271 2572
f 2573 2427 2289
f 2553 104 2379
f 435 454 438
f 124 127 129
f 1074 1071 1075
f 2142 2577 2166
f 1347 1431 1430
f 2542 2521 2562
f 269 271 270
f 1940 1938 118
f 941 2577 2541
f 2166 2577 979
f 2458 1757 219
f 2568 2576 1763
f 2578 179 524
f 191 2578 193
f 2578 524 2579
f 525 2579 524
f 278 271 279
f 334 2556 378
f 407 2386 404
f 2580 417 65
f 416 417 2581
f 2581 419 421
f 416 2581 422
f 2581 429 422
f 436 434 435
f 464 479 466
f 531 2623 2435
f 1852 521 2623
f 557 2582 549
f 547 548 2582
f 546 2582 548
f 1838 2583 1892
f 1892 1899 1841
f 115 2596 1938
f 2584 130 125
f 123 2584 125
f 404 354 2585
f 352 2585 354
f 2585 405 403
f 534 533 521
f 2587 575 535
f 535 533 2587
f 2586 578 2587
f 575 2587 578
f 803 811 810
f 1069 1071 1074
f 1087 1129 1076
f 1297 2588 1316
f 1316 1320 1318
f 1318 1320 1321
f 2589 1543 1551
f 952 2590 959
f 951 958 2590
f 2590 960 959
f 1043 1084 1080
f 2591 1410 1413
f 1342 1345 2591
f 2591 2563 1410
f 1442 1445 1388
f 2592 1621 1612
f 2570 2594 269
f 1780 2594 1760
f 2594 276 269
f 1732 140 2602
f 1795 333 327
f 2583 2389 649
f 2595 1849 530
f 2595 1854 1849
f 2623 533 536
f 2583 1908 1894
f 1892 2583 1894
f 2597 2596 116
f 2012 601 759
f 2598 759 760
f 2606 766 2034
f 2028 2598 2038
f 2598 2558 770
f 934 2064 2518
f 2078 1057 1051
f 2513 1052 1054
f 2086 2087 1154
f 2589 1551 2128
f 992 2221 2421
f 6 2374 4
f 6 4 53
f 2513 1054 1063
f 801 803 810
f 1552 1534 2589
f 2579 193 2578
f 116 2596 131
f 220 273 222
f 334 378 379
f 971 976 2163
f 1680 2552 2608
f 244 242 247
f 2559 2584 123
f 1513 1503 1564
f 2593 1641 1572
f 41 1700 1703
f 195 194 196
f 195 196 197
f 2600 219 240
f 238 2599 239
f 2599 2383 244
f 2599 244 243
f 221 2600 246
f 2601 273 274
f 2602 296 2634
f 334 2603 2556
f 333 2603 330
f 2603 334 377
f 462 2604 460
f 460 2604 472
f 2604 465 464
f 2604 469 472
f 2605 556 518
f 510 531 1847
f 556 2605 557
f 2605 547 557
f 798 802 803
f 798 803 800
f 934 914 912
f 915 934 912
f 995 999 996
f 996 999 1005
f 996 1005 1003
f 1190 1193 1191
f 2607 1560 1559
f 2608 1748 204
f 1714 1773 1718
f 1844 1846 1898
f 2071 2074 1053
f 1072 2078 2072
f 2408 2086 1153
f 1002 995 996
f 2449 2609 2481
f 2610 53 73
f 18 2610 22
f 2610 18 2453
f 22 2610 73
f 246 2600 240
f 2611 2477 1493
f 2611 1497 2477
f 2607 1510 1508
f 2570 269 270
f 434 450 435
f 2034 766 2040
f 2612 195 166
f 430 2613 431
f 2613 434 432
f 2613 433 434
f 2614 2624 512
f 510 515 516
f 2614 512 511
f 2614 510 527
f 2053 872 1035
f 1057 2615 1069
f 1073 2616 1071
f 1087 2616 2080
f 974 2617 977
f 2617 994 995
f 1433 1439 1435
f 1480 1481 1483
f 1714 2619 2622
f 226 228 249
f 1778 1760 2594
f 1994 523 2605
f 2032 2620 2412
f 2056 2526 2052
f 2518 938 934
f 1069 2615 1071
f 2618 2174 2163
f 2184 2178 1018
f 2219 1195 2449
f 2037 2633 798
f 2056 2052 2057
f 2615 1072 1073
f 670 666 680
f 2617 976 977
f 978 2617 995
f 2542 2562 2565
f 1732 2602 298
f 1994 2605 518
f 1087 2080 1088
f 1191 1193 1194
f 1718 1773 1775
f 1002 978 995
f 2617 2618 976
f 1698 2621 1752
f 243 233 232
f 198 369 403
f 2623 521 533
f 524 2624 525
f 527 510 1847
f 200 198 201
f 513 2626 514
f 2626 513 2625
f 851 2628 941
f 940 948 947
f 1173 2629 2423
f 2629 1191 1192
f 1412 1432 2630
f 1415 2630 1433
f 2630 1434 1433
f 1483 1493 1498
f 1482 1498 1485
f 1485 1499 2542
f 2621 1698 40
f 207 2621 1702
f 1711 2631 1715
f 1715 2631 1717
f 1773 2622 2569
f 2634 312 298
f 661 1888 1886
f 741 1923 1921
f 2626 517 514
f 2048 2052 2045
f 2049 2053 2057
f 1951 2056 1963
f 2408 2081 939
f 2627 939 2081
f 2628 942 941
f 2218 2632 991
f 2176 1003 1004
f 2322 1356 1519
f 2382 2493 226
f 2423 2629 1189
f 1511 1510 2607
f 2631 1718 1774
f 797 2633 2037
f 2479 854 857
f 2382 226 241
f 2540 2479 857
f 1076 1129 1114
f 2634 296 319
f 1791 2634 319
f 2602 2634 298
f 1511 2607 1559
f 2618 2163 976

